--- Starting Legate Application ---
[1756906220.868670] [eos0117:3273433:0]           debug.c:1158 UCX  DEBUG using signal stack 0x7ffff7b4d000 size 141824
[1756906220.870778] [eos0117:3273433:0]             cpu.c:339  UCX  DEBUG measured tsc frequency 1998.491 MHz after 0.11 ms
[1756906220.870791] [eos0117:3273433:0]            init.c:121  UCX  DEBUG /opt/nvidia/hpc_sdk/Linux_x86_64/25.3/comm_libs/12.8/hpcx/hpcx-2.22.1/ucx/lib/libucs.so.0 loaded at 0x7ffff7e30000
[1756906220.870800] [eos0117:3273433:0]            init.c:122  UCX  DEBUG cmd line: bash /root/miniconda3/envs/legate/share/legate/libexec/legate-bind.sh --launcher auto -- python /project/coreai_devtech_all/shixunw/cupynumeric.internal/test_fancy_indexing.py 
[1756906220.870806] [eos0117:3273433:0]          module.c:72   UCX  DEBUG ucs library path: /opt/nvidia/hpc_sdk/Linux_x86_64/25.3/comm_libs/12.8/hpcx/hpcx-2.22.1/ucx/lib/libucs.so.0
[1756906220.870808] [eos0117:3273433:0]          module.c:280  UCX  DEBUG loading modules for ucs
[1756906220.870809] [eos0117:3273433:0]          module.c:242  UCX  DEBUG loading module 'fuse' with mode 0x101
[1756906220.870871] [eos0117:3273433:0]          module.c:183  UCX  DEBUG loaded /opt/nvidia/hpc_sdk/Linux_x86_64/25.3/comm_libs/12.8/hpcx/hpcx-2.22.1/ucx/lib/ucx/libucs_fuse.so.0.0.0 [0x5555556b9580]
[eos0117.eos.clusters.nvidia.com:3273433] mca: base: components_register: registering framework btl components
[eos0117.eos.clusters.nvidia.com:3273433] mca: base: components_register: found loaded component vader
[eos0117.eos.clusters.nvidia.com:3273433] mca: base: components_register: component vader register function successful
[eos0117.eos.clusters.nvidia.com:3273433] mca: base: components_register: found loaded component tcp
[eos0117.eos.clusters.nvidia.com:3273433] mca: base: components_register: component tcp register function successful
[eos0117.eos.clusters.nvidia.com:3273433] mca: base: components_register: found loaded component smcuda
[eos0117.eos.clusters.nvidia.com:3273433] mca: base: components_register: component smcuda register function successful
[eos0117.eos.clusters.nvidia.com:3273433] mca: base: components_register: found loaded component sm
[eos0117.eos.clusters.nvidia.com:3273433] mca: base: components_register: found loaded component self
[eos0117.eos.clusters.nvidia.com:3273433] mca: base: components_register: component self register function successful
[eos0117.eos.clusters.nvidia.com:3273433] mca: base: components_open: opening btl components
[eos0117.eos.clusters.nvidia.com:3273433] mca: base: components_open: found loaded component vader
[eos0117.eos.clusters.nvidia.com:3273433] mca: base: components_open: component vader open function successful
[eos0117.eos.clusters.nvidia.com:3273433] mca: base: components_open: found loaded component tcp
[eos0117.eos.clusters.nvidia.com:3273433] mca: base: components_open: component tcp open function successful
[eos0117.eos.clusters.nvidia.com:3273433] mca: base: components_open: found loaded component smcuda
[eos0117.eos.clusters.nvidia.com:3273433] btl: smcuda: cuda_max_send_size=131072, max_send_size=32768, max_frag_size=131072
[eos0117.eos.clusters.nvidia.com:3273433] mca: base: components_open: component smcuda open function successful
[eos0117.eos.clusters.nvidia.com:3273433] mca: base: components_open: found loaded component self
[eos0117.eos.clusters.nvidia.com:3273433] mca: base: components_open: component self open function successful
[eos0117.eos.clusters.nvidia.com:3273433] select: initializing btl component vader
[eos0117.eos.clusters.nvidia.com:3273433] select: init of component vader returned success
[eos0117.eos.clusters.nvidia.com:3273433] select: initializing btl component tcp
[eos0117.eos.clusters.nvidia.com:3273433] btl: tcp: Using interface: eth3 
[eos0117.eos.clusters.nvidia.com:3273433] btl:tcp: Attempting to bind to AF_INET port 1024
[eos0117.eos.clusters.nvidia.com:3273433] btl:tcp: Successfully bound to AF_INET port 1024
[eos0117.eos.clusters.nvidia.com:3273433] btl:tcp: my listening v4 socket is 0.0.0.0:1024
[eos0117.eos.clusters.nvidia.com:3273433] btl:tcp: examining interface eth3
[eos0117.eos.clusters.nvidia.com:3273433] btl:tcp: using ipv6 interface eth3
[eos0117.eos.clusters.nvidia.com:3273433] select: init of component tcp returned success
[eos0117.eos.clusters.nvidia.com:3273433] select: initializing btl component smcuda
[eos0117.eos.clusters.nvidia.com:3273433] select: init of component smcuda returned success
[eos0117.eos.clusters.nvidia.com:3273433] select: initializing btl component self
[eos0117.eos.clusters.nvidia.com:3273433] select: init of component self returned success
[1756906220.915509] [eos0117:3273433:0]           debug.c:1158 UCX  DEBUG using signal stack 0x7ffff7b92000 size 141824
[1756906220.918615] [eos0117:3273433:0]             cpu.c:339  UCX  DEBUG measured tsc frequency 1986.710 MHz after 0.06 ms
[1756906220.918631] [eos0117:3273433:0]            init.c:121  UCX  DEBUG /opt/nvidia/hpc_sdk/Linux_x86_64/25.3/comm_libs/12.8/hpcx/hpcx-2.22.1/ucx/lib/libucs.so.0 loaded at 0x7ffff7e30000
[1756906220.918640] [eos0117:3273433:0]            init.c:122  UCX  DEBUG cmd line: python /project/coreai_devtech_all/shixunw/cupynumeric.internal/test_fancy_indexing.py 
[1756906220.918646] [eos0117:3273433:0]          module.c:72   UCX  DEBUG ucs library path: /opt/nvidia/hpc_sdk/Linux_x86_64/25.3/comm_libs/12.8/hpcx/hpcx-2.22.1/ucx/lib/libucs.so.0
[1756906220.918648] [eos0117:3273433:0]          module.c:280  UCX  DEBUG loading modules for ucs
[1756906220.918649] [eos0117:3273433:0]          module.c:242  UCX  DEBUG loading module 'fuse' with mode 0x101
[1756906220.918726] [eos0117:3273433:0]          module.c:183  UCX  DEBUG loaded /opt/nvidia/hpc_sdk/Linux_x86_64/25.3/comm_libs/12.8/hpcx/hpcx-2.22.1/ucx/lib/ucx/libucs_fuse.so.0.0.0 [0x555555b33500]
[1756906221.418466] [eos0117:3273433:0]            time.c:22   UCX  DEBUG arch clock frequency: 1986709677.42 Hz
[1756906221.418515] [eos0117:3273433:0]     ucp_context.c:2257 UCX  INFO  Version 1.18.0 (loaded from /opt/nvidia/hpc_sdk/Linux_x86_64/25.3/comm_libs/12.8/hpcx/hpcx-2.22.1/ucx/lib/libucp.so.0)
[1756906221.418521] [eos0117:3273433:0]     ucp_context.c:2016 UCX  DEBUG estimated number of endpoints is 16
[1756906221.418522] [eos0117:3273433:0]     ucp_context.c:2023 UCX  DEBUG estimated number of endpoints per node is 8
[1756906221.418524] [eos0117:3273433:0]     ucp_context.c:2033 UCX  DEBUG estimated bcopy bandwidth is 7340032000.000000
[1756906221.418532] [eos0117:3273433:0]     ucp_context.c:2092 UCX  DEBUG allocation method[0] is md 'sysv'
[1756906221.418533] [eos0117:3273433:0]     ucp_context.c:2092 UCX  DEBUG allocation method[1] is md 'posix'
[1756906221.418539] [eos0117:3273433:0]     ucp_context.c:2104 UCX  DEBUG allocation method[2] is 'thp'
[1756906221.418540] [eos0117:3273433:0]     ucp_context.c:2092 UCX  DEBUG allocation method[3] is md '*'
[1756906221.418541] [eos0117:3273433:0]     ucp_context.c:2104 UCX  DEBUG allocation method[4] is 'mmap'
[1756906221.418542] [eos0117:3273433:0]     ucp_context.c:2104 UCX  DEBUG allocation method[5] is 'heap'
[1756906221.418552] [eos0117:3273433:0]          module.c:280  UCX  DEBUG loading modules for uct
[1756906221.418553] [eos0117:3273433:0]          module.c:242  UCX  DEBUG loading module 'cuda' with mode 0x1
[1756906226.159650] [eos0117:3273433:0]          module.c:183  UCX  DEBUG loaded /opt/nvidia/hpc_sdk/Linux_x86_64/25.3/comm_libs/12.8/hpcx/hpcx-2.22.1/ucx/lib/ucx/libuct_cuda.so.0.0.0 [0x5555563dc4c0]
[1756906226.159671] [eos0117:3273433:0]          module.c:192  UCX  DEBUG calling 'ucs_module_global_init' in '/opt/nvidia/hpc_sdk/Linux_x86_64/25.3/comm_libs/12.8/hpcx/hpcx-2.22.1/ucx/lib/ucx/libuct_cuda.so.0.0.0': [0x7fffcaa6b470]
[1756906226.159678] [eos0117:3273433:0]          module.c:280  UCX  DEBUG loading modules for uct_cuda
[1756906226.159681] [eos0117:3273433:0]          module.c:242  UCX  DEBUG loading module 'gdrcopy' with mode 0x1
[1756906226.160963] [eos0117:3273433:0]          module.c:183  UCX  DEBUG loaded /opt/nvidia/hpc_sdk/Linux_x86_64/25.3/comm_libs/12.8/hpcx/hpcx-2.22.1/ucx/lib/ucx/libuct_cuda_gdrcopy.so.0.0.0 [0x55555638bce0]
[1756906226.160967] [eos0117:3273433:0]          module.c:165  UCX  DEBUG ignoring 'ucs_module_global_init' (0x7fffcaa6b470) from libuct_cuda.so.0 (0x7fffcaa63000), expected in libuct_cuda_gdrcopy.so.0 (7fffcaa0a000)
[1756906226.160969] [eos0117:3273433:0]          module.c:242  UCX  DEBUG loading module 'ib' with mode 0x1
[1756906226.161219] [eos0117:3273433:0]          module.c:280  UCX  DEBUG loading modules for uct_ib
[1756906226.161221] [eos0117:3273433:0]          module.c:242  UCX  DEBUG loading module 'mlx5' with mode 0x1
[1756906226.161507] [eos0117:3273433:0]          module.c:183  UCX  DEBUG loaded /opt/nvidia/hpc_sdk/Linux_x86_64/25.3/comm_libs/12.8/hpcx/hpcx-2.22.1/ucx/lib/ucx/libuct_ib_mlx5.so.0.0.0 [0x55555638d9f0]
[1756906226.161515] [eos0117:3273433:0]          module.c:183  UCX  DEBUG loaded /opt/nvidia/hpc_sdk/Linux_x86_64/25.3/comm_libs/12.8/hpcx/hpcx-2.22.1/ucx/lib/ucx/libuct_ib.so.0.0.0 [0x55555638c9e0]
[1756906226.161517] [eos0117:3273433:0]          module.c:242  UCX  DEBUG loading module 'rdmacm' with mode 0x1
[1756906226.161702] [eos0117:3273433:0]          module.c:183  UCX  DEBUG loaded /opt/nvidia/hpc_sdk/Linux_x86_64/25.3/comm_libs/12.8/hpcx/hpcx-2.22.1/ucx/lib/ucx/libuct_rdmacm.so.0.0.0 [0x55555638ebf0]
[1756906226.161703] [eos0117:3273433:0]          module.c:242  UCX  DEBUG loading module 'cma' with mode 0x1
[1756906226.161759] [eos0117:3273433:0]          module.c:183  UCX  DEBUG loaded /opt/nvidia/hpc_sdk/Linux_x86_64/25.3/comm_libs/12.8/hpcx/hpcx-2.22.1/ucx/lib/ucx/libuct_cma.so.0.0.0 [0x55555638fc10]
[1756906226.161833] [eos0117:3273433:0]            topo.c:298  UCX  DEBUG added sys_dev 0 for bus id 1b:00.0
[1756906226.161850] [eos0117:3273433:0]            topo.c:298  UCX  DEBUG added sys_dev 1 for bus id 43:00.0
[1756906226.161867] [eos0117:3273433:0]            topo.c:298  UCX  DEBUG added sys_dev 2 for bus id 52:00.0
[1756906226.161882] [eos0117:3273433:0]            topo.c:298  UCX  DEBUG added sys_dev 3 for bus id 61:00.0
[1756906226.161898] [eos0117:3273433:0]            topo.c:298  UCX  DEBUG added sys_dev 4 for bus id 9d:00.0
[1756906226.161915] [eos0117:3273433:0]            topo.c:298  UCX  DEBUG added sys_dev 5 for bus id c3:00.0
[1756906226.161930] [eos0117:3273433:0]            topo.c:298  UCX  DEBUG added sys_dev 6 for bus id d1:00.0
[1756906226.161945] [eos0117:3273433:0]            topo.c:298  UCX  DEBUG added sys_dev 7 for bus id df:00.0
[1756906226.164381] [eos0117:3273433:0]            topo.c:895  UCX  DEBUG /sys/class/net/bmc-redfish0/lower_enx0a24f5048325: sysfs path undetected
[1756906226.164385] [eos0117:3273433:0]            topo.c:556  UCX  DEBUG bmc-redfish0: system device unknown
[1756906226.169097] [eos0117:3273433:0]            topo.c:899  UCX  DEBUG /sys/class/net/eth3: PF sysfs path is '/sys/devices/pci0000:80/0000:80:05.0/0000:82:00.1'
[1756906226.169122] [eos0117:3273433:0]            topo.c:298  UCX  DEBUG added sys_dev 8 for bus id 82:00.1
[1756906226.169124] [eos0117:3273433:0]            topo.c:552  UCX  DEBUG eth3: bdf_name 0000:82:00.1 sys_dev 8
[1756906226.169586] [eos0117:3273433:0]            topo.c:899  UCX  DEBUG /sys/class/net/ibp154s0: PF sysfs path is '/sys/devices/pci0000:97/0000:97:01.0/0000:98:00.0/0000:99:00.0/0000:9a:00.0'
[1756906226.169607] [eos0117:3273433:0]            topo.c:298  UCX  DEBUG added sys_dev 9 for bus id 9a:00.0
[1756906226.169608] [eos0117:3273433:0]            topo.c:552  UCX  DEBUG ibp154s0: bdf_name 0000:9a:00.0 sys_dev 9
[1756906226.170076] [eos0117:3273433:0]            topo.c:899  UCX  DEBUG /sys/class/net/ibp170s0f0: PF sysfs path is '/sys/devices/pci0000:a5/0000:a5:01.0/0000:a6:00.0/0000:a7:00.0/0000:a8:00.0/0000:a9:00.0/0000:aa:00.0'
[1756906226.170095] [eos0117:3273433:0]            topo.c:298  UCX  DEBUG added sys_dev 10 for bus id aa:00.0
[1756906226.170096] [eos0117:3273433:0]            topo.c:552  UCX  DEBUG ibp170s0f0: bdf_name 0000:aa:00.0 sys_dev 10
[1756906226.170558] [eos0117:3273433:0]            topo.c:899  UCX  DEBUG /sys/class/net/ibp192s0: PF sysfs path is '/sys/devices/pci0000:bd/0000:bd:01.0/0000:be:00.0/0000:bf:00.0/0000:c0:00.0'
[1756906226.170575] [eos0117:3273433:0]            topo.c:298  UCX  DEBUG added sys_dev 11 for bus id c0:00.0
[1756906226.170576] [eos0117:3273433:0]            topo.c:552  UCX  DEBUG ibp192s0: bdf_name 0000:c0:00.0 sys_dev 11
[1756906226.171033] [eos0117:3273433:0]            topo.c:899  UCX  DEBUG /sys/class/net/ibp206s0: PF sysfs path is '/sys/devices/pci0000:cb/0000:cb:01.0/0000:cc:00.0/0000:cd:00.0/0000:ce:00.0'
[1756906226.171051] [eos0117:3273433:0]            topo.c:298  UCX  DEBUG added sys_dev 12 for bus id ce:00.0
[1756906226.171065] [eos0117:3273433:0]            topo.c:552  UCX  DEBUG ibp206s0: bdf_name 0000:ce:00.0 sys_dev 12
[1756906226.171536] [eos0117:3273433:0]            topo.c:899  UCX  DEBUG /sys/class/net/ibp220s0: PF sysfs path is '/sys/devices/pci0000:d9/0000:d9:01.0/0000:da:00.0/0000:db:00.0/0000:dc:00.0'
[1756906226.171553] [eos0117:3273433:0]            topo.c:298  UCX  DEBUG added sys_dev 13 for bus id dc:00.0
[1756906226.171554] [eos0117:3273433:0]            topo.c:552  UCX  DEBUG ibp220s0: bdf_name 0000:dc:00.0 sys_dev 13
[1756906226.172018] [eos0117:3273433:0]            topo.c:899  UCX  DEBUG /sys/class/net/ibp24s0: PF sysfs path is '/sys/devices/pci0000:15/0000:15:01.0/0000:16:00.0/0000:17:00.0/0000:18:00.0'
[1756906226.172035] [eos0117:3273433:0]            topo.c:298  UCX  DEBUG added sys_dev 14 for bus id 18:00.0
[1756906226.172036] [eos0117:3273433:0]            topo.c:552  UCX  DEBUG ibp24s0: bdf_name 0000:18:00.0 sys_dev 14
[1756906226.172509] [eos0117:3273433:0]            topo.c:899  UCX  DEBUG /sys/class/net/ibp41s0f0: PF sysfs path is '/sys/devices/pci0000:24/0000:24:01.0/0000:25:00.0/0000:26:00.0/0000:27:00.0/0000:28:00.0/0000:29:00.0'
[1756906226.172528] [eos0117:3273433:0]            topo.c:298  UCX  DEBUG added sys_dev 15 for bus id 29:00.0
[1756906226.172529] [eos0117:3273433:0]            topo.c:552  UCX  DEBUG ibp41s0f0: bdf_name 0000:29:00.0 sys_dev 15
[1756906226.172982] [eos0117:3273433:0]            topo.c:899  UCX  DEBUG /sys/class/net/ibp64s0: PF sysfs path is '/sys/devices/pci0000:3d/0000:3d:01.0/0000:3e:00.0/0000:3f:00.0/0000:40:00.0'
[1756906226.172999] [eos0117:3273433:0]            topo.c:298  UCX  DEBUG added sys_dev 16 for bus id 40:00.0
[1756906226.173000] [eos0117:3273433:0]            topo.c:552  UCX  DEBUG ibp64s0: bdf_name 0000:40:00.0 sys_dev 16
[1756906226.173452] [eos0117:3273433:0]            topo.c:899  UCX  DEBUG /sys/class/net/ibp79s0: PF sysfs path is '/sys/devices/pci0000:4c/0000:4c:01.0/0000:4d:00.0/0000:4e:00.0/0000:4f:00.0'
[1756906226.173468] [eos0117:3273433:0]            topo.c:298  UCX  DEBUG added sys_dev 17 for bus id 4f:00.0
[1756906226.173469] [eos0117:3273433:0]            topo.c:552  UCX  DEBUG ibp79s0: bdf_name 0000:4f:00.0 sys_dev 17
[1756906226.173921] [eos0117:3273433:0]            topo.c:899  UCX  DEBUG /sys/class/net/ibp94s0: PF sysfs path is '/sys/devices/pci0000:5b/0000:5b:01.0/0000:5c:00.0/0000:5d:00.0/0000:5e:00.0'
[1756906226.173938] [eos0117:3273433:0]            topo.c:298  UCX  DEBUG added sys_dev 18 for bus id 5e:00.0
[1756906226.173939] [eos0117:3273433:0]            topo.c:552  UCX  DEBUG ibp94s0: bdf_name 0000:5e:00.0 sys_dev 18
[1756906226.174398] [eos0117:3273433:0]            topo.c:895  UCX  DEBUG /sys/class/net/lo: sysfs path undetected
[1756906226.174399] [eos0117:3273433:0]            topo.c:556  UCX  DEBUG lo: system device unknown
[1756906226.174483] [eos0117:3273433:0]    cuda_copy_md.c:104  UCX  DEBUG dmabuf is supported on cuda device 0
[1756906226.175222] [eos0117:3273433:0]      cuda_iface.c:52   UCX  DEBUG set cuda sys_device to `unknown` as no context is currently active
[1756906226.480299] [eos0117:3273433:0]     cuda_ipc_md.c:449  UCX  DEBUG fabric_info: state=3 status=0 uuid=00000000:00000000:00000000:00000000
[1756906226.532878] [eos0117:3273433:0]      cuda_iface.c:52   UCX  DEBUG set cuda sys_device to `unknown` as no context is currently active
[1756906226.532920] [eos0117:3273433:0]           mpool.c:138  UCX  DEBUG mpool rcache_mp: align 8, maxelems 4294967295, elemsize 144
[1756906226.537987] [eos0117:3273433:0]           async.c:248  UCX  DEBUG added async handler 0x5555566b2e70 [id=48 ref 1] ucs_rcache_invalidate_handler() to hash
[1756906226.538068] [eos0117:3273433:0]           async.c:522  UCX  DEBUG listening to async event fd 48 events 0x1 mode thread_spinlock
[1756906226.538101] [eos0117:3273433:0]          module.c:280  UCX  DEBUG loading modules for ucm
[1756906226.538102] [eos0117:3273433:0]          module.c:242  UCX  DEBUG loading module 'cuda' with mode 0x1001
[1756906226.538240] [eos0117:3273433:0]          module.c:183  UCX  DEBUG loaded /opt/nvidia/hpc_sdk/Linux_x86_64/25.3/comm_libs/12.8/hpcx/hpcx-2.22.1/ucx/lib/ucx/libucm_cuda.so.0.0.0 [0x55555687a8e0]
[1756906226.603387] [eos0117:3273433:0]      cuda_iface.c:52   UCX  DEBUG set cuda sys_device to `unknown` as no context is currently active
[1756906226.632106] [eos0117:3273433:0]            topo.c:899  UCX  DEBUG /sys/class/infiniband/mlx5_0: PF sysfs path is '/sys/devices/pci0000:15/0000:15:01.0/0000:16:00.0/0000:17:00.0/0000:18:00.0'
[1756906226.632119] [eos0117:3273433:0]            topo.c:552  UCX  DEBUG mlx5_0: bdf_name 0000:18:00.0 sys_dev 14
[1756906226.632134] [eos0117:3273433:0]       ib_device.c:498  UCX  DEBUG mlx5_0: vendor_id 0x15b3 device_id 4129
[1756906226.632613] [eos0117:3273433:0]    ib_mlx5dv_md.c:1875 UCX  DEBUG mlx5_0: cross gvmi alias mkey is supported
[1756906226.632614] [eos0117:3273433:0]    ib_mlx5dv_md.c:1925 UCX  DEBUG mlx5_0: mkey_by_name_reserve is not supported
[1756906226.632615] [eos0117:3273433:0]    ib_mlx5dv_md.c:1910 UCX  DEBUG mlx5_0: dp_ordering support: force=1 ooo_rw_rc=1 ooo_rw_dc=1
[1756906226.632723] [eos0117:3273433:0]    ib_mlx5dv_md.c:1705 UCX  DEBUG mlx5_0: ODP is disabled because version 1 is not supported for DevX QP
[1756906226.637496] [eos0117:3273433:0]           async.c:248  UCX  DEBUG added async handler 0x5555566cf950 [id=54 ref 1] uct_ib_async_event_handler() to hash
[1756906226.637505] [eos0117:3273433:0]           async.c:522  UCX  DEBUG listening to async event fd 54 events 0x1 mode thread_spinlock
[1756906226.637511] [eos0117:3273433:0]       ib_device.c:597  UCX  DEBUG initialized device 'mlx5_0' (InfiniBand channel adapter) with 1 ports
[1756906226.637520] [eos0117:3273433:0]           ib_md.c:1177 UCX  DEBUG mlx5_0: cuda GPUDirect RDMA is detected by checking /sys/kernel/mm/memory_peers/nv_mem/version
[1756906226.637524] [eos0117:3273433:0]           ib_md.c:1177 UCX  DEBUG mlx5_0: rocm GPUDirect RDMA is not detected by checking /dev/kfd
[1756906226.637534] [eos0117:3273433:0]           ib_md.c:1202 UCX  DEBUG mlx5_0: dmabuf is supported
[1756906226.637537] [eos0117:3273433:0]           mpool.c:138  UCX  DEBUG mpool devx dbrec: align 64, maxelems 4294967295, elemsize 40
[1756906226.637716] [eos0117:3273433:0]    ib_mlx5dv_md.c:2423 UCX  DEBUG mlx5_0: opened DEVX md log_max_qp=17
[1756906226.638137] [eos0117:3273433:0]    ib_mlx5dv_md.c:126  UCX  DEBUG mlx5_0: KSM dm memory registration status "Success" range 0x7fffcaa04000..0x7fffcaa04020 iova 0x0 mkey_index 0x0
[1756906226.638419] [eos0117:3273433:0]    ib_mlx5dv_md.c:96   UCX  DEBUG mlx5_0: mlx5dv_devx_obj_create(CREATE_MKEY, mode=KSM, start_addr=0x7fffcaa04000 length=32) failed, syndrome 0x45d3a4: Remote I/O error
[1756906226.638421] [eos0117:3273433:0]    ib_mlx5dv_md.c:126  UCX  DEBUG mlx5_0: KSM atomic-key memory registration status "Unsupported operation" range (nil)..0x20 iova 0x7fffcaa04000 atomic mkey_index 0x0
[1756906226.638786] [eos0117:3273433:0]           ib_md.c:1161 UCX  DEBUG mlx5_0: relaxed order memory access is disabled
[1756906226.639010] [eos0117:3273433:0]    ib_mlx5dv_md.c:126  UCX  DEBUG mlx5_0: KSM flush-mr memory registration status "Success" range 0x555556897000..0x555556897008 iova 0x0 mkey_index 0x0
[1756906226.639011] [eos0117:3273433:0]           ib_md.c:1031 UCX  DEBUG mlx5_0: md open by 'uct_ib_mlx5_devx_md_ops' is successful
[1756906226.644576] [eos0117:3273433:0]            topo.c:899  UCX  DEBUG /sys/class/infiniband/mlx5_3: PF sysfs path is '/sys/devices/pci0000:3d/0000:3d:01.0/0000:3e:00.0/0000:3f:00.0/0000:40:00.0'
[1756906226.644580] [eos0117:3273433:0]            topo.c:552  UCX  DEBUG mlx5_3: bdf_name 0000:40:00.0 sys_dev 16
[1756906226.644588] [eos0117:3273433:0]       ib_device.c:498  UCX  DEBUG mlx5_3: vendor_id 0x15b3 device_id 4129
[1756906226.645048] [eos0117:3273433:0]    ib_mlx5dv_md.c:1875 UCX  DEBUG mlx5_3: cross gvmi alias mkey is supported
[1756906226.645049] [eos0117:3273433:0]    ib_mlx5dv_md.c:1925 UCX  DEBUG mlx5_3: mkey_by_name_reserve is not supported
[1756906226.645061] [eos0117:3273433:0]    ib_mlx5dv_md.c:1910 UCX  DEBUG mlx5_3: dp_ordering support: force=1 ooo_rw_rc=1 ooo_rw_dc=1
[1756906226.645162] [eos0117:3273433:0]    ib_mlx5dv_md.c:1705 UCX  DEBUG mlx5_3: ODP is disabled because version 1 is not supported for DevX QP
[1756906226.645277] [eos0117:3273433:0]           async.c:248  UCX  DEBUG added async handler 0x5555565fbea0 [id=56 ref 1] uct_ib_async_event_handler() to hash
[1756906226.645282] [eos0117:3273433:0]           async.c:522  UCX  DEBUG listening to async event fd 56 events 0x1 mode thread_spinlock
[1756906226.645283] [eos0117:3273433:0]       ib_device.c:597  UCX  DEBUG initialized device 'mlx5_3' (InfiniBand channel adapter) with 1 ports
[1756906226.645288] [eos0117:3273433:0]           ib_md.c:1177 UCX  DEBUG mlx5_3: cuda GPUDirect RDMA is detected by checking /sys/kernel/mm/memory_peers/nv_mem/version
[1756906226.645291] [eos0117:3273433:0]           ib_md.c:1177 UCX  DEBUG mlx5_3: rocm GPUDirect RDMA is not detected by checking /dev/kfd
[1756906226.645294] [eos0117:3273433:0]           ib_md.c:1202 UCX  DEBUG mlx5_3: dmabuf is supported
[1756906226.645296] [eos0117:3273433:0]           mpool.c:138  UCX  DEBUG mpool devx dbrec: align 64, maxelems 4294967295, elemsize 40
[1756906226.645464] [eos0117:3273433:0]    ib_mlx5dv_md.c:2423 UCX  DEBUG mlx5_3: opened DEVX md log_max_qp=17
[1756906226.645856] [eos0117:3273433:0]    ib_mlx5dv_md.c:126  UCX  DEBUG mlx5_3: KSM dm memory registration status "Success" range 0x7fffca62f000..0x7fffca62f020 iova 0x0 mkey_index 0x0
[1756906226.646131] [eos0117:3273433:0]    ib_mlx5dv_md.c:96   UCX  DEBUG mlx5_3: mlx5dv_devx_obj_create(CREATE_MKEY, mode=KSM, start_addr=0x7fffca62f000 length=32) failed, syndrome 0x45d3a4: Remote I/O error
[1756906226.646133] [eos0117:3273433:0]    ib_mlx5dv_md.c:126  UCX  DEBUG mlx5_3: KSM atomic-key memory registration status "Unsupported operation" range (nil)..0x20 iova 0x7fffca62f000 atomic mkey_index 0x0
[1756906226.646475] [eos0117:3273433:0]           ib_md.c:1161 UCX  DEBUG mlx5_3: relaxed order memory access is disabled
[1756906226.646695] [eos0117:3273433:0]    ib_mlx5dv_md.c:126  UCX  DEBUG mlx5_3: KSM flush-mr memory registration status "Success" range 0x5555567b9000..0x5555567b9008 iova 0x0 mkey_index 0x0
[1756906226.646696] [eos0117:3273433:0]           ib_md.c:1031 UCX  DEBUG mlx5_3: md open by 'uct_ib_mlx5_devx_md_ops' is successful
[1756906226.651973] [eos0117:3273433:0]            topo.c:899  UCX  DEBUG /sys/class/infiniband/mlx5_4: PF sysfs path is '/sys/devices/pci0000:4c/0000:4c:01.0/0000:4d:00.0/0000:4e:00.0/0000:4f:00.0'
[1756906226.651976] [eos0117:3273433:0]            topo.c:552  UCX  DEBUG mlx5_4: bdf_name 0000:4f:00.0 sys_dev 17
[1756906226.651984] [eos0117:3273433:0]       ib_device.c:498  UCX  DEBUG mlx5_4: vendor_id 0x15b3 device_id 4129
[1756906226.652454] [eos0117:3273433:0]    ib_mlx5dv_md.c:1875 UCX  DEBUG mlx5_4: cross gvmi alias mkey is supported
[1756906226.652454] [eos0117:3273433:0]    ib_mlx5dv_md.c:1925 UCX  DEBUG mlx5_4: mkey_by_name_reserve is not supported
[1756906226.652455] [eos0117:3273433:0]    ib_mlx5dv_md.c:1910 UCX  DEBUG mlx5_4: dp_ordering support: force=1 ooo_rw_rc=1 ooo_rw_dc=1
[1756906226.652558] [eos0117:3273433:0]    ib_mlx5dv_md.c:1705 UCX  DEBUG mlx5_4: ODP is disabled because version 1 is not supported for DevX QP
[1756906226.652678] [eos0117:3273433:0]           async.c:248  UCX  DEBUG added async handler 0x55555687bfc0 [id=58 ref 1] uct_ib_async_event_handler() to hash
[1756906226.652683] [eos0117:3273433:0]           async.c:522  UCX  DEBUG listening to async event fd 58 events 0x1 mode thread_spinlock
[1756906226.652684] [eos0117:3273433:0]       ib_device.c:597  UCX  DEBUG initialized device 'mlx5_4' (InfiniBand channel adapter) with 1 ports
[1756906226.652687] [eos0117:3273433:0]           ib_md.c:1177 UCX  DEBUG mlx5_4: cuda GPUDirect RDMA is detected by checking /sys/kernel/mm/memory_peers/nv_mem/version
[1756906226.652690] [eos0117:3273433:0]           ib_md.c:1177 UCX  DEBUG mlx5_4: rocm GPUDirect RDMA is not detected by checking /dev/kfd
[1756906226.652693] [eos0117:3273433:0]           ib_md.c:1202 UCX  DEBUG mlx5_4: dmabuf is supported
[1756906226.652695] [eos0117:3273433:0]           mpool.c:138  UCX  DEBUG mpool devx dbrec: align 64, maxelems 4294967295, elemsize 40
[1756906226.652867] [eos0117:3273433:0]    ib_mlx5dv_md.c:2423 UCX  DEBUG mlx5_4: opened DEVX md log_max_qp=17
[1756906226.653260] [eos0117:3273433:0]    ib_mlx5dv_md.c:126  UCX  DEBUG mlx5_4: KSM dm memory registration status "Success" range 0x7fffca62a000..0x7fffca62a020 iova 0x0 mkey_index 0x0
[1756906226.653538] [eos0117:3273433:0]    ib_mlx5dv_md.c:96   UCX  DEBUG mlx5_4: mlx5dv_devx_obj_create(CREATE_MKEY, mode=KSM, start_addr=0x7fffca62a000 length=32) failed, syndrome 0x45d3a4: Remote I/O error
[1756906226.653539] [eos0117:3273433:0]    ib_mlx5dv_md.c:126  UCX  DEBUG mlx5_4: KSM atomic-key memory registration status "Unsupported operation" range (nil)..0x20 iova 0x7fffca62a000 atomic mkey_index 0x0
[1756906226.653890] [eos0117:3273433:0]           ib_md.c:1161 UCX  DEBUG mlx5_4: relaxed order memory access is disabled
[1756906226.654106] [eos0117:3273433:0]    ib_mlx5dv_md.c:126  UCX  DEBUG mlx5_4: KSM flush-mr memory registration status "Success" range 0x555556718000..0x555556718008 iova 0x0 mkey_index 0x0
[1756906226.654107] [eos0117:3273433:0]           ib_md.c:1031 UCX  DEBUG mlx5_4: md open by 'uct_ib_mlx5_devx_md_ops' is successful
[1756906226.659347] [eos0117:3273433:0]            topo.c:899  UCX  DEBUG /sys/class/infiniband/mlx5_5: PF sysfs path is '/sys/devices/pci0000:5b/0000:5b:01.0/0000:5c:00.0/0000:5d:00.0/0000:5e:00.0'
[1756906226.659349] [eos0117:3273433:0]            topo.c:552  UCX  DEBUG mlx5_5: bdf_name 0000:5e:00.0 sys_dev 18
[1756906226.659360] [eos0117:3273433:0]       ib_device.c:498  UCX  DEBUG mlx5_5: vendor_id 0x15b3 device_id 4129
[1756906226.659844] [eos0117:3273433:0]    ib_mlx5dv_md.c:1875 UCX  DEBUG mlx5_5: cross gvmi alias mkey is supported
[1756906226.659845] [eos0117:3273433:0]    ib_mlx5dv_md.c:1925 UCX  DEBUG mlx5_5: mkey_by_name_reserve is not supported
[1756906226.659846] [eos0117:3273433:0]    ib_mlx5dv_md.c:1910 UCX  DEBUG mlx5_5: dp_ordering support: force=1 ooo_rw_rc=1 ooo_rw_dc=1
[1756906226.659954] [eos0117:3273433:0]    ib_mlx5dv_md.c:1705 UCX  DEBUG mlx5_5: ODP is disabled because version 1 is not supported for DevX QP
[1756906226.660072] [eos0117:3273433:0]           async.c:248  UCX  DEBUG added async handler 0x5555565fc060 [id=60 ref 1] uct_ib_async_event_handler() to hash
[1756906226.660075] [eos0117:3273433:0]           async.c:522  UCX  DEBUG listening to async event fd 60 events 0x1 mode thread_spinlock
[1756906226.660076] [eos0117:3273433:0]       ib_device.c:597  UCX  DEBUG initialized device 'mlx5_5' (InfiniBand channel adapter) with 1 ports
[1756906226.660079] [eos0117:3273433:0]           ib_md.c:1177 UCX  DEBUG mlx5_5: cuda GPUDirect RDMA is detected by checking /sys/kernel/mm/memory_peers/nv_mem/version
[1756906226.660081] [eos0117:3273433:0]           ib_md.c:1177 UCX  DEBUG mlx5_5: rocm GPUDirect RDMA is not detected by checking /dev/kfd
[1756906226.660084] [eos0117:3273433:0]           ib_md.c:1202 UCX  DEBUG mlx5_5: dmabuf is supported
[1756906226.660086] [eos0117:3273433:0]           mpool.c:138  UCX  DEBUG mpool devx dbrec: align 64, maxelems 4294967295, elemsize 40
[1756906226.660258] [eos0117:3273433:0]    ib_mlx5dv_md.c:2423 UCX  DEBUG mlx5_5: opened DEVX md log_max_qp=17
[1756906226.660653] [eos0117:3273433:0]    ib_mlx5dv_md.c:126  UCX  DEBUG mlx5_5: KSM dm memory registration status "Success" range 0x7fffca625000..0x7fffca625020 iova 0x0 mkey_index 0x0
[1756906226.660933] [eos0117:3273433:0]    ib_mlx5dv_md.c:96   UCX  DEBUG mlx5_5: mlx5dv_devx_obj_create(CREATE_MKEY, mode=KSM, start_addr=0x7fffca625000 length=32) failed, syndrome 0x45d3a4: Remote I/O error
[1756906226.660935] [eos0117:3273433:0]    ib_mlx5dv_md.c:126  UCX  DEBUG mlx5_5: KSM atomic-key memory registration status "Unsupported operation" range (nil)..0x20 iova 0x7fffca625000 atomic mkey_index 0x0
[1756906226.661277] [eos0117:3273433:0]           ib_md.c:1161 UCX  DEBUG mlx5_5: relaxed order memory access is disabled
[1756906226.661501] [eos0117:3273433:0]    ib_mlx5dv_md.c:126  UCX  DEBUG mlx5_5: KSM flush-mr memory registration status "Success" range 0x5555567bb000..0x5555567bb008 iova 0x0 mkey_index 0x0
[1756906226.661502] [eos0117:3273433:0]           ib_md.c:1031 UCX  DEBUG mlx5_5: md open by 'uct_ib_mlx5_devx_md_ops' is successful
[1756906226.666742] [eos0117:3273433:0]            topo.c:899  UCX  DEBUG /sys/class/infiniband/mlx5_6: PF sysfs path is '/sys/devices/pci0000:97/0000:97:01.0/0000:98:00.0/0000:99:00.0/0000:9a:00.0'
[1756906226.666744] [eos0117:3273433:0]            topo.c:552  UCX  DEBUG mlx5_6: bdf_name 0000:9a:00.0 sys_dev 9
[1756906226.666752] [eos0117:3273433:0]       ib_device.c:498  UCX  DEBUG mlx5_6: vendor_id 0x15b3 device_id 4129
[1756906226.667232] [eos0117:3273433:0]    ib_mlx5dv_md.c:1875 UCX  DEBUG mlx5_6: cross gvmi alias mkey is supported
[1756906226.667233] [eos0117:3273433:0]    ib_mlx5dv_md.c:1925 UCX  DEBUG mlx5_6: mkey_by_name_reserve is not supported
[1756906226.667234] [eos0117:3273433:0]    ib_mlx5dv_md.c:1910 UCX  DEBUG mlx5_6: dp_ordering support: force=1 ooo_rw_rc=1 ooo_rw_dc=1
[1756906226.667346] [eos0117:3273433:0]    ib_mlx5dv_md.c:1705 UCX  DEBUG mlx5_6: ODP is disabled because version 1 is not supported for DevX QP
[1756906226.667469] [eos0117:3273433:0]           async.c:248  UCX  DEBUG added async handler 0x55555699a010 [id=62 ref 1] uct_ib_async_event_handler() to hash
[1756906226.667473] [eos0117:3273433:0]           async.c:522  UCX  DEBUG listening to async event fd 62 events 0x1 mode thread_spinlock
[1756906226.667474] [eos0117:3273433:0]       ib_device.c:597  UCX  DEBUG initialized device 'mlx5_6' (InfiniBand channel adapter) with 1 ports
[1756906226.667477] [eos0117:3273433:0]           ib_md.c:1177 UCX  DEBUG mlx5_6: cuda GPUDirect RDMA is detected by checking /sys/kernel/mm/memory_peers/nv_mem/version
[1756906226.667479] [eos0117:3273433:0]           ib_md.c:1177 UCX  DEBUG mlx5_6: rocm GPUDirect RDMA is not detected by checking /dev/kfd
[1756906226.667482] [eos0117:3273433:0]           ib_md.c:1202 UCX  DEBUG mlx5_6: dmabuf is supported
[1756906226.667483] [eos0117:3273433:0]           mpool.c:138  UCX  DEBUG mpool devx dbrec: align 64, maxelems 4294967295, elemsize 40
[1756906226.667660] [eos0117:3273433:0]    ib_mlx5dv_md.c:2423 UCX  DEBUG mlx5_6: opened DEVX md log_max_qp=17
[1756906226.668060] [eos0117:3273433:0]    ib_mlx5dv_md.c:126  UCX  DEBUG mlx5_6: KSM dm memory registration status "Success" range 0x7fffca620000..0x7fffca620020 iova 0x0 mkey_index 0x0
[1756906226.668341] [eos0117:3273433:0]    ib_mlx5dv_md.c:96   UCX  DEBUG mlx5_6: mlx5dv_devx_obj_create(CREATE_MKEY, mode=KSM, start_addr=0x7fffca620000 length=32) failed, syndrome 0x45d3a4: Remote I/O error
[1756906226.668343] [eos0117:3273433:0]    ib_mlx5dv_md.c:126  UCX  DEBUG mlx5_6: KSM atomic-key memory registration status "Unsupported operation" range (nil)..0x20 iova 0x7fffca620000 atomic mkey_index 0x0
[1756906226.668700] [eos0117:3273433:0]           ib_md.c:1161 UCX  DEBUG mlx5_6: relaxed order memory access is disabled
[1756906226.668923] [eos0117:3273433:0]    ib_mlx5dv_md.c:126  UCX  DEBUG mlx5_6: KSM flush-mr memory registration status "Success" range 0x55555699b000..0x55555699b008 iova 0x0 mkey_index 0x0
[1756906226.668924] [eos0117:3273433:0]           ib_md.c:1031 UCX  DEBUG mlx5_6: md open by 'uct_ib_mlx5_devx_md_ops' is successful
[1756906226.692258] [eos0117:3273433:0]            topo.c:899  UCX  DEBUG /sys/class/infiniband/mlx5_9: PF sysfs path is '/sys/devices/pci0000:bd/0000:bd:01.0/0000:be:00.0/0000:bf:00.0/0000:c0:00.0'
[1756906226.692260] [eos0117:3273433:0]            topo.c:552  UCX  DEBUG mlx5_9: bdf_name 0000:c0:00.0 sys_dev 11
[1756906226.692267] [eos0117:3273433:0]       ib_device.c:498  UCX  DEBUG mlx5_9: vendor_id 0x15b3 device_id 4129
[1756906226.692752] [eos0117:3273433:0]    ib_mlx5dv_md.c:1875 UCX  DEBUG mlx5_9: cross gvmi alias mkey is supported
[1756906226.692753] [eos0117:3273433:0]    ib_mlx5dv_md.c:1925 UCX  DEBUG mlx5_9: mkey_by_name_reserve is not supported
[1756906226.692754] [eos0117:3273433:0]    ib_mlx5dv_md.c:1910 UCX  DEBUG mlx5_9: dp_ordering support: force=1 ooo_rw_rc=1 ooo_rw_dc=1
[1756906226.692866] [eos0117:3273433:0]    ib_mlx5dv_md.c:1705 UCX  DEBUG mlx5_9: ODP is disabled because version 1 is not supported for DevX QP
[1756906226.692987] [eos0117:3273433:0]           async.c:248  UCX  DEBUG added async handler 0x5555563912a0 [id=64 ref 1] uct_ib_async_event_handler() to hash
[1756906226.692991] [eos0117:3273433:0]           async.c:522  UCX  DEBUG listening to async event fd 64 events 0x1 mode thread_spinlock
[1756906226.692992] [eos0117:3273433:0]       ib_device.c:597  UCX  DEBUG initialized device 'mlx5_9' (InfiniBand channel adapter) with 1 ports
[1756906226.692995] [eos0117:3273433:0]           ib_md.c:1177 UCX  DEBUG mlx5_9: cuda GPUDirect RDMA is detected by checking /sys/kernel/mm/memory_peers/nv_mem/version
[1756906226.692997] [eos0117:3273433:0]           ib_md.c:1177 UCX  DEBUG mlx5_9: rocm GPUDirect RDMA is not detected by checking /dev/kfd
[1756906226.693000] [eos0117:3273433:0]           ib_md.c:1202 UCX  DEBUG mlx5_9: dmabuf is supported
[1756906226.693001] [eos0117:3273433:0]           mpool.c:138  UCX  DEBUG mpool devx dbrec: align 64, maxelems 4294967295, elemsize 40
[1756906226.693179] [eos0117:3273433:0]    ib_mlx5dv_md.c:2423 UCX  DEBUG mlx5_9: opened DEVX md log_max_qp=17
[1756906226.693587] [eos0117:3273433:0]    ib_mlx5dv_md.c:126  UCX  DEBUG mlx5_9: KSM dm memory registration status "Success" range 0x7fffca61b000..0x7fffca61b020 iova 0x0 mkey_index 0x0
[1756906226.693865] [eos0117:3273433:0]    ib_mlx5dv_md.c:96   UCX  DEBUG mlx5_9: mlx5dv_devx_obj_create(CREATE_MKEY, mode=KSM, start_addr=0x7fffca61b000 length=32) failed, syndrome 0x45d3a4: Remote I/O error
[1756906226.693866] [eos0117:3273433:0]    ib_mlx5dv_md.c:126  UCX  DEBUG mlx5_9: KSM atomic-key memory registration status "Unsupported operation" range (nil)..0x20 iova 0x7fffca61b000 atomic mkey_index 0x0
[1756906226.694219] [eos0117:3273433:0]           ib_md.c:1161 UCX  DEBUG mlx5_9: relaxed order memory access is disabled
[1756906226.694542] [eos0117:3273433:0]    ib_mlx5dv_md.c:126  UCX  DEBUG mlx5_9: KSM flush-mr memory registration status "Success" range 0x555556997000..0x555556997008 iova 0x0 mkey_index 0x0
[1756906226.694544] [eos0117:3273433:0]           ib_md.c:1031 UCX  DEBUG mlx5_9: md open by 'uct_ib_mlx5_devx_md_ops' is successful
[1756906226.700045] [eos0117:3273433:0]            topo.c:899  UCX  DEBUG /sys/class/infiniband/mlx5_10: PF sysfs path is '/sys/devices/pci0000:cb/0000:cb:01.0/0000:cc:00.0/0000:cd:00.0/0000:ce:00.0'
[1756906226.700048] [eos0117:3273433:0]            topo.c:552  UCX  DEBUG mlx5_10: bdf_name 0000:ce:00.0 sys_dev 12
[1756906226.700055] [eos0117:3273433:0]       ib_device.c:498  UCX  DEBUG mlx5_10: vendor_id 0x15b3 device_id 4129
[1756906226.700531] [eos0117:3273433:0]    ib_mlx5dv_md.c:1875 UCX  DEBUG mlx5_10: cross gvmi alias mkey is supported
[1756906226.700532] [eos0117:3273433:0]    ib_mlx5dv_md.c:1925 UCX  DEBUG mlx5_10: mkey_by_name_reserve is not supported
[1756906226.700533] [eos0117:3273433:0]    ib_mlx5dv_md.c:1910 UCX  DEBUG mlx5_10: dp_ordering support: force=1 ooo_rw_rc=1 ooo_rw_dc=1
[1756906226.700643] [eos0117:3273433:0]    ib_mlx5dv_md.c:1705 UCX  DEBUG mlx5_10: ODP is disabled because version 1 is not supported for DevX QP
[1756906226.700759] [eos0117:3273433:0]           async.c:248  UCX  DEBUG added async handler 0x555556996cc0 [id=66 ref 1] uct_ib_async_event_handler() to hash
[1756906226.700763] [eos0117:3273433:0]           async.c:522  UCX  DEBUG listening to async event fd 66 events 0x1 mode thread_spinlock
[1756906226.700764] [eos0117:3273433:0]       ib_device.c:597  UCX  DEBUG initialized device 'mlx5_10' (InfiniBand channel adapter) with 1 ports
[1756906226.700766] [eos0117:3273433:0]           ib_md.c:1177 UCX  DEBUG mlx5_10: cuda GPUDirect RDMA is detected by checking /sys/kernel/mm/memory_peers/nv_mem/version
[1756906226.700769] [eos0117:3273433:0]           ib_md.c:1177 UCX  DEBUG mlx5_10: rocm GPUDirect RDMA is not detected by checking /dev/kfd
[1756906226.700781] [eos0117:3273433:0]           ib_md.c:1202 UCX  DEBUG mlx5_10: dmabuf is supported
[1756906226.700782] [eos0117:3273433:0]           mpool.c:138  UCX  DEBUG mpool devx dbrec: align 64, maxelems 4294967295, elemsize 40
[1756906226.700960] [eos0117:3273433:0]    ib_mlx5dv_md.c:2423 UCX  DEBUG mlx5_10: opened DEVX md log_max_qp=17
[1756906226.701348] [eos0117:3273433:0]    ib_mlx5dv_md.c:126  UCX  DEBUG mlx5_10: KSM dm memory registration status "Success" range 0x7fffca616000..0x7fffca616020 iova 0x0 mkey_index 0x0
[1756906226.701627] [eos0117:3273433:0]    ib_mlx5dv_md.c:96   UCX  DEBUG mlx5_10: mlx5dv_devx_obj_create(CREATE_MKEY, mode=KSM, start_addr=0x7fffca616000 length=32) failed, syndrome 0x45d3a4: Remote I/O error
[1756906226.701628] [eos0117:3273433:0]    ib_mlx5dv_md.c:126  UCX  DEBUG mlx5_10: KSM atomic-key memory registration status "Unsupported operation" range (nil)..0x20 iova 0x7fffca616000 atomic mkey_index 0x0
[1756906226.701986] [eos0117:3273433:0]           ib_md.c:1161 UCX  DEBUG mlx5_10: relaxed order memory access is disabled
[1756906226.702210] [eos0117:3273433:0]    ib_mlx5dv_md.c:126  UCX  DEBUG mlx5_10: KSM flush-mr memory registration status "Success" range 0x555556703000..0x555556703008 iova 0x0 mkey_index 0x0
[1756906226.702210] [eos0117:3273433:0]           ib_md.c:1031 UCX  DEBUG mlx5_10: md open by 'uct_ib_mlx5_devx_md_ops' is successful
[1756906226.707652] [eos0117:3273433:0]            topo.c:899  UCX  DEBUG /sys/class/infiniband/mlx5_11: PF sysfs path is '/sys/devices/pci0000:d9/0000:d9:01.0/0000:da:00.0/0000:db:00.0/0000:dc:00.0'
[1756906226.707655] [eos0117:3273433:0]            topo.c:552  UCX  DEBUG mlx5_11: bdf_name 0000:dc:00.0 sys_dev 13
[1756906226.707662] [eos0117:3273433:0]       ib_device.c:498  UCX  DEBUG mlx5_11: vendor_id 0x15b3 device_id 4129
[1756906226.708149] [eos0117:3273433:0]    ib_mlx5dv_md.c:1875 UCX  DEBUG mlx5_11: cross gvmi alias mkey is supported
[1756906226.708150] [eos0117:3273433:0]    ib_mlx5dv_md.c:1925 UCX  DEBUG mlx5_11: mkey_by_name_reserve is not supported
[1756906226.708151] [eos0117:3273433:0]    ib_mlx5dv_md.c:1910 UCX  DEBUG mlx5_11: dp_ordering support: force=1 ooo_rw_rc=1 ooo_rw_dc=1
[1756906226.708262] [eos0117:3273433:0]    ib_mlx5dv_md.c:1705 UCX  DEBUG mlx5_11: ODP is disabled because version 1 is not supported for DevX QP
[1756906226.708381] [eos0117:3273433:0]           async.c:248  UCX  DEBUG added async handler 0x5555569994d0 [id=68 ref 1] uct_ib_async_event_handler() to hash
[1756906226.708385] [eos0117:3273433:0]           async.c:522  UCX  DEBUG listening to async event fd 68 events 0x1 mode thread_spinlock
[1756906226.708385] [eos0117:3273433:0]       ib_device.c:597  UCX  DEBUG initialized device 'mlx5_11' (InfiniBand channel adapter) with 1 ports
[1756906226.708388] [eos0117:3273433:0]           ib_md.c:1177 UCX  DEBUG mlx5_11: cuda GPUDirect RDMA is detected by checking /sys/kernel/mm/memory_peers/nv_mem/version
[1756906226.708391] [eos0117:3273433:0]           ib_md.c:1177 UCX  DEBUG mlx5_11: rocm GPUDirect RDMA is not detected by checking /dev/kfd
[1756906226.708393] [eos0117:3273433:0]           ib_md.c:1202 UCX  DEBUG mlx5_11: dmabuf is supported
[1756906226.708395] [eos0117:3273433:0]           mpool.c:138  UCX  DEBUG mpool devx dbrec: align 64, maxelems 4294967295, elemsize 40
[1756906226.708568] [eos0117:3273433:0]    ib_mlx5dv_md.c:2423 UCX  DEBUG mlx5_11: opened DEVX md log_max_qp=17
[1756906226.708970] [eos0117:3273433:0]    ib_mlx5dv_md.c:126  UCX  DEBUG mlx5_11: KSM dm memory registration status "Success" range 0x7fffca611000..0x7fffca611020 iova 0x0 mkey_index 0x0
[1756906226.709249] [eos0117:3273433:0]    ib_mlx5dv_md.c:96   UCX  DEBUG mlx5_11: mlx5dv_devx_obj_create(CREATE_MKEY, mode=KSM, start_addr=0x7fffca611000 length=32) failed, syndrome 0x45d3a4: Remote I/O error
[1756906226.709251] [eos0117:3273433:0]    ib_mlx5dv_md.c:126  UCX  DEBUG mlx5_11: KSM atomic-key memory registration status "Unsupported operation" range (nil)..0x20 iova 0x7fffca611000 atomic mkey_index 0x0
[1756906226.709604] [eos0117:3273433:0]           ib_md.c:1161 UCX  DEBUG mlx5_11: relaxed order memory access is disabled
[1756906226.709826] [eos0117:3273433:0]    ib_mlx5dv_md.c:126  UCX  DEBUG mlx5_11: KSM flush-mr memory registration status "Success" range 0x555556705000..0x555556705008 iova 0x0 mkey_index 0x0
[1756906226.709827] [eos0117:3273433:0]           ib_md.c:1031 UCX  DEBUG mlx5_11: md open by 'uct_ib_mlx5_devx_md_ops' is successful
[1756906226.735982] [eos0117:3273433:0]            topo.c:899  UCX  DEBUG /sys/class/infiniband/mlx5_0: PF sysfs path is '/sys/devices/pci0000:15/0000:15:01.0/0000:16:00.0/0000:17:00.0/0000:18:00.0'
[1756906226.735985] [eos0117:3273433:0]            topo.c:552  UCX  DEBUG mlx5_0: bdf_name 0000:18:00.0 sys_dev 14
[1756906226.735992] [eos0117:3273433:0]       ib_device.c:498  UCX  DEBUG mlx5_0: vendor_id 0x15b3 device_id 4129
[1756906226.736463] [eos0117:3273433:0]    ib_mlx5dv_md.c:1875 UCX  DEBUG mlx5_0: cross gvmi alias mkey is supported
[1756906226.736463] [eos0117:3273433:0]    ib_mlx5dv_md.c:1925 UCX  DEBUG mlx5_0: mkey_by_name_reserve is not supported
[1756906226.736464] [eos0117:3273433:0]    ib_mlx5dv_md.c:1910 UCX  DEBUG mlx5_0: dp_ordering support: force=1 ooo_rw_rc=1 ooo_rw_dc=1
[1756906226.736573] [eos0117:3273433:0]    ib_mlx5dv_md.c:1705 UCX  DEBUG mlx5_0: ODP is disabled because version 1 is not supported for DevX QP
[1756906226.736687] [eos0117:3273433:0]           async.c:248  UCX  DEBUG added async handler 0x555556704190 [id=70 ref 1] uct_ib_async_event_handler() to hash
[1756906226.736690] [eos0117:3273433:0]           async.c:522  UCX  DEBUG listening to async event fd 70 events 0x1 mode thread_spinlock
[1756906226.736691] [eos0117:3273433:0]       ib_device.c:597  UCX  DEBUG initialized device 'mlx5_0' (InfiniBand channel adapter) with 1 ports
[1756906226.736694] [eos0117:3273433:0]           ib_md.c:1177 UCX  DEBUG mlx5_0: cuda GPUDirect RDMA is detected by checking /sys/kernel/mm/memory_peers/nv_mem/version
[1756906226.736696] [eos0117:3273433:0]           ib_md.c:1177 UCX  DEBUG mlx5_0: rocm GPUDirect RDMA is not detected by checking /dev/kfd
[1756906226.736699] [eos0117:3273433:0]           ib_md.c:1202 UCX  DEBUG mlx5_0: dmabuf is supported
[1756906226.736700] [eos0117:3273433:0]           mpool.c:138  UCX  DEBUG mpool devx dbrec: align 64, maxelems 4294967295, elemsize 40
[1756906226.736867] [eos0117:3273433:0]    ib_mlx5dv_md.c:2423 UCX  DEBUG mlx5_0: opened DEVX md log_max_qp=17
[1756906226.737253] [eos0117:3273433:0]    ib_mlx5dv_md.c:126  UCX  DEBUG mlx5_0: KSM dm memory registration status "Success" range 0x7fffca60c000..0x7fffca60c020 iova 0x0 mkey_index 0x0
[1756906226.737525] [eos0117:3273433:0]    ib_mlx5dv_md.c:96   UCX  DEBUG mlx5_0: mlx5dv_devx_obj_create(CREATE_MKEY, mode=KSM, start_addr=0x7fffca60c000 length=32) failed, syndrome 0x45d3a4: Remote I/O error
[1756906226.737527] [eos0117:3273433:0]    ib_mlx5dv_md.c:126  UCX  DEBUG mlx5_0: KSM atomic-key memory registration status "Unsupported operation" range (nil)..0x20 iova 0x7fffca60c000 atomic mkey_index 0x0
[1756906226.737872] [eos0117:3273433:0]           ib_md.c:1161 UCX  DEBUG mlx5_0: relaxed order memory access is disabled
[1756906226.738093] [eos0117:3273433:0]    ib_mlx5dv_md.c:126  UCX  DEBUG mlx5_0: KSM flush-mr memory registration status "Success" range 0x5555568ca000..0x5555568ca008 iova 0x0 mkey_index 0x0
[1756906226.738112] [eos0117:3273433:0]          uct_md.c:96   UCX  DEBUG failed to query gga_mlx5 resources: No such device
[1756906226.738113] [eos0117:3273433:0]     ucp_context.c:1188 UCX  DEBUG No tl resources found for md mlx5_0
[1756906226.738114] [eos0117:3273433:0]     ucp_context.c:1648 UCX  DEBUG closing md mlx5_0 because it has no selected transport resources
[1756906226.738118] [eos0117:3273433:0]    ib_mlx5dv_md.c:2496 UCX  DEBUG mlx5_0: md=0x555556708050 md->flags=0x3fb3f7f flush_rkey=0x200200
[1756906226.738356] [eos0117:3273433:0]           mpool.c:194  UCX  DEBUG mpool devx dbrec destroyed
[1756906226.738369] [eos0117:3273433:0]       ib_device.c:616  UCX  DEBUG destroying ib device mlx5_0
[1756906226.738372] [eos0117:3273433:0]           async.c:173  UCX  DEBUG removed async handler 0x555556704190 [id=70 ref 1] uct_ib_async_event_handler() from hash
[1756906226.738373] [eos0117:3273433:0]           async.c:576  UCX  DEBUG removing async handler 0x555556704190 [id=70 ref 1] uct_ib_async_event_handler()
[1756906226.738376] [eos0117:3273433:0]           async.c:188  UCX  DEBUG release async handler 0x555556704190 [id=70 ref 0] uct_ib_async_event_handler()
[1756906226.743182] [eos0117:3273433:0]            topo.c:899  UCX  DEBUG /sys/class/infiniband/mlx5_3: PF sysfs path is '/sys/devices/pci0000:3d/0000:3d:01.0/0000:3e:00.0/0000:3f:00.0/0000:40:00.0'
[1756906226.743185] [eos0117:3273433:0]            topo.c:552  UCX  DEBUG mlx5_3: bdf_name 0000:40:00.0 sys_dev 16
[1756906226.743192] [eos0117:3273433:0]       ib_device.c:498  UCX  DEBUG mlx5_3: vendor_id 0x15b3 device_id 4129
[1756906226.743669] [eos0117:3273433:0]    ib_mlx5dv_md.c:1875 UCX  DEBUG mlx5_3: cross gvmi alias mkey is supported
[1756906226.743670] [eos0117:3273433:0]    ib_mlx5dv_md.c:1925 UCX  DEBUG mlx5_3: mkey_by_name_reserve is not supported
[1756906226.743670] [eos0117:3273433:0]    ib_mlx5dv_md.c:1910 UCX  DEBUG mlx5_3: dp_ordering support: force=1 ooo_rw_rc=1 ooo_rw_dc=1
[1756906226.743781] [eos0117:3273433:0]    ib_mlx5dv_md.c:1705 UCX  DEBUG mlx5_3: ODP is disabled because version 1 is not supported for DevX QP
[1756906226.743900] [eos0117:3273433:0]           async.c:248  UCX  DEBUG added async handler 0x5555569986c0 [id=70 ref 1] uct_ib_async_event_handler() to hash
[1756906226.743903] [eos0117:3273433:0]           async.c:522  UCX  DEBUG listening to async event fd 70 events 0x1 mode thread_spinlock
[1756906226.743904] [eos0117:3273433:0]       ib_device.c:597  UCX  DEBUG initialized device 'mlx5_3' (InfiniBand channel adapter) with 1 ports
[1756906226.743907] [eos0117:3273433:0]           ib_md.c:1177 UCX  DEBUG mlx5_3: cuda GPUDirect RDMA is detected by checking /sys/kernel/mm/memory_peers/nv_mem/version
[1756906226.743909] [eos0117:3273433:0]           ib_md.c:1177 UCX  DEBUG mlx5_3: rocm GPUDirect RDMA is not detected by checking /dev/kfd
[1756906226.743912] [eos0117:3273433:0]           ib_md.c:1202 UCX  DEBUG mlx5_3: dmabuf is supported
[1756906226.743914] [eos0117:3273433:0]           mpool.c:138  UCX  DEBUG mpool devx dbrec: align 64, maxelems 4294967295, elemsize 40
[1756906226.744085] [eos0117:3273433:0]    ib_mlx5dv_md.c:2423 UCX  DEBUG mlx5_3: opened DEVX md log_max_qp=17
[1756906226.744470] [eos0117:3273433:0]    ib_mlx5dv_md.c:126  UCX  DEBUG mlx5_3: KSM dm memory registration status "Success" range 0x7fffca60c000..0x7fffca60c020 iova 0x0 mkey_index 0x0
[1756906226.744744] [eos0117:3273433:0]    ib_mlx5dv_md.c:96   UCX  DEBUG mlx5_3: mlx5dv_devx_obj_create(CREATE_MKEY, mode=KSM, start_addr=0x7fffca60c000 length=32) failed, syndrome 0x45d3a4: Remote I/O error
[1756906226.744746] [eos0117:3273433:0]    ib_mlx5dv_md.c:126  UCX  DEBUG mlx5_3: KSM atomic-key memory registration status "Unsupported operation" range (nil)..0x20 iova 0x7fffca60c000 atomic mkey_index 0x0
[1756906226.745085] [eos0117:3273433:0]           ib_md.c:1161 UCX  DEBUG mlx5_3: relaxed order memory access is disabled
[1756906226.745299] [eos0117:3273433:0]    ib_mlx5dv_md.c:126  UCX  DEBUG mlx5_3: KSM flush-mr memory registration status "Success" range 0x5555568ca000..0x5555568ca008 iova 0x0 mkey_index 0x0
[1756906226.745314] [eos0117:3273433:0]          uct_md.c:96   UCX  DEBUG failed to query gga_mlx5 resources: No such device
[1756906226.745315] [eos0117:3273433:0]     ucp_context.c:1188 UCX  DEBUG No tl resources found for md mlx5_3
[1756906226.745316] [eos0117:3273433:0]     ucp_context.c:1648 UCX  DEBUG closing md mlx5_3 because it has no selected transport resources
[1756906226.745319] [eos0117:3273433:0]    ib_mlx5dv_md.c:2496 UCX  DEBUG mlx5_3: md=0x555556706010 md->flags=0x3fb3f7f flush_rkey=0x200200
[1756906226.745546] [eos0117:3273433:0]           mpool.c:194  UCX  DEBUG mpool devx dbrec destroyed
[1756906226.745547] [eos0117:3273433:0]       ib_device.c:616  UCX  DEBUG destroying ib device mlx5_3
[1756906226.745549] [eos0117:3273433:0]           async.c:173  UCX  DEBUG removed async handler 0x5555569986c0 [id=70 ref 1] uct_ib_async_event_handler() from hash
[1756906226.745550] [eos0117:3273433:0]           async.c:576  UCX  DEBUG removing async handler 0x5555569986c0 [id=70 ref 1] uct_ib_async_event_handler()
[1756906226.745551] [eos0117:3273433:0]           async.c:188  UCX  DEBUG release async handler 0x5555569986c0 [id=70 ref 0] uct_ib_async_event_handler()
[1756906226.750258] [eos0117:3273433:0]            topo.c:899  UCX  DEBUG /sys/class/infiniband/mlx5_4: PF sysfs path is '/sys/devices/pci0000:4c/0000:4c:01.0/0000:4d:00.0/0000:4e:00.0/0000:4f:00.0'
[1756906226.750260] [eos0117:3273433:0]            topo.c:552  UCX  DEBUG mlx5_4: bdf_name 0000:4f:00.0 sys_dev 17
[1756906226.750267] [eos0117:3273433:0]       ib_device.c:498  UCX  DEBUG mlx5_4: vendor_id 0x15b3 device_id 4129
[1756906226.750739] [eos0117:3273433:0]    ib_mlx5dv_md.c:1875 UCX  DEBUG mlx5_4: cross gvmi alias mkey is supported
[1756906226.750740] [eos0117:3273433:0]    ib_mlx5dv_md.c:1925 UCX  DEBUG mlx5_4: mkey_by_name_reserve is not supported
[1756906226.750741] [eos0117:3273433:0]    ib_mlx5dv_md.c:1910 UCX  DEBUG mlx5_4: dp_ordering support: force=1 ooo_rw_rc=1 ooo_rw_dc=1
[1756906226.750851] [eos0117:3273433:0]    ib_mlx5dv_md.c:1705 UCX  DEBUG mlx5_4: ODP is disabled because version 1 is not supported for DevX QP
[1756906226.750967] [eos0117:3273433:0]           async.c:248  UCX  DEBUG added async handler 0x555556704190 [id=70 ref 1] uct_ib_async_event_handler() to hash
[1756906226.750971] [eos0117:3273433:0]           async.c:522  UCX  DEBUG listening to async event fd 70 events 0x1 mode thread_spinlock
[1756906226.750972] [eos0117:3273433:0]       ib_device.c:597  UCX  DEBUG initialized device 'mlx5_4' (InfiniBand channel adapter) with 1 ports
[1756906226.750974] [eos0117:3273433:0]           ib_md.c:1177 UCX  DEBUG mlx5_4: cuda GPUDirect RDMA is detected by checking /sys/kernel/mm/memory_peers/nv_mem/version
[1756906226.750976] [eos0117:3273433:0]           ib_md.c:1177 UCX  DEBUG mlx5_4: rocm GPUDirect RDMA is not detected by checking /dev/kfd
[1756906226.750979] [eos0117:3273433:0]           ib_md.c:1202 UCX  DEBUG mlx5_4: dmabuf is supported
[1756906226.750980] [eos0117:3273433:0]           mpool.c:138  UCX  DEBUG mpool devx dbrec: align 64, maxelems 4294967295, elemsize 40
[1756906226.751151] [eos0117:3273433:0]    ib_mlx5dv_md.c:2423 UCX  DEBUG mlx5_4: opened DEVX md log_max_qp=17
[1756906226.751540] [eos0117:3273433:0]    ib_mlx5dv_md.c:126  UCX  DEBUG mlx5_4: KSM dm memory registration status "Success" range 0x7fffca60c000..0x7fffca60c020 iova 0x0 mkey_index 0x0
[1756906226.751817] [eos0117:3273433:0]    ib_mlx5dv_md.c:96   UCX  DEBUG mlx5_4: mlx5dv_devx_obj_create(CREATE_MKEY, mode=KSM, start_addr=0x7fffca60c000 length=32) failed, syndrome 0x45d3a4: Remote I/O error
[1756906226.751818] [eos0117:3273433:0]    ib_mlx5dv_md.c:126  UCX  DEBUG mlx5_4: KSM atomic-key memory registration status "Unsupported operation" range (nil)..0x20 iova 0x7fffca60c000 atomic mkey_index 0x0
[1756906226.752167] [eos0117:3273433:0]           ib_md.c:1161 UCX  DEBUG mlx5_4: relaxed order memory access is disabled
[1756906226.752521] [eos0117:3273433:0]    ib_mlx5dv_md.c:126  UCX  DEBUG mlx5_4: KSM flush-mr memory registration status "Success" range 0x5555568ca000..0x5555568ca008 iova 0x0 mkey_index 0x0
[1756906226.752535] [eos0117:3273433:0]          uct_md.c:96   UCX  DEBUG failed to query gga_mlx5 resources: No such device
[1756906226.752536] [eos0117:3273433:0]     ucp_context.c:1188 UCX  DEBUG No tl resources found for md mlx5_4
[1756906226.752537] [eos0117:3273433:0]     ucp_context.c:1648 UCX  DEBUG closing md mlx5_4 because it has no selected transport resources
[1756906226.752540] [eos0117:3273433:0]    ib_mlx5dv_md.c:2496 UCX  DEBUG mlx5_4: md=0x5555567065d0 md->flags=0x3fb3f7f flush_rkey=0x200200
[1756906226.752784] [eos0117:3273433:0]           mpool.c:194  UCX  DEBUG mpool devx dbrec destroyed
[1756906226.752785] [eos0117:3273433:0]       ib_device.c:616  UCX  DEBUG destroying ib device mlx5_4
[1756906226.752786] [eos0117:3273433:0]           async.c:173  UCX  DEBUG removed async handler 0x555556704190 [id=70 ref 1] uct_ib_async_event_handler() from hash
[1756906226.752787] [eos0117:3273433:0]           async.c:576  UCX  DEBUG removing async handler 0x555556704190 [id=70 ref 1] uct_ib_async_event_handler()
[1756906226.752789] [eos0117:3273433:0]           async.c:188  UCX  DEBUG release async handler 0x555556704190 [id=70 ref 0] uct_ib_async_event_handler()
[1756906226.757664] [eos0117:3273433:0]            topo.c:899  UCX  DEBUG /sys/class/infiniband/mlx5_5: PF sysfs path is '/sys/devices/pci0000:5b/0000:5b:01.0/0000:5c:00.0/0000:5d:00.0/0000:5e:00.0'
[1756906226.757666] [eos0117:3273433:0]            topo.c:552  UCX  DEBUG mlx5_5: bdf_name 0000:5e:00.0 sys_dev 18
[1756906226.757673] [eos0117:3273433:0]       ib_device.c:498  UCX  DEBUG mlx5_5: vendor_id 0x15b3 device_id 4129
[1756906226.758144] [eos0117:3273433:0]    ib_mlx5dv_md.c:1875 UCX  DEBUG mlx5_5: cross gvmi alias mkey is supported
[1756906226.758144] [eos0117:3273433:0]    ib_mlx5dv_md.c:1925 UCX  DEBUG mlx5_5: mkey_by_name_reserve is not supported
[1756906226.758145] [eos0117:3273433:0]    ib_mlx5dv_md.c:1910 UCX  DEBUG mlx5_5: dp_ordering support: force=1 ooo_rw_rc=1 ooo_rw_dc=1
[1756906226.758255] [eos0117:3273433:0]    ib_mlx5dv_md.c:1705 UCX  DEBUG mlx5_5: ODP is disabled because version 1 is not supported for DevX QP
[1756906226.758373] [eos0117:3273433:0]           async.c:248  UCX  DEBUG added async handler 0x5555569987b0 [id=70 ref 1] uct_ib_async_event_handler() to hash
[1756906226.758376] [eos0117:3273433:0]           async.c:522  UCX  DEBUG listening to async event fd 70 events 0x1 mode thread_spinlock
[1756906226.758377] [eos0117:3273433:0]       ib_device.c:597  UCX  DEBUG initialized device 'mlx5_5' (InfiniBand channel adapter) with 1 ports
[1756906226.758380] [eos0117:3273433:0]           ib_md.c:1177 UCX  DEBUG mlx5_5: cuda GPUDirect RDMA is detected by checking /sys/kernel/mm/memory_peers/nv_mem/version
[1756906226.758382] [eos0117:3273433:0]           ib_md.c:1177 UCX  DEBUG mlx5_5: rocm GPUDirect RDMA is not detected by checking /dev/kfd
[1756906226.758384] [eos0117:3273433:0]           ib_md.c:1202 UCX  DEBUG mlx5_5: dmabuf is supported
[1756906226.758386] [eos0117:3273433:0]           mpool.c:138  UCX  DEBUG mpool devx dbrec: align 64, maxelems 4294967295, elemsize 40
[1756906226.758554] [eos0117:3273433:0]    ib_mlx5dv_md.c:2423 UCX  DEBUG mlx5_5: opened DEVX md log_max_qp=17
[1756906226.758932] [eos0117:3273433:0]    ib_mlx5dv_md.c:126  UCX  DEBUG mlx5_5: KSM dm memory registration status "Success" range 0x7fffca60c000..0x7fffca60c020 iova 0x0 mkey_index 0x0
[1756906226.759204] [eos0117:3273433:0]    ib_mlx5dv_md.c:96   UCX  DEBUG mlx5_5: mlx5dv_devx_obj_create(CREATE_MKEY, mode=KSM, start_addr=0x7fffca60c000 length=32) failed, syndrome 0x45d3a4: Remote I/O error
[1756906226.759205] [eos0117:3273433:0]    ib_mlx5dv_md.c:126  UCX  DEBUG mlx5_5: KSM atomic-key memory registration status "Unsupported operation" range (nil)..0x20 iova 0x7fffca60c000 atomic mkey_index 0x0
[1756906226.759553] [eos0117:3273433:0]           ib_md.c:1161 UCX  DEBUG mlx5_5: relaxed order memory access is disabled
[1756906226.759775] [eos0117:3273433:0]    ib_mlx5dv_md.c:126  UCX  DEBUG mlx5_5: KSM flush-mr memory registration status "Success" range 0x5555568ca000..0x5555568ca008 iova 0x0 mkey_index 0x0
[1756906226.759791] [eos0117:3273433:0]          uct_md.c:96   UCX  DEBUG failed to query gga_mlx5 resources: No such device
[1756906226.759791] [eos0117:3273433:0]     ucp_context.c:1188 UCX  DEBUG No tl resources found for md mlx5_5
[1756906226.759792] [eos0117:3273433:0]     ucp_context.c:1648 UCX  DEBUG closing md mlx5_5 because it has no selected transport resources
[1756906226.759795] [eos0117:3273433:0]    ib_mlx5dv_md.c:2496 UCX  DEBUG mlx5_5: md=0x555556706b50 md->flags=0x3fb3f7f flush_rkey=0x200200
[1756906226.760034] [eos0117:3273433:0]           mpool.c:194  UCX  DEBUG mpool devx dbrec destroyed
[1756906226.760035] [eos0117:3273433:0]       ib_device.c:616  UCX  DEBUG destroying ib device mlx5_5
[1756906226.760036] [eos0117:3273433:0]           async.c:173  UCX  DEBUG removed async handler 0x5555569987b0 [id=70 ref 1] uct_ib_async_event_handler() from hash
[1756906226.760037] [eos0117:3273433:0]           async.c:576  UCX  DEBUG removing async handler 0x5555569987b0 [id=70 ref 1] uct_ib_async_event_handler()
[1756906226.760039] [eos0117:3273433:0]           async.c:188  UCX  DEBUG release async handler 0x5555569987b0 [id=70 ref 0] uct_ib_async_event_handler()
[1756906226.764698] [eos0117:3273433:0]            topo.c:899  UCX  DEBUG /sys/class/infiniband/mlx5_6: PF sysfs path is '/sys/devices/pci0000:97/0000:97:01.0/0000:98:00.0/0000:99:00.0/0000:9a:00.0'
[1756906226.764700] [eos0117:3273433:0]            topo.c:552  UCX  DEBUG mlx5_6: bdf_name 0000:9a:00.0 sys_dev 9
[1756906226.764708] [eos0117:3273433:0]       ib_device.c:498  UCX  DEBUG mlx5_6: vendor_id 0x15b3 device_id 4129
[1756906226.765187] [eos0117:3273433:0]    ib_mlx5dv_md.c:1875 UCX  DEBUG mlx5_6: cross gvmi alias mkey is supported
[1756906226.765188] [eos0117:3273433:0]    ib_mlx5dv_md.c:1925 UCX  DEBUG mlx5_6: mkey_by_name_reserve is not supported
[1756906226.765189] [eos0117:3273433:0]    ib_mlx5dv_md.c:1910 UCX  DEBUG mlx5_6: dp_ordering support: force=1 ooo_rw_rc=1 ooo_rw_dc=1
[1756906226.765302] [eos0117:3273433:0]    ib_mlx5dv_md.c:1705 UCX  DEBUG mlx5_6: ODP is disabled because version 1 is not supported for DevX QP
[1756906226.765422] [eos0117:3273433:0]           async.c:248  UCX  DEBUG added async handler 0x5555569986c0 [id=70 ref 1] uct_ib_async_event_handler() to hash
[1756906226.765425] [eos0117:3273433:0]           async.c:522  UCX  DEBUG listening to async event fd 70 events 0x1 mode thread_spinlock
[1756906226.765426] [eos0117:3273433:0]       ib_device.c:597  UCX  DEBUG initialized device 'mlx5_6' (InfiniBand channel adapter) with 1 ports
[1756906226.765429] [eos0117:3273433:0]           ib_md.c:1177 UCX  DEBUG mlx5_6: cuda GPUDirect RDMA is detected by checking /sys/kernel/mm/memory_peers/nv_mem/version
[1756906226.765431] [eos0117:3273433:0]           ib_md.c:1177 UCX  DEBUG mlx5_6: rocm GPUDirect RDMA is not detected by checking /dev/kfd
[1756906226.765433] [eos0117:3273433:0]           ib_md.c:1202 UCX  DEBUG mlx5_6: dmabuf is supported
[1756906226.765435] [eos0117:3273433:0]           mpool.c:138  UCX  DEBUG mpool devx dbrec: align 64, maxelems 4294967295, elemsize 40
[1756906226.765605] [eos0117:3273433:0]    ib_mlx5dv_md.c:2423 UCX  DEBUG mlx5_6: opened DEVX md log_max_qp=17
[1756906226.765990] [eos0117:3273433:0]    ib_mlx5dv_md.c:126  UCX  DEBUG mlx5_6: KSM dm memory registration status "Success" range 0x7fffca60c000..0x7fffca60c020 iova 0x0 mkey_index 0x0
[1756906226.766269] [eos0117:3273433:0]    ib_mlx5dv_md.c:96   UCX  DEBUG mlx5_6: mlx5dv_devx_obj_create(CREATE_MKEY, mode=KSM, start_addr=0x7fffca60c000 length=32) failed, syndrome 0x45d3a4: Remote I/O error
[1756906226.766271] [eos0117:3273433:0]    ib_mlx5dv_md.c:126  UCX  DEBUG mlx5_6: KSM atomic-key memory registration status "Unsupported operation" range (nil)..0x20 iova 0x7fffca60c000 atomic mkey_index 0x0
[1756906226.766622] [eos0117:3273433:0]           ib_md.c:1161 UCX  DEBUG mlx5_6: relaxed order memory access is disabled
[1756906226.766842] [eos0117:3273433:0]    ib_mlx5dv_md.c:126  UCX  DEBUG mlx5_6: KSM flush-mr memory registration status "Success" range 0x5555568ca000..0x5555568ca008 iova 0x0 mkey_index 0x0
[1756906226.766855] [eos0117:3273433:0]          uct_md.c:96   UCX  DEBUG failed to query gga_mlx5 resources: No such device
[1756906226.766856] [eos0117:3273433:0]     ucp_context.c:1188 UCX  DEBUG No tl resources found for md mlx5_6
[1756906226.766857] [eos0117:3273433:0]     ucp_context.c:1648 UCX  DEBUG closing md mlx5_6 because it has no selected transport resources
[1756906226.766866] [eos0117:3273433:0]    ib_mlx5dv_md.c:2496 UCX  DEBUG mlx5_6: md=0x555556706ab0 md->flags=0x3fb3f7f flush_rkey=0x200200
[1756906226.767208] [eos0117:3273433:0]           mpool.c:194  UCX  DEBUG mpool devx dbrec destroyed
[1756906226.767209] [eos0117:3273433:0]       ib_device.c:616  UCX  DEBUG destroying ib device mlx5_6
[1756906226.767210] [eos0117:3273433:0]           async.c:173  UCX  DEBUG removed async handler 0x5555569986c0 [id=70 ref 1] uct_ib_async_event_handler() from hash
[1756906226.767211] [eos0117:3273433:0]           async.c:576  UCX  DEBUG removing async handler 0x5555569986c0 [id=70 ref 1] uct_ib_async_event_handler()
[1756906226.767213] [eos0117:3273433:0]           async.c:188  UCX  DEBUG release async handler 0x5555569986c0 [id=70 ref 0] uct_ib_async_event_handler()
[1756906226.771907] [eos0117:3273433:0]            topo.c:899  UCX  DEBUG /sys/class/infiniband/mlx5_9: PF sysfs path is '/sys/devices/pci0000:bd/0000:bd:01.0/0000:be:00.0/0000:bf:00.0/0000:c0:00.0'
[1756906226.771908] [eos0117:3273433:0]            topo.c:552  UCX  DEBUG mlx5_9: bdf_name 0000:c0:00.0 sys_dev 11
[1756906226.771915] [eos0117:3273433:0]       ib_device.c:498  UCX  DEBUG mlx5_9: vendor_id 0x15b3 device_id 4129
[1756906226.772395] [eos0117:3273433:0]    ib_mlx5dv_md.c:1875 UCX  DEBUG mlx5_9: cross gvmi alias mkey is supported
[1756906226.772395] [eos0117:3273433:0]    ib_mlx5dv_md.c:1925 UCX  DEBUG mlx5_9: mkey_by_name_reserve is not supported
[1756906226.772396] [eos0117:3273433:0]    ib_mlx5dv_md.c:1910 UCX  DEBUG mlx5_9: dp_ordering support: force=1 ooo_rw_rc=1 ooo_rw_dc=1
[1756906226.772506] [eos0117:3273433:0]    ib_mlx5dv_md.c:1705 UCX  DEBUG mlx5_9: ODP is disabled because version 1 is not supported for DevX QP
[1756906226.772620] [eos0117:3273433:0]           async.c:248  UCX  DEBUG added async handler 0x555556704190 [id=70 ref 1] uct_ib_async_event_handler() to hash
[1756906226.772623] [eos0117:3273433:0]           async.c:522  UCX  DEBUG listening to async event fd 70 events 0x1 mode thread_spinlock
[1756906226.772623] [eos0117:3273433:0]       ib_device.c:597  UCX  DEBUG initialized device 'mlx5_9' (InfiniBand channel adapter) with 1 ports
[1756906226.772626] [eos0117:3273433:0]           ib_md.c:1177 UCX  DEBUG mlx5_9: cuda GPUDirect RDMA is detected by checking /sys/kernel/mm/memory_peers/nv_mem/version
[1756906226.772628] [eos0117:3273433:0]           ib_md.c:1177 UCX  DEBUG mlx5_9: rocm GPUDirect RDMA is not detected by checking /dev/kfd
[1756906226.772630] [eos0117:3273433:0]           ib_md.c:1202 UCX  DEBUG mlx5_9: dmabuf is supported
[1756906226.772631] [eos0117:3273433:0]           mpool.c:138  UCX  DEBUG mpool devx dbrec: align 64, maxelems 4294967295, elemsize 40
[1756906226.772800] [eos0117:3273433:0]    ib_mlx5dv_md.c:2423 UCX  DEBUG mlx5_9: opened DEVX md log_max_qp=17
[1756906226.773191] [eos0117:3273433:0]    ib_mlx5dv_md.c:126  UCX  DEBUG mlx5_9: KSM dm memory registration status "Success" range 0x7fffca60c000..0x7fffca60c020 iova 0x0 mkey_index 0x0
[1756906226.773464] [eos0117:3273433:0]    ib_mlx5dv_md.c:96   UCX  DEBUG mlx5_9: mlx5dv_devx_obj_create(CREATE_MKEY, mode=KSM, start_addr=0x7fffca60c000 length=32) failed, syndrome 0x45d3a4: Remote I/O error
[1756906226.773465] [eos0117:3273433:0]    ib_mlx5dv_md.c:126  UCX  DEBUG mlx5_9: KSM atomic-key memory registration status "Unsupported operation" range (nil)..0x20 iova 0x7fffca60c000 atomic mkey_index 0x0
[1756906226.773806] [eos0117:3273433:0]           ib_md.c:1161 UCX  DEBUG mlx5_9: relaxed order memory access is disabled
[1756906226.774024] [eos0117:3273433:0]    ib_mlx5dv_md.c:126  UCX  DEBUG mlx5_9: KSM flush-mr memory registration status "Success" range 0x5555568ca000..0x5555568ca008 iova 0x0 mkey_index 0x0
[1756906226.774038] [eos0117:3273433:0]          uct_md.c:96   UCX  DEBUG failed to query gga_mlx5 resources: No such device
[1756906226.774039] [eos0117:3273433:0]     ucp_context.c:1188 UCX  DEBUG No tl resources found for md mlx5_9
[1756906226.774040] [eos0117:3273433:0]     ucp_context.c:1648 UCX  DEBUG closing md mlx5_9 because it has no selected transport resources
[1756906226.774043] [eos0117:3273433:0]    ib_mlx5dv_md.c:2496 UCX  DEBUG mlx5_9: md=0x555556707450 md->flags=0x3fb3f7f flush_rkey=0x200200
[1756906226.774287] [eos0117:3273433:0]           mpool.c:194  UCX  DEBUG mpool devx dbrec destroyed
[1756906226.774287] [eos0117:3273433:0]       ib_device.c:616  UCX  DEBUG destroying ib device mlx5_9
[1756906226.774289] [eos0117:3273433:0]           async.c:173  UCX  DEBUG removed async handler 0x555556704190 [id=70 ref 1] uct_ib_async_event_handler() from hash
[1756906226.774289] [eos0117:3273433:0]           async.c:576  UCX  DEBUG removing async handler 0x555556704190 [id=70 ref 1] uct_ib_async_event_handler()
[1756906226.774291] [eos0117:3273433:0]           async.c:188  UCX  DEBUG release async handler 0x555556704190 [id=70 ref 0] uct_ib_async_event_handler()
[1756906226.778962] [eos0117:3273433:0]            topo.c:899  UCX  DEBUG /sys/class/infiniband/mlx5_10: PF sysfs path is '/sys/devices/pci0000:cb/0000:cb:01.0/0000:cc:00.0/0000:cd:00.0/0000:ce:00.0'
[1756906226.778964] [eos0117:3273433:0]            topo.c:552  UCX  DEBUG mlx5_10: bdf_name 0000:ce:00.0 sys_dev 12
[1756906226.778971] [eos0117:3273433:0]       ib_device.c:498  UCX  DEBUG mlx5_10: vendor_id 0x15b3 device_id 4129
[1756906226.779451] [eos0117:3273433:0]    ib_mlx5dv_md.c:1875 UCX  DEBUG mlx5_10: cross gvmi alias mkey is supported
[1756906226.779452] [eos0117:3273433:0]    ib_mlx5dv_md.c:1925 UCX  DEBUG mlx5_10: mkey_by_name_reserve is not supported
[1756906226.779453] [eos0117:3273433:0]    ib_mlx5dv_md.c:1910 UCX  DEBUG mlx5_10: dp_ordering support: force=1 ooo_rw_rc=1 ooo_rw_dc=1
[1756906226.779566] [eos0117:3273433:0]    ib_mlx5dv_md.c:1705 UCX  DEBUG mlx5_10: ODP is disabled because version 1 is not supported for DevX QP
[1756906226.779687] [eos0117:3273433:0]           async.c:248  UCX  DEBUG added async handler 0x5555569987b0 [id=70 ref 1] uct_ib_async_event_handler() to hash
[1756906226.779690] [eos0117:3273433:0]           async.c:522  UCX  DEBUG listening to async event fd 70 events 0x1 mode thread_spinlock
[1756906226.779691] [eos0117:3273433:0]       ib_device.c:597  UCX  DEBUG initialized device 'mlx5_10' (InfiniBand channel adapter) with 1 ports
[1756906226.779693] [eos0117:3273433:0]           ib_md.c:1177 UCX  DEBUG mlx5_10: cuda GPUDirect RDMA is detected by checking /sys/kernel/mm/memory_peers/nv_mem/version
[1756906226.779696] [eos0117:3273433:0]           ib_md.c:1177 UCX  DEBUG mlx5_10: rocm GPUDirect RDMA is not detected by checking /dev/kfd
[1756906226.779698] [eos0117:3273433:0]           ib_md.c:1202 UCX  DEBUG mlx5_10: dmabuf is supported
[1756906226.779699] [eos0117:3273433:0]           mpool.c:138  UCX  DEBUG mpool devx dbrec: align 64, maxelems 4294967295, elemsize 40
[1756906226.779877] [eos0117:3273433:0]    ib_mlx5dv_md.c:2423 UCX  DEBUG mlx5_10: opened DEVX md log_max_qp=17
[1756906226.780268] [eos0117:3273433:0]    ib_mlx5dv_md.c:126  UCX  DEBUG mlx5_10: KSM dm memory registration status "Success" range 0x7fffca60c000..0x7fffca60c020 iova 0x0 mkey_index 0x0
[1756906226.780548] [eos0117:3273433:0]    ib_mlx5dv_md.c:96   UCX  DEBUG mlx5_10: mlx5dv_devx_obj_create(CREATE_MKEY, mode=KSM, start_addr=0x7fffca60c000 length=32) failed, syndrome 0x45d3a4: Remote I/O error
[1756906226.780549] [eos0117:3273433:0]    ib_mlx5dv_md.c:126  UCX  DEBUG mlx5_10: KSM atomic-key memory registration status "Unsupported operation" range (nil)..0x20 iova 0x7fffca60c000 atomic mkey_index 0x0
[1756906226.780889] [eos0117:3273433:0]           ib_md.c:1161 UCX  DEBUG mlx5_10: relaxed order memory access is disabled
[1756906226.781109] [eos0117:3273433:0]    ib_mlx5dv_md.c:126  UCX  DEBUG mlx5_10: KSM flush-mr memory registration status "Success" range 0x5555568ca000..0x5555568ca008 iova 0x0 mkey_index 0x0
[1756906226.781123] [eos0117:3273433:0]          uct_md.c:96   UCX  DEBUG failed to query gga_mlx5 resources: No such device
[1756906226.781124] [eos0117:3273433:0]     ucp_context.c:1188 UCX  DEBUG No tl resources found for md mlx5_10
[1756906226.781131] [eos0117:3273433:0]     ucp_context.c:1648 UCX  DEBUG closing md mlx5_10 because it has no selected transport resources
[1756906226.781134] [eos0117:3273433:0]    ib_mlx5dv_md.c:2496 UCX  DEBUG mlx5_10: md=0x5555567072e0 md->flags=0x3fb3f7f flush_rkey=0x200200
[1756906226.781369] [eos0117:3273433:0]           mpool.c:194  UCX  DEBUG mpool devx dbrec destroyed
[1756906226.781370] [eos0117:3273433:0]       ib_device.c:616  UCX  DEBUG destroying ib device mlx5_10
[1756906226.781371] [eos0117:3273433:0]           async.c:173  UCX  DEBUG removed async handler 0x5555569987b0 [id=70 ref 1] uct_ib_async_event_handler() from hash
[1756906226.781372] [eos0117:3273433:0]           async.c:576  UCX  DEBUG removing async handler 0x5555569987b0 [id=70 ref 1] uct_ib_async_event_handler()
[1756906226.781374] [eos0117:3273433:0]           async.c:188  UCX  DEBUG release async handler 0x5555569987b0 [id=70 ref 0] uct_ib_async_event_handler()
[1756906226.786150] [eos0117:3273433:0]            topo.c:899  UCX  DEBUG /sys/class/infiniband/mlx5_11: PF sysfs path is '/sys/devices/pci0000:d9/0000:d9:01.0/0000:da:00.0/0000:db:00.0/0000:dc:00.0'
[1756906226.786152] [eos0117:3273433:0]            topo.c:552  UCX  DEBUG mlx5_11: bdf_name 0000:dc:00.0 sys_dev 13
[1756906226.786159] [eos0117:3273433:0]       ib_device.c:498  UCX  DEBUG mlx5_11: vendor_id 0x15b3 device_id 4129
[1756906226.786644] [eos0117:3273433:0]    ib_mlx5dv_md.c:1875 UCX  DEBUG mlx5_11: cross gvmi alias mkey is supported
[1756906226.786644] [eos0117:3273433:0]    ib_mlx5dv_md.c:1925 UCX  DEBUG mlx5_11: mkey_by_name_reserve is not supported
[1756906226.786645] [eos0117:3273433:0]    ib_mlx5dv_md.c:1910 UCX  DEBUG mlx5_11: dp_ordering support: force=1 ooo_rw_rc=1 ooo_rw_dc=1
[1756906226.786758] [eos0117:3273433:0]    ib_mlx5dv_md.c:1705 UCX  DEBUG mlx5_11: ODP is disabled because version 1 is not supported for DevX QP
[1756906226.786880] [eos0117:3273433:0]           async.c:248  UCX  DEBUG added async handler 0x5555569986c0 [id=70 ref 1] uct_ib_async_event_handler() to hash
[1756906226.786883] [eos0117:3273433:0]           async.c:522  UCX  DEBUG listening to async event fd 70 events 0x1 mode thread_spinlock
[1756906226.786884] [eos0117:3273433:0]       ib_device.c:597  UCX  DEBUG initialized device 'mlx5_11' (InfiniBand channel adapter) with 1 ports
[1756906226.786886] [eos0117:3273433:0]           ib_md.c:1177 UCX  DEBUG mlx5_11: cuda GPUDirect RDMA is detected by checking /sys/kernel/mm/memory_peers/nv_mem/version
[1756906226.786888] [eos0117:3273433:0]           ib_md.c:1177 UCX  DEBUG mlx5_11: rocm GPUDirect RDMA is not detected by checking /dev/kfd
[1756906226.786890] [eos0117:3273433:0]           ib_md.c:1202 UCX  DEBUG mlx5_11: dmabuf is supported
[1756906226.786892] [eos0117:3273433:0]           mpool.c:138  UCX  DEBUG mpool devx dbrec: align 64, maxelems 4294967295, elemsize 40
[1756906226.787065] [eos0117:3273433:0]    ib_mlx5dv_md.c:2423 UCX  DEBUG mlx5_11: opened DEVX md log_max_qp=17
[1756906226.787462] [eos0117:3273433:0]    ib_mlx5dv_md.c:126  UCX  DEBUG mlx5_11: KSM dm memory registration status "Success" range 0x7fffca60c000..0x7fffca60c020 iova 0x0 mkey_index 0x0
[1756906226.787744] [eos0117:3273433:0]    ib_mlx5dv_md.c:96   UCX  DEBUG mlx5_11: mlx5dv_devx_obj_create(CREATE_MKEY, mode=KSM, start_addr=0x7fffca60c000 length=32) failed, syndrome 0x45d3a4: Remote I/O error
[1756906226.787746] [eos0117:3273433:0]    ib_mlx5dv_md.c:126  UCX  DEBUG mlx5_11: KSM atomic-key memory registration status "Unsupported operation" range (nil)..0x20 iova 0x7fffca60c000 atomic mkey_index 0x0
[1756906226.788099] [eos0117:3273433:0]           ib_md.c:1161 UCX  DEBUG mlx5_11: relaxed order memory access is disabled
[1756906226.788358] [eos0117:3273433:0]    ib_mlx5dv_md.c:126  UCX  DEBUG mlx5_11: KSM flush-mr memory registration status "Success" range 0x5555568ca000..0x5555568ca008 iova 0x0 mkey_index 0x0
[1756906226.788397] [eos0117:3273433:0]          uct_md.c:96   UCX  DEBUG failed to query gga_mlx5 resources: No such device
[1756906226.788398] [eos0117:3273433:0]     ucp_context.c:1188 UCX  DEBUG No tl resources found for md mlx5_11
[1756906226.788399] [eos0117:3273433:0]     ucp_context.c:1648 UCX  DEBUG closing md mlx5_11 because it has no selected transport resources
[1756906226.788402] [eos0117:3273433:0]    ib_mlx5dv_md.c:2496 UCX  DEBUG mlx5_11: md=0x555556706d40 md->flags=0x3fb3f7f flush_rkey=0x200200
[1756906226.788633] [eos0117:3273433:0]           mpool.c:194  UCX  DEBUG mpool devx dbrec destroyed
[1756906226.788634] [eos0117:3273433:0]       ib_device.c:616  UCX  DEBUG destroying ib device mlx5_11
[1756906226.788636] [eos0117:3273433:0]           async.c:173  UCX  DEBUG removed async handler 0x5555569986c0 [id=70 ref 1] uct_ib_async_event_handler() from hash
[1756906226.788637] [eos0117:3273433:0]           async.c:576  UCX  DEBUG removing async handler 0x5555569986c0 [id=70 ref 1] uct_ib_async_event_handler()
[1756906226.788641] [eos0117:3273433:0]           async.c:188  UCX  DEBUG release async handler 0x5555569986c0 [id=70 ref 0] uct_ib_async_event_handler()
[1756906226.789010] [eos0117:3273433:0]     ucp_context.c:1713 UCX  DEBUG register host memory on: self, tcp, cuda_cpy, mlx5_0, mlx5_3, mlx5_4, mlx5_5, mlx5_6, mlx5_9, mlx5_10, mlx5_11, cma
[1756906226.789012] [eos0117:3273433:0]     ucp_context.c:1713 UCX  DEBUG register cuda memory on: cuda_cpy, cuda_ipc, gdr_copy, mlx5_0, mlx5_3, mlx5_4, mlx5_5, mlx5_6, mlx5_9, mlx5_10, mlx5_11
[1756906226.789013] [eos0117:3273433:0]     ucp_context.c:1713 UCX  DEBUG register cuda-managed memory on: cuda_cpy
[1756906226.789013] [eos0117:3273433:0]     ucp_context.c:1701 UCX  DEBUG no memory domain supports registering rocm memory
[1756906226.789014] [eos0117:3273433:0]     ucp_context.c:1701 UCX  DEBUG no memory domain supports registering rocm-managed memory
[1756906226.789015] [eos0117:3273433:0]     ucp_context.c:1701 UCX  DEBUG no memory domain supports registering rdma memory
[1756906226.789015] [eos0117:3273433:0]     ucp_context.c:1701 UCX  DEBUG no memory domain supports registering ze-host memory
[1756906226.789016] [eos0117:3273433:0]     ucp_context.c:1701 UCX  DEBUG no memory domain supports registering ze-device memory
[1756906226.789016] [eos0117:3273433:0]     ucp_context.c:1701 UCX  DEBUG no memory domain supports registering ze-managed memory
[1756906226.789039] [eos0117:3273433:0]           mpool.c:138  UCX  DEBUG mpool rcache_mp: align 8, maxelems 4294967295, elemsize 144
[1756906226.789105] [eos0117:3273433:0]     ucp_context.c:2332 UCX  DEBUG created ucp context ucp_context_0 0x5555563dbd80 [16 mds 60 tls] features 0x1 tl bitmap 0xfffffffffffffff 0x0
[1756906226.791978] [eos0117:3273433:0]      ucp_worker.c:2510 UCX  DIAG  multi-threaded worker is requested, but library is built without multi-thread support
[1756906226.792006] [eos0117:3273433:0]           mpool.c:138  UCX  DEBUG mpool self_msg_desc: align 64, maxelems 4294967295, elemsize 8200
[1756906226.792008] [eos0117:3273433:0]            self.c:245  UCX  DEBUG created self iface id 0xa765a7c25508fa9d send_size 8192
[1756906226.792015] [eos0117:3273433:0]      ucp_worker.c:1436 UCX  DEBUG created interface[0]=0x555556991860 using self/memory on worker 0x55555696edf0
[1756906226.792031] [eos0117:3273433:0]           mpool.c:138  UCX  DEBUG mpool uct_tcp_iface_tx_buf_mp: align 64, maxelems 4294967295, elemsize 8205
[1756906226.792032] [eos0117:3273433:0]           mpool.c:138  UCX  DEBUG mpool uct_tcp_iface_rx_buf_mp: align 64, maxelems 4294967295, elemsize 131090
[1756906226.794299] [eos0117:3273433:0]           async.c:248  UCX  DEBUG added async handler 0x5555568a3ab0 [id=70 ref 1] uct_tcp_iface_connect_handler() to hash
[1756906226.794309] [eos0117:3273433:0]           async.c:522  UCX  DEBUG listening to async event fd 70 events 0x5 mode thread_spinlock
[1756906226.794316] [eos0117:3273433:0]       tcp_iface.c:596  UCX  DEBUG tcp_iface 0x555556992540: listening for connections (fd=70) on 169.254.0.18:43579 netif bmc-redfish0
[1756906226.794337] [eos0117:3273433:0]         tcp_net.c:61   UCX  DEBUG speed of bmc-redfish0 is UNKNOWN, assuming 100 Mbps
[1756906226.794399] [eos0117:3273433:0]            topo.c:895  UCX  DEBUG /sys/class/net/bmc-redfish0/lower_enx0a24f5048325: sysfs path undetected
[1756906226.794400] [eos0117:3273433:0]            topo.c:848  UCX  DEBUG bmc-redfish0: pci bandwidth undetected, using maximal value
[1756906226.794433] [eos0117:3273433:0]      ucp_worker.c:1436 UCX  DEBUG created interface[1]=0x555556992540 using tcp/bmc-redfish0 on worker 0x55555696edf0
[1756906226.794452] [eos0117:3273433:0]           mpool.c:138  UCX  DEBUG mpool uct_tcp_iface_tx_buf_mp: align 64, maxelems 4294967295, elemsize 8205
[1756906226.794453] [eos0117:3273433:0]           mpool.c:138  UCX  DEBUG mpool uct_tcp_iface_rx_buf_mp: align 64, maxelems 4294967295, elemsize 131090
[1756906226.794938] [eos0117:3273433:0]           async.c:248  UCX  DEBUG added async handler 0x555556b21900 [id=72 ref 1] uct_tcp_iface_connect_handler() to hash
[1756906226.794944] [eos0117:3273433:0]           async.c:522  UCX  DEBUG listening to async event fd 72 events 0x5 mode thread_spinlock
[1756906226.794947] [eos0117:3273433:0]       tcp_iface.c:596  UCX  DEBUG tcp_iface 0x555556b1e130: listening for connections (fd=72) on 10.52.49.70:33805 netif eth3
[1756906226.795193] [eos0117:3273433:0]            topo.c:899  UCX  DEBUG /sys/class/net/eth3: PF sysfs path is '/sys/devices/pci0000:80/0000:80:05.0/0000:82:00.1'
[1756906226.796429] [eos0117:3273433:0]      ucp_worker.c:1436 UCX  DEBUG created interface[2]=0x555556b1e130 using tcp/eth3 on worker 0x55555696edf0
[1756906226.796445] [eos0117:3273433:0]           mpool.c:138  UCX  DEBUG mpool uct_tcp_iface_tx_buf_mp: align 64, maxelems 4294967295, elemsize 8205
[1756906226.796446] [eos0117:3273433:0]           mpool.c:138  UCX  DEBUG mpool uct_tcp_iface_rx_buf_mp: align 64, maxelems 4294967295, elemsize 131090
[1756906226.796915] [eos0117:3273433:0]           async.c:248  UCX  DEBUG added async handler 0x555556b21980 [id=74 ref 1] uct_tcp_iface_connect_handler() to hash
[1756906226.796921] [eos0117:3273433:0]           async.c:522  UCX  DEBUG listening to async event fd 74 events 0x5 mode thread_spinlock
[1756906226.796923] [eos0117:3273433:0]       tcp_iface.c:596  UCX  DEBUG tcp_iface 0x555556700e30: listening for connections (fd=74) on 172.16.128.127:35857 netif ibp154s0
[1756906226.797131] [eos0117:3273433:0]            topo.c:899  UCX  DEBUG /sys/class/net/ibp154s0: PF sysfs path is '/sys/devices/pci0000:97/0000:97:01.0/0000:98:00.0/0000:99:00.0/0000:9a:00.0'
[1756906226.797186] [eos0117:3273433:0]      ucp_worker.c:1436 UCX  DEBUG created interface[3]=0x555556700e30 using tcp/ibp154s0 on worker 0x55555696edf0
[1756906226.797200] [eos0117:3273433:0]           mpool.c:138  UCX  DEBUG mpool uct_tcp_iface_tx_buf_mp: align 64, maxelems 4294967295, elemsize 8205
[1756906226.797201] [eos0117:3273433:0]           mpool.c:138  UCX  DEBUG mpool uct_tcp_iface_rx_buf_mp: align 64, maxelems 4294967295, elemsize 131090
[1756906226.797656] [eos0117:3273433:0]           async.c:248  UCX  DEBUG added async handler 0x555556b21940 [id=76 ref 1] uct_tcp_iface_connect_handler() to hash
[1756906226.797662] [eos0117:3273433:0]           async.c:522  UCX  DEBUG listening to async event fd 76 events 0x5 mode thread_spinlock
[1756906226.797663] [eos0117:3273433:0]       tcp_iface.c:596  UCX  DEBUG tcp_iface 0x5555566e96b0: listening for connections (fd=76) on 172.16.16.127:50833 netif ibp170s0f0
[1756906226.797867] [eos0117:3273433:0]            topo.c:899  UCX  DEBUG /sys/class/net/ibp170s0f0: PF sysfs path is '/sys/devices/pci0000:a5/0000:a5:01.0/0000:a6:00.0/0000:a7:00.0/0000:a8:00.0/0000:a9:00.0/0000:aa:00.0'
[1756906226.797914] [eos0117:3273433:0]      ucp_worker.c:1436 UCX  DEBUG created interface[4]=0x5555566e96b0 using tcp/ibp170s0f0 on worker 0x55555696edf0
[1756906226.797928] [eos0117:3273433:0]           mpool.c:138  UCX  DEBUG mpool uct_tcp_iface_tx_buf_mp: align 64, maxelems 4294967295, elemsize 8205
[1756906226.797929] [eos0117:3273433:0]           mpool.c:138  UCX  DEBUG mpool uct_tcp_iface_rx_buf_mp: align 64, maxelems 4294967295, elemsize 131090
[1756906226.798377] [eos0117:3273433:0]           async.c:248  UCX  DEBUG added async handler 0x555556b219c0 [id=78 ref 1] uct_tcp_iface_connect_handler() to hash
[1756906226.798383] [eos0117:3273433:0]           async.c:522  UCX  DEBUG listening to async event fd 78 events 0x5 mode thread_spinlock
[1756906226.798384] [eos0117:3273433:0]       tcp_iface.c:596  UCX  DEBUG tcp_iface 0x5555566e9e30: listening for connections (fd=78) on 172.16.144.127:41327 netif ibp192s0
[1756906226.798588] [eos0117:3273433:0]            topo.c:899  UCX  DEBUG /sys/class/net/ibp192s0: PF sysfs path is '/sys/devices/pci0000:bd/0000:bd:01.0/0000:be:00.0/0000:bf:00.0/0000:c0:00.0'
[1756906226.798640] [eos0117:3273433:0]      ucp_worker.c:1436 UCX  DEBUG created interface[5]=0x5555566e9e30 using tcp/ibp192s0 on worker 0x55555696edf0
[1756906226.798652] [eos0117:3273433:0]           mpool.c:138  UCX  DEBUG mpool uct_tcp_iface_tx_buf_mp: align 64, maxelems 4294967295, elemsize 8205
[1756906226.798653] [eos0117:3273433:0]           mpool.c:138  UCX  DEBUG mpool uct_tcp_iface_rx_buf_mp: align 64, maxelems 4294967295, elemsize 131090
[1756906226.799105] [eos0117:3273433:0]           async.c:248  UCX  DEBUG added async handler 0x555556b21a00 [id=80 ref 1] uct_tcp_iface_connect_handler() to hash
[1756906226.799110] [eos0117:3273433:0]           async.c:522  UCX  DEBUG listening to async event fd 80 events 0x5 mode thread_spinlock
[1756906226.799112] [eos0117:3273433:0]       tcp_iface.c:596  UCX  DEBUG tcp_iface 0x5555567b3ff0: listening for connections (fd=80) on 172.16.160.127:56225 netif ibp206s0
[1756906226.799313] [eos0117:3273433:0]            topo.c:899  UCX  DEBUG /sys/class/net/ibp206s0: PF sysfs path is '/sys/devices/pci0000:cb/0000:cb:01.0/0000:cc:00.0/0000:cd:00.0/0000:ce:00.0'
[1756906226.799366] [eos0117:3273433:0]      ucp_worker.c:1436 UCX  DEBUG created interface[6]=0x5555567b3ff0 using tcp/ibp206s0 on worker 0x55555696edf0
[1756906226.799378] [eos0117:3273433:0]           mpool.c:138  UCX  DEBUG mpool uct_tcp_iface_tx_buf_mp: align 64, maxelems 4294967295, elemsize 8205
[1756906226.799379] [eos0117:3273433:0]           mpool.c:138  UCX  DEBUG mpool uct_tcp_iface_rx_buf_mp: align 64, maxelems 4294967295, elemsize 131090
[1756906226.799831] [eos0117:3273433:0]           async.c:248  UCX  DEBUG added async handler 0x555556b23610 [id=82 ref 1] uct_tcp_iface_connect_handler() to hash
[1756906226.799836] [eos0117:3273433:0]           async.c:522  UCX  DEBUG listening to async event fd 82 events 0x5 mode thread_spinlock
[1756906226.799838] [eos0117:3273433:0]       tcp_iface.c:596  UCX  DEBUG tcp_iface 0x5555567b4770: listening for connections (fd=82) on 172.16.176.127:43003 netif ibp220s0
[1756906226.800047] [eos0117:3273433:0]            topo.c:899  UCX  DEBUG /sys/class/net/ibp220s0: PF sysfs path is '/sys/devices/pci0000:d9/0000:d9:01.0/0000:da:00.0/0000:db:00.0/0000:dc:00.0'
[1756906226.800098] [eos0117:3273433:0]      ucp_worker.c:1436 UCX  DEBUG created interface[7]=0x5555567b4770 using tcp/ibp220s0 on worker 0x55555696edf0
[1756906226.800117] [eos0117:3273433:0]           mpool.c:138  UCX  DEBUG mpool uct_tcp_iface_tx_buf_mp: align 64, maxelems 4294967295, elemsize 8205
[1756906226.800118] [eos0117:3273433:0]           mpool.c:138  UCX  DEBUG mpool uct_tcp_iface_rx_buf_mp: align 64, maxelems 4294967295, elemsize 131090
[1756906226.800567] [eos0117:3273433:0]           async.c:248  UCX  DEBUG added async handler 0x555556996a00 [id=84 ref 1] uct_tcp_iface_connect_handler() to hash
[1756906226.800572] [eos0117:3273433:0]           async.c:522  UCX  DEBUG listening to async event fd 84 events 0x5 mode thread_spinlock
[1756906226.800573] [eos0117:3273433:0]       tcp_iface.c:596  UCX  DEBUG tcp_iface 0x555556b21a40: listening for connections (fd=84) on 172.16.64.127:51839 netif ibp24s0
[1756906226.800669] [eos0117:3273433:0]            topo.c:899  UCX  DEBUG /sys/class/net/ibp24s0: PF sysfs path is '/sys/devices/pci0000:15/0000:15:01.0/0000:16:00.0/0000:17:00.0/0000:18:00.0'
[1756906226.800723] [eos0117:3273433:0]      ucp_worker.c:1436 UCX  DEBUG created interface[8]=0x555556b21a40 using tcp/ibp24s0 on worker 0x55555696edf0
[1756906226.800749] [eos0117:3273433:0]           mpool.c:138  UCX  DEBUG mpool uct_tcp_iface_tx_buf_mp: align 64, maxelems 4294967295, elemsize 8205
[1756906226.800749] [eos0117:3273433:0]           mpool.c:138  UCX  DEBUG mpool uct_tcp_iface_rx_buf_mp: align 64, maxelems 4294967295, elemsize 131090
[1756906226.801198] [eos0117:3273433:0]           async.c:248  UCX  DEBUG added async handler 0x55555670fa20 [id=86 ref 1] uct_tcp_iface_connect_handler() to hash
[1756906226.801203] [eos0117:3273433:0]           async.c:522  UCX  DEBUG listening to async event fd 86 events 0x5 mode thread_spinlock
[1756906226.801205] [eos0117:3273433:0]       tcp_iface.c:596  UCX  DEBUG tcp_iface 0x555556b221c0: listening for connections (fd=86) on 172.16.0.127:40771 netif ibp41s0f0
[1756906226.801408] [eos0117:3273433:0]            topo.c:899  UCX  DEBUG /sys/class/net/ibp41s0f0: PF sysfs path is '/sys/devices/pci0000:24/0000:24:01.0/0000:25:00.0/0000:26:00.0/0000:27:00.0/0000:28:00.0/0000:29:00.0'
[1756906226.801454] [eos0117:3273433:0]      ucp_worker.c:1436 UCX  DEBUG created interface[9]=0x555556b221c0 using tcp/ibp41s0f0 on worker 0x55555696edf0
[1756906226.801466] [eos0117:3273433:0]           mpool.c:138  UCX  DEBUG mpool uct_tcp_iface_tx_buf_mp: align 64, maxelems 4294967295, elemsize 8205
[1756906226.801467] [eos0117:3273433:0]           mpool.c:138  UCX  DEBUG mpool uct_tcp_iface_rx_buf_mp: align 64, maxelems 4294967295, elemsize 131090
[1756906226.801913] [eos0117:3273433:0]           async.c:248  UCX  DEBUG added async handler 0x5555568a7b20 [id=88 ref 1] uct_tcp_iface_connect_handler() to hash
[1756906226.801918] [eos0117:3273433:0]           async.c:522  UCX  DEBUG listening to async event fd 88 events 0x5 mode thread_spinlock
[1756906226.801920] [eos0117:3273433:0]       tcp_iface.c:596  UCX  DEBUG tcp_iface 0x555556b22940: listening for connections (fd=88) on 172.16.80.127:52599 netif ibp64s0
[1756906226.802117] [eos0117:3273433:0]            topo.c:899  UCX  DEBUG /sys/class/net/ibp64s0: PF sysfs path is '/sys/devices/pci0000:3d/0000:3d:01.0/0000:3e:00.0/0000:3f:00.0/0000:40:00.0'
[1756906226.802165] [eos0117:3273433:0]      ucp_worker.c:1436 UCX  DEBUG created interface[10]=0x555556b22940 using tcp/ibp64s0 on worker 0x55555696edf0
[1756906226.802177] [eos0117:3273433:0]           mpool.c:138  UCX  DEBUG mpool uct_tcp_iface_tx_buf_mp: align 64, maxelems 4294967295, elemsize 8205
[1756906226.802178] [eos0117:3273433:0]           mpool.c:138  UCX  DEBUG mpool uct_tcp_iface_rx_buf_mp: align 64, maxelems 4294967295, elemsize 131090
[1756906226.802629] [eos0117:3273433:0]           async.c:248  UCX  DEBUG added async handler 0x5555568a7ab0 [id=90 ref 1] uct_tcp_iface_connect_handler() to hash
[1756906226.802635] [eos0117:3273433:0]           async.c:522  UCX  DEBUG listening to async event fd 90 events 0x5 mode thread_spinlock
[1756906226.802637] [eos0117:3273433:0]       tcp_iface.c:596  UCX  DEBUG tcp_iface 0x555556b1c4c0: listening for connections (fd=90) on 172.16.96.127:48951 netif ibp79s0
[1756906226.802737] [eos0117:3273433:0]            topo.c:899  UCX  DEBUG /sys/class/net/ibp79s0: PF sysfs path is '/sys/devices/pci0000:4c/0000:4c:01.0/0000:4d:00.0/0000:4e:00.0/0000:4f:00.0'
[1756906226.802786] [eos0117:3273433:0]      ucp_worker.c:1436 UCX  DEBUG created interface[11]=0x555556b1c4c0 using tcp/ibp79s0 on worker 0x55555696edf0
[1756906226.802797] [eos0117:3273433:0]           mpool.c:138  UCX  DEBUG mpool uct_tcp_iface_tx_buf_mp: align 64, maxelems 4294967295, elemsize 8205
[1756906226.802798] [eos0117:3273433:0]           mpool.c:138  UCX  DEBUG mpool uct_tcp_iface_rx_buf_mp: align 64, maxelems 4294967295, elemsize 131090
[1756906226.803242] [eos0117:3273433:0]           async.c:248  UCX  DEBUG added async handler 0x5555568bb210 [id=92 ref 1] uct_tcp_iface_connect_handler() to hash
[1756906226.803247] [eos0117:3273433:0]           async.c:522  UCX  DEBUG listening to async event fd 92 events 0x5 mode thread_spinlock
[1756906226.803249] [eos0117:3273433:0]       tcp_iface.c:596  UCX  DEBUG tcp_iface 0x555556b1ceb0: listening for connections (fd=92) on 172.16.112.127:59861 netif ibp94s0
[1756906226.803445] [eos0117:3273433:0]            topo.c:899  UCX  DEBUG /sys/class/net/ibp94s0: PF sysfs path is '/sys/devices/pci0000:5b/0000:5b:01.0/0000:5c:00.0/0000:5d:00.0/0000:5e:00.0'
[1756906226.803494] [eos0117:3273433:0]      ucp_worker.c:1436 UCX  DEBUG created interface[12]=0x555556b1ceb0 using tcp/ibp94s0 on worker 0x55555696edf0
[1756906226.803505] [eos0117:3273433:0]           mpool.c:138  UCX  DEBUG mpool uct_tcp_iface_tx_buf_mp: align 64, maxelems 4294967295, elemsize 8205
[1756906226.803506] [eos0117:3273433:0]           mpool.c:138  UCX  DEBUG mpool uct_tcp_iface_rx_buf_mp: align 64, maxelems 4294967295, elemsize 131090
[1756906226.803957] [eos0117:3273433:0]           async.c:248  UCX  DEBUG added async handler 0x5555568a3b90 [id=94 ref 1] uct_tcp_iface_connect_handler() to hash
[1756906226.803962] [eos0117:3273433:0]           async.c:522  UCX  DEBUG listening to async event fd 94 events 0x5 mode thread_spinlock
[1756906226.803964] [eos0117:3273433:0]       tcp_iface.c:596  UCX  DEBUG tcp_iface 0x555556b1ea00: listening for connections (fd=94) on 127.0.0.1:58371 netif lo
[1756906226.803973] [eos0117:3273433:0]            sock.c:90   UCX  DEBUG ioctl(req=35142, ifr_name=lo) failed: Operation not supported
[1756906226.803976] [eos0117:3273433:0]         tcp_net.c:61   UCX  DEBUG speed of lo is UNKNOWN, assuming 100 Mbps
[1756906226.804002] [eos0117:3273433:0]            topo.c:895  UCX  DEBUG /sys/class/net/lo: sysfs path undetected
[1756906226.804003] [eos0117:3273433:0]            topo.c:848  UCX  DEBUG lo: pci bandwidth undetected, using maximal value
[1756906226.804024] [eos0117:3273433:0]      ucp_worker.c:1436 UCX  DEBUG created interface[13]=0x555556b1ea00 using tcp/lo on worker 0x55555696edf0
[1756906226.804068] [eos0117:3273433:0]         mm_sysv.c:97   UCX  DEBUG   mm failed to allocate 33023 bytes with hugetlb
[1756906226.804093] [eos0117:3273433:0]           mpool.c:138  UCX  DEBUG mpool mm_recv_desc: align 64, maxelems 4294967295, elemsize 8368
[1756906226.804102] [eos0117:3273433:0]         mm_sysv.c:97   UCX  DEBUG   mm failed to allocate 4292720 bytes with hugetlb
[1756906226.804119] [eos0117:3273433:0]           mpool.c:282  UCX  DEBUG mpool mm_recv_desc: allocated chunk 0x7ffda2fe7018 of 4296680 bytes with 512 elements
[1756906226.804921] [eos0117:3273433:0]        mm_iface.c:730  UCX  DEBUG created mm iface 0x555556b1f180 FIFO id 0x298000 va 0x7fffca379000 size 36864 (128 x 256 elems)
[1756906226.804937] [eos0117:3273433:0]      ucp_worker.c:1436 UCX  DEBUG created interface[14]=0x555556b1f180 using sysv/memory on worker 0x55555696edf0
[1756906226.804993] [eos0117:3273433:0]        mm_posix.c:572  UCX  DEBUG   allocated posix shared memory at 0x7fffca370000 length 36864
[1756906226.805000] [eos0117:3273433:0]           mpool.c:138  UCX  DEBUG mpool mm_recv_desc: align 64, maxelems 4294967295, elemsize 8368
[1756906226.806084] [eos0117:3273433:0]        mm_posix.c:338  UCX  DEBUG   shared memory mmap(addr=(nil), length=6291456, flags= HUGETLB, fd=98) failed: Invalid argument
[1756906226.806089] [eos0117:3273433:0]        mm_posix.c:572  UCX  DEBUG   allocated posix shared memory at 0x7ffda2bce000 length 4296704
[1756906226.806093] [eos0117:3273433:0]           mpool.c:282  UCX  DEBUG mpool mm_recv_desc: allocated chunk 0x7ffda2bce018 of 4296680 bytes with 512 elements
[1756906226.806454] [eos0117:3273433:0]        mm_iface.c:730  UCX  DEBUG created mm iface 0x555556b1fa90 FIFO id 0xc00000180031f2d9 va 0x7fffca370000 size 36864 (128 x 256 elems)
[1756906226.806459] [eos0117:3273433:0]      ucp_worker.c:1436 UCX  DEBUG created interface[15]=0x555556b1fa90 using posix/memory on worker 0x55555696edf0
[1756906226.806476] [eos0117:3273433:0]           mpool.c:138  UCX  DEBUG mpool CUDA EVENT objects: align 64, maxelems 4294967295, elemsize 32
[1756906226.806480] [eos0117:3273433:0]      ucp_worker.c:1436 UCX  DEBUG created interface[16]=0x5555567b1630 using cuda_copy/cuda on worker 0x55555696edf0
[1756906226.806501] [eos0117:3273433:0]           mpool.c:138  UCX  DEBUG mpool CUDA_IPC EVENT objects: align 64, maxelems 4294967295, elemsize 72
[1756906227.276166] [eos0117:3273433:0]      ucp_worker.c:1436 UCX  DEBUG created interface[17]=0x5555567b25d0 using cuda_ipc/cuda on worker 0x55555696edf0
[1756906227.276215] [eos0117:3273433:0]      ucp_worker.c:1436 UCX  DEBUG created interface[18]=0x5555567b3a20 using gdr_copy/cuda on worker 0x55555696edf0
[1756906227.276418] [eos0117:3273433:0]        ib_iface.c:1078 UCX  DEBUG using pkey[0] 0xffff on mlx5_0:1/IB
[1756906227.277064] [eos0117:3273433:0]        ib_iface.c:1666 UCX  DEBUG created uct_ib_iface_t headroom_ofs 12 payload_ofs 92 hdr_ofs 91 data_sz 8256
[1756906227.277080] [eos0117:3273433:0]           mpool.c:138  UCX  DEBUG mpool rc_recv_desc: align 64, maxelems 4294967295, elemsize 8355
[1756906227.277082] [eos0117:3273433:0]           mpool.c:138  UCX  DEBUG mpool rc_send_desc: align 64, maxelems 4294967295, elemsize 8320
[1756906227.277109] [eos0117:3273433:0]           mpool.c:138  UCX  DEBUG mpool send-ops-mpool: align 64, maxelems 4294967295, elemsize 48
[1756906227.277416] [eos0117:3273433:0]           mpool.c:138  UCX  DEBUG mpool pending-ops: align 1, maxelems 4294967295, elemsize 64
[1756906227.277420] [eos0117:3273433:0]           mpool.c:138  UCX  DEBUG mpool rc_verbs_short_desc: align 64, maxelems 4294967295, elemsize 192
[1756906227.277703] [eos0117:3273433:0]        ib_iface.c:1203 UCX  DEBUG mlx5_0: iface 0x5555568bea40 created RC QP 0x4de0 on mlx5_0:1 TX wr:409 sge:5 inl:124 resp:64 RX wr:0 sge:0 resp:64
[1756906227.278024] [eos0117:3273433:0]      ucp_worker.c:1436 UCX  DEBUG created interface[19]=0x5555568bea40 using rc_verbs/mlx5_0:1 on worker 0x55555696edf0
[1756906227.278130] [eos0117:3273433:0]        ib_iface.c:1078 UCX  DEBUG using pkey[0] 0xffff on mlx5_0:1/IB
[1756906227.278745] [eos0117:3273433:0]        ib_iface.c:1666 UCX  DEBUG created uct_ib_iface_t headroom_ofs 12 payload_ofs 92 hdr_ofs 44 data_sz 4136
[1756906227.279072] [eos0117:3273433:0]        ib_iface.c:1203 UCX  DEBUG mlx5_0: iface 0x555556a7f270 created UD QP 0x62d9 on mlx5_0:1 TX wr:341 sge:6 inl:124 resp:0 RX wr:4096 sge:1 resp:0
[1756906227.279350] [eos0117:3273433:0]           mpool.c:138  UCX  DEBUG mpool ud_recv_skb: align 64, maxelems 4294967295, elemsize 4188
[1756906227.279526] [eos0117:3273433:0]           mpool.c:282  UCX  DEBUG mpool ud_recv_skb: allocated chunk 0x7fffca2eb018 of 544744 bytes with 128 elements
[1756906227.279529] [eos0117:3273433:0]           mpool.c:138  UCX  DEBUG mpool ud_tx_skb: align 64, maxelems 4294967295, elemsize 4208
[1756906227.279546] [eos0117:3273433:0]        ud_iface.c:383  UCX  DEBUG iface 0x555556a7f270: adding gid fe80::b83f:d203:7a:54d2 to hash on device mlx5_0 port 1 index 0)
[1756906227.279552] [eos0117:3273433:0]        ud_iface.c:383  UCX  DEBUG iface 0x555556a7f270: adding gid fe80:: to hash on device mlx5_0 port 1 index 1)
[1756906227.279558] [eos0117:3273433:0]        ud_iface.c:383  UCX  DEBUG iface 0x555556a7f270: adding gid fe80:: to hash on device mlx5_0 port 1 index 2)
[1756906227.279563] [eos0117:3273433:0]        ud_iface.c:383  UCX  DEBUG iface 0x555556a7f270: adding gid fe80:: to hash on device mlx5_0 port 1 index 3)
[1756906227.279568] [eos0117:3273433:0]        ud_iface.c:383  UCX  DEBUG iface 0x555556a7f270: adding gid fe80:: to hash on device mlx5_0 port 1 index 4)
[1756906227.279572] [eos0117:3273433:0]        ud_iface.c:383  UCX  DEBUG iface 0x555556a7f270: adding gid fe80:: to hash on device mlx5_0 port 1 index 5)
[1756906227.279577] [eos0117:3273433:0]        ud_iface.c:383  UCX  DEBUG iface 0x555556a7f270: adding gid fe80:: to hash on device mlx5_0 port 1 index 6)
[1756906227.279582] [eos0117:3273433:0]        ud_iface.c:383  UCX  DEBUG iface 0x555556a7f270: adding gid fe80:: to hash on device mlx5_0 port 1 index 7)
[1756906227.279667] [eos0117:3273433:0]     timer_wheel.c:41   UCX  DEBUG high res timer created log=23 resolution=4222.362278 usec wanted: 2499.999903 usec
[1756906227.288398] [eos0117:3273433:0]           async.c:248  UCX  DEBUG added async handler 0x555556ba5010 [id=100 ref 1] uct_ud_verbs_iface_async_handler() to hash
[1756906227.288411] [eos0117:3273433:0]           async.c:522  UCX  DEBUG listening to async event fd 100 events 0x5 mode thread_spinlock
[1756906227.288437] [eos0117:3273433:0]      ucp_worker.c:1436 UCX  DEBUG created interface[20]=0x555556a7f270 using ud_verbs/mlx5_0:1 on worker 0x55555696edf0
[1756906227.288618] [eos0117:3273433:0]        ib_iface.c:1078 UCX  DEBUG using pkey[0] 0xffff on mlx5_0:1/IB
[1756906227.288640] [eos0117:3273433:0]       ib_device.c:1432 UCX  DEBUG max IB CQE size is 128
[1756906227.288831] [eos0117:3273433:0]           mpool.c:282  UCX  DEBUG mpool devx dbrec: allocated chunk 0x555556ba6010 of 8176 bytes with 127 elements
[1756906227.291258] [eos0117:3273433:0]        ib_iface.c:1666 UCX  DEBUG created uct_ib_iface_t headroom_ofs 12 payload_ofs 92 hdr_ofs 90 data_sz 8256
[1756906227.291265] [eos0117:3273433:0]           mpool.c:138  UCX  DEBUG mpool rc_recv_desc: align 64, maxelems 4294967295, elemsize 8354
[1756906227.291266] [eos0117:3273433:0]           mpool.c:138  UCX  DEBUG mpool rc_send_desc: align 64, maxelems 4294967295, elemsize 8320
[1756906227.291683] [eos0117:3273433:0]           mpool.c:138  UCX  DEBUG mpool send-ops-mpool: align 64, maxelems 4294967295, elemsize 48
[1756906227.291994] [eos0117:3273433:0]           mpool.c:138  UCX  DEBUG mpool pending-ops: align 1, maxelems 4294967295, elemsize 112
[1756906227.292118] [eos0117:3273433:0]         ib_mlx5.c:1083 UCX  DEBUG SL=0 (AR support - no) was selected on mlx5_0:1, SLs with AR support = { 1, 2, 3, 4, 5, 6, 7, 8, 9, 10, 11, 12, 13, 14, 15 }, SLs without AR support = { 0 }
[1756906227.292539] [eos0117:3273433:0]           mpool.c:138  UCX  DEBUG mpool mlx5_dm_desc: align 64, maxelems 1, elemsize 64
[1756906227.292541] [eos0117:3273433:0]           mpool.c:138  UCX  DEBUG mpool rc_mlx5_atomic_desc: align 64, maxelems 4294967295, elemsize 72
[1756906227.303983] [eos0117:3273433:0]           async.c:248  UCX  DEBUG added async handler 0x555556bc5c50 [id=102 ref 1] uct_rc_mlx5_devx_iface_event_handler() to hash
[1756906227.303993] [eos0117:3273433:0]           async.c:522  UCX  DEBUG listening to async event fd 102 events 0x1 mode thread_spinlock
[1756906227.305119] [eos0117:3273433:0]    ib_mlx5dv_md.c:2616 UCX  DEBUG counter_set_id on mlx5_0:1 is 0x1
[1756906227.305706] [eos0117:3273433:0]         dc_mlx5.c:407  UCX  DEBUG created DevX DCI 0x4de2, rdma_wr_disabled=0
[1756906227.306017] [eos0117:3273433:0]         dc_mlx5.c:1729 UCX  DEBUG dc iface 0x555556b11430: using 'dcs_quota' policy with 32 dcis and 32768 cqes, dct 0x62db
[1756906227.306026] [eos0117:3273433:0]         dc_mlx5.c:822  UCX  DEBUG creating dci pool 0 with 32 QPs
[1756906227.306027] [eos0117:3273433:0]         dc_mlx5.c:805  UCX  DEBUG dci pool config: (path_index=0, max_rd_atomic=64)
[1756906227.313423] [eos0117:3273433:0]           mpool.c:282  UCX  DEBUG mpool rc_recv_desc: allocated chunk 0x7ffd8d800018 of 39845864 bytes with 4752 elements
[1756906227.314027] [eos0117:3273433:0]         dc_mlx5.c:1749 UCX  DEBUG created dc iface 0x555556b11430
[1756906227.314051] [eos0117:3273433:0]      ucp_worker.c:1436 UCX  DEBUG created interface[21]=0x555556b11430 using dc_mlx5/mlx5_0:1 on worker 0x55555696edf0
[1756906227.314224] [eos0117:3273433:0]        ib_iface.c:1078 UCX  DEBUG using pkey[0] 0xffff on mlx5_0:1/IB
[1756906227.315074] [eos0117:3273433:0]        ib_iface.c:1666 UCX  DEBUG created uct_ib_iface_t headroom_ofs 12 payload_ofs 92 hdr_ofs 90 data_sz 8256
[1756906227.315078] [eos0117:3273433:0]           mpool.c:138  UCX  DEBUG mpool rc_recv_desc: align 64, maxelems 4294967295, elemsize 8354
[1756906227.315079] [eos0117:3273433:0]           mpool.c:138  UCX  DEBUG mpool rc_send_desc: align 64, maxelems 4294967295, elemsize 8320
[1756906227.315104] [eos0117:3273433:0]           mpool.c:138  UCX  DEBUG mpool send-ops-mpool: align 64, maxelems 4294967295, elemsize 48
[1756906227.315430] [eos0117:3273433:0]           mpool.c:138  UCX  DEBUG mpool pending-ops: align 1, maxelems 4294967295, elemsize 64
[1756906227.315527] [eos0117:3273433:0]         ib_mlx5.c:1083 UCX  DEBUG SL=0 (AR support - no) was selected on mlx5_0:1, SLs with AR support = { 1, 2, 3, 4, 5, 6, 7, 8, 9, 10, 11, 12, 13, 14, 15 }, SLs without AR support = { 0 }
[1756906227.315529] [eos0117:3273433:0]           mpool.c:138  UCX  DEBUG mpool rc_mlx5_atomic_desc: align 64, maxelems 4294967295, elemsize 72
[1756906227.315534] [eos0117:3273433:0]           async.c:248  UCX  DEBUG added async handler 0x5555566e37e0 [id=105 ref 1] uct_rc_mlx5_devx_iface_event_handler() to hash
[1756906227.315541] [eos0117:3273433:0]           async.c:522  UCX  DEBUG listening to async event fd 105 events 0x1 mode thread_spinlock
[1756906227.315561] [eos0117:3273433:0]      ucp_worker.c:1436 UCX  DEBUG created interface[22]=0x5555566d2570 using rc_mlx5/mlx5_0:1 on worker 0x55555696edf0
[1756906227.316497] [eos0117:3273433:0]        ib_iface.c:1078 UCX  DEBUG using pkey[0] 0xffff on mlx5_0:1/IB
[1756906227.317022] [eos0117:3273433:0]        ib_iface.c:1666 UCX  DEBUG created uct_ib_iface_t headroom_ofs 12 payload_ofs 92 hdr_ofs 44 data_sz 4136
[1756906227.317303] [eos0117:3273433:0]        ib_iface.c:1203 UCX  DEBUG mlx5_0: iface 0x5555568c8550 created UD QP 0x62df on mlx5_0:1 TX wr:256 sge:2 inl:60 resp:0 RX wr:4096 sge:1 resp:0
[1756906227.317306] [eos0117:3273433:0]         ib_mlx5.c:776  UCX  DEBUG tx wq 32768 bytes [bb=64, nwqe=512] mmio_mode bf_post_mt
[1756906227.317582] [eos0117:3273433:0]           mpool.c:138  UCX  DEBUG mpool ud_recv_skb: align 64, maxelems 4294967295, elemsize 4188
[1756906227.317738] [eos0117:3273433:0]           mpool.c:282  UCX  DEBUG mpool ud_recv_skb: allocated chunk 0x7fffca266018 of 544744 bytes with 128 elements
[1756906227.317740] [eos0117:3273433:0]           mpool.c:138  UCX  DEBUG mpool ud_tx_skb: align 64, maxelems 4294967295, elemsize 4208
[1756906227.317750] [eos0117:3273433:0]        ud_iface.c:383  UCX  DEBUG iface 0x5555568c8550: adding gid fe80::b83f:d203:7a:54d2 to hash on device mlx5_0 port 1 index 0)
[1756906227.317755] [eos0117:3273433:0]        ud_iface.c:383  UCX  DEBUG iface 0x5555568c8550: adding gid fe80:: to hash on device mlx5_0 port 1 index 1)
[1756906227.317760] [eos0117:3273433:0]        ud_iface.c:383  UCX  DEBUG iface 0x5555568c8550: adding gid fe80:: to hash on device mlx5_0 port 1 index 2)
[1756906227.317765] [eos0117:3273433:0]        ud_iface.c:383  UCX  DEBUG iface 0x5555568c8550: adding gid fe80:: to hash on device mlx5_0 port 1 index 3)
[1756906227.317770] [eos0117:3273433:0]        ud_iface.c:383  UCX  DEBUG iface 0x5555568c8550: adding gid fe80:: to hash on device mlx5_0 port 1 index 4)
[1756906227.317775] [eos0117:3273433:0]        ud_iface.c:383  UCX  DEBUG iface 0x5555568c8550: adding gid fe80:: to hash on device mlx5_0 port 1 index 5)
[1756906227.317779] [eos0117:3273433:0]        ud_iface.c:383  UCX  DEBUG iface 0x5555568c8550: adding gid fe80:: to hash on device mlx5_0 port 1 index 6)
[1756906227.317784] [eos0117:3273433:0]        ud_iface.c:383  UCX  DEBUG iface 0x5555568c8550: adding gid fe80:: to hash on device mlx5_0 port 1 index 7)
[1756906227.317876] [eos0117:3273433:0]         ib_mlx5.c:1083 UCX  DEBUG SL=0 (AR support - no) was selected on mlx5_0:1, SLs with AR support = { 1, 2, 3, 4, 5, 6, 7, 8, 9, 10, 11, 12, 13, 14, 15 }, SLs without AR support = { 0 }
[1756906227.317888] [eos0117:3273433:0]     timer_wheel.c:41   UCX  DEBUG high res timer created log=23 resolution=4222.362278 usec wanted: 2499.999903 usec
[1756906227.334239] [eos0117:3273433:0]           async.c:248  UCX  DEBUG added async handler 0x5555570b6a30 [id=107 ref 1] uct_ud_mlx5_iface_async_handler() to hash
[1756906227.334248] [eos0117:3273433:0]           async.c:522  UCX  DEBUG listening to async event fd 107 events 0x5 mode thread_spinlock
[1756906227.334272] [eos0117:3273433:0]      ucp_worker.c:1436 UCX  DEBUG created interface[23]=0x5555568c8550 using ud_mlx5/mlx5_0:1 on worker 0x55555696edf0
[1756906227.334537] [eos0117:3273433:0]        ib_iface.c:1078 UCX  DEBUG using pkey[0] 0xffff on mlx5_3:1/IB
[1756906227.335057] [eos0117:3273433:0]        ib_iface.c:1666 UCX  DEBUG created uct_ib_iface_t headroom_ofs 12 payload_ofs 92 hdr_ofs 91 data_sz 8256
[1756906227.335062] [eos0117:3273433:0]           mpool.c:138  UCX  DEBUG mpool rc_recv_desc: align 64, maxelems 4294967295, elemsize 8355
[1756906227.335063] [eos0117:3273433:0]           mpool.c:138  UCX  DEBUG mpool rc_send_desc: align 64, maxelems 4294967295, elemsize 8320
[1756906227.335082] [eos0117:3273433:0]           mpool.c:138  UCX  DEBUG mpool send-ops-mpool: align 64, maxelems 4294967295, elemsize 48
[1756906227.335302] [eos0117:3273433:0]           mpool.c:138  UCX  DEBUG mpool pending-ops: align 1, maxelems 4294967295, elemsize 64
[1756906227.335304] [eos0117:3273433:0]           mpool.c:138  UCX  DEBUG mpool rc_verbs_short_desc: align 64, maxelems 4294967295, elemsize 192
[1756906227.335540] [eos0117:3273433:0]        ib_iface.c:1203 UCX  DEBUG mlx5_3: iface 0x5555573fba00 created RC QP 0x5461 on mlx5_3:1 TX wr:409 sge:5 inl:124 resp:64 RX wr:0 sge:0 resp:64
[1756906227.335868] [eos0117:3273433:0]      ucp_worker.c:1436 UCX  DEBUG created interface[24]=0x5555573fba00 using rc_verbs/mlx5_3:1 on worker 0x55555696edf0
[1756906227.335967] [eos0117:3273433:0]        ib_iface.c:1078 UCX  DEBUG using pkey[0] 0xffff on mlx5_3:1/IB
[1756906227.336434] [eos0117:3273433:0]        ib_iface.c:1666 UCX  DEBUG created uct_ib_iface_t headroom_ofs 12 payload_ofs 92 hdr_ofs 44 data_sz 4136
[1756906227.336734] [eos0117:3273433:0]        ib_iface.c:1203 UCX  DEBUG mlx5_3: iface 0x555556d6a190 created UD QP 0x5f57 on mlx5_3:1 TX wr:341 sge:6 inl:124 resp:0 RX wr:4096 sge:1 resp:0
[1756906227.337001] [eos0117:3273433:0]           mpool.c:138  UCX  DEBUG mpool ud_recv_skb: align 64, maxelems 4294967295, elemsize 4188
[1756906227.337160] [eos0117:3273433:0]           mpool.c:282  UCX  DEBUG mpool ud_recv_skb: allocated chunk 0x7fffc9f7b018 of 544744 bytes with 128 elements
[1756906227.337162] [eos0117:3273433:0]           mpool.c:138  UCX  DEBUG mpool ud_tx_skb: align 64, maxelems 4294967295, elemsize 4208
[1756906227.337171] [eos0117:3273433:0]        ud_iface.c:383  UCX  DEBUG iface 0x555556d6a190: adding gid fe80::b83f:d203:7a:54da to hash on device mlx5_3 port 1 index 0)
[1756906227.337176] [eos0117:3273433:0]        ud_iface.c:383  UCX  DEBUG iface 0x555556d6a190: adding gid fe80:: to hash on device mlx5_3 port 1 index 1)
[1756906227.337181] [eos0117:3273433:0]        ud_iface.c:383  UCX  DEBUG iface 0x555556d6a190: adding gid fe80:: to hash on device mlx5_3 port 1 index 2)
[1756906227.337186] [eos0117:3273433:0]        ud_iface.c:383  UCX  DEBUG iface 0x555556d6a190: adding gid fe80:: to hash on device mlx5_3 port 1 index 3)
[1756906227.337191] [eos0117:3273433:0]        ud_iface.c:383  UCX  DEBUG iface 0x555556d6a190: adding gid fe80:: to hash on device mlx5_3 port 1 index 4)
[1756906227.337197] [eos0117:3273433:0]        ud_iface.c:383  UCX  DEBUG iface 0x555556d6a190: adding gid fe80:: to hash on device mlx5_3 port 1 index 5)
[1756906227.337202] [eos0117:3273433:0]        ud_iface.c:383  UCX  DEBUG iface 0x555556d6a190: adding gid fe80:: to hash on device mlx5_3 port 1 index 6)
[1756906227.337207] [eos0117:3273433:0]        ud_iface.c:383  UCX  DEBUG iface 0x555556d6a190: adding gid fe80:: to hash on device mlx5_3 port 1 index 7)
[1756906227.337276] [eos0117:3273433:0]     timer_wheel.c:41   UCX  DEBUG high res timer created log=23 resolution=4222.362278 usec wanted: 2499.999903 usec
[1756906227.337278] [eos0117:3273433:0]           async.c:248  UCX  DEBUG added async handler 0x55555739f260 [id=109 ref 1] uct_ud_verbs_iface_async_handler() to hash
[1756906227.337284] [eos0117:3273433:0]           async.c:522  UCX  DEBUG listening to async event fd 109 events 0x5 mode thread_spinlock
[1756906227.337295] [eos0117:3273433:0]      ucp_worker.c:1436 UCX  DEBUG created interface[25]=0x555556d6a190 using ud_verbs/mlx5_3:1 on worker 0x55555696edf0
[1756906227.337458] [eos0117:3273433:0]        ib_iface.c:1078 UCX  DEBUG using pkey[0] 0xffff on mlx5_3:1/IB
[1756906227.337644] [eos0117:3273433:0]           mpool.c:282  UCX  DEBUG mpool devx dbrec: allocated chunk 0x5555570d6010 of 8176 bytes with 127 elements
[1756906227.340012] [eos0117:3273433:0]        ib_iface.c:1666 UCX  DEBUG created uct_ib_iface_t headroom_ofs 12 payload_ofs 92 hdr_ofs 90 data_sz 8256
[1756906227.340017] [eos0117:3273433:0]           mpool.c:138  UCX  DEBUG mpool rc_recv_desc: align 64, maxelems 4294967295, elemsize 8354
[1756906227.340018] [eos0117:3273433:0]           mpool.c:138  UCX  DEBUG mpool rc_send_desc: align 64, maxelems 4294967295, elemsize 8320
[1756906227.340201] [eos0117:3273433:0]           mpool.c:138  UCX  DEBUG mpool send-ops-mpool: align 64, maxelems 4294967295, elemsize 48
[1756906227.340523] [eos0117:3273433:0]           mpool.c:138  UCX  DEBUG mpool pending-ops: align 1, maxelems 4294967295, elemsize 112
[1756906227.340615] [eos0117:3273433:0]         ib_mlx5.c:1083 UCX  DEBUG SL=0 (AR support - no) was selected on mlx5_3:1, SLs with AR support = { 1, 2, 3, 4, 5, 6, 7, 8, 9, 10, 11, 12, 13, 14, 15 }, SLs without AR support = { 0 }
[1756906227.341012] [eos0117:3273433:0]           mpool.c:138  UCX  DEBUG mpool mlx5_dm_desc: align 64, maxelems 1, elemsize 64
[1756906227.341013] [eos0117:3273433:0]           mpool.c:138  UCX  DEBUG mpool rc_mlx5_atomic_desc: align 64, maxelems 4294967295, elemsize 72
[1756906227.341018] [eos0117:3273433:0]           async.c:248  UCX  DEBUG added async handler 0x55555725c010 [id=111 ref 1] uct_rc_mlx5_devx_iface_event_handler() to hash
[1756906227.341025] [eos0117:3273433:0]           async.c:522  UCX  DEBUG listening to async event fd 111 events 0x1 mode thread_spinlock
[1756906227.342064] [eos0117:3273433:0]    ib_mlx5dv_md.c:2616 UCX  DEBUG counter_set_id on mlx5_3:1 is 0x1
[1756906227.342633] [eos0117:3273433:0]         dc_mlx5.c:407  UCX  DEBUG created DevX DCI 0x5463, rdma_wr_disabled=0
[1756906227.342945] [eos0117:3273433:0]         dc_mlx5.c:1729 UCX  DEBUG dc iface 0x555556ba8320: using 'dcs_quota' policy with 32 dcis and 32768 cqes, dct 0x5f59
[1756906227.342946] [eos0117:3273433:0]         dc_mlx5.c:822  UCX  DEBUG creating dci pool 0 with 32 QPs
[1756906227.342947] [eos0117:3273433:0]         dc_mlx5.c:805  UCX  DEBUG dci pool config: (path_index=0, max_rd_atomic=64)
[1756906227.350430] [eos0117:3273433:0]           mpool.c:282  UCX  DEBUG mpool rc_recv_desc: allocated chunk 0x7ffd85800018 of 39845864 bytes with 4752 elements
[1756906227.351008] [eos0117:3273433:0]         dc_mlx5.c:1749 UCX  DEBUG created dc iface 0x555556ba8320
[1756906227.351024] [eos0117:3273433:0]      ucp_worker.c:1436 UCX  DEBUG created interface[26]=0x555556ba8320 using dc_mlx5/mlx5_3:1 on worker 0x55555696edf0
[1756906227.351179] [eos0117:3273433:0]        ib_iface.c:1078 UCX  DEBUG using pkey[0] 0xffff on mlx5_3:1/IB
[1756906227.352249] [eos0117:3273433:0]        ib_iface.c:1666 UCX  DEBUG created uct_ib_iface_t headroom_ofs 12 payload_ofs 92 hdr_ofs 90 data_sz 8256
[1756906227.352255] [eos0117:3273433:0]           mpool.c:138  UCX  DEBUG mpool rc_recv_desc: align 64, maxelems 4294967295, elemsize 8354
[1756906227.352256] [eos0117:3273433:0]           mpool.c:138  UCX  DEBUG mpool rc_send_desc: align 64, maxelems 4294967295, elemsize 8320
[1756906227.352324] [eos0117:3273433:0]           mpool.c:138  UCX  DEBUG mpool send-ops-mpool: align 64, maxelems 4294967295, elemsize 48
[1756906227.352641] [eos0117:3273433:0]           mpool.c:138  UCX  DEBUG mpool pending-ops: align 1, maxelems 4294967295, elemsize 64
[1756906227.352738] [eos0117:3273433:0]         ib_mlx5.c:1083 UCX  DEBUG SL=0 (AR support - no) was selected on mlx5_3:1, SLs with AR support = { 1, 2, 3, 4, 5, 6, 7, 8, 9, 10, 11, 12, 13, 14, 15 }, SLs without AR support = { 0 }
[1756906227.352740] [eos0117:3273433:0]           mpool.c:138  UCX  DEBUG mpool rc_mlx5_atomic_desc: align 64, maxelems 4294967295, elemsize 72
[1756906227.352744] [eos0117:3273433:0]           async.c:248  UCX  DEBUG added async handler 0x555557531010 [id=114 ref 1] uct_rc_mlx5_devx_iface_event_handler() to hash
[1756906227.352750] [eos0117:3273433:0]           async.c:522  UCX  DEBUG listening to async event fd 114 events 0x1 mode thread_spinlock
[1756906227.352764] [eos0117:3273433:0]      ucp_worker.c:1436 UCX  DEBUG created interface[27]=0x555557426010 using rc_mlx5/mlx5_3:1 on worker 0x55555696edf0
[1756906227.353697] [eos0117:3273433:0]        ib_iface.c:1078 UCX  DEBUG using pkey[0] 0xffff on mlx5_3:1/IB
[1756906227.354358] [eos0117:3273433:0]        ib_iface.c:1666 UCX  DEBUG created uct_ib_iface_t headroom_ofs 12 payload_ofs 92 hdr_ofs 44 data_sz 4136
[1756906227.354662] [eos0117:3273433:0]        ib_iface.c:1203 UCX  DEBUG mlx5_3: iface 0x555556deb1d0 created UD QP 0x5f5d on mlx5_3:1 TX wr:256 sge:2 inl:60 resp:0 RX wr:4096 sge:1 resp:0
[1756906227.354663] [eos0117:3273433:0]         ib_mlx5.c:776  UCX  DEBUG tx wq 32768 bytes [bb=64, nwqe=512] mmio_mode bf_post_mt
[1756906227.354939] [eos0117:3273433:0]           mpool.c:138  UCX  DEBUG mpool ud_recv_skb: align 64, maxelems 4294967295, elemsize 4188
[1756906227.355094] [eos0117:3273433:0]           mpool.c:282  UCX  DEBUG mpool ud_recv_skb: allocated chunk 0x7fffc9ef6018 of 544744 bytes with 128 elements
[1756906227.355097] [eos0117:3273433:0]           mpool.c:138  UCX  DEBUG mpool ud_tx_skb: align 64, maxelems 4294967295, elemsize 4208
[1756906227.355106] [eos0117:3273433:0]        ud_iface.c:383  UCX  DEBUG iface 0x555556deb1d0: adding gid fe80::b83f:d203:7a:54da to hash on device mlx5_3 port 1 index 0)
[1756906227.355111] [eos0117:3273433:0]        ud_iface.c:383  UCX  DEBUG iface 0x555556deb1d0: adding gid fe80:: to hash on device mlx5_3 port 1 index 1)
[1756906227.355117] [eos0117:3273433:0]        ud_iface.c:383  UCX  DEBUG iface 0x555556deb1d0: adding gid fe80:: to hash on device mlx5_3 port 1 index 2)
[1756906227.355121] [eos0117:3273433:0]        ud_iface.c:383  UCX  DEBUG iface 0x555556deb1d0: adding gid fe80:: to hash on device mlx5_3 port 1 index 3)
[1756906227.355126] [eos0117:3273433:0]        ud_iface.c:383  UCX  DEBUG iface 0x555556deb1d0: adding gid fe80:: to hash on device mlx5_3 port 1 index 4)
[1756906227.355131] [eos0117:3273433:0]        ud_iface.c:383  UCX  DEBUG iface 0x555556deb1d0: adding gid fe80:: to hash on device mlx5_3 port 1 index 5)
[1756906227.355136] [eos0117:3273433:0]        ud_iface.c:383  UCX  DEBUG iface 0x555556deb1d0: adding gid fe80:: to hash on device mlx5_3 port 1 index 6)
[1756906227.355141] [eos0117:3273433:0]        ud_iface.c:383  UCX  DEBUG iface 0x555556deb1d0: adding gid fe80:: to hash on device mlx5_3 port 1 index 7)
[1756906227.355236] [eos0117:3273433:0]         ib_mlx5.c:1083 UCX  DEBUG SL=0 (AR support - no) was selected on mlx5_3:1, SLs with AR support = { 1, 2, 3, 4, 5, 6, 7, 8, 9, 10, 11, 12, 13, 14, 15 }, SLs without AR support = { 0 }
[1756906227.355248] [eos0117:3273433:0]     timer_wheel.c:41   UCX  DEBUG high res timer created log=23 resolution=4222.362278 usec wanted: 2499.999903 usec
[1756906227.355250] [eos0117:3273433:0]           async.c:248  UCX  DEBUG added async handler 0x55555758b010 [id=116 ref 1] uct_ud_mlx5_iface_async_handler() to hash
[1756906227.355256] [eos0117:3273433:0]           async.c:522  UCX  DEBUG listening to async event fd 116 events 0x5 mode thread_spinlock
[1756906227.355266] [eos0117:3273433:0]      ucp_worker.c:1436 UCX  DEBUG created interface[28]=0x555556deb1d0 using ud_mlx5/mlx5_3:1 on worker 0x55555696edf0
[1756906227.355411] [eos0117:3273433:0]        ib_iface.c:1078 UCX  DEBUG using pkey[0] 0xffff on mlx5_4:1/IB
[1756906227.356167] [eos0117:3273433:0]        ib_iface.c:1666 UCX  DEBUG created uct_ib_iface_t headroom_ofs 12 payload_ofs 92 hdr_ofs 91 data_sz 8256
[1756906227.356179] [eos0117:3273433:0]           mpool.c:138  UCX  DEBUG mpool rc_recv_desc: align 64, maxelems 4294967295, elemsize 8355
[1756906227.356180] [eos0117:3273433:0]           mpool.c:138  UCX  DEBUG mpool rc_send_desc: align 64, maxelems 4294967295, elemsize 8320
[1756906227.356247] [eos0117:3273433:0]           mpool.c:138  UCX  DEBUG mpool send-ops-mpool: align 64, maxelems 4294967295, elemsize 48
[1756906227.356596] [eos0117:3273433:0]           mpool.c:138  UCX  DEBUG mpool pending-ops: align 1, maxelems 4294967295, elemsize 64
[1756906227.356597] [eos0117:3273433:0]           mpool.c:138  UCX  DEBUG mpool rc_verbs_short_desc: align 64, maxelems 4294967295, elemsize 192
[1756906227.356888] [eos0117:3273433:0]        ib_iface.c:1203 UCX  DEBUG mlx5_4: iface 0x55555762d0e0 created RC QP 0x49a1 on mlx5_4:1 TX wr:409 sge:5 inl:124 resp:64 RX wr:0 sge:0 resp:64
[1756906227.357194] [eos0117:3273433:0]      ucp_worker.c:1436 UCX  DEBUG created interface[29]=0x55555762d0e0 using rc_verbs/mlx5_4:1 on worker 0x55555696edf0
[1756906227.357290] [eos0117:3273433:0]        ib_iface.c:1078 UCX  DEBUG using pkey[0] 0xffff on mlx5_4:1/IB
[1756906227.357882] [eos0117:3273433:0]        ib_iface.c:1666 UCX  DEBUG created uct_ib_iface_t headroom_ofs 12 payload_ofs 92 hdr_ofs 44 data_sz 4136
[1756906227.358201] [eos0117:3273433:0]        ib_iface.c:1203 UCX  DEBUG mlx5_4: iface 0x5555570d3250 created UD QP 0x5f03 on mlx5_4:1 TX wr:341 sge:6 inl:124 resp:0 RX wr:4096 sge:1 resp:0
[1756906227.358475] [eos0117:3273433:0]           mpool.c:138  UCX  DEBUG mpool ud_recv_skb: align 64, maxelems 4294967295, elemsize 4188
[1756906227.358630] [eos0117:3273433:0]           mpool.c:282  UCX  DEBUG mpool ud_recv_skb: allocated chunk 0x7fffc9e71018 of 544744 bytes with 128 elements
[1756906227.358633] [eos0117:3273433:0]           mpool.c:138  UCX  DEBUG mpool ud_tx_skb: align 64, maxelems 4294967295, elemsize 4208
[1756906227.358641] [eos0117:3273433:0]        ud_iface.c:383  UCX  DEBUG iface 0x5555570d3250: adding gid fe80::b83f:d203:7a:54d6 to hash on device mlx5_4 port 1 index 0)
[1756906227.358646] [eos0117:3273433:0]        ud_iface.c:383  UCX  DEBUG iface 0x5555570d3250: adding gid fe80:: to hash on device mlx5_4 port 1 index 1)
[1756906227.358652] [eos0117:3273433:0]        ud_iface.c:383  UCX  DEBUG iface 0x5555570d3250: adding gid fe80:: to hash on device mlx5_4 port 1 index 2)
[1756906227.358656] [eos0117:3273433:0]        ud_iface.c:383  UCX  DEBUG iface 0x5555570d3250: adding gid fe80:: to hash on device mlx5_4 port 1 index 3)
[1756906227.358662] [eos0117:3273433:0]        ud_iface.c:383  UCX  DEBUG iface 0x5555570d3250: adding gid fe80:: to hash on device mlx5_4 port 1 index 4)
[1756906227.358667] [eos0117:3273433:0]        ud_iface.c:383  UCX  DEBUG iface 0x5555570d3250: adding gid fe80:: to hash on device mlx5_4 port 1 index 5)
[1756906227.358672] [eos0117:3273433:0]        ud_iface.c:383  UCX  DEBUG iface 0x5555570d3250: adding gid fe80:: to hash on device mlx5_4 port 1 index 6)
[1756906227.358677] [eos0117:3273433:0]        ud_iface.c:383  UCX  DEBUG iface 0x5555570d3250: adding gid fe80:: to hash on device mlx5_4 port 1 index 7)
[1756906227.358755] [eos0117:3273433:0]     timer_wheel.c:41   UCX  DEBUG high res timer created log=23 resolution=4222.362278 usec wanted: 2499.999903 usec
[1756906227.358757] [eos0117:3273433:0]           async.c:248  UCX  DEBUG added async handler 0x5555576f7010 [id=118 ref 1] uct_ud_verbs_iface_async_handler() to hash
[1756906227.358763] [eos0117:3273433:0]           async.c:522  UCX  DEBUG listening to async event fd 118 events 0x5 mode thread_spinlock
[1756906227.358773] [eos0117:3273433:0]      ucp_worker.c:1436 UCX  DEBUG created interface[30]=0x5555570d3250 using ud_verbs/mlx5_4:1 on worker 0x55555696edf0
[1756906227.358926] [eos0117:3273433:0]        ib_iface.c:1078 UCX  DEBUG using pkey[0] 0xffff on mlx5_4:1/IB
[1756906227.359124] [eos0117:3273433:0]           mpool.c:282  UCX  DEBUG mpool devx dbrec: allocated chunk 0x5555566fe010 of 8176 bytes with 127 elements
[1756906227.361572] [eos0117:3273433:0]        ib_iface.c:1666 UCX  DEBUG created uct_ib_iface_t headroom_ofs 12 payload_ofs 92 hdr_ofs 90 data_sz 8256
[1756906227.361586] [eos0117:3273433:0]           mpool.c:138  UCX  DEBUG mpool rc_recv_desc: align 64, maxelems 4294967295, elemsize 8354
[1756906227.361587] [eos0117:3273433:0]           mpool.c:138  UCX  DEBUG mpool rc_send_desc: align 64, maxelems 4294967295, elemsize 8320
[1756906227.362001] [eos0117:3273433:0]           mpool.c:138  UCX  DEBUG mpool send-ops-mpool: align 64, maxelems 4294967295, elemsize 48
[1756906227.362329] [eos0117:3273433:0]           mpool.c:138  UCX  DEBUG mpool pending-ops: align 1, maxelems 4294967295, elemsize 112
[1756906227.362426] [eos0117:3273433:0]         ib_mlx5.c:1083 UCX  DEBUG SL=0 (AR support - no) was selected on mlx5_4:1, SLs with AR support = { 1, 2, 3, 4, 5, 6, 7, 8, 9, 10, 11, 12, 13, 14, 15 }, SLs without AR support = { 0 }
[1756906227.362831] [eos0117:3273433:0]           mpool.c:138  UCX  DEBUG mpool mlx5_dm_desc: align 64, maxelems 1, elemsize 64
[1756906227.362832] [eos0117:3273433:0]           mpool.c:138  UCX  DEBUG mpool rc_mlx5_atomic_desc: align 64, maxelems 4294967295, elemsize 72
[1756906227.362837] [eos0117:3273433:0]           async.c:248  UCX  DEBUG added async handler 0x55555742f010 [id=120 ref 1] uct_rc_mlx5_devx_iface_event_handler() to hash
[1756906227.362843] [eos0117:3273433:0]           async.c:522  UCX  DEBUG listening to async event fd 120 events 0x1 mode thread_spinlock
[1756906227.363876] [eos0117:3273433:0]    ib_mlx5dv_md.c:2616 UCX  DEBUG counter_set_id on mlx5_4:1 is 0x1
[1756906227.364468] [eos0117:3273433:0]         dc_mlx5.c:407  UCX  DEBUG created DevX DCI 0x49a3, rdma_wr_disabled=0
[1756906227.364782] [eos0117:3273433:0]         dc_mlx5.c:1729 UCX  DEBUG dc iface 0x55555783b0f0: using 'dcs_quota' policy with 32 dcis and 32768 cqes, dct 0x5f05
[1756906227.364784] [eos0117:3273433:0]         dc_mlx5.c:822  UCX  DEBUG creating dci pool 0 with 32 QPs
[1756906227.364785] [eos0117:3273433:0]         dc_mlx5.c:805  UCX  DEBUG dci pool config: (path_index=0, max_rd_atomic=64)
[1756906227.372234] [eos0117:3273433:0]           mpool.c:282  UCX  DEBUG mpool rc_recv_desc: allocated chunk 0x7ffd83000018 of 39845864 bytes with 4752 elements
[1756906227.372890] [eos0117:3273433:0]         dc_mlx5.c:1749 UCX  DEBUG created dc iface 0x55555783b0f0
[1756906227.372904] [eos0117:3273433:0]      ucp_worker.c:1436 UCX  DEBUG created interface[31]=0x55555783b0f0 using dc_mlx5/mlx5_4:1 on worker 0x55555696edf0
[1756906227.373058] [eos0117:3273433:0]        ib_iface.c:1078 UCX  DEBUG using pkey[0] 0xffff on mlx5_4:1/IB
[1756906227.374114] [eos0117:3273433:0]        ib_iface.c:1666 UCX  DEBUG created uct_ib_iface_t headroom_ofs 12 payload_ofs 92 hdr_ofs 90 data_sz 8256
[1756906227.374118] [eos0117:3273433:0]           mpool.c:138  UCX  DEBUG mpool rc_recv_desc: align 64, maxelems 4294967295, elemsize 8354
[1756906227.374119] [eos0117:3273433:0]           mpool.c:138  UCX  DEBUG mpool rc_send_desc: align 64, maxelems 4294967295, elemsize 8320
[1756906227.374191] [eos0117:3273433:0]           mpool.c:138  UCX  DEBUG mpool send-ops-mpool: align 64, maxelems 4294967295, elemsize 48
[1756906227.374529] [eos0117:3273433:0]           mpool.c:138  UCX  DEBUG mpool pending-ops: align 1, maxelems 4294967295, elemsize 64
[1756906227.374630] [eos0117:3273433:0]         ib_mlx5.c:1083 UCX  DEBUG SL=0 (AR support - no) was selected on mlx5_4:1, SLs with AR support = { 1, 2, 3, 4, 5, 6, 7, 8, 9, 10, 11, 12, 13, 14, 15 }, SLs without AR support = { 0 }
[1756906227.374632] [eos0117:3273433:0]           mpool.c:138  UCX  DEBUG mpool rc_mlx5_atomic_desc: align 64, maxelems 4294967295, elemsize 72
[1756906227.374636] [eos0117:3273433:0]           async.c:248  UCX  DEBUG added async handler 0x555557b42010 [id=123 ref 1] uct_rc_mlx5_devx_iface_event_handler() to hash
[1756906227.374642] [eos0117:3273433:0]           async.c:522  UCX  DEBUG listening to async event fd 123 events 0x1 mode thread_spinlock
[1756906227.374656] [eos0117:3273433:0]      ucp_worker.c:1436 UCX  DEBUG created interface[32]=0x555557a380d0 using rc_mlx5/mlx5_4:1 on worker 0x55555696edf0
[1756906227.375579] [eos0117:3273433:0]        ib_iface.c:1078 UCX  DEBUG using pkey[0] 0xffff on mlx5_4:1/IB
[1756906227.376262] [eos0117:3273433:0]        ib_iface.c:1666 UCX  DEBUG created uct_ib_iface_t headroom_ofs 12 payload_ofs 92 hdr_ofs 44 data_sz 4136
[1756906227.376576] [eos0117:3273433:0]        ib_iface.c:1203 UCX  DEBUG mlx5_4: iface 0x555556ce9150 created UD QP 0x5f09 on mlx5_4:1 TX wr:256 sge:2 inl:60 resp:0 RX wr:4096 sge:1 resp:0
[1756906227.376577] [eos0117:3273433:0]         ib_mlx5.c:776  UCX  DEBUG tx wq 32768 bytes [bb=64, nwqe=512] mmio_mode bf_post_mt
[1756906227.376859] [eos0117:3273433:0]           mpool.c:138  UCX  DEBUG mpool ud_recv_skb: align 64, maxelems 4294967295, elemsize 4188
[1756906227.377019] [eos0117:3273433:0]           mpool.c:282  UCX  DEBUG mpool ud_recv_skb: allocated chunk 0x7fffc9b7b018 of 544744 bytes with 128 elements
[1756906227.377022] [eos0117:3273433:0]           mpool.c:138  UCX  DEBUG mpool ud_tx_skb: align 64, maxelems 4294967295, elemsize 4208
[1756906227.377031] [eos0117:3273433:0]        ud_iface.c:383  UCX  DEBUG iface 0x555556ce9150: adding gid fe80::b83f:d203:7a:54d6 to hash on device mlx5_4 port 1 index 0)
[1756906227.377037] [eos0117:3273433:0]        ud_iface.c:383  UCX  DEBUG iface 0x555556ce9150: adding gid fe80:: to hash on device mlx5_4 port 1 index 1)
[1756906227.377042] [eos0117:3273433:0]        ud_iface.c:383  UCX  DEBUG iface 0x555556ce9150: adding gid fe80:: to hash on device mlx5_4 port 1 index 2)
[1756906227.377047] [eos0117:3273433:0]        ud_iface.c:383  UCX  DEBUG iface 0x555556ce9150: adding gid fe80:: to hash on device mlx5_4 port 1 index 3)
[1756906227.377052] [eos0117:3273433:0]        ud_iface.c:383  UCX  DEBUG iface 0x555556ce9150: adding gid fe80:: to hash on device mlx5_4 port 1 index 4)
[1756906227.377057] [eos0117:3273433:0]        ud_iface.c:383  UCX  DEBUG iface 0x555556ce9150: adding gid fe80:: to hash on device mlx5_4 port 1 index 5)
[1756906227.377063] [eos0117:3273433:0]        ud_iface.c:383  UCX  DEBUG iface 0x555556ce9150: adding gid fe80:: to hash on device mlx5_4 port 1 index 6)
[1756906227.377068] [eos0117:3273433:0]        ud_iface.c:383  UCX  DEBUG iface 0x555556ce9150: adding gid fe80:: to hash on device mlx5_4 port 1 index 7)
[1756906227.377158] [eos0117:3273433:0]         ib_mlx5.c:1083 UCX  DEBUG SL=0 (AR support - no) was selected on mlx5_4:1, SLs with AR support = { 1, 2, 3, 4, 5, 6, 7, 8, 9, 10, 11, 12, 13, 14, 15 }, SLs without AR support = { 0 }
[1756906227.377168] [eos0117:3273433:0]     timer_wheel.c:41   UCX  DEBUG high res timer created log=23 resolution=4222.362278 usec wanted: 2499.999903 usec
[1756906227.377170] [eos0117:3273433:0]           async.c:248  UCX  DEBUG added async handler 0x555557b9c010 [id=125 ref 1] uct_ud_mlx5_iface_async_handler() to hash
[1756906227.377175] [eos0117:3273433:0]           async.c:522  UCX  DEBUG listening to async event fd 125 events 0x5 mode thread_spinlock
[1756906227.377185] [eos0117:3273433:0]      ucp_worker.c:1436 UCX  DEBUG created interface[33]=0x555556ce9150 using ud_mlx5/mlx5_4:1 on worker 0x55555696edf0
[1756906227.377423] [eos0117:3273433:0]        ib_iface.c:1078 UCX  DEBUG using pkey[0] 0xffff on mlx5_5:1/IB
[1756906227.378182] [eos0117:3273433:0]        ib_iface.c:1666 UCX  DEBUG created uct_ib_iface_t headroom_ofs 12 payload_ofs 92 hdr_ofs 91 data_sz 8256
[1756906227.378195] [eos0117:3273433:0]           mpool.c:138  UCX  DEBUG mpool rc_recv_desc: align 64, maxelems 4294967295, elemsize 8355
[1756906227.378196] [eos0117:3273433:0]           mpool.c:138  UCX  DEBUG mpool rc_send_desc: align 64, maxelems 4294967295, elemsize 8320
[1756906227.378261] [eos0117:3273433:0]           mpool.c:138  UCX  DEBUG mpool send-ops-mpool: align 64, maxelems 4294967295, elemsize 48
[1756906227.378562] [eos0117:3273433:0]           mpool.c:138  UCX  DEBUG mpool pending-ops: align 1, maxelems 4294967295, elemsize 64
[1756906227.378564] [eos0117:3273433:0]           mpool.c:138  UCX  DEBUG mpool rc_verbs_short_desc: align 64, maxelems 4294967295, elemsize 192
[1756906227.378822] [eos0117:3273433:0]        ib_iface.c:1203 UCX  DEBUG mlx5_5: iface 0x555557c3e0e0 created RC QP 0x53c6 on mlx5_5:1 TX wr:409 sge:5 inl:124 resp:64 RX wr:0 sge:0 resp:64
[1756906227.379107] [eos0117:3273433:0]      ucp_worker.c:1436 UCX  DEBUG created interface[34]=0x555557c3e0e0 using rc_verbs/mlx5_5:1 on worker 0x55555696edf0
[1756906227.379201] [eos0117:3273433:0]        ib_iface.c:1078 UCX  DEBUG using pkey[0] 0xffff on mlx5_5:1/IB
[1756906227.379825] [eos0117:3273433:0]        ib_iface.c:1666 UCX  DEBUG created uct_ib_iface_t headroom_ofs 12 payload_ofs 92 hdr_ofs 44 data_sz 4136
[1756906227.380149] [eos0117:3273433:0]        ib_iface.c:1203 UCX  DEBUG mlx5_5: iface 0x555556c470d0 created UD QP 0x5ebc on mlx5_5:1 TX wr:341 sge:6 inl:124 resp:0 RX wr:4096 sge:1 resp:0
[1756906227.380418] [eos0117:3273433:0]           mpool.c:138  UCX  DEBUG mpool ud_recv_skb: align 64, maxelems 4294967295, elemsize 4188
[1756906227.380571] [eos0117:3273433:0]           mpool.c:282  UCX  DEBUG mpool ud_recv_skb: allocated chunk 0x7fffc9af6018 of 544744 bytes with 128 elements
[1756906227.380573] [eos0117:3273433:0]           mpool.c:138  UCX  DEBUG mpool ud_tx_skb: align 64, maxelems 4294967295, elemsize 4208
[1756906227.380583] [eos0117:3273433:0]        ud_iface.c:383  UCX  DEBUG iface 0x555556c470d0: adding gid fe80::b83f:d203:7a:54ce to hash on device mlx5_5 port 1 index 0)
[1756906227.380588] [eos0117:3273433:0]        ud_iface.c:383  UCX  DEBUG iface 0x555556c470d0: adding gid fe80:: to hash on device mlx5_5 port 1 index 1)
[1756906227.380594] [eos0117:3273433:0]        ud_iface.c:383  UCX  DEBUG iface 0x555556c470d0: adding gid fe80:: to hash on device mlx5_5 port 1 index 2)
[1756906227.380600] [eos0117:3273433:0]        ud_iface.c:383  UCX  DEBUG iface 0x555556c470d0: adding gid fe80:: to hash on device mlx5_5 port 1 index 3)
[1756906227.380605] [eos0117:3273433:0]        ud_iface.c:383  UCX  DEBUG iface 0x555556c470d0: adding gid fe80:: to hash on device mlx5_5 port 1 index 4)
[1756906227.380610] [eos0117:3273433:0]        ud_iface.c:383  UCX  DEBUG iface 0x555556c470d0: adding gid fe80:: to hash on device mlx5_5 port 1 index 5)
[1756906227.380620] [eos0117:3273433:0]        ud_iface.c:383  UCX  DEBUG iface 0x555556c470d0: adding gid fe80:: to hash on device mlx5_5 port 1 index 6)
[1756906227.380628] [eos0117:3273433:0]        ud_iface.c:383  UCX  DEBUG iface 0x555556c470d0: adding gid fe80:: to hash on device mlx5_5 port 1 index 7)
[1756906227.380707] [eos0117:3273433:0]     timer_wheel.c:41   UCX  DEBUG high res timer created log=23 resolution=4222.362278 usec wanted: 2499.999903 usec
[1756906227.380709] [eos0117:3273433:0]           async.c:248  UCX  DEBUG added async handler 0x555557d08010 [id=127 ref 1] uct_ud_verbs_iface_async_handler() to hash
[1756906227.380714] [eos0117:3273433:0]           async.c:522  UCX  DEBUG listening to async event fd 127 events 0x5 mode thread_spinlock
[1756906227.380725] [eos0117:3273433:0]      ucp_worker.c:1436 UCX  DEBUG created interface[35]=0x555556c470d0 using ud_verbs/mlx5_5:1 on worker 0x55555696edf0
[1756906227.380874] [eos0117:3273433:0]        ib_iface.c:1078 UCX  DEBUG using pkey[0] 0xffff on mlx5_5:1/IB
[1756906227.381061] [eos0117:3273433:0]           mpool.c:282  UCX  DEBUG mpool devx dbrec: allocated chunk 0x555557792010 of 8176 bytes with 127 elements
[1756906227.383559] [eos0117:3273433:0]        ib_iface.c:1666 UCX  DEBUG created uct_ib_iface_t headroom_ofs 12 payload_ofs 92 hdr_ofs 90 data_sz 8256
[1756906227.383572] [eos0117:3273433:0]           mpool.c:138  UCX  DEBUG mpool rc_recv_desc: align 64, maxelems 4294967295, elemsize 8354
[1756906227.383573] [eos0117:3273433:0]           mpool.c:138  UCX  DEBUG mpool rc_send_desc: align 64, maxelems 4294967295, elemsize 8320
[1756906227.383981] [eos0117:3273433:0]           mpool.c:138  UCX  DEBUG mpool send-ops-mpool: align 64, maxelems 4294967295, elemsize 48
[1756906227.384316] [eos0117:3273433:0]           mpool.c:138  UCX  DEBUG mpool pending-ops: align 1, maxelems 4294967295, elemsize 112
[1756906227.384411] [eos0117:3273433:0]         ib_mlx5.c:1083 UCX  DEBUG SL=0 (AR support - no) was selected on mlx5_5:1, SLs with AR support = { 1, 2, 3, 4, 5, 6, 7, 8, 9, 10, 11, 12, 13, 14, 15 }, SLs without AR support = { 0 }
[1756906227.384814] [eos0117:3273433:0]           mpool.c:138  UCX  DEBUG mpool mlx5_dm_desc: align 64, maxelems 1, elemsize 64
[1756906227.384824] [eos0117:3273433:0]           mpool.c:138  UCX  DEBUG mpool rc_mlx5_atomic_desc: align 64, maxelems 4294967295, elemsize 72
[1756906227.384829] [eos0117:3273433:0]           async.c:248  UCX  DEBUG added async handler 0x5555570b5010 [id=129 ref 1] uct_rc_mlx5_devx_iface_event_handler() to hash
[1756906227.384835] [eos0117:3273433:0]           async.c:522  UCX  DEBUG listening to async event fd 129 events 0x1 mode thread_spinlock
[1756906227.385884] [eos0117:3273433:0]    ib_mlx5dv_md.c:2616 UCX  DEBUG counter_set_id on mlx5_5:1 is 0x1
[1756906227.386462] [eos0117:3273433:0]         dc_mlx5.c:407  UCX  DEBUG created DevX DCI 0x53c8, rdma_wr_disabled=0
[1756906227.386769] [eos0117:3273433:0]         dc_mlx5.c:1729 UCX  DEBUG dc iface 0x555557e4c0f0: using 'dcs_quota' policy with 32 dcis and 32768 cqes, dct 0x5ebe
[1756906227.386771] [eos0117:3273433:0]         dc_mlx5.c:822  UCX  DEBUG creating dci pool 0 with 32 QPs
[1756906227.386771] [eos0117:3273433:0]         dc_mlx5.c:805  UCX  DEBUG dci pool config: (path_index=0, max_rd_atomic=64)
[1756906227.394235] [eos0117:3273433:0]           mpool.c:282  UCX  DEBUG mpool rc_recv_desc: allocated chunk 0x7ffd80800018 of 39845864 bytes with 4752 elements
[1756906227.394858] [eos0117:3273433:0]         dc_mlx5.c:1749 UCX  DEBUG created dc iface 0x555557e4c0f0
[1756906227.394872] [eos0117:3273433:0]      ucp_worker.c:1436 UCX  DEBUG created interface[36]=0x555557e4c0f0 using dc_mlx5/mlx5_5:1 on worker 0x55555696edf0
[1756906227.395022] [eos0117:3273433:0]        ib_iface.c:1078 UCX  DEBUG using pkey[0] 0xffff on mlx5_5:1/IB
[1756906227.396006] [eos0117:3273433:0]        ib_iface.c:1666 UCX  DEBUG created uct_ib_iface_t headroom_ofs 12 payload_ofs 92 hdr_ofs 90 data_sz 8256
[1756906227.396011] [eos0117:3273433:0]           mpool.c:138  UCX  DEBUG mpool rc_recv_desc: align 64, maxelems 4294967295, elemsize 8354
[1756906227.396012] [eos0117:3273433:0]           mpool.c:138  UCX  DEBUG mpool rc_send_desc: align 64, maxelems 4294967295, elemsize 8320
[1756906227.396082] [eos0117:3273433:0]           mpool.c:138  UCX  DEBUG mpool send-ops-mpool: align 64, maxelems 4294967295, elemsize 48
[1756906227.396403] [eos0117:3273433:0]           mpool.c:138  UCX  DEBUG mpool pending-ops: align 1, maxelems 4294967295, elemsize 64
[1756906227.396495] [eos0117:3273433:0]         ib_mlx5.c:1083 UCX  DEBUG SL=0 (AR support - no) was selected on mlx5_5:1, SLs with AR support = { 1, 2, 3, 4, 5, 6, 7, 8, 9, 10, 11, 12, 13, 14, 15 }, SLs without AR support = { 0 }
[1756906227.396497] [eos0117:3273433:0]           mpool.c:138  UCX  DEBUG mpool rc_mlx5_atomic_desc: align 64, maxelems 4294967295, elemsize 72
[1756906227.396501] [eos0117:3273433:0]           async.c:248  UCX  DEBUG added async handler 0x555558153010 [id=132 ref 1] uct_rc_mlx5_devx_iface_event_handler() to hash
[1756906227.396507] [eos0117:3273433:0]           async.c:522  UCX  DEBUG listening to async event fd 132 events 0x1 mode thread_spinlock
[1756906227.396523] [eos0117:3273433:0]      ucp_worker.c:1436 UCX  DEBUG created interface[37]=0x5555580490d0 using rc_mlx5/mlx5_5:1 on worker 0x55555696edf0
[1756906227.397362] [eos0117:3273433:0]        ib_iface.c:1078 UCX  DEBUG using pkey[0] 0xffff on mlx5_5:1/IB
[1756906227.398007] [eos0117:3273433:0]        ib_iface.c:1666 UCX  DEBUG created uct_ib_iface_t headroom_ofs 12 payload_ofs 92 hdr_ofs 44 data_sz 4136
[1756906227.398306] [eos0117:3273433:0]        ib_iface.c:1203 UCX  DEBUG mlx5_5: iface 0x5555569a50d0 created UD QP 0x5ec2 on mlx5_5:1 TX wr:256 sge:2 inl:60 resp:0 RX wr:4096 sge:1 resp:0
[1756906227.398308] [eos0117:3273433:0]         ib_mlx5.c:776  UCX  DEBUG tx wq 32768 bytes [bb=64, nwqe=512] mmio_mode bf_post_mt
[1756906227.398569] [eos0117:3273433:0]           mpool.c:138  UCX  DEBUG mpool ud_recv_skb: align 64, maxelems 4294967295, elemsize 4188
[1756906227.398726] [eos0117:3273433:0]           mpool.c:282  UCX  DEBUG mpool ud_recv_skb: allocated chunk 0x7fffc9a71018 of 544744 bytes with 128 elements
[1756906227.398729] [eos0117:3273433:0]           mpool.c:138  UCX  DEBUG mpool ud_tx_skb: align 64, maxelems 4294967295, elemsize 4208
[1756906227.398741] [eos0117:3273433:0]        ud_iface.c:383  UCX  DEBUG iface 0x5555569a50d0: adding gid fe80::b83f:d203:7a:54ce to hash on device mlx5_5 port 1 index 0)
[1756906227.398750] [eos0117:3273433:0]        ud_iface.c:383  UCX  DEBUG iface 0x5555569a50d0: adding gid fe80:: to hash on device mlx5_5 port 1 index 1)
[1756906227.398758] [eos0117:3273433:0]        ud_iface.c:383  UCX  DEBUG iface 0x5555569a50d0: adding gid fe80:: to hash on device mlx5_5 port 1 index 2)
[1756906227.398767] [eos0117:3273433:0]        ud_iface.c:383  UCX  DEBUG iface 0x5555569a50d0: adding gid fe80:: to hash on device mlx5_5 port 1 index 3)
[1756906227.398773] [eos0117:3273433:0]        ud_iface.c:383  UCX  DEBUG iface 0x5555569a50d0: adding gid fe80:: to hash on device mlx5_5 port 1 index 4)
[1756906227.398778] [eos0117:3273433:0]        ud_iface.c:383  UCX  DEBUG iface 0x5555569a50d0: adding gid fe80:: to hash on device mlx5_5 port 1 index 5)
[1756906227.398783] [eos0117:3273433:0]        ud_iface.c:383  UCX  DEBUG iface 0x5555569a50d0: adding gid fe80:: to hash on device mlx5_5 port 1 index 6)
[1756906227.398788] [eos0117:3273433:0]        ud_iface.c:383  UCX  DEBUG iface 0x5555569a50d0: adding gid fe80:: to hash on device mlx5_5 port 1 index 7)
[1756906227.398880] [eos0117:3273433:0]         ib_mlx5.c:1083 UCX  DEBUG SL=0 (AR support - no) was selected on mlx5_5:1, SLs with AR support = { 1, 2, 3, 4, 5, 6, 7, 8, 9, 10, 11, 12, 13, 14, 15 }, SLs without AR support = { 0 }
[1756906227.398890] [eos0117:3273433:0]     timer_wheel.c:41   UCX  DEBUG high res timer created log=23 resolution=4222.362278 usec wanted: 2499.999903 usec
[1756906227.398891] [eos0117:3273433:0]           async.c:248  UCX  DEBUG added async handler 0x5555581ad010 [id=134 ref 1] uct_ud_mlx5_iface_async_handler() to hash
[1756906227.398897] [eos0117:3273433:0]           async.c:522  UCX  DEBUG listening to async event fd 134 events 0x5 mode thread_spinlock
[1756906227.398906] [eos0117:3273433:0]      ucp_worker.c:1436 UCX  DEBUG created interface[38]=0x5555569a50d0 using ud_mlx5/mlx5_5:1 on worker 0x55555696edf0
[1756906227.399150] [eos0117:3273433:0]        ib_iface.c:1078 UCX  DEBUG using pkey[0] 0xffff on mlx5_6:1/IB
[1756906227.399915] [eos0117:3273433:0]        ib_iface.c:1666 UCX  DEBUG created uct_ib_iface_t headroom_ofs 12 payload_ofs 92 hdr_ofs 91 data_sz 8256
[1756906227.399927] [eos0117:3273433:0]           mpool.c:138  UCX  DEBUG mpool rc_recv_desc: align 64, maxelems 4294967295, elemsize 8355
[1756906227.399928] [eos0117:3273433:0]           mpool.c:138  UCX  DEBUG mpool rc_send_desc: align 64, maxelems 4294967295, elemsize 8320
[1756906227.399994] [eos0117:3273433:0]           mpool.c:138  UCX  DEBUG mpool send-ops-mpool: align 64, maxelems 4294967295, elemsize 48
[1756906227.400307] [eos0117:3273433:0]           mpool.c:138  UCX  DEBUG mpool pending-ops: align 1, maxelems 4294967295, elemsize 64
[1756906227.400309] [eos0117:3273433:0]           mpool.c:138  UCX  DEBUG mpool rc_verbs_short_desc: align 64, maxelems 4294967295, elemsize 192
[1756906227.400569] [eos0117:3273433:0]        ib_iface.c:1203 UCX  DEBUG mlx5_6: iface 0x55555824f0e0 created RC QP 0x5287 on mlx5_6:1 TX wr:409 sge:5 inl:124 resp:64 RX wr:0 sge:0 resp:64
[1756906227.400864] [eos0117:3273433:0]      ucp_worker.c:1436 UCX  DEBUG created interface[39]=0x55555824f0e0 using rc_verbs/mlx5_6:1 on worker 0x55555696edf0
[1756906227.400959] [eos0117:3273433:0]        ib_iface.c:1078 UCX  DEBUG using pkey[0] 0xffff on mlx5_6:1/IB
[1756906227.401568] [eos0117:3273433:0]        ib_iface.c:1666 UCX  DEBUG created uct_ib_iface_t headroom_ofs 12 payload_ofs 92 hdr_ofs 44 data_sz 4136
[1756906227.401920] [eos0117:3273433:0]        ib_iface.c:1203 UCX  DEBUG mlx5_6: iface 0x5555570d8010 created UD QP 0x5d7c on mlx5_6:1 TX wr:341 sge:6 inl:124 resp:0 RX wr:4096 sge:1 resp:0
[1756906227.402193] [eos0117:3273433:0]           mpool.c:138  UCX  DEBUG mpool ud_recv_skb: align 64, maxelems 4294967295, elemsize 4188
[1756906227.402361] [eos0117:3273433:0]           mpool.c:282  UCX  DEBUG mpool ud_recv_skb: allocated chunk 0x7fffc977b018 of 544744 bytes with 128 elements
[1756906227.402363] [eos0117:3273433:0]           mpool.c:138  UCX  DEBUG mpool ud_tx_skb: align 64, maxelems 4294967295, elemsize 4208
[1756906227.402375] [eos0117:3273433:0]        ud_iface.c:383  UCX  DEBUG iface 0x5555570d8010: adding gid fe80::946d:ae03:66:334 to hash on device mlx5_6 port 1 index 0)
[1756906227.402383] [eos0117:3273433:0]        ud_iface.c:383  UCX  DEBUG iface 0x5555570d8010: adding gid fe80:: to hash on device mlx5_6 port 1 index 1)
[1756906227.402389] [eos0117:3273433:0]        ud_iface.c:383  UCX  DEBUG iface 0x5555570d8010: adding gid fe80:: to hash on device mlx5_6 port 1 index 2)
[1756906227.402395] [eos0117:3273433:0]        ud_iface.c:383  UCX  DEBUG iface 0x5555570d8010: adding gid fe80:: to hash on device mlx5_6 port 1 index 3)
[1756906227.402402] [eos0117:3273433:0]        ud_iface.c:383  UCX  DEBUG iface 0x5555570d8010: adding gid fe80:: to hash on device mlx5_6 port 1 index 4)
[1756906227.402407] [eos0117:3273433:0]        ud_iface.c:383  UCX  DEBUG iface 0x5555570d8010: adding gid fe80:: to hash on device mlx5_6 port 1 index 5)
[1756906227.402413] [eos0117:3273433:0]        ud_iface.c:383  UCX  DEBUG iface 0x5555570d8010: adding gid fe80:: to hash on device mlx5_6 port 1 index 6)
[1756906227.402418] [eos0117:3273433:0]        ud_iface.c:383  UCX  DEBUG iface 0x5555570d8010: adding gid fe80:: to hash on device mlx5_6 port 1 index 7)
[1756906227.402510] [eos0117:3273433:0]     timer_wheel.c:41   UCX  DEBUG high res timer created log=23 resolution=4222.362278 usec wanted: 2499.999903 usec
[1756906227.402511] [eos0117:3273433:0]           async.c:248  UCX  DEBUG added async handler 0x555558319010 [id=136 ref 1] uct_ud_verbs_iface_async_handler() to hash
[1756906227.402517] [eos0117:3273433:0]           async.c:522  UCX  DEBUG listening to async event fd 136 events 0x5 mode thread_spinlock
[1756906227.402528] [eos0117:3273433:0]      ucp_worker.c:1436 UCX  DEBUG created interface[40]=0x5555570d8010 using ud_verbs/mlx5_6:1 on worker 0x55555696edf0
[1756906227.402678] [eos0117:3273433:0]        ib_iface.c:1078 UCX  DEBUG using pkey[0] 0xffff on mlx5_6:1/IB
[1756906227.402874] [eos0117:3273433:0]           mpool.c:282  UCX  DEBUG mpool devx dbrec: allocated chunk 0x555558460010 of 8176 bytes with 127 elements
[1756906227.405343] [eos0117:3273433:0]        ib_iface.c:1666 UCX  DEBUG created uct_ib_iface_t headroom_ofs 12 payload_ofs 92 hdr_ofs 90 data_sz 8256
[1756906227.405348] [eos0117:3273433:0]           mpool.c:138  UCX  DEBUG mpool rc_recv_desc: align 64, maxelems 4294967295, elemsize 8354
[1756906227.405349] [eos0117:3273433:0]           mpool.c:138  UCX  DEBUG mpool rc_send_desc: align 64, maxelems 4294967295, elemsize 8320
[1756906227.405920] [eos0117:3273433:0]           mpool.c:138  UCX  DEBUG mpool send-ops-mpool: align 64, maxelems 4294967295, elemsize 48
[1756906227.406256] [eos0117:3273433:0]           mpool.c:138  UCX  DEBUG mpool pending-ops: align 1, maxelems 4294967295, elemsize 112
[1756906227.406357] [eos0117:3273433:0]         ib_mlx5.c:1083 UCX  DEBUG SL=0 (AR support - no) was selected on mlx5_6:1, SLs with AR support = { 1, 2, 3, 4, 5, 6, 7, 8, 9, 10, 11, 12, 13, 14, 15 }, SLs without AR support = { 0 }
[1756906227.406767] [eos0117:3273433:0]           mpool.c:138  UCX  DEBUG mpool mlx5_dm_desc: align 64, maxelems 1, elemsize 64
[1756906227.406769] [eos0117:3273433:0]           mpool.c:138  UCX  DEBUG mpool rc_mlx5_atomic_desc: align 64, maxelems 4294967295, elemsize 72
[1756906227.406773] [eos0117:3273433:0]           async.c:248  UCX  DEBUG added async handler 0x555557798010 [id=138 ref 1] uct_rc_mlx5_devx_iface_event_handler() to hash
[1756906227.406778] [eos0117:3273433:0]           async.c:522  UCX  DEBUG listening to async event fd 138 events 0x1 mode thread_spinlock
[1756906227.407801] [eos0117:3273433:0]    ib_mlx5dv_md.c:2616 UCX  DEBUG counter_set_id on mlx5_6:1 is 0x1
[1756906227.408375] [eos0117:3273433:0]         dc_mlx5.c:407  UCX  DEBUG created DevX DCI 0x5289, rdma_wr_disabled=0
[1756906227.408684] [eos0117:3273433:0]         dc_mlx5.c:1729 UCX  DEBUG dc iface 0x5555583b3090: using 'dcs_quota' policy with 32 dcis and 32768 cqes, dct 0x5d7f
[1756906227.408685] [eos0117:3273433:0]         dc_mlx5.c:822  UCX  DEBUG creating dci pool 0 with 32 QPs
[1756906227.408686] [eos0117:3273433:0]         dc_mlx5.c:805  UCX  DEBUG dci pool config: (path_index=0, max_rd_atomic=64)
[1756906227.416107] [eos0117:3273433:0]           mpool.c:282  UCX  DEBUG mpool rc_recv_desc: allocated chunk 0x7ffd7e000018 of 39845864 bytes with 4752 elements
[1756906227.416770] [eos0117:3273433:0]         dc_mlx5.c:1749 UCX  DEBUG created dc iface 0x5555583b3090
[1756906227.416783] [eos0117:3273433:0]      ucp_worker.c:1436 UCX  DEBUG created interface[41]=0x5555583b3090 using dc_mlx5/mlx5_6:1 on worker 0x55555696edf0
[1756906227.416939] [eos0117:3273433:0]        ib_iface.c:1078 UCX  DEBUG using pkey[0] 0xffff on mlx5_6:1/IB
[1756906227.417991] [eos0117:3273433:0]        ib_iface.c:1666 UCX  DEBUG created uct_ib_iface_t headroom_ofs 12 payload_ofs 92 hdr_ofs 90 data_sz 8256
[1756906227.417996] [eos0117:3273433:0]           mpool.c:138  UCX  DEBUG mpool rc_recv_desc: align 64, maxelems 4294967295, elemsize 8354
[1756906227.417997] [eos0117:3273433:0]           mpool.c:138  UCX  DEBUG mpool rc_send_desc: align 64, maxelems 4294967295, elemsize 8320
[1756906227.418068] [eos0117:3273433:0]           mpool.c:138  UCX  DEBUG mpool send-ops-mpool: align 64, maxelems 4294967295, elemsize 48
[1756906227.418393] [eos0117:3273433:0]           mpool.c:138  UCX  DEBUG mpool pending-ops: align 1, maxelems 4294967295, elemsize 64
[1756906227.418485] [eos0117:3273433:0]         ib_mlx5.c:1083 UCX  DEBUG SL=0 (AR support - no) was selected on mlx5_6:1, SLs with AR support = { 1, 2, 3, 4, 5, 6, 7, 8, 9, 10, 11, 12, 13, 14, 15 }, SLs without AR support = { 0 }
[1756906227.418486] [eos0117:3273433:0]           mpool.c:138  UCX  DEBUG mpool rc_mlx5_atomic_desc: align 64, maxelems 4294967295, elemsize 72
[1756906227.418491] [eos0117:3273433:0]           async.c:248  UCX  DEBUG added async handler 0x555558764010 [id=141 ref 1] uct_rc_mlx5_devx_iface_event_handler() to hash
[1756906227.418497] [eos0117:3273433:0]           async.c:522  UCX  DEBUG listening to async event fd 141 events 0x1 mode thread_spinlock
[1756906227.418511] [eos0117:3273433:0]      ucp_worker.c:1436 UCX  DEBUG created interface[42]=0x55555865a060 using rc_mlx5/mlx5_6:1 on worker 0x55555696edf0
[1756906227.419367] [eos0117:3273433:0]        ib_iface.c:1078 UCX  DEBUG using pkey[0] 0xffff on mlx5_6:1/IB
[1756906227.420062] [eos0117:3273433:0]        ib_iface.c:1666 UCX  DEBUG created uct_ib_iface_t headroom_ofs 12 payload_ofs 92 hdr_ofs 44 data_sz 4136
[1756906227.420409] [eos0117:3273433:0]        ib_iface.c:1203 UCX  DEBUG mlx5_6: iface 0x5555577940d0 created UD QP 0x5d83 on mlx5_6:1 TX wr:256 sge:2 inl:60 resp:0 RX wr:4096 sge:1 resp:0
[1756906227.420411] [eos0117:3273433:0]         ib_mlx5.c:776  UCX  DEBUG tx wq 32768 bytes [bb=64, nwqe=512] mmio_mode bf_post_mt
[1756906227.420685] [eos0117:3273433:0]           mpool.c:138  UCX  DEBUG mpool ud_recv_skb: align 64, maxelems 4294967295, elemsize 4188
[1756906227.420843] [eos0117:3273433:0]           mpool.c:282  UCX  DEBUG mpool ud_recv_skb: allocated chunk 0x7fffc96f6018 of 544744 bytes with 128 elements
[1756906227.420845] [eos0117:3273433:0]           mpool.c:138  UCX  DEBUG mpool ud_tx_skb: align 64, maxelems 4294967295, elemsize 4208
[1756906227.420854] [eos0117:3273433:0]        ud_iface.c:383  UCX  DEBUG iface 0x5555577940d0: adding gid fe80::946d:ae03:66:334 to hash on device mlx5_6 port 1 index 0)
[1756906227.420859] [eos0117:3273433:0]        ud_iface.c:383  UCX  DEBUG iface 0x5555577940d0: adding gid fe80:: to hash on device mlx5_6 port 1 index 1)
[1756906227.420865] [eos0117:3273433:0]        ud_iface.c:383  UCX  DEBUG iface 0x5555577940d0: adding gid fe80:: to hash on device mlx5_6 port 1 index 2)
[1756906227.420880] [eos0117:3273433:0]        ud_iface.c:383  UCX  DEBUG iface 0x5555577940d0: adding gid fe80:: to hash on device mlx5_6 port 1 index 3)
[1756906227.420885] [eos0117:3273433:0]        ud_iface.c:383  UCX  DEBUG iface 0x5555577940d0: adding gid fe80:: to hash on device mlx5_6 port 1 index 4)
[1756906227.420891] [eos0117:3273433:0]        ud_iface.c:383  UCX  DEBUG iface 0x5555577940d0: adding gid fe80:: to hash on device mlx5_6 port 1 index 5)
[1756906227.420895] [eos0117:3273433:0]        ud_iface.c:383  UCX  DEBUG iface 0x5555577940d0: adding gid fe80:: to hash on device mlx5_6 port 1 index 6)
[1756906227.420901] [eos0117:3273433:0]        ud_iface.c:383  UCX  DEBUG iface 0x5555577940d0: adding gid fe80:: to hash on device mlx5_6 port 1 index 7)
[1756906227.420999] [eos0117:3273433:0]         ib_mlx5.c:1083 UCX  DEBUG SL=0 (AR support - no) was selected on mlx5_6:1, SLs with AR support = { 1, 2, 3, 4, 5, 6, 7, 8, 9, 10, 11, 12, 13, 14, 15 }, SLs without AR support = { 0 }
[1756906227.421012] [eos0117:3273433:0]     timer_wheel.c:41   UCX  DEBUG high res timer created log=23 resolution=4222.362278 usec wanted: 2499.999903 usec
[1756906227.421013] [eos0117:3273433:0]           async.c:248  UCX  DEBUG added async handler 0x555558845010 [id=143 ref 1] uct_ud_mlx5_iface_async_handler() to hash
[1756906227.421018] [eos0117:3273433:0]           async.c:522  UCX  DEBUG listening to async event fd 143 events 0x5 mode thread_spinlock
[1756906227.421029] [eos0117:3273433:0]      ucp_worker.c:1436 UCX  DEBUG created interface[43]=0x5555577940d0 using ud_mlx5/mlx5_6:1 on worker 0x55555696edf0
[1756906227.421273] [eos0117:3273433:0]        ib_iface.c:1078 UCX  DEBUG using pkey[0] 0xffff on mlx5_9:1/IB
[1756906227.422015] [eos0117:3273433:0]        ib_iface.c:1666 UCX  DEBUG created uct_ib_iface_t headroom_ofs 12 payload_ofs 92 hdr_ofs 91 data_sz 8256
[1756906227.422027] [eos0117:3273433:0]           mpool.c:138  UCX  DEBUG mpool rc_recv_desc: align 64, maxelems 4294967295, elemsize 8355
[1756906227.422028] [eos0117:3273433:0]           mpool.c:138  UCX  DEBUG mpool rc_send_desc: align 64, maxelems 4294967295, elemsize 8320
[1756906227.422101] [eos0117:3273433:0]           mpool.c:138  UCX  DEBUG mpool send-ops-mpool: align 64, maxelems 4294967295, elemsize 48
[1756906227.422395] [eos0117:3273433:0]           mpool.c:138  UCX  DEBUG mpool pending-ops: align 1, maxelems 4294967295, elemsize 64
[1756906227.422396] [eos0117:3273433:0]           mpool.c:138  UCX  DEBUG mpool rc_verbs_short_desc: align 64, maxelems 4294967295, elemsize 192
[1756906227.422660] [eos0117:3273433:0]        ib_iface.c:1203 UCX  DEBUG mlx5_9: iface 0x555558866010 created RC QP 0x51c5 on mlx5_9:1 TX wr:409 sge:5 inl:124 resp:64 RX wr:0 sge:0 resp:64
[1756906227.422963] [eos0117:3273433:0]      ucp_worker.c:1436 UCX  DEBUG created interface[44]=0x555558866010 using rc_verbs/mlx5_9:1 on worker 0x55555696edf0
[1756906227.423061] [eos0117:3273433:0]        ib_iface.c:1078 UCX  DEBUG using pkey[0] 0xffff on mlx5_9:1/IB
[1756906227.423669] [eos0117:3273433:0]        ib_iface.c:1666 UCX  DEBUG created uct_ib_iface_t headroom_ofs 12 payload_ofs 92 hdr_ofs 44 data_sz 4136
[1756906227.424033] [eos0117:3273433:0]        ib_iface.c:1203 UCX  DEBUG mlx5_9: iface 0x55555781a0b0 created UD QP 0x5cba on mlx5_9:1 TX wr:341 sge:6 inl:124 resp:0 RX wr:4096 sge:1 resp:0
[1756906227.424305] [eos0117:3273433:0]           mpool.c:138  UCX  DEBUG mpool ud_recv_skb: align 64, maxelems 4294967295, elemsize 4188
[1756906227.424458] [eos0117:3273433:0]           mpool.c:282  UCX  DEBUG mpool ud_recv_skb: allocated chunk 0x7fffc9671018 of 544744 bytes with 128 elements
[1756906227.424460] [eos0117:3273433:0]           mpool.c:138  UCX  DEBUG mpool ud_tx_skb: align 64, maxelems 4294967295, elemsize 4208
[1756906227.424470] [eos0117:3273433:0]        ud_iface.c:383  UCX  DEBUG iface 0x55555781a0b0: adding gid fe80::946d:ae03:66:33c to hash on device mlx5_9 port 1 index 0)
[1756906227.424476] [eos0117:3273433:0]        ud_iface.c:383  UCX  DEBUG iface 0x55555781a0b0: adding gid fe80:: to hash on device mlx5_9 port 1 index 1)
[1756906227.424482] [eos0117:3273433:0]        ud_iface.c:383  UCX  DEBUG iface 0x55555781a0b0: adding gid fe80:: to hash on device mlx5_9 port 1 index 2)
[1756906227.424487] [eos0117:3273433:0]        ud_iface.c:383  UCX  DEBUG iface 0x55555781a0b0: adding gid fe80:: to hash on device mlx5_9 port 1 index 3)
[1756906227.424492] [eos0117:3273433:0]        ud_iface.c:383  UCX  DEBUG iface 0x55555781a0b0: adding gid fe80:: to hash on device mlx5_9 port 1 index 4)
[1756906227.424497] [eos0117:3273433:0]        ud_iface.c:383  UCX  DEBUG iface 0x55555781a0b0: adding gid fe80:: to hash on device mlx5_9 port 1 index 5)
[1756906227.424502] [eos0117:3273433:0]        ud_iface.c:383  UCX  DEBUG iface 0x55555781a0b0: adding gid fe80:: to hash on device mlx5_9 port 1 index 6)
[1756906227.424507] [eos0117:3273433:0]        ud_iface.c:383  UCX  DEBUG iface 0x55555781a0b0: adding gid fe80:: to hash on device mlx5_9 port 1 index 7)
[1756906227.424590] [eos0117:3273433:0]     timer_wheel.c:41   UCX  DEBUG high res timer created log=23 resolution=4222.362278 usec wanted: 2499.999903 usec
[1756906227.424592] [eos0117:3273433:0]           async.c:248  UCX  DEBUG added async handler 0x555558930010 [id=145 ref 1] uct_ud_verbs_iface_async_handler() to hash
[1756906227.424597] [eos0117:3273433:0]           async.c:522  UCX  DEBUG listening to async event fd 145 events 0x5 mode thread_spinlock
[1756906227.424608] [eos0117:3273433:0]      ucp_worker.c:1436 UCX  DEBUG created interface[45]=0x55555781a0b0 using ud_verbs/mlx5_9:1 on worker 0x55555696edf0
[1756906227.424756] [eos0117:3273433:0]        ib_iface.c:1078 UCX  DEBUG using pkey[0] 0xffff on mlx5_9:1/IB
[1756906227.424947] [eos0117:3273433:0]           mpool.c:282  UCX  DEBUG mpool devx dbrec: allocated chunk 0x555558a7b010 of 8176 bytes with 127 elements
[1756906227.427410] [eos0117:3273433:0]        ib_iface.c:1666 UCX  DEBUG created uct_ib_iface_t headroom_ofs 12 payload_ofs 92 hdr_ofs 90 data_sz 8256
[1756906227.427423] [eos0117:3273433:0]           mpool.c:138  UCX  DEBUG mpool rc_recv_desc: align 64, maxelems 4294967295, elemsize 8354
[1756906227.427424] [eos0117:3273433:0]           mpool.c:138  UCX  DEBUG mpool rc_send_desc: align 64, maxelems 4294967295, elemsize 8320
[1756906227.427861] [eos0117:3273433:0]           mpool.c:138  UCX  DEBUG mpool send-ops-mpool: align 64, maxelems 4294967295, elemsize 48
[1756906227.428189] [eos0117:3273433:0]           mpool.c:138  UCX  DEBUG mpool pending-ops: align 1, maxelems 4294967295, elemsize 112
[1756906227.428281] [eos0117:3273433:0]         ib_mlx5.c:1083 UCX  DEBUG SL=0 (AR support - no) was selected on mlx5_9:1, SLs with AR support = { 1, 2, 3, 4, 5, 6, 7, 8, 9, 10, 11, 12, 13, 14, 15 }, SLs without AR support = { 0 }
[1756906227.428697] [eos0117:3273433:0]           mpool.c:138  UCX  DEBUG mpool mlx5_dm_desc: align 64, maxelems 1, elemsize 64
[1756906227.428699] [eos0117:3273433:0]           mpool.c:138  UCX  DEBUG mpool rc_mlx5_atomic_desc: align 64, maxelems 4294967295, elemsize 72
[1756906227.428703] [eos0117:3273433:0]           async.c:248  UCX  DEBUG added async handler 0x555558afe010 [id=147 ref 1] uct_rc_mlx5_devx_iface_event_handler() to hash
[1756906227.428709] [eos0117:3273433:0]           async.c:522  UCX  DEBUG listening to async event fd 147 events 0x1 mode thread_spinlock
[1756906227.429732] [eos0117:3273433:0]    ib_mlx5dv_md.c:2616 UCX  DEBUG counter_set_id on mlx5_9:1 is 0x1
[1756906227.430306] [eos0117:3273433:0]         dc_mlx5.c:407  UCX  DEBUG created DevX DCI 0x51c7, rdma_wr_disabled=0
[1756906227.430620] [eos0117:3273433:0]         dc_mlx5.c:1729 UCX  DEBUG dc iface 0x555558a72030: using 'dcs_quota' policy with 32 dcis and 32768 cqes, dct 0x5cbd
[1756906227.430621] [eos0117:3273433:0]         dc_mlx5.c:822  UCX  DEBUG creating dci pool 0 with 32 QPs
[1756906227.430622] [eos0117:3273433:0]         dc_mlx5.c:805  UCX  DEBUG dci pool config: (path_index=0, max_rd_atomic=64)
[1756906227.438049] [eos0117:3273433:0]           mpool.c:282  UCX  DEBUG mpool rc_recv_desc: allocated chunk 0x7ffd7b800018 of 39845864 bytes with 4752 elements
[1756906227.438667] [eos0117:3273433:0]         dc_mlx5.c:1749 UCX  DEBUG created dc iface 0x555558a72030
[1756906227.438680] [eos0117:3273433:0]      ucp_worker.c:1436 UCX  DEBUG created interface[46]=0x555558a72030 using dc_mlx5/mlx5_9:1 on worker 0x55555696edf0
[1756906227.438833] [eos0117:3273433:0]        ib_iface.c:1078 UCX  DEBUG using pkey[0] 0xffff on mlx5_9:1/IB
[1756906227.439883] [eos0117:3273433:0]        ib_iface.c:1666 UCX  DEBUG created uct_ib_iface_t headroom_ofs 12 payload_ofs 92 hdr_ofs 90 data_sz 8256
[1756906227.439887] [eos0117:3273433:0]           mpool.c:138  UCX  DEBUG mpool rc_recv_desc: align 64, maxelems 4294967295, elemsize 8354
[1756906227.439888] [eos0117:3273433:0]           mpool.c:138  UCX  DEBUG mpool rc_send_desc: align 64, maxelems 4294967295, elemsize 8320
[1756906227.439955] [eos0117:3273433:0]           mpool.c:138  UCX  DEBUG mpool send-ops-mpool: align 64, maxelems 4294967295, elemsize 48
[1756906227.440275] [eos0117:3273433:0]           mpool.c:138  UCX  DEBUG mpool pending-ops: align 1, maxelems 4294967295, elemsize 64
[1756906227.440368] [eos0117:3273433:0]         ib_mlx5.c:1083 UCX  DEBUG SL=0 (AR support - no) was selected on mlx5_9:1, SLs with AR support = { 1, 2, 3, 4, 5, 6, 7, 8, 9, 10, 11, 12, 13, 14, 15 }, SLs without AR support = { 0 }
[1756906227.440370] [eos0117:3273433:0]           mpool.c:138  UCX  DEBUG mpool rc_mlx5_atomic_desc: align 64, maxelems 4294967295, elemsize 72
[1756906227.440374] [eos0117:3273433:0]           async.c:248  UCX  DEBUG added async handler 0x555558d7d010 [id=150 ref 1] uct_rc_mlx5_devx_iface_event_handler() to hash
[1756906227.440379] [eos0117:3273433:0]           async.c:522  UCX  DEBUG listening to async event fd 150 events 0x1 mode thread_spinlock
[1756906227.440393] [eos0117:3273433:0]      ucp_worker.c:1436 UCX  DEBUG created interface[47]=0x555558c73060 using rc_mlx5/mlx5_9:1 on worker 0x55555696edf0
[1756906227.441659] [eos0117:3273433:0]        ib_iface.c:1078 UCX  DEBUG using pkey[0] 0xffff on mlx5_9:1/IB
[1756906227.442278] [eos0117:3273433:0]        ib_iface.c:1666 UCX  DEBUG created uct_ib_iface_t headroom_ofs 12 payload_ofs 92 hdr_ofs 44 data_sz 4136
[1756906227.442785] [eos0117:3273433:0]        ib_iface.c:1203 UCX  DEBUG mlx5_9: iface 0x555558a450d0 created UD QP 0x5cc1 on mlx5_9:1 TX wr:256 sge:2 inl:60 resp:0 RX wr:4096 sge:1 resp:0
[1756906227.442786] [eos0117:3273433:0]         ib_mlx5.c:776  UCX  DEBUG tx wq 32768 bytes [bb=64, nwqe=512] mmio_mode bf_post_mt
[1756906227.443063] [eos0117:3273433:0]           mpool.c:138  UCX  DEBUG mpool ud_recv_skb: align 64, maxelems 4294967295, elemsize 4188
[1756906227.443219] [eos0117:3273433:0]           mpool.c:282  UCX  DEBUG mpool ud_recv_skb: allocated chunk 0x7fffc937b018 of 544744 bytes with 128 elements
[1756906227.443221] [eos0117:3273433:0]           mpool.c:138  UCX  DEBUG mpool ud_tx_skb: align 64, maxelems 4294967295, elemsize 4208
[1756906227.443230] [eos0117:3273433:0]        ud_iface.c:383  UCX  DEBUG iface 0x555558a450d0: adding gid fe80::946d:ae03:66:33c to hash on device mlx5_9 port 1 index 0)
[1756906227.443236] [eos0117:3273433:0]        ud_iface.c:383  UCX  DEBUG iface 0x555558a450d0: adding gid fe80:: to hash on device mlx5_9 port 1 index 1)
[1756906227.443241] [eos0117:3273433:0]        ud_iface.c:383  UCX  DEBUG iface 0x555558a450d0: adding gid fe80:: to hash on device mlx5_9 port 1 index 2)
[1756906227.443246] [eos0117:3273433:0]        ud_iface.c:383  UCX  DEBUG iface 0x555558a450d0: adding gid fe80:: to hash on device mlx5_9 port 1 index 3)
[1756906227.443251] [eos0117:3273433:0]        ud_iface.c:383  UCX  DEBUG iface 0x555558a450d0: adding gid fe80:: to hash on device mlx5_9 port 1 index 4)
[1756906227.443256] [eos0117:3273433:0]        ud_iface.c:383  UCX  DEBUG iface 0x555558a450d0: adding gid fe80:: to hash on device mlx5_9 port 1 index 5)
[1756906227.443261] [eos0117:3273433:0]        ud_iface.c:383  UCX  DEBUG iface 0x555558a450d0: adding gid fe80:: to hash on device mlx5_9 port 1 index 6)
[1756906227.443266] [eos0117:3273433:0]        ud_iface.c:383  UCX  DEBUG iface 0x555558a450d0: adding gid fe80:: to hash on device mlx5_9 port 1 index 7)
[1756906227.443359] [eos0117:3273433:0]         ib_mlx5.c:1083 UCX  DEBUG SL=0 (AR support - no) was selected on mlx5_9:1, SLs with AR support = { 1, 2, 3, 4, 5, 6, 7, 8, 9, 10, 11, 12, 13, 14, 15 }, SLs without AR support = { 0 }
[1756906227.443373] [eos0117:3273433:0]     timer_wheel.c:41   UCX  DEBUG high res timer created log=23 resolution=4222.362278 usec wanted: 2499.999903 usec
[1756906227.443375] [eos0117:3273433:0]           async.c:248  UCX  DEBUG added async handler 0x555558dc8010 [id=152 ref 1] uct_ud_mlx5_iface_async_handler() to hash
[1756906227.443380] [eos0117:3273433:0]           async.c:522  UCX  DEBUG listening to async event fd 152 events 0x5 mode thread_spinlock
[1756906227.443390] [eos0117:3273433:0]      ucp_worker.c:1436 UCX  DEBUG created interface[48]=0x555558a450d0 using ud_mlx5/mlx5_9:1 on worker 0x55555696edf0
[1756906227.443624] [eos0117:3273433:0]        ib_iface.c:1078 UCX  DEBUG using pkey[0] 0xffff on mlx5_10:1/IB
[1756906227.444357] [eos0117:3273433:0]        ib_iface.c:1666 UCX  DEBUG created uct_ib_iface_t headroom_ofs 12 payload_ofs 92 hdr_ofs 91 data_sz 8256
[1756906227.444369] [eos0117:3273433:0]           mpool.c:138  UCX  DEBUG mpool rc_recv_desc: align 64, maxelems 4294967295, elemsize 8355
[1756906227.444370] [eos0117:3273433:0]           mpool.c:138  UCX  DEBUG mpool rc_send_desc: align 64, maxelems 4294967295, elemsize 8320
[1756906227.444441] [eos0117:3273433:0]           mpool.c:138  UCX  DEBUG mpool send-ops-mpool: align 64, maxelems 4294967295, elemsize 48
[1756906227.444734] [eos0117:3273433:0]           mpool.c:138  UCX  DEBUG mpool pending-ops: align 1, maxelems 4294967295, elemsize 64
[1756906227.444735] [eos0117:3273433:0]           mpool.c:138  UCX  DEBUG mpool rc_verbs_short_desc: align 64, maxelems 4294967295, elemsize 192
[1756906227.444998] [eos0117:3273433:0]        ib_iface.c:1203 UCX  DEBUG mlx5_10: iface 0x555558e7f070 created RC QP 0x4768 on mlx5_10:1 TX wr:409 sge:5 inl:124 resp:64 RX wr:0 sge:0 resp:64
[1756906227.445285] [eos0117:3273433:0]      ucp_worker.c:1436 UCX  DEBUG created interface[49]=0x555558e7f070 using rc_verbs/mlx5_10:1 on worker 0x55555696edf0
[1756906227.445382] [eos0117:3273433:0]        ib_iface.c:1078 UCX  DEBUG using pkey[0] 0xffff on mlx5_10:1/IB
[1756906227.445973] [eos0117:3273433:0]        ib_iface.c:1666 UCX  DEBUG created uct_ib_iface_t headroom_ofs 12 payload_ofs 92 hdr_ofs 44 data_sz 4136
[1756906227.446309] [eos0117:3273433:0]        ib_iface.c:1203 UCX  DEBUG mlx5_10: iface 0x5555582364b0 created UD QP 0x5cba on mlx5_10:1 TX wr:341 sge:6 inl:124 resp:0 RX wr:4096 sge:1 resp:0
[1756906227.446585] [eos0117:3273433:0]           mpool.c:138  UCX  DEBUG mpool ud_recv_skb: align 64, maxelems 4294967295, elemsize 4188
[1756906227.446735] [eos0117:3273433:0]           mpool.c:282  UCX  DEBUG mpool ud_recv_skb: allocated chunk 0x7fffc92f6018 of 544744 bytes with 128 elements
[1756906227.446737] [eos0117:3273433:0]           mpool.c:138  UCX  DEBUG mpool ud_tx_skb: align 64, maxelems 4294967295, elemsize 4208
[1756906227.446745] [eos0117:3273433:0]        ud_iface.c:383  UCX  DEBUG iface 0x5555582364b0: adding gid fe80::946d:ae03:66:338 to hash on device mlx5_10 port 1 index 0)
[1756906227.446750] [eos0117:3273433:0]        ud_iface.c:383  UCX  DEBUG iface 0x5555582364b0: adding gid fe80:: to hash on device mlx5_10 port 1 index 1)
[1756906227.446755] [eos0117:3273433:0]        ud_iface.c:383  UCX  DEBUG iface 0x5555582364b0: adding gid fe80:: to hash on device mlx5_10 port 1 index 2)
[1756906227.446761] [eos0117:3273433:0]        ud_iface.c:383  UCX  DEBUG iface 0x5555582364b0: adding gid fe80:: to hash on device mlx5_10 port 1 index 3)
[1756906227.446765] [eos0117:3273433:0]        ud_iface.c:383  UCX  DEBUG iface 0x5555582364b0: adding gid fe80:: to hash on device mlx5_10 port 1 index 4)
[17569062slurmstepd: error:  mpi/pmix_v4: _errhandler: eos0117 [1]: pmixp_client_v2.c:211: Error handler invoked: status = -61, source = [slurm.pmix.3597655.1:15]
