--- Starting Legate Application ---
[1756857419.930495] [eos0005:202398:0]           debug.c:1158 UCX  DEBUG using signal stack 0x7ffff7b4d000 size 141824
[1756857419.932609] [eos0005:202398:0]             cpu.c:339  UCX  DEBUG measured tsc frequency 1981.053 MHz after 0.08 ms
[1756857419.932621] [eos0005:202398:0]            init.c:121  UCX  DEBUG /opt/nvidia/hpc_sdk/Linux_x86_64/25.3/comm_libs/12.8/hpcx/hpcx-2.22.1/ucx/lib/libucs.so.0 loaded at 0x7ffff7e30000
[1756857419.932629] [eos0005:202398:0]            init.c:122  UCX  DEBUG cmd line: bash /root/miniconda3/envs/legate/share/legate/libexec/legate-bind.sh --launcher auto -- python /project/coreai_devtech_all/shixunw/cupynumeric.internal/test_fancy_indexing.py 
[1756857419.932635] [eos0005:202398:0]          module.c:72   UCX  DEBUG ucs library path: /opt/nvidia/hpc_sdk/Linux_x86_64/25.3/comm_libs/12.8/hpcx/hpcx-2.22.1/ucx/lib/libucs.so.0
[1756857419.932636] [eos0005:202398:0]          module.c:280  UCX  DEBUG loading modules for ucs
[1756857419.932637] [eos0005:202398:0]          module.c:242  UCX  DEBUG loading module 'fuse' with mode 0x101
[1756857419.932693] [eos0005:202398:0]          module.c:183  UCX  DEBUG loaded /opt/nvidia/hpc_sdk/Linux_x86_64/25.3/comm_libs/12.8/hpcx/hpcx-2.22.1/ucx/lib/ucx/libucs_fuse.so.0.0.0 [0x5555556b9580]
[eos0005.eos.clusters.nvidia.com:202398] mca: base: components_register: registering framework btl components
[eos0005.eos.clusters.nvidia.com:202398] mca: base: components_register: found loaded component vader
[eos0005.eos.clusters.nvidia.com:202398] mca: base: components_register: component vader register function successful
[eos0005.eos.clusters.nvidia.com:202398] mca: base: components_register: found loaded component tcp
[eos0005.eos.clusters.nvidia.com:202398] mca: base: components_register: component tcp register function successful
[eos0005.eos.clusters.nvidia.com:202398] mca: base: components_register: found loaded component smcuda
[eos0005.eos.clusters.nvidia.com:202398] mca: base: components_register: component smcuda register function successful
[eos0005.eos.clusters.nvidia.com:202398] mca: base: components_register: found loaded component sm
[eos0005.eos.clusters.nvidia.com:202398] mca: base: components_register: found loaded component self
[eos0005.eos.clusters.nvidia.com:202398] mca: base: components_register: component self register function successful
[eos0005.eos.clusters.nvidia.com:202398] mca: base: components_open: opening btl components
[eos0005.eos.clusters.nvidia.com:202398] mca: base: components_open: found loaded component vader
[eos0005.eos.clusters.nvidia.com:202398] mca: base: components_open: component vader open function successful
[eos0005.eos.clusters.nvidia.com:202398] mca: base: components_open: found loaded component tcp
[eos0005.eos.clusters.nvidia.com:202398] mca: base: components_open: component tcp open function successful
[eos0005.eos.clusters.nvidia.com:202398] mca: base: components_open: found loaded component smcuda
[eos0005.eos.clusters.nvidia.com:202398] btl: smcuda: cuda_max_send_size=131072, max_send_size=32768, max_frag_size=131072
[eos0005.eos.clusters.nvidia.com:202398] mca: base: components_open: component smcuda open function successful
[eos0005.eos.clusters.nvidia.com:202398] mca: base: components_open: found loaded component self
[eos0005.eos.clusters.nvidia.com:202398] mca: base: components_open: component self open function successful
[eos0005.eos.clusters.nvidia.com:202398] select: initializing btl component vader
[eos0005.eos.clusters.nvidia.com:202398] select: init of component vader returned success
[eos0005.eos.clusters.nvidia.com:202398] select: initializing btl component tcp
[eos0005.eos.clusters.nvidia.com:202398] btl: tcp: Using interface: eth3 
[eos0005.eos.clusters.nvidia.com:202398] btl:tcp: Attempting to bind to AF_INET port 1024
[eos0005.eos.clusters.nvidia.com:202398] btl:tcp: Attempting to bind to AF_INET port 1025
[eos0005.eos.clusters.nvidia.com:202398] btl:tcp: Attempting to bind to AF_INET port 1026
[eos0005.eos.clusters.nvidia.com:202398] btl:tcp: Attempting to bind to AF_INET port 1027
[eos0005.eos.clusters.nvidia.com:202398] btl:tcp: Attempting to bind to AF_INET port 1028
[eos0005.eos.clusters.nvidia.com:202398] btl:tcp: Attempting to bind to AF_INET port 1029
[eos0005.eos.clusters.nvidia.com:202398] btl:tcp: Successfully bound to AF_INET port 1029
[eos0005.eos.clusters.nvidia.com:202398] btl:tcp: my listening v4 socket is 0.0.0.0:1029
[eos0005.eos.clusters.nvidia.com:202398] btl:tcp: examining interface eth3
[eos0005.eos.clusters.nvidia.com:202398] btl:tcp: using ipv6 interface eth3
[eos0005.eos.clusters.nvidia.com:202398] select: init of component tcp returned success
[eos0005.eos.clusters.nvidia.com:202398] select: initializing btl component smcuda
[eos0005.eos.clusters.nvidia.com:202398] select: init of component smcuda returned success
[eos0005.eos.clusters.nvidia.com:202398] select: initializing btl component self
[eos0005.eos.clusters.nvidia.com:202398] select: init of component self returned success
[1756857419.977217] [eos0005:202398:0]           debug.c:1158 UCX  DEBUG using signal stack 0x7ffff7b92000 size 141824
[1756857419.997406] [eos0005:202398:0]             cpu.c:339  UCX  DEBUG measured tsc frequency 1990.100 MHz after 0.06 ms
[1756857419.997426] [eos0005:202398:0]            init.c:121  UCX  DEBUG /opt/nvidia/hpc_sdk/Linux_x86_64/25.3/comm_libs/12.8/hpcx/hpcx-2.22.1/ucx/lib/libucs.so.0 loaded at 0x7ffff7e30000
[1756857419.997439] [eos0005:202398:0]            init.c:122  UCX  DEBUG cmd line: python /project/coreai_devtech_all/shixunw/cupynumeric.internal/test_fancy_indexing.py 
[1756857419.997446] [eos0005:202398:0]          module.c:72   UCX  DEBUG ucs library path: /opt/nvidia/hpc_sdk/Linux_x86_64/25.3/comm_libs/12.8/hpcx/hpcx-2.22.1/ucx/lib/libucs.so.0
[1756857419.997448] [eos0005:202398:0]          module.c:280  UCX  DEBUG loading modules for ucs
[1756857419.997449] [eos0005:202398:0]          module.c:242  UCX  DEBUG loading module 'fuse' with mode 0x101
[1756857419.997527] [eos0005:202398:0]          module.c:183  UCX  DEBUG loaded /opt/nvidia/hpc_sdk/Linux_x86_64/25.3/comm_libs/12.8/hpcx/hpcx-2.22.1/ucx/lib/ucx/libucs_fuse.so.0.0.0 [0x555555b33500]
[1756857420.289514] [eos0005:202398:0]            time.c:22   UCX  DEBUG arch clock frequency: 1990100000.00 Hz
[1756857420.289557] [eos0005:202398:0]     ucp_context.c:2257 UCX  INFO  Version 1.18.0 (loaded from /opt/nvidia/hpc_sdk/Linux_x86_64/25.3/comm_libs/12.8/hpcx/hpcx-2.22.1/ucx/lib/libucp.so.0)
[1756857420.289562] [eos0005:202398:0]     ucp_context.c:2016 UCX  DEBUG estimated number of endpoints is 16
[1756857420.289563] [eos0005:202398:0]     ucp_context.c:2023 UCX  DEBUG estimated number of endpoints per node is 8
[1756857420.289564] [eos0005:202398:0]     ucp_context.c:2033 UCX  DEBUG estimated bcopy bandwidth is 7340032000.000000
[1756857420.289569] [eos0005:202398:0]     ucp_context.c:2092 UCX  DEBUG allocation method[0] is md 'sysv'
[1756857420.289570] [eos0005:202398:0]     ucp_context.c:2092 UCX  DEBUG allocation method[1] is md 'posix'
[1756857420.289576] [eos0005:202398:0]     ucp_context.c:2104 UCX  DEBUG allocation method[2] is 'thp'
[1756857420.289577] [eos0005:202398:0]     ucp_context.c:2092 UCX  DEBUG allocation method[3] is md '*'
[1756857420.289577] [eos0005:202398:0]     ucp_context.c:2104 UCX  DEBUG allocation method[4] is 'mmap'
[1756857420.289578] [eos0005:202398:0]     ucp_context.c:2104 UCX  DEBUG allocation method[5] is 'heap'
[1756857420.289586] [eos0005:202398:0]          module.c:280  UCX  DEBUG loading modules for uct
[1756857420.289587] [eos0005:202398:0]          module.c:242  UCX  DEBUG loading module 'cuda' with mode 0x1
[1756857425.292863] [eos0005:202398:0]          module.c:183  UCX  DEBUG loaded /opt/nvidia/hpc_sdk/Linux_x86_64/25.3/comm_libs/12.8/hpcx/hpcx-2.22.1/ucx/lib/ucx/libuct_cuda.so.0.0.0 [0x5555563db1c0]
[1756857425.292888] [eos0005:202398:0]          module.c:192  UCX  DEBUG calling 'ucs_module_global_init' in '/opt/nvidia/hpc_sdk/Linux_x86_64/25.3/comm_libs/12.8/hpcx/hpcx-2.22.1/ucx/lib/ucx/libuct_cuda.so.0.0.0': [0x7fffcaa6b470]
[1756857425.292893] [eos0005:202398:0]          module.c:280  UCX  DEBUG loading modules for uct_cuda
[1756857425.292897] [eos0005:202398:0]          module.c:242  UCX  DEBUG loading module 'gdrcopy' with mode 0x1
[1756857425.293084] [eos0005:202398:0]          module.c:183  UCX  DEBUG loaded /opt/nvidia/hpc_sdk/Linux_x86_64/25.3/comm_libs/12.8/hpcx/hpcx-2.22.1/ucx/lib/ucx/libuct_cuda_gdrcopy.so.0.0.0 [0x55555638b4d0]
[1756857425.293087] [eos0005:202398:0]          module.c:165  UCX  DEBUG ignoring 'ucs_module_global_init' (0x7fffcaa6b470) from libuct_cuda.so.0 (0x7fffcaa63000), expected in libuct_cuda_gdrcopy.so.0 (7fffcaa0a000)
[1756857425.293090] [eos0005:202398:0]          module.c:242  UCX  DEBUG loading module 'ib' with mode 0x1
[1756857425.293300] [eos0005:202398:0]          module.c:280  UCX  DEBUG loading modules for uct_ib
[1756857425.293302] [eos0005:202398:0]          module.c:242  UCX  DEBUG loading module 'mlx5' with mode 0x1
[1756857425.293566] [eos0005:202398:0]          module.c:183  UCX  DEBUG loaded /opt/nvidia/hpc_sdk/Linux_x86_64/25.3/comm_libs/12.8/hpcx/hpcx-2.22.1/ucx/lib/ucx/libuct_ib_mlx5.so.0.0.0 [0x55555638d1e0]
[1756857425.293575] [eos0005:202398:0]          module.c:183  UCX  DEBUG loaded /opt/nvidia/hpc_sdk/Linux_x86_64/25.3/comm_libs/12.8/hpcx/hpcx-2.22.1/ucx/lib/ucx/libuct_ib.so.0.0.0 [0x55555638c1d0]
[1756857425.293577] [eos0005:202398:0]          module.c:242  UCX  DEBUG loading module 'rdmacm' with mode 0x1
[1756857425.293748] [eos0005:202398:0]          module.c:183  UCX  DEBUG loaded /opt/nvidia/hpc_sdk/Linux_x86_64/25.3/comm_libs/12.8/hpcx/hpcx-2.22.1/ucx/lib/ucx/libuct_rdmacm.so.0.0.0 [0x55555638e3e0]
[1756857425.293750] [eos0005:202398:0]          module.c:242  UCX  DEBUG loading module 'cma' with mode 0x1
[1756857425.293802] [eos0005:202398:0]          module.c:183  UCX  DEBUG loaded /opt/nvidia/hpc_sdk/Linux_x86_64/25.3/comm_libs/12.8/hpcx/hpcx-2.22.1/ucx/lib/ucx/libuct_cma.so.0.0.0 [0x55555638f400]
[1756857425.293857] [eos0005:202398:0]            topo.c:298  UCX  DEBUG added sys_dev 0 for bus id 1b:00.0
[1756857425.293873] [eos0005:202398:0]            topo.c:298  UCX  DEBUG added sys_dev 1 for bus id 43:00.0
[1756857425.293887] [eos0005:202398:0]            topo.c:298  UCX  DEBUG added sys_dev 2 for bus id 52:00.0
[1756857425.293902] [eos0005:202398:0]            topo.c:298  UCX  DEBUG added sys_dev 3 for bus id 61:00.0
[1756857425.293916] [eos0005:202398:0]            topo.c:298  UCX  DEBUG added sys_dev 4 for bus id 9d:00.0
[1756857425.293930] [eos0005:202398:0]            topo.c:298  UCX  DEBUG added sys_dev 5 for bus id c3:00.0
[1756857425.293943] [eos0005:202398:0]            topo.c:298  UCX  DEBUG added sys_dev 6 for bus id d1:00.0
[1756857425.293957] [eos0005:202398:0]            topo.c:298  UCX  DEBUG added sys_dev 7 for bus id df:00.0
[1756857425.295134] [eos0005:202398:0]            topo.c:895  UCX  DEBUG /sys/class/net/bmc-redfish0/lower_enx1a5307973073: sysfs path undetected
[1756857425.295136] [eos0005:202398:0]            topo.c:556  UCX  DEBUG bmc-redfish0: system device unknown
[1756857425.299870] [eos0005:202398:0]            topo.c:899  UCX  DEBUG /sys/class/net/eth3: PF sysfs path is '/sys/devices/pci0000:80/0000:80:05.0/0000:82:00.1'
[1756857425.299886] [eos0005:202398:0]            topo.c:298  UCX  DEBUG added sys_dev 8 for bus id 82:00.1
[1756857425.299888] [eos0005:202398:0]            topo.c:552  UCX  DEBUG eth3: bdf_name 0000:82:00.1 sys_dev 8
[1756857425.300344] [eos0005:202398:0]            topo.c:899  UCX  DEBUG /sys/class/net/ibp154s0: PF sysfs path is '/sys/devices/pci0000:97/0000:97:01.0/0000:98:00.0/0000:99:00.0/0000:9a:00.0'
[1756857425.300357] [eos0005:202398:0]            topo.c:298  UCX  DEBUG added sys_dev 9 for bus id 9a:00.0
[1756857425.300359] [eos0005:202398:0]            topo.c:552  UCX  DEBUG ibp154s0: bdf_name 0000:9a:00.0 sys_dev 9
[1756857425.300818] [eos0005:202398:0]            topo.c:899  UCX  DEBUG /sys/class/net/ibp170s0f0: PF sysfs path is '/sys/devices/pci0000:a5/0000:a5:01.0/0000:a6:00.0/0000:a7:00.0/0000:a8:00.0/0000:a9:00.0/0000:aa:00.0'
[1756857425.300833] [eos0005:202398:0]            topo.c:298  UCX  DEBUG added sys_dev 10 for bus id aa:00.0
[1756857425.300834] [eos0005:202398:0]            topo.c:552  UCX  DEBUG ibp170s0f0: bdf_name 0000:aa:00.0 sys_dev 10
[1756857425.301288] [eos0005:202398:0]            topo.c:899  UCX  DEBUG /sys/class/net/ibp192s0: PF sysfs path is '/sys/devices/pci0000:bd/0000:bd:01.0/0000:be:00.0/0000:bf:00.0/0000:c0:00.0'
[1756857425.301300] [eos0005:202398:0]            topo.c:298  UCX  DEBUG added sys_dev 11 for bus id c0:00.0
[1756857425.301301] [eos0005:202398:0]            topo.c:552  UCX  DEBUG ibp192s0: bdf_name 0000:c0:00.0 sys_dev 11
[1756857425.301756] [eos0005:202398:0]            topo.c:899  UCX  DEBUG /sys/class/net/ibp206s0: PF sysfs path is '/sys/devices/pci0000:cb/0000:cb:01.0/0000:cc:00.0/0000:cd:00.0/0000:ce:00.0'
[1756857425.301769] [eos0005:202398:0]            topo.c:298  UCX  DEBUG added sys_dev 12 for bus id ce:00.0
[1756857425.301770] [eos0005:202398:0]            topo.c:552  UCX  DEBUG ibp206s0: bdf_name 0000:ce:00.0 sys_dev 12
[1756857425.302242] [eos0005:202398:0]            topo.c:899  UCX  DEBUG /sys/class/net/ibp220s0: PF sysfs path is '/sys/devices/pci0000:d9/0000:d9:01.0/0000:da:00.0/0000:db:00.0/0000:dc:00.0'
[1756857425.302254] [eos0005:202398:0]            topo.c:298  UCX  DEBUG added sys_dev 13 for bus id dc:00.0
[1756857425.302255] [eos0005:202398:0]            topo.c:552  UCX  DEBUG ibp220s0: bdf_name 0000:dc:00.0 sys_dev 13
[1756857425.302708] [eos0005:202398:0]            topo.c:899  UCX  DEBUG /sys/class/net/ibp24s0: PF sysfs path is '/sys/devices/pci0000:15/0000:15:01.0/0000:16:00.0/0000:17:00.0/0000:18:00.0'
[1756857425.302721] [eos0005:202398:0]            topo.c:298  UCX  DEBUG added sys_dev 14 for bus id 18:00.0
[1756857425.302722] [eos0005:202398:0]            topo.c:552  UCX  DEBUG ibp24s0: bdf_name 0000:18:00.0 sys_dev 14
[1756857425.303176] [eos0005:202398:0]            topo.c:899  UCX  DEBUG /sys/class/net/ibp41s0f0: PF sysfs path is '/sys/devices/pci0000:24/0000:24:01.0/0000:25:00.0/0000:26:00.0/0000:27:00.0/0000:28:00.0/0000:29:00.0'
[1756857425.303190] [eos0005:202398:0]            topo.c:298  UCX  DEBUG added sys_dev 15 for bus id 29:00.0
[1756857425.303191] [eos0005:202398:0]            topo.c:552  UCX  DEBUG ibp41s0f0: bdf_name 0000:29:00.0 sys_dev 15
[1756857425.303648] [eos0005:202398:0]            topo.c:899  UCX  DEBUG /sys/class/net/ibp64s0: PF sysfs path is '/sys/devices/pci0000:3d/0000:3d:01.0/0000:3e:00.0/0000:3f:00.0/0000:40:00.0'
[1756857425.303660] [eos0005:202398:0]            topo.c:298  UCX  DEBUG added sys_dev 16 for bus id 40:00.0
[1756857425.303661] [eos0005:202398:0]            topo.c:552  UCX  DEBUG ibp64s0: bdf_name 0000:40:00.0 sys_dev 16
[1756857425.304113] [eos0005:202398:0]            topo.c:899  UCX  DEBUG /sys/class/net/ibp79s0: PF sysfs path is '/sys/devices/pci0000:4c/0000:4c:01.0/0000:4d:00.0/0000:4e:00.0/0000:4f:00.0'
[1756857425.304125] [eos0005:202398:0]            topo.c:298  UCX  DEBUG added sys_dev 17 for bus id 4f:00.0
[1756857425.304126] [eos0005:202398:0]            topo.c:552  UCX  DEBUG ibp79s0: bdf_name 0000:4f:00.0 sys_dev 17
[1756857425.304577] [eos0005:202398:0]            topo.c:899  UCX  DEBUG /sys/class/net/ibp94s0: PF sysfs path is '/sys/devices/pci0000:5b/0000:5b:01.0/0000:5c:00.0/0000:5d:00.0/0000:5e:00.0'
[1756857425.304590] [eos0005:202398:0]            topo.c:298  UCX  DEBUG added sys_dev 18 for bus id 5e:00.0
[1756857425.304590] [eos0005:202398:0]            topo.c:552  UCX  DEBUG ibp94s0: bdf_name 0000:5e:00.0 sys_dev 18
[1756857425.305035] [eos0005:202398:0]            topo.c:895  UCX  DEBUG /sys/class/net/lo: sysfs path undetected
[1756857425.305036] [eos0005:202398:0]            topo.c:556  UCX  DEBUG lo: system device unknown
[1756857425.305115] [eos0005:202398:0]    cuda_copy_md.c:104  UCX  DEBUG dmabuf is supported on cuda device 0
[1756857425.305132] [eos0005:202398:0]      cuda_iface.c:52   UCX  DEBUG set cuda sys_device to `unknown` as no context is currently active
[1756857425.595832] [eos0005:202398:0]     cuda_ipc_md.c:449  UCX  DEBUG fabric_info: state=3 status=0 uuid=00000000:00000000:00000000:00000000
[1756857425.615508] [eos0005:202398:0]      cuda_iface.c:52   UCX  DEBUG set cuda sys_device to `unknown` as no context is currently active
[1756857425.615551] [eos0005:202398:0]           mpool.c:138  UCX  DEBUG mpool rcache_mp: align 8, maxelems 4294967295, elemsize 144
[1756857425.619827] [eos0005:202398:0]           async.c:248  UCX  DEBUG added async handler 0x5555566b1ce0 [id=48 ref 1] ucs_rcache_invalidate_handler() to hash
[1756857425.619907] [eos0005:202398:0]           async.c:522  UCX  DEBUG listening to async event fd 48 events 0x1 mode thread_spinlock
[1756857425.619939] [eos0005:202398:0]          module.c:280  UCX  DEBUG loading modules for ucm
[1756857425.619941] [eos0005:202398:0]          module.c:242  UCX  DEBUG loading module 'cuda' with mode 0x1001
[1756857425.620075] [eos0005:202398:0]          module.c:183  UCX  DEBUG loaded /opt/nvidia/hpc_sdk/Linux_x86_64/25.3/comm_libs/12.8/hpcx/hpcx-2.22.1/ucx/lib/ucx/libucm_cuda.so.0.0.0 [0x555556878bc0]
[1756857425.685224] [eos0005:202398:0]      cuda_iface.c:52   UCX  DEBUG set cuda sys_device to `unknown` as no context is currently active
[1756857425.689955] [eos0005:202398:0]            topo.c:899  UCX  DEBUG /sys/class/infiniband/mlx5_0: PF sysfs path is '/sys/devices/pci0000:15/0000:15:01.0/0000:16:00.0/0000:17:00.0/0000:18:00.0'
[1756857425.689960] [eos0005:202398:0]            topo.c:552  UCX  DEBUG mlx5_0: bdf_name 0000:18:00.0 sys_dev 14
[1756857425.689974] [eos0005:202398:0]       ib_device.c:498  UCX  DEBUG mlx5_0: vendor_id 0x15b3 device_id 4129
[1756857425.690453] [eos0005:202398:0]    ib_mlx5dv_md.c:1875 UCX  DEBUG mlx5_0: cross gvmi alias mkey is supported
[1756857425.690454] [eos0005:202398:0]    ib_mlx5dv_md.c:1925 UCX  DEBUG mlx5_0: mkey_by_name_reserve is not supported
[1756857425.690455] [eos0005:202398:0]    ib_mlx5dv_md.c:1910 UCX  DEBUG mlx5_0: dp_ordering support: force=1 ooo_rw_rc=1 ooo_rw_dc=1
[1756857425.690566] [eos0005:202398:0]    ib_mlx5dv_md.c:1705 UCX  DEBUG mlx5_0: ODP is disabled because version 1 is not supported for DevX QP
[1756857425.693804] [eos0005:202398:0]           async.c:248  UCX  DEBUG added async handler 0x5555566cdc30 [id=54 ref 1] uct_ib_async_event_handler() to hash
[1756857425.693812] [eos0005:202398:0]           async.c:522  UCX  DEBUG listening to async event fd 54 events 0x1 mode thread_spinlock
[1756857425.693817] [eos0005:202398:0]       ib_device.c:597  UCX  DEBUG initialized device 'mlx5_0' (InfiniBand channel adapter) with 1 ports
[1756857425.693825] [eos0005:202398:0]           ib_md.c:1177 UCX  DEBUG mlx5_0: cuda GPUDirect RDMA is detected by checking /sys/kernel/mm/memory_peers/nv_mem/version
[1756857425.693828] [eos0005:202398:0]           ib_md.c:1177 UCX  DEBUG mlx5_0: rocm GPUDirect RDMA is not detected by checking /dev/kfd
[1756857425.693838] [eos0005:202398:0]           ib_md.c:1202 UCX  DEBUG mlx5_0: dmabuf is supported
[1756857425.693842] [eos0005:202398:0]           mpool.c:138  UCX  DEBUG mpool devx dbrec: align 64, maxelems 4294967295, elemsize 40
[1756857425.694021] [eos0005:202398:0]    ib_mlx5dv_md.c:2423 UCX  DEBUG mlx5_0: opened DEVX md log_max_qp=17
[1756857425.694439] [eos0005:202398:0]    ib_mlx5dv_md.c:126  UCX  DEBUG mlx5_0: KSM dm memory registration status "Success" range 0x7fffcaa05000..0x7fffcaa05020 iova 0x0 mkey_index 0x0
[1756857425.694722] [eos0005:202398:0]    ib_mlx5dv_md.c:96   UCX  DEBUG mlx5_0: mlx5dv_devx_obj_create(CREATE_MKEY, mode=KSM, start_addr=0x7fffcaa05000 length=32) failed, syndrome 0x45d3a4: Remote I/O error
[1756857425.694724] [eos0005:202398:0]    ib_mlx5dv_md.c:126  UCX  DEBUG mlx5_0: KSM atomic-key memory registration status "Unsupported operation" range (nil)..0x20 iova 0x7fffcaa05000 atomic mkey_index 0x0
[1756857425.695085] [eos0005:202398:0]           ib_md.c:1161 UCX  DEBUG mlx5_0: relaxed order memory access is disabled
[1756857425.695309] [eos0005:202398:0]    ib_mlx5dv_md.c:126  UCX  DEBUG mlx5_0: KSM flush-mr memory registration status "Success" range 0x555556719000..0x555556719008 iova 0x0 mkey_index 0x0
[1756857425.695310] [eos0005:202398:0]           ib_md.c:1031 UCX  DEBUG mlx5_0: md open by 'uct_ib_mlx5_devx_md_ops' is successful
[1756857425.700682] [eos0005:202398:0]            topo.c:899  UCX  DEBUG /sys/class/infiniband/mlx5_3: PF sysfs path is '/sys/devices/pci0000:3d/0000:3d:01.0/0000:3e:00.0/0000:3f:00.0/0000:40:00.0'
[1756857425.700686] [eos0005:202398:0]            topo.c:552  UCX  DEBUG mlx5_3: bdf_name 0000:40:00.0 sys_dev 16
[1756857425.700694] [eos0005:202398:0]       ib_device.c:498  UCX  DEBUG mlx5_3: vendor_id 0x15b3 device_id 4129
[1756857425.701194] [eos0005:202398:0]    ib_mlx5dv_md.c:1875 UCX  DEBUG mlx5_3: cross gvmi alias mkey is supported
[1756857425.701195] [eos0005:202398:0]    ib_mlx5dv_md.c:1925 UCX  DEBUG mlx5_3: mkey_by_name_reserve is not supported
[1756857425.701196] [eos0005:202398:0]    ib_mlx5dv_md.c:1910 UCX  DEBUG mlx5_3: dp_ordering support: force=1 ooo_rw_rc=1 ooo_rw_dc=1
[1756857425.701315] [eos0005:202398:0]    ib_mlx5dv_md.c:1705 UCX  DEBUG mlx5_3: ODP is disabled because version 1 is not supported for DevX QP
[1756857425.701437] [eos0005:202398:0]           async.c:248  UCX  DEBUG added async handler 0x5555565fac20 [id=56 ref 1] uct_ib_async_event_handler() to hash
[1756857425.701442] [eos0005:202398:0]           async.c:522  UCX  DEBUG listening to async event fd 56 events 0x1 mode thread_spinlock
[1756857425.701443] [eos0005:202398:0]       ib_device.c:597  UCX  DEBUG initialized device 'mlx5_3' (InfiniBand channel adapter) with 1 ports
[1756857425.701447] [eos0005:202398:0]           ib_md.c:1177 UCX  DEBUG mlx5_3: cuda GPUDirect RDMA is detected by checking /sys/kernel/mm/memory_peers/nv_mem/version
[1756857425.701450] [eos0005:202398:0]           ib_md.c:1177 UCX  DEBUG mlx5_3: rocm GPUDirect RDMA is not detected by checking /dev/kfd
[1756857425.701453] [eos0005:202398:0]           ib_md.c:1202 UCX  DEBUG mlx5_3: dmabuf is supported
[1756857425.701455] [eos0005:202398:0]           mpool.c:138  UCX  DEBUG mpool devx dbrec: align 64, maxelems 4294967295, elemsize 40
[1756857425.701629] [eos0005:202398:0]    ib_mlx5dv_md.c:2423 UCX  DEBUG mlx5_3: opened DEVX md log_max_qp=17
[1756857425.702028] [eos0005:202398:0]    ib_mlx5dv_md.c:126  UCX  DEBUG mlx5_3: KSM dm memory registration status "Success" range 0x7fffca630000..0x7fffca630020 iova 0x0 mkey_index 0x0
[1756857425.702315] [eos0005:202398:0]    ib_mlx5dv_md.c:96   UCX  DEBUG mlx5_3: mlx5dv_devx_obj_create(CREATE_MKEY, mode=KSM, start_addr=0x7fffca630000 length=32) failed, syndrome 0x45d3a4: Remote I/O error
[1756857425.702317] [eos0005:202398:0]    ib_mlx5dv_md.c:126  UCX  DEBUG mlx5_3: KSM atomic-key memory registration status "Unsupported operation" range (nil)..0x20 iova 0x7fffca630000 atomic mkey_index 0x0
[1756857425.702674] [eos0005:202398:0]           ib_md.c:1161 UCX  DEBUG mlx5_3: relaxed order memory access is disabled
[1756857425.702899] [eos0005:202398:0]    ib_mlx5dv_md.c:126  UCX  DEBUG mlx5_3: KSM flush-mr memory registration status "Success" range 0x5555567b7000..0x5555567b7008 iova 0x0 mkey_index 0x0
[1756857425.702900] [eos0005:202398:0]           ib_md.c:1031 UCX  DEBUG mlx5_3: md open by 'uct_ib_mlx5_devx_md_ops' is successful
[1756857425.708216] [eos0005:202398:0]            topo.c:899  UCX  DEBUG /sys/class/infiniband/mlx5_4: PF sysfs path is '/sys/devices/pci0000:4c/0000:4c:01.0/0000:4d:00.0/0000:4e:00.0/0000:4f:00.0'
[1756857425.708220] [eos0005:202398:0]            topo.c:552  UCX  DEBUG mlx5_4: bdf_name 0000:4f:00.0 sys_dev 17
[1756857425.708228] [eos0005:202398:0]       ib_device.c:498  UCX  DEBUG mlx5_4: vendor_id 0x15b3 device_id 4129
[1756857425.708717] [eos0005:202398:0]    ib_mlx5dv_md.c:1875 UCX  DEBUG mlx5_4: cross gvmi alias mkey is supported
[1756857425.708718] [eos0005:202398:0]    ib_mlx5dv_md.c:1925 UCX  DEBUG mlx5_4: mkey_by_name_reserve is not supported
[1756857425.708719] [eos0005:202398:0]    ib_mlx5dv_md.c:1910 UCX  DEBUG mlx5_4: dp_ordering support: force=1 ooo_rw_rc=1 ooo_rw_dc=1
[1756857425.708831] [eos0005:202398:0]    ib_mlx5dv_md.c:1705 UCX  DEBUG mlx5_4: ODP is disabled because version 1 is not supported for DevX QP
[1756857425.708951] [eos0005:202398:0]           async.c:248  UCX  DEBUG added async handler 0x5555565fad00 [id=58 ref 1] uct_ib_async_event_handler() to hash
[1756857425.708955] [eos0005:202398:0]           async.c:522  UCX  DEBUG listening to async event fd 58 events 0x1 mode thread_spinlock
[1756857425.708956] [eos0005:202398:0]       ib_device.c:597  UCX  DEBUG initialized device 'mlx5_4' (InfiniBand channel adapter) with 1 ports
[1756857425.708959] [eos0005:202398:0]           ib_md.c:1177 UCX  DEBUG mlx5_4: cuda GPUDirect RDMA is detected by checking /sys/kernel/mm/memory_peers/nv_mem/version
[1756857425.708962] [eos0005:202398:0]           ib_md.c:1177 UCX  DEBUG mlx5_4: rocm GPUDirect RDMA is not detected by checking /dev/kfd
[1756857425.708964] [eos0005:202398:0]           ib_md.c:1202 UCX  DEBUG mlx5_4: dmabuf is supported
[1756857425.708966] [eos0005:202398:0]           mpool.c:138  UCX  DEBUG mpool devx dbrec: align 64, maxelems 4294967295, elemsize 40
[1756857425.709138] [eos0005:202398:0]    ib_mlx5dv_md.c:2423 UCX  DEBUG mlx5_4: opened DEVX md log_max_qp=17
[1756857425.709532] [eos0005:202398:0]    ib_mlx5dv_md.c:126  UCX  DEBUG mlx5_4: KSM dm memory registration status "Success" range 0x7fffca62b000..0x7fffca62b020 iova 0x0 mkey_index 0x0
[1756857425.709815] [eos0005:202398:0]    ib_mlx5dv_md.c:96   UCX  DEBUG mlx5_4: mlx5dv_devx_obj_create(CREATE_MKEY, mode=KSM, start_addr=0x7fffca62b000 length=32) failed, syndrome 0x45d3a4: Remote I/O error
[1756857425.709817] [eos0005:202398:0]    ib_mlx5dv_md.c:126  UCX  DEBUG mlx5_4: KSM atomic-key memory registration status "Unsupported operation" range (nil)..0x20 iova 0x7fffca62b000 atomic mkey_index 0x0
[1756857425.710170] [eos0005:202398:0]           ib_md.c:1161 UCX  DEBUG mlx5_4: relaxed order memory access is disabled
[1756857425.710393] [eos0005:202398:0]    ib_mlx5dv_md.c:126  UCX  DEBUG mlx5_4: KSM flush-mr memory registration status "Success" range 0x5555567b9000..0x5555567b9008 iova 0x0 mkey_index 0x0
[1756857425.710394] [eos0005:202398:0]           ib_md.c:1031 UCX  DEBUG mlx5_4: md open by 'uct_ib_mlx5_devx_md_ops' is successful
[1756857425.715709] [eos0005:202398:0]            topo.c:899  UCX  DEBUG /sys/class/infiniband/mlx5_5: PF sysfs path is '/sys/devices/pci0000:5b/0000:5b:01.0/0000:5c:00.0/0000:5d:00.0/0000:5e:00.0'
[1756857425.715711] [eos0005:202398:0]            topo.c:552  UCX  DEBUG mlx5_5: bdf_name 0000:5e:00.0 sys_dev 18
[1756857425.715719] [eos0005:202398:0]       ib_device.c:498  UCX  DEBUG mlx5_5: vendor_id 0x15b3 device_id 4129
[1756857425.716199] [eos0005:202398:0]    ib_mlx5dv_md.c:1875 UCX  DEBUG mlx5_5: cross gvmi alias mkey is supported
[1756857425.716200] [eos0005:202398:0]    ib_mlx5dv_md.c:1925 UCX  DEBUG mlx5_5: mkey_by_name_reserve is not supported
[1756857425.716200] [eos0005:202398:0]    ib_mlx5dv_md.c:1910 UCX  DEBUG mlx5_5: dp_ordering support: force=1 ooo_rw_rc=1 ooo_rw_dc=1
[1756857425.716309] [eos0005:202398:0]    ib_mlx5dv_md.c:1705 UCX  DEBUG mlx5_5: ODP is disabled because version 1 is not supported for DevX QP
[1756857425.716424] [eos0005:202398:0]           async.c:248  UCX  DEBUG added async handler 0x55555687a1f0 [id=60 ref 1] uct_ib_async_event_handler() to hash
[1756857425.716428] [eos0005:202398:0]           async.c:522  UCX  DEBUG listening to async event fd 60 events 0x1 mode thread_spinlock
[1756857425.716429] [eos0005:202398:0]       ib_device.c:597  UCX  DEBUG initialized device 'mlx5_5' (InfiniBand channel adapter) with 1 ports
[1756857425.716432] [eos0005:202398:0]           ib_md.c:1177 UCX  DEBUG mlx5_5: cuda GPUDirect RDMA is detected by checking /sys/kernel/mm/memory_peers/nv_mem/version
[1756857425.716434] [eos0005:202398:0]           ib_md.c:1177 UCX  DEBUG mlx5_5: rocm GPUDirect RDMA is not detected by checking /dev/kfd
[1756857425.716438] [eos0005:202398:0]           ib_md.c:1202 UCX  DEBUG mlx5_5: dmabuf is supported
[1756857425.716439] [eos0005:202398:0]           mpool.c:138  UCX  DEBUG mpool devx dbrec: align 64, maxelems 4294967295, elemsize 40
[1756857425.716608] [eos0005:202398:0]    ib_mlx5dv_md.c:2423 UCX  DEBUG mlx5_5: opened DEVX md log_max_qp=17
[1756857425.717002] [eos0005:202398:0]    ib_mlx5dv_md.c:126  UCX  DEBUG mlx5_5: KSM dm memory registration status "Success" range 0x7fffca626000..0x7fffca626020 iova 0x0 mkey_index 0x0
[1756857425.717292] [eos0005:202398:0]    ib_mlx5dv_md.c:96   UCX  DEBUG mlx5_5: mlx5dv_devx_obj_create(CREATE_MKEY, mode=KSM, start_addr=0x7fffca626000 length=32) failed, syndrome 0x45d3a4: Remote I/O error
[1756857425.717293] [eos0005:202398:0]    ib_mlx5dv_md.c:126  UCX  DEBUG mlx5_5: KSM atomic-key memory registration status "Unsupported operation" range (nil)..0x20 iova 0x7fffca626000 atomic mkey_index 0x0
[1756857425.717646] [eos0005:202398:0]           ib_md.c:1161 UCX  DEBUG mlx5_5: relaxed order memory access is disabled
[1756857425.717867] [eos0005:202398:0]    ib_mlx5dv_md.c:126  UCX  DEBUG mlx5_5: KSM flush-mr memory registration status "Success" range 0x555556710000..0x555556710008 iova 0x0 mkey_index 0x0
[1756857425.717877] [eos0005:202398:0]           ib_md.c:1031 UCX  DEBUG mlx5_5: md open by 'uct_ib_mlx5_devx_md_ops' is successful
[1756857425.723147] [eos0005:202398:0]            topo.c:899  UCX  DEBUG /sys/class/infiniband/mlx5_6: PF sysfs path is '/sys/devices/pci0000:97/0000:97:01.0/0000:98:00.0/0000:99:00.0/0000:9a:00.0'
[1756857425.723149] [eos0005:202398:0]            topo.c:552  UCX  DEBUG mlx5_6: bdf_name 0000:9a:00.0 sys_dev 9
[1756857425.723157] [eos0005:202398:0]       ib_device.c:498  UCX  DEBUG mlx5_6: vendor_id 0x15b3 device_id 4129
[1756857425.723629] [eos0005:202398:0]    ib_mlx5dv_md.c:1875 UCX  DEBUG mlx5_6: cross gvmi alias mkey is supported
[1756857425.723630] [eos0005:202398:0]    ib_mlx5dv_md.c:1925 UCX  DEBUG mlx5_6: mkey_by_name_reserve is not supported
[1756857425.723631] [eos0005:202398:0]    ib_mlx5dv_md.c:1910 UCX  DEBUG mlx5_6: dp_ordering support: force=1 ooo_rw_rc=1 ooo_rw_dc=1
[1756857425.723736] [eos0005:202398:0]    ib_mlx5dv_md.c:1705 UCX  DEBUG mlx5_6: ODP is disabled because version 1 is not supported for DevX QP
[1756857425.723853] [eos0005:202398:0]           async.c:248  UCX  DEBUG added async handler 0x5555569bd6e0 [id=62 ref 1] uct_ib_async_event_handler() to hash
[1756857425.723856] [eos0005:202398:0]           async.c:522  UCX  DEBUG listening to async event fd 62 events 0x1 mode thread_spinlock
[1756857425.723857] [eos0005:202398:0]       ib_device.c:597  UCX  DEBUG initialized device 'mlx5_6' (InfiniBand channel adapter) with 1 ports
[1756857425.723861] [eos0005:202398:0]           ib_md.c:1177 UCX  DEBUG mlx5_6: cuda GPUDirect RDMA is detected by checking /sys/kernel/mm/memory_peers/nv_mem/version
[1756857425.723863] [eos0005:202398:0]           ib_md.c:1177 UCX  DEBUG mlx5_6: rocm GPUDirect RDMA is not detected by checking /dev/kfd
[1756857425.723866] [eos0005:202398:0]           ib_md.c:1202 UCX  DEBUG mlx5_6: dmabuf is supported
[1756857425.723867] [eos0005:202398:0]           mpool.c:138  UCX  DEBUG mpool devx dbrec: align 64, maxelems 4294967295, elemsize 40
[1756857425.724034] [eos0005:202398:0]    ib_mlx5dv_md.c:2423 UCX  DEBUG mlx5_6: opened DEVX md log_max_qp=17
[1756857425.724426] [eos0005:202398:0]    ib_mlx5dv_md.c:126  UCX  DEBUG mlx5_6: KSM dm memory registration status "Success" range 0x7fffca621000..0x7fffca621020 iova 0x0 mkey_index 0x0
[1756857425.724713] [eos0005:202398:0]    ib_mlx5dv_md.c:96   UCX  DEBUG mlx5_6: mlx5dv_devx_obj_create(CREATE_MKEY, mode=KSM, start_addr=0x7fffca621000 length=32) failed, syndrome 0x45d3a4: Remote I/O error
[1756857425.724714] [eos0005:202398:0]    ib_mlx5dv_md.c:126  UCX  DEBUG mlx5_6: KSM atomic-key memory registration status "Unsupported operation" range (nil)..0x20 iova 0x7fffca621000 atomic mkey_index 0x0
[1756857425.725068] [eos0005:202398:0]           ib_md.c:1161 UCX  DEBUG mlx5_6: relaxed order memory access is disabled
[1756857425.725285] [eos0005:202398:0]    ib_mlx5dv_md.c:126  UCX  DEBUG mlx5_6: KSM flush-mr memory registration status "Success" range 0x555556714000..0x555556714008 iova 0x0 mkey_index 0x0
[1756857425.725286] [eos0005:202398:0]           ib_md.c:1031 UCX  DEBUG mlx5_6: md open by 'uct_ib_mlx5_devx_md_ops' is successful
[1756857425.730543] [eos0005:202398:0]            topo.c:899  UCX  DEBUG /sys/class/infiniband/mlx5_9: PF sysfs path is '/sys/devices/pci0000:bd/0000:bd:01.0/0000:be:00.0/0000:bf:00.0/0000:c0:00.0'
[1756857425.730545] [eos0005:202398:0]            topo.c:552  UCX  DEBUG mlx5_9: bdf_name 0000:c0:00.0 sys_dev 11
[1756857425.730553] [eos0005:202398:0]       ib_device.c:498  UCX  DEBUG mlx5_9: vendor_id 0x15b3 device_id 4129
[1756857425.731034] [eos0005:202398:0]    ib_mlx5dv_md.c:1875 UCX  DEBUG mlx5_9: cross gvmi alias mkey is supported
[1756857425.731035] [eos0005:202398:0]    ib_mlx5dv_md.c:1925 UCX  DEBUG mlx5_9: mkey_by_name_reserve is not supported
[1756857425.731036] [eos0005:202398:0]    ib_mlx5dv_md.c:1910 UCX  DEBUG mlx5_9: dp_ordering support: force=1 ooo_rw_rc=1 ooo_rw_dc=1
[1756857425.731145] [eos0005:202398:0]    ib_mlx5dv_md.c:1705 UCX  DEBUG mlx5_9: ODP is disabled because version 1 is not supported for DevX QP
[1756857425.731266] [eos0005:202398:0]           async.c:248  UCX  DEBUG added async handler 0x5555563916f0 [id=64 ref 1] uct_ib_async_event_handler() to hash
[1756857425.731270] [eos0005:202398:0]           async.c:522  UCX  DEBUG listening to async event fd 64 events 0x1 mode thread_spinlock
[1756857425.731271] [eos0005:202398:0]       ib_device.c:597  UCX  DEBUG initialized device 'mlx5_9' (InfiniBand channel adapter) with 1 ports
[1756857425.731274] [eos0005:202398:0]           ib_md.c:1177 UCX  DEBUG mlx5_9: cuda GPUDirect RDMA is detected by checking /sys/kernel/mm/memory_peers/nv_mem/version
[1756857425.731276] [eos0005:202398:0]           ib_md.c:1177 UCX  DEBUG mlx5_9: rocm GPUDirect RDMA is not detected by checking /dev/kfd
[1756857425.731279] [eos0005:202398:0]           ib_md.c:1202 UCX  DEBUG mlx5_9: dmabuf is supported
[1756857425.731280] [eos0005:202398:0]           mpool.c:138  UCX  DEBUG mpool devx dbrec: align 64, maxelems 4294967295, elemsize 40
[1756857425.731448] [eos0005:202398:0]    ib_mlx5dv_md.c:2423 UCX  DEBUG mlx5_9: opened DEVX md log_max_qp=17
[1756857425.731834] [eos0005:202398:0]    ib_mlx5dv_md.c:126  UCX  DEBUG mlx5_9: KSM dm memory registration status "Success" range 0x7fffca61c000..0x7fffca61c020 iova 0x0 mkey_index 0x0
[1756857425.732117] [eos0005:202398:0]    ib_mlx5dv_md.c:96   UCX  DEBUG mlx5_9: mlx5dv_devx_obj_create(CREATE_MKEY, mode=KSM, start_addr=0x7fffca61c000 length=32) failed, syndrome 0x45d3a4: Remote I/O error
[1756857425.732118] [eos0005:202398:0]    ib_mlx5dv_md.c:126  UCX  DEBUG mlx5_9: KSM atomic-key memory registration status "Unsupported operation" range (nil)..0x20 iova 0x7fffca61c000 atomic mkey_index 0x0
[1756857425.732463] [eos0005:202398:0]           ib_md.c:1161 UCX  DEBUG mlx5_9: relaxed order memory access is disabled
[1756857425.732673] [eos0005:202398:0]    ib_mlx5dv_md.c:126  UCX  DEBUG mlx5_9: KSM flush-mr memory registration status "Success" range 0x555556995000..0x555556995008 iova 0x0 mkey_index 0x0
[1756857425.732674] [eos0005:202398:0]           ib_md.c:1031 UCX  DEBUG mlx5_9: md open by 'uct_ib_mlx5_devx_md_ops' is successful
[1756857425.738030] [eos0005:202398:0]            topo.c:899  UCX  DEBUG /sys/class/infiniband/mlx5_10: PF sysfs path is '/sys/devices/pci0000:cb/0000:cb:01.0/0000:cc:00.0/0000:cd:00.0/0000:ce:00.0'
[1756857425.738034] [eos0005:202398:0]            topo.c:552  UCX  DEBUG mlx5_10: bdf_name 0000:ce:00.0 sys_dev 12
[1756857425.738042] [eos0005:202398:0]       ib_device.c:498  UCX  DEBUG mlx5_10: vendor_id 0x15b3 device_id 4129
[1756857425.738542] [eos0005:202398:0]    ib_mlx5dv_md.c:1875 UCX  DEBUG mlx5_10: cross gvmi alias mkey is supported
[1756857425.738543] [eos0005:202398:0]    ib_mlx5dv_md.c:1925 UCX  DEBUG mlx5_10: mkey_by_name_reserve is not supported
[1756857425.738544] [eos0005:202398:0]    ib_mlx5dv_md.c:1910 UCX  DEBUG mlx5_10: dp_ordering support: force=1 ooo_rw_rc=1 ooo_rw_dc=1
[1756857425.738658] [eos0005:202398:0]    ib_mlx5dv_md.c:1705 UCX  DEBUG mlx5_10: ODP is disabled because version 1 is not supported for DevX QP
[1756857425.738780] [eos0005:202398:0]           async.c:248  UCX  DEBUG added async handler 0x555556998010 [id=66 ref 1] uct_ib_async_event_handler() to hash
[1756857425.738784] [eos0005:202398:0]           async.c:522  UCX  DEBUG listening to async event fd 66 events 0x1 mode thread_spinlock
[1756857425.738785] [eos0005:202398:0]       ib_device.c:597  UCX  DEBUG initialized device 'mlx5_10' (InfiniBand channel adapter) with 1 ports
[1756857425.738789] [eos0005:202398:0]           ib_md.c:1177 UCX  DEBUG mlx5_10: cuda GPUDirect RDMA is detected by checking /sys/kernel/mm/memory_peers/nv_mem/version
[1756857425.738791] [eos0005:202398:0]           ib_md.c:1177 UCX  DEBUG mlx5_10: rocm GPUDirect RDMA is not detected by checking /dev/kfd
[1756857425.738794] [eos0005:202398:0]           ib_md.c:1202 UCX  DEBUG mlx5_10: dmabuf is supported
[1756857425.738805] [eos0005:202398:0]           mpool.c:138  UCX  DEBUG mpool devx dbrec: align 64, maxelems 4294967295, elemsize 40
[1756857425.738977] [eos0005:202398:0]    ib_mlx5dv_md.c:2423 UCX  DEBUG mlx5_10: opened DEVX md log_max_qp=17
[1756857425.739377] [eos0005:202398:0]    ib_mlx5dv_md.c:126  UCX  DEBUG mlx5_10: KSM dm memory registration status "Success" range 0x7fffca617000..0x7fffca617020 iova 0x0 mkey_index 0x0
[1756857425.739656] [eos0005:202398:0]    ib_mlx5dv_md.c:96   UCX  DEBUG mlx5_10: mlx5dv_devx_obj_create(CREATE_MKEY, mode=KSM, start_addr=0x7fffca617000 length=32) failed, syndrome 0x45d3a4: Remote I/O error
[1756857425.739658] [eos0005:202398:0]    ib_mlx5dv_md.c:126  UCX  DEBUG mlx5_10: KSM atomic-key memory registration status "Unsupported operation" range (nil)..0x20 iova 0x7fffca617000 atomic mkey_index 0x0
[1756857425.739999] [eos0005:202398:0]           ib_md.c:1161 UCX  DEBUG mlx5_10: relaxed order memory access is disabled
[1756857425.740212] [eos0005:202398:0]    ib_mlx5dv_md.c:126  UCX  DEBUG mlx5_10: KSM flush-mr memory registration status "Success" range 0x555556999000..0x555556999008 iova 0x0 mkey_index 0x0
[1756857425.740212] [eos0005:202398:0]           ib_md.c:1031 UCX  DEBUG mlx5_10: md open by 'uct_ib_mlx5_devx_md_ops' is successful
[1756857425.745546] [eos0005:202398:0]            topo.c:899  UCX  DEBUG /sys/class/infiniband/mlx5_11: PF sysfs path is '/sys/devices/pci0000:d9/0000:d9:01.0/0000:da:00.0/0000:db:00.0/0000:dc:00.0'
[1756857425.745549] [eos0005:202398:0]            topo.c:552  UCX  DEBUG mlx5_11: bdf_name 0000:dc:00.0 sys_dev 13
[1756857425.745556] [eos0005:202398:0]       ib_device.c:498  UCX  DEBUG mlx5_11: vendor_id 0x15b3 device_id 4129
[1756857425.746052] [eos0005:202398:0]    ib_mlx5dv_md.c:1875 UCX  DEBUG mlx5_11: cross gvmi alias mkey is supported
[1756857425.746053] [eos0005:202398:0]    ib_mlx5dv_md.c:1925 UCX  DEBUG mlx5_11: mkey_by_name_reserve is not supported
[1756857425.746054] [eos0005:202398:0]    ib_mlx5dv_md.c:1910 UCX  DEBUG mlx5_11: dp_ordering support: force=1 ooo_rw_rc=1 ooo_rw_dc=1
[1756857425.746163] [eos0005:202398:0]    ib_mlx5dv_md.c:1705 UCX  DEBUG mlx5_11: ODP is disabled because version 1 is not supported for DevX QP
[1756857425.746282] [eos0005:202398:0]           async.c:248  UCX  DEBUG added async handler 0x5555566b0a00 [id=68 ref 1] uct_ib_async_event_handler() to hash
[1756857425.746286] [eos0005:202398:0]           async.c:522  UCX  DEBUG listening to async event fd 68 events 0x1 mode thread_spinlock
[1756857425.746287] [eos0005:202398:0]       ib_device.c:597  UCX  DEBUG initialized device 'mlx5_11' (InfiniBand channel adapter) with 1 ports
[1756857425.746290] [eos0005:202398:0]           ib_md.c:1177 UCX  DEBUG mlx5_11: cuda GPUDirect RDMA is detected by checking /sys/kernel/mm/memory_peers/nv_mem/version
[1756857425.746293] [eos0005:202398:0]           ib_md.c:1177 UCX  DEBUG mlx5_11: rocm GPUDirect RDMA is not detected by checking /dev/kfd
[1756857425.746296] [eos0005:202398:0]           ib_md.c:1202 UCX  DEBUG mlx5_11: dmabuf is supported
[1756857425.746297] [eos0005:202398:0]           mpool.c:138  UCX  DEBUG mpool devx dbrec: align 64, maxelems 4294967295, elemsize 40
[1756857425.746467] [eos0005:202398:0]    ib_mlx5dv_md.c:2423 UCX  DEBUG mlx5_11: opened DEVX md log_max_qp=17
[1756857425.746860] [eos0005:202398:0]    ib_mlx5dv_md.c:126  UCX  DEBUG mlx5_11: KSM dm memory registration status "Success" range 0x7fffca612000..0x7fffca612020 iova 0x0 mkey_index 0x0
[1756857425.747144] [eos0005:202398:0]    ib_mlx5dv_md.c:96   UCX  DEBUG mlx5_11: mlx5dv_devx_obj_create(CREATE_MKEY, mode=KSM, start_addr=0x7fffca612000 length=32) failed, syndrome 0x45d3a4: Remote I/O error
[1756857425.747145] [eos0005:202398:0]    ib_mlx5dv_md.c:126  UCX  DEBUG mlx5_11: KSM atomic-key memory registration status "Unsupported operation" range (nil)..0x20 iova 0x7fffca612000 atomic mkey_index 0x0
[1756857425.747490] [eos0005:202398:0]           ib_md.c:1161 UCX  DEBUG mlx5_11: relaxed order memory access is disabled
[1756857425.747701] [eos0005:202398:0]    ib_mlx5dv_md.c:126  UCX  DEBUG mlx5_11: KSM flush-mr memory registration status "Success" range 0x555556709000..0x555556709008 iova 0x0 mkey_index 0x0
[1756857425.747701] [eos0005:202398:0]           ib_md.c:1031 UCX  DEBUG mlx5_11: md open by 'uct_ib_mlx5_devx_md_ops' is successful
[1756857425.753344] [eos0005:202398:0]            topo.c:899  UCX  DEBUG /sys/class/infiniband/mlx5_0: PF sysfs path is '/sys/devices/pci0000:15/0000:15:01.0/0000:16:00.0/0000:17:00.0/0000:18:00.0'
[1756857425.753347] [eos0005:202398:0]            topo.c:552  UCX  DEBUG mlx5_0: bdf_name 0000:18:00.0 sys_dev 14
[1756857425.753355] [eos0005:202398:0]       ib_device.c:498  UCX  DEBUG mlx5_0: vendor_id 0x15b3 device_id 4129
[1756857425.753846] [eos0005:202398:0]    ib_mlx5dv_md.c:1875 UCX  DEBUG mlx5_0: cross gvmi alias mkey is supported
[1756857425.753847] [eos0005:202398:0]    ib_mlx5dv_md.c:1925 UCX  DEBUG mlx5_0: mkey_by_name_reserve is not supported
[1756857425.753848] [eos0005:202398:0]    ib_mlx5dv_md.c:1910 UCX  DEBUG mlx5_0: dp_ordering support: force=1 ooo_rw_rc=1 ooo_rw_dc=1
[1756857425.753961] [eos0005:202398:0]    ib_mlx5dv_md.c:1705 UCX  DEBUG mlx5_0: ODP is disabled because version 1 is not supported for DevX QP
[1756857425.754086] [eos0005:202398:0]           async.c:248  UCX  DEBUG added async handler 0x55555670c010 [id=70 ref 1] uct_ib_async_event_handler() to hash
[1756857425.754090] [eos0005:202398:0]           async.c:522  UCX  DEBUG listening to async event fd 70 events 0x1 mode thread_spinlock
[1756857425.754091] [eos0005:202398:0]       ib_device.c:597  UCX  DEBUG initialized device 'mlx5_0' (InfiniBand channel adapter) with 1 ports
[1756857425.754095] [eos0005:202398:0]           ib_md.c:1177 UCX  DEBUG mlx5_0: cuda GPUDirect RDMA is detected by checking /sys/kernel/mm/memory_peers/nv_mem/version
[1756857425.754097] [eos0005:202398:0]           ib_md.c:1177 UCX  DEBUG mlx5_0: rocm GPUDirect RDMA is not detected by checking /dev/kfd
[1756857425.754100] [eos0005:202398:0]           ib_md.c:1202 UCX  DEBUG mlx5_0: dmabuf is supported
[1756857425.754101] [eos0005:202398:0]           mpool.c:138  UCX  DEBUG mpool devx dbrec: align 64, maxelems 4294967295, elemsize 40
[1756857425.754271] [eos0005:202398:0]    ib_mlx5dv_md.c:2423 UCX  DEBUG mlx5_0: opened DEVX md log_max_qp=17
[1756857425.754660] [eos0005:202398:0]    ib_mlx5dv_md.c:126  UCX  DEBUG mlx5_0: KSM dm memory registration status "Success" range 0x7fffca60d000..0x7fffca60d020 iova 0x0 mkey_index 0x0
[1756857425.754972] [eos0005:202398:0]    ib_mlx5dv_md.c:96   UCX  DEBUG mlx5_0: mlx5dv_devx_obj_create(CREATE_MKEY, mode=KSM, start_addr=0x7fffca60d000 length=32) failed, syndrome 0x45d3a4: Remote I/O error
[1756857425.754974] [eos0005:202398:0]    ib_mlx5dv_md.c:126  UCX  DEBUG mlx5_0: KSM atomic-key memory registration status "Unsupported operation" range (nil)..0x20 iova 0x7fffca60d000 atomic mkey_index 0x0
[1756857425.755364] [eos0005:202398:0]           ib_md.c:1161 UCX  DEBUG mlx5_0: relaxed order memory access is disabled
[1756857425.755581] [eos0005:202398:0]    ib_mlx5dv_md.c:126  UCX  DEBUG mlx5_0: KSM flush-mr memory registration status "Success" range 0x55555670d000..0x55555670d008 iova 0x0 mkey_index 0x0
[1756857425.755599] [eos0005:202398:0]          uct_md.c:96   UCX  DEBUG failed to query gga_mlx5 resources: No such device
[1756857425.755600] [eos0005:202398:0]     ucp_context.c:1188 UCX  DEBUG No tl resources found for md mlx5_0
[1756857425.755601] [eos0005:202398:0]     ucp_context.c:1648 UCX  DEBUG closing md mlx5_0 because it has no selected transport resources
[1756857425.755605] [eos0005:202398:0]    ib_mlx5dv_md.c:2496 UCX  DEBUG mlx5_0: md=0x5555567ba010 md->flags=0x3fb3f7f flush_rkey=0x22b00
[1756857425.755851] [eos0005:202398:0]           mpool.c:194  UCX  DEBUG mpool devx dbrec destroyed
[1756857425.755856] [eos0005:202398:0]       ib_device.c:616  UCX  DEBUG destroying ib device mlx5_0
[1756857425.755859] [eos0005:202398:0]           async.c:173  UCX  DEBUG removed async handler 0x55555670c010 [id=70 ref 1] uct_ib_async_event_handler() from hash
[1756857425.755869] [eos0005:202398:0]           async.c:576  UCX  DEBUG removing async handler 0x55555670c010 [id=70 ref 1] uct_ib_async_event_handler()
[1756857425.755871] [eos0005:202398:0]           async.c:188  UCX  DEBUG release async handler 0x55555670c010 [id=70 ref 0] uct_ib_async_event_handler()
[1756857425.760729] [eos0005:202398:0]            topo.c:899  UCX  DEBUG /sys/class/infiniband/mlx5_3: PF sysfs path is '/sys/devices/pci0000:3d/0000:3d:01.0/0000:3e:00.0/0000:3f:00.0/0000:40:00.0'
[1756857425.760731] [eos0005:202398:0]            topo.c:552  UCX  DEBUG mlx5_3: bdf_name 0000:40:00.0 sys_dev 16
[1756857425.760739] [eos0005:202398:0]       ib_device.c:498  UCX  DEBUG mlx5_3: vendor_id 0x15b3 device_id 4129
[1756857425.761237] [eos0005:202398:0]    ib_mlx5dv_md.c:1875 UCX  DEBUG mlx5_3: cross gvmi alias mkey is supported
[1756857425.761238] [eos0005:202398:0]    ib_mlx5dv_md.c:1925 UCX  DEBUG mlx5_3: mkey_by_name_reserve is not supported
[1756857425.761239] [eos0005:202398:0]    ib_mlx5dv_md.c:1910 UCX  DEBUG mlx5_3: dp_ordering support: force=1 ooo_rw_rc=1 ooo_rw_dc=1
[1756857425.761352] [eos0005:202398:0]    ib_mlx5dv_md.c:1705 UCX  DEBUG mlx5_3: ODP is disabled because version 1 is not supported for DevX QP
[1756857425.761482] [eos0005:202398:0]           async.c:248  UCX  DEBUG added async handler 0x555556707e40 [id=70 ref 1] uct_ib_async_event_handler() to hash
[1756857425.761485] [eos0005:202398:0]           async.c:522  UCX  DEBUG listening to async event fd 70 events 0x1 mode thread_spinlock
[1756857425.761486] [eos0005:202398:0]       ib_device.c:597  UCX  DEBUG initialized device 'mlx5_3' (InfiniBand channel adapter) with 1 ports
[1756857425.761489] [eos0005:202398:0]           ib_md.c:1177 UCX  DEBUG mlx5_3: cuda GPUDirect RDMA is detected by checking /sys/kernel/mm/memory_peers/nv_mem/version
[1756857425.761491] [eos0005:202398:0]           ib_md.c:1177 UCX  DEBUG mlx5_3: rocm GPUDirect RDMA is not detected by checking /dev/kfd
[1756857425.761494] [eos0005:202398:0]           ib_md.c:1202 UCX  DEBUG mlx5_3: dmabuf is supported
[1756857425.761496] [eos0005:202398:0]           mpool.c:138  UCX  DEBUG mpool devx dbrec: align 64, maxelems 4294967295, elemsize 40
[1756857425.761665] [eos0005:202398:0]    ib_mlx5dv_md.c:2423 UCX  DEBUG mlx5_3: opened DEVX md log_max_qp=17
[1756857425.762061] [eos0005:202398:0]    ib_mlx5dv_md.c:126  UCX  DEBUG mlx5_3: KSM dm memory registration status "Success" range 0x7fffca60d000..0x7fffca60d020 iova 0x0 mkey_index 0x0
[1756857425.762369] [eos0005:202398:0]    ib_mlx5dv_md.c:96   UCX  DEBUG mlx5_3: mlx5dv_devx_obj_create(CREATE_MKEY, mode=KSM, start_addr=0x7fffca60d000 length=32) failed, syndrome 0x45d3a4: Remote I/O error
[1756857425.762370] [eos0005:202398:0]    ib_mlx5dv_md.c:126  UCX  DEBUG mlx5_3: KSM atomic-key memory registration status "Unsupported operation" range (nil)..0x20 iova 0x7fffca60d000 atomic mkey_index 0x0
[1756857425.762714] [eos0005:202398:0]           ib_md.c:1161 UCX  DEBUG mlx5_3: relaxed order memory access is disabled
[1756857425.762939] [eos0005:202398:0]    ib_mlx5dv_md.c:126  UCX  DEBUG mlx5_3: KSM flush-mr memory registration status "Success" range 0x555556712000..0x555556712008 iova 0x0 mkey_index 0x0
[1756857425.762953] [eos0005:202398:0]          uct_md.c:96   UCX  DEBUG failed to query gga_mlx5 resources: No such device
[1756857425.762954] [eos0005:202398:0]     ucp_context.c:1188 UCX  DEBUG No tl resources found for md mlx5_3
[1756857425.762955] [eos0005:202398:0]     ucp_context.c:1648 UCX  DEBUG closing md mlx5_3 because it has no selected transport resources
[1756857425.762958] [eos0005:202398:0]    ib_mlx5dv_md.c:2496 UCX  DEBUG mlx5_3: md=0x5555567ba010 md->flags=0x3fb3f7f flush_rkey=0x20e00
[1756857425.763202] [eos0005:202398:0]           mpool.c:194  UCX  DEBUG mpool devx dbrec destroyed
[1756857425.763203] [eos0005:202398:0]       ib_device.c:616  UCX  DEBUG destroying ib device mlx5_3
[1756857425.763204] [eos0005:202398:0]           async.c:173  UCX  DEBUG removed async handler 0x555556707e40 [id=70 ref 1] uct_ib_async_event_handler() from hash
[1756857425.763205] [eos0005:202398:0]           async.c:576  UCX  DEBUG removing async handler 0x555556707e40 [id=70 ref 1] uct_ib_async_event_handler()
[1756857425.763207] [eos0005:202398:0]           async.c:188  UCX  DEBUG release async handler 0x555556707e40 [id=70 ref 0] uct_ib_async_event_handler()
[1756857425.767940] [eos0005:202398:0]            topo.c:899  UCX  DEBUG /sys/class/infiniband/mlx5_4: PF sysfs path is '/sys/devices/pci0000:4c/0000:4c:01.0/0000:4d:00.0/0000:4e:00.0/0000:4f:00.0'
[1756857425.767942] [eos0005:202398:0]            topo.c:552  UCX  DEBUG mlx5_4: bdf_name 0000:4f:00.0 sys_dev 17
[1756857425.767949] [eos0005:202398:0]       ib_device.c:498  UCX  DEBUG mlx5_4: vendor_id 0x15b3 device_id 4129
[1756857425.768441] [eos0005:202398:0]    ib_mlx5dv_md.c:1875 UCX  DEBUG mlx5_4: cross gvmi alias mkey is supported
[1756857425.768442] [eos0005:202398:0]    ib_mlx5dv_md.c:1925 UCX  DEBUG mlx5_4: mkey_by_name_reserve is not supported
[1756857425.768443] [eos0005:202398:0]    ib_mlx5dv_md.c:1910 UCX  DEBUG mlx5_4: dp_ordering support: force=1 ooo_rw_rc=1 ooo_rw_dc=1
[1756857425.768556] [eos0005:202398:0]    ib_mlx5dv_md.c:1705 UCX  DEBUG mlx5_4: ODP is disabled because version 1 is not supported for DevX QP
[1756857425.768680] [eos0005:202398:0]           async.c:248  UCX  DEBUG added async handler 0x555556713010 [id=70 ref 1] uct_ib_async_event_handler() to hash
[1756857425.768683] [eos0005:202398:0]           async.c:522  UCX  DEBUG listening to async event fd 70 events 0x1 mode thread_spinlock
[1756857425.768684] [eos0005:202398:0]       ib_device.c:597  UCX  DEBUG initialized device 'mlx5_4' (InfiniBand channel adapter) with 1 ports
[1756857425.768688] [eos0005:202398:0]           ib_md.c:1177 UCX  DEBUG mlx5_4: cuda GPUDirect RDMA is detected by checking /sys/kernel/mm/memory_peers/nv_mem/version
[1756857425.768690] [eos0005:202398:0]           ib_md.c:1177 UCX  DEBUG mlx5_4: rocm GPUDirect RDMA is not detected by checking /dev/kfd
[1756857425.768693] [eos0005:202398:0]           ib_md.c:1202 UCX  DEBUG mlx5_4: dmabuf is supported
[1756857425.768694] [eos0005:202398:0]           mpool.c:138  UCX  DEBUG mpool devx dbrec: align 64, maxelems 4294967295, elemsize 40
[1756857425.768878] [eos0005:202398:0]    ib_mlx5dv_md.c:2423 UCX  DEBUG mlx5_4: opened DEVX md log_max_qp=17
[1756857425.769272] [eos0005:202398:0]    ib_mlx5dv_md.c:126  UCX  DEBUG mlx5_4: KSM dm memory registration status "Success" range 0x7fffca60d000..0x7fffca60d020 iova 0x0 mkey_index 0x0
[1756857425.769583] [eos0005:202398:0]    ib_mlx5dv_md.c:96   UCX  DEBUG mlx5_4: mlx5dv_devx_obj_create(CREATE_MKEY, mode=KSM, start_addr=0x7fffca60d000 length=32) failed, syndrome 0x45d3a4: Remote I/O error
[1756857425.769584] [eos0005:202398:0]    ib_mlx5dv_md.c:126  UCX  DEBUG mlx5_4: KSM atomic-key memory registration status "Unsupported operation" range (nil)..0x20 iova 0x7fffca60d000 atomic mkey_index 0x0
[1756857425.769934] [eos0005:202398:0]           ib_md.c:1161 UCX  DEBUG mlx5_4: relaxed order memory access is disabled
[1756857425.770157] [eos0005:202398:0]    ib_mlx5dv_md.c:126  UCX  DEBUG mlx5_4: KSM flush-mr memory registration status "Success" range 0x55555670d000..0x55555670d008 iova 0x0 mkey_index 0x0
[1756857425.770171] [eos0005:202398:0]          uct_md.c:96   UCX  DEBUG failed to query gga_mlx5 resources: No such device
[1756857425.770171] [eos0005:202398:0]     ucp_context.c:1188 UCX  DEBUG No tl resources found for md mlx5_4
[1756857425.770172] [eos0005:202398:0]     ucp_context.c:1648 UCX  DEBUG closing md mlx5_4 because it has no selected transport resources
[1756857425.770175] [eos0005:202398:0]    ib_mlx5dv_md.c:2496 UCX  DEBUG mlx5_4: md=0x5555567114e0 md->flags=0x3fb3f7f flush_rkey=0x20800
[1756857425.770417] [eos0005:202398:0]           mpool.c:194  UCX  DEBUG mpool devx dbrec destroyed
[1756857425.770418] [eos0005:202398:0]       ib_device.c:616  UCX  DEBUG destroying ib device mlx5_4
[1756857425.770419] [eos0005:202398:0]           async.c:173  UCX  DEBUG removed async handler 0x555556713010 [id=70 ref 1] uct_ib_async_event_handler() from hash
[1756857425.770428] [eos0005:202398:0]           async.c:576  UCX  DEBUG removing async handler 0x555556713010 [id=70 ref 1] uct_ib_async_event_handler()
[1756857425.770429] [eos0005:202398:0]           async.c:188  UCX  DEBUG release async handler 0x555556713010 [id=70 ref 0] uct_ib_async_event_handler()
[1756857425.775233] [eos0005:202398:0]            topo.c:899  UCX  DEBUG /sys/class/infiniband/mlx5_5: PF sysfs path is '/sys/devices/pci0000:5b/0000:5b:01.0/0000:5c:00.0/0000:5d:00.0/0000:5e:00.0'
[1756857425.775235] [eos0005:202398:0]            topo.c:552  UCX  DEBUG mlx5_5: bdf_name 0000:5e:00.0 sys_dev 18
[1756857425.775242] [eos0005:202398:0]       ib_device.c:498  UCX  DEBUG mlx5_5: vendor_id 0x15b3 device_id 4129
[1756857425.775734] [eos0005:202398:0]    ib_mlx5dv_md.c:1875 UCX  DEBUG mlx5_5: cross gvmi alias mkey is supported
[1756857425.775734] [eos0005:202398:0]    ib_mlx5dv_md.c:1925 UCX  DEBUG mlx5_5: mkey_by_name_reserve is not supported
[1756857425.775735] [eos0005:202398:0]    ib_mlx5dv_md.c:1910 UCX  DEBUG mlx5_5: dp_ordering support: force=1 ooo_rw_rc=1 ooo_rw_dc=1
[1756857425.775846] [eos0005:202398:0]    ib_mlx5dv_md.c:1705 UCX  DEBUG mlx5_5: ODP is disabled because version 1 is not supported for DevX QP
[1756857425.775967] [eos0005:202398:0]           async.c:248  UCX  DEBUG added async handler 0x55555670cb30 [id=70 ref 1] uct_ib_async_event_handler() to hash
[1756857425.775971] [eos0005:202398:0]           async.c:522  UCX  DEBUG listening to async event fd 70 events 0x1 mode thread_spinlock
[1756857425.775972] [eos0005:202398:0]       ib_device.c:597  UCX  DEBUG initialized device 'mlx5_5' (InfiniBand channel adapter) with 1 ports
[1756857425.775975] [eos0005:202398:0]           ib_md.c:1177 UCX  DEBUG mlx5_5: cuda GPUDirect RDMA is detected by checking /sys/kernel/mm/memory_peers/nv_mem/version
[1756857425.775977] [eos0005:202398:0]           ib_md.c:1177 UCX  DEBUG mlx5_5: rocm GPUDirect RDMA is not detected by checking /dev/kfd
[1756857425.775980] [eos0005:202398:0]           ib_md.c:1202 UCX  DEBUG mlx5_5: dmabuf is supported
[1756857425.775981] [eos0005:202398:0]           mpool.c:138  UCX  DEBUG mpool devx dbrec: align 64, maxelems 4294967295, elemsize 40
[1756857425.776164] [eos0005:202398:0]    ib_mlx5dv_md.c:2423 UCX  DEBUG mlx5_5: opened DEVX md log_max_qp=17
[1756857425.776576] [eos0005:202398:0]    ib_mlx5dv_md.c:126  UCX  DEBUG mlx5_5: KSM dm memory registration status "Success" range 0x7fffca60d000..0x7fffca60d020 iova 0x0 mkey_index 0x0
[1756857425.776886] [eos0005:202398:0]    ib_mlx5dv_md.c:96   UCX  DEBUG mlx5_5: mlx5dv_devx_obj_create(CREATE_MKEY, mode=KSM, start_addr=0x7fffca60d000 length=32) failed, syndrome 0x45d3a4: Remote I/O error
[1756857425.776888] [eos0005:202398:0]    ib_mlx5dv_md.c:126  UCX  DEBUG mlx5_5: KSM atomic-key memory registration status "Unsupported operation" range (nil)..0x20 iova 0x7fffca60d000 atomic mkey_index 0x0
[1756857425.777247] [eos0005:202398:0]           ib_md.c:1161 UCX  DEBUG mlx5_5: relaxed order memory access is disabled
[1756857425.777476] [eos0005:202398:0]    ib_mlx5dv_md.c:126  UCX  DEBUG mlx5_5: KSM flush-mr memory registration status "Success" range 0x555556705000..0x555556705008 iova 0x0 mkey_index 0x0
[1756857425.777491] [eos0005:202398:0]          uct_md.c:96   UCX  DEBUG failed to query gga_mlx5 resources: No such device
[1756857425.777491] [eos0005:202398:0]     ucp_context.c:1188 UCX  DEBUG No tl resources found for md mlx5_5
[1756857425.777492] [eos0005:202398:0]     ucp_context.c:1648 UCX  DEBUG closing md mlx5_5 because it has no selected transport resources
[1756857425.777496] [eos0005:202398:0]    ib_mlx5dv_md.c:2496 UCX  DEBUG mlx5_5: md=0x55555670d290 md->flags=0x3fb3f7f flush_rkey=0x21200
[1756857425.777742] [eos0005:202398:0]           mpool.c:194  UCX  DEBUG mpool devx dbrec destroyed
[1756857425.777743] [eos0005:202398:0]       ib_device.c:616  UCX  DEBUG destroying ib device mlx5_5
[1756857425.777744] [eos0005:202398:0]           async.c:173  UCX  DEBUG removed async handler 0x55555670cb30 [id=70 ref 1] uct_ib_async_event_handler() from hash
[1756857425.777745] [eos0005:202398:0]           async.c:576  UCX  DEBUG removing async handler 0x55555670cb30 [id=70 ref 1] uct_ib_async_event_handler()
[1756857425.777747] [eos0005:202398:0]           async.c:188  UCX  DEBUG release async handler 0x55555670cb30 [id=70 ref 0] uct_ib_async_event_handler()
[1756857425.782525] [eos0005:202398:0]            topo.c:899  UCX  DEBUG /sys/class/infiniband/mlx5_6: PF sysfs path is '/sys/devices/pci0000:97/0000:97:01.0/0000:98:00.0/0000:99:00.0/0000:9a:00.0'
[1756857425.782527] [eos0005:202398:0]            topo.c:552  UCX  DEBUG mlx5_6: bdf_name 0000:9a:00.0 sys_dev 9
[1756857425.782534] [eos0005:202398:0]       ib_device.c:498  UCX  DEBUG mlx5_6: vendor_id 0x15b3 device_id 4129
[1756857425.783024] [eos0005:202398:0]    ib_mlx5dv_md.c:1875 UCX  DEBUG mlx5_6: cross gvmi alias mkey is supported
[1756857425.783024] [eos0005:202398:0]    ib_mlx5dv_md.c:1925 UCX  DEBUG mlx5_6: mkey_by_name_reserve is not supported
[1756857425.783025] [eos0005:202398:0]    ib_mlx5dv_md.c:1910 UCX  DEBUG mlx5_6: dp_ordering support: force=1 ooo_rw_rc=1 ooo_rw_dc=1
[1756857425.783136] [eos0005:202398:0]    ib_mlx5dv_md.c:1705 UCX  DEBUG mlx5_6: ODP is disabled because version 1 is not supported for DevX QP
[1756857425.783256] [eos0005:202398:0]           async.c:248  UCX  DEBUG added async handler 0x5555566fefd0 [id=70 ref 1] uct_ib_async_event_handler() to hash
[1756857425.783259] [eos0005:202398:0]           async.c:522  UCX  DEBUG listening to async event fd 70 events 0x1 mode thread_spinlock
[1756857425.783260] [eos0005:202398:0]       ib_device.c:597  UCX  DEBUG initialized device 'mlx5_6' (InfiniBand channel adapter) with 1 ports
[1756857425.783263] [eos0005:202398:0]           ib_md.c:1177 UCX  DEBUG mlx5_6: cuda GPUDirect RDMA is detected by checking /sys/kernel/mm/memory_peers/nv_mem/version
[1756857425.783267] [eos0005:202398:0]           ib_md.c:1177 UCX  DEBUG mlx5_6: rocm GPUDirect RDMA is not detected by checking /dev/kfd
[1756857425.783270] [eos0005:202398:0]           ib_md.c:1202 UCX  DEBUG mlx5_6: dmabuf is supported
[1756857425.783271] [eos0005:202398:0]           mpool.c:138  UCX  DEBUG mpool devx dbrec: align 64, maxelems 4294967295, elemsize 40
[1756857425.783438] [eos0005:202398:0]    ib_mlx5dv_md.c:2423 UCX  DEBUG mlx5_6: opened DEVX md log_max_qp=17
[1756857425.783831] [eos0005:202398:0]    ib_mlx5dv_md.c:126  UCX  DEBUG mlx5_6: KSM dm memory registration status "Success" range 0x7fffca60d000..0x7fffca60d020 iova 0x0 mkey_index 0x0
[1756857425.784139] [eos0005:202398:0]    ib_mlx5dv_md.c:96   UCX  DEBUG mlx5_6: mlx5dv_devx_obj_create(CREATE_MKEY, mode=KSM, start_addr=0x7fffca60d000 length=32) failed, syndrome 0x45d3a4: Remote I/O error
[1756857425.784140] [eos0005:202398:0]    ib_mlx5dv_md.c:126  UCX  DEBUG mlx5_6: KSM atomic-key memory registration status "Unsupported operation" range (nil)..0x20 iova 0x7fffca60d000 atomic mkey_index 0x0
[1756857425.784480] [eos0005:202398:0]           ib_md.c:1161 UCX  DEBUG mlx5_6: relaxed order memory access is disabled
[1756857425.784690] [eos0005:202398:0]    ib_mlx5dv_md.c:126  UCX  DEBUG mlx5_6: KSM flush-mr memory registration status "Success" range 0x555556705000..0x555556705008 iova 0x0 mkey_index 0x0
[1756857425.784704] [eos0005:202398:0]          uct_md.c:96   UCX  DEBUG failed to query gga_mlx5 resources: No such device
[1756857425.784705] [eos0005:202398:0]     ucp_context.c:1188 UCX  DEBUG No tl resources found for md mlx5_6
[1756857425.784706] [eos0005:202398:0]     ucp_context.c:1648 UCX  DEBUG closing md mlx5_6 because it has no selected transport resources
[1756857425.784709] [eos0005:202398:0]    ib_mlx5dv_md.c:2496 UCX  DEBUG mlx5_6: md=0x555556711770 md->flags=0x3fb3f7f flush_rkey=0x20b00
[1756857425.784941] [eos0005:202398:0]           mpool.c:194  UCX  DEBUG mpool devx dbrec destroyed
[1756857425.784942] [eos0005:202398:0]       ib_device.c:616  UCX  DEBUG destroying ib device mlx5_6
[1756857425.784944] [eos0005:202398:0]           async.c:173  UCX  DEBUG removed async handler 0x5555566fefd0 [id=70 ref 1] uct_ib_async_event_handler() from hash
[1756857425.784951] [eos0005:202398:0]           async.c:576  UCX  DEBUG removing async handler 0x5555566fefd0 [id=70 ref 1] uct_ib_async_event_handler()
[1756857425.784953] [eos0005:202398:0]           async.c:188  UCX  DEBUG release async handler 0x5555566fefd0 [id=70 ref 0] uct_ib_async_event_handler()
[1756857425.789718] [eos0005:202398:0]            topo.c:899  UCX  DEBUG /sys/class/infiniband/mlx5_9: PF sysfs path is '/sys/devices/pci0000:bd/0000:bd:01.0/0000:be:00.0/0000:bf:00.0/0000:c0:00.0'
[1756857425.789720] [eos0005:202398:0]            topo.c:552  UCX  DEBUG mlx5_9: bdf_name 0000:c0:00.0 sys_dev 11
[1756857425.789727] [eos0005:202398:0]       ib_device.c:498  UCX  DEBUG mlx5_9: vendor_id 0x15b3 device_id 4129
[1756857425.790211] [eos0005:202398:0]    ib_mlx5dv_md.c:1875 UCX  DEBUG mlx5_9: cross gvmi alias mkey is supported
[1756857425.790212] [eos0005:202398:0]    ib_mlx5dv_md.c:1925 UCX  DEBUG mlx5_9: mkey_by_name_reserve is not supported
[1756857425.790213] [eos0005:202398:0]    ib_mlx5dv_md.c:1910 UCX  DEBUG mlx5_9: dp_ordering support: force=1 ooo_rw_rc=1 ooo_rw_dc=1
[1756857425.790328] [eos0005:202398:0]    ib_mlx5dv_md.c:1705 UCX  DEBUG mlx5_9: ODP is disabled because version 1 is not supported for DevX QP
[1756857425.790447] [eos0005:202398:0]           async.c:248  UCX  DEBUG added async handler 0x55555670cb30 [id=70 ref 1] uct_ib_async_event_handler() to hash
[1756857425.790451] [eos0005:202398:0]           async.c:522  UCX  DEBUG listening to async event fd 70 events 0x1 mode thread_spinlock
[1756857425.790452] [eos0005:202398:0]       ib_device.c:597  UCX  DEBUG initialized device 'mlx5_9' (InfiniBand channel adapter) with 1 ports
[1756857425.790455] [eos0005:202398:0]           ib_md.c:1177 UCX  DEBUG mlx5_9: cuda GPUDirect RDMA is detected by checking /sys/kernel/mm/memory_peers/nv_mem/version
[1756857425.790457] [eos0005:202398:0]           ib_md.c:1177 UCX  DEBUG mlx5_9: rocm GPUDirect RDMA is not detected by checking /dev/kfd
[1756857425.790460] [eos0005:202398:0]           ib_md.c:1202 UCX  DEBUG mlx5_9: dmabuf is supported
[1756857425.790461] [eos0005:202398:0]           mpool.c:138  UCX  DEBUG mpool devx dbrec: align 64, maxelems 4294967295, elemsize 40
[1756857425.790635] [eos0005:202398:0]    ib_mlx5dv_md.c:2423 UCX  DEBUG mlx5_9: opened DEVX md log_max_qp=17
[1756857425.791050] [eos0005:202398:0]    ib_mlx5dv_md.c:126  UCX  DEBUG mlx5_9: KSM dm memory registration status "Success" range 0x7fffca60d000..0x7fffca60d020 iova 0x0 mkey_index 0x0
[1756857425.791360] [eos0005:202398:0]    ib_mlx5dv_md.c:96   UCX  DEBUG mlx5_9: mlx5dv_devx_obj_create(CREATE_MKEY, mode=KSM, start_addr=0x7fffca60d000 length=32) failed, syndrome 0x45d3a4: Remote I/O error
[1756857425.791362] [eos0005:202398:0]    ib_mlx5dv_md.c:126  UCX  DEBUG mlx5_9: KSM atomic-key memory registration status "Unsupported operation" range (nil)..0x20 iova 0x7fffca60d000 atomic mkey_index 0x0
[1756857425.791697] [eos0005:202398:0]           ib_md.c:1161 UCX  DEBUG mlx5_9: relaxed order memory access is disabled
[1756857425.791909] [eos0005:202398:0]    ib_mlx5dv_md.c:126  UCX  DEBUG mlx5_9: KSM flush-mr memory registration status "Success" range 0x555556705000..0x555556705008 iova 0x0 mkey_index 0x0
[1756857425.791924] [eos0005:202398:0]          uct_md.c:96   UCX  DEBUG failed to query gga_mlx5 resources: No such device
[1756857425.791925] [eos0005:202398:0]     ucp_context.c:1188 UCX  DEBUG No tl resources found for md mlx5_9
[1756857425.791926] [eos0005:202398:0]     ucp_context.c:1648 UCX  DEBUG closing md mlx5_9 because it has no selected transport resources
[1756857425.791929] [eos0005:202398:0]    ib_mlx5dv_md.c:2496 UCX  DEBUG mlx5_9: md=0x555556711960 md->flags=0x3fb3f7f flush_rkey=0x21300
[1756857425.792157] [eos0005:202398:0]           mpool.c:194  UCX  DEBUG mpool devx dbrec destroyed
[1756857425.792159] [eos0005:202398:0]       ib_device.c:616  UCX  DEBUG destroying ib device mlx5_9
[1756857425.792160] [eos0005:202398:0]           async.c:173  UCX  DEBUG removed async handler 0x55555670cb30 [id=70 ref 1] uct_ib_async_event_handler() from hash
[1756857425.792161] [eos0005:202398:0]           async.c:576  UCX  DEBUG removing async handler 0x55555670cb30 [id=70 ref 1] uct_ib_async_event_handler()
[1756857425.792162] [eos0005:202398:0]           async.c:188  UCX  DEBUG release async handler 0x55555670cb30 [id=70 ref 0] uct_ib_async_event_handler()
[1756857425.796896] [eos0005:202398:0]            topo.c:899  UCX  DEBUG /sys/class/infiniband/mlx5_10: PF sysfs path is '/sys/devices/pci0000:cb/0000:cb:01.0/0000:cc:00.0/0000:cd:00.0/0000:ce:00.0'
[1756857425.796898] [eos0005:202398:0]            topo.c:552  UCX  DEBUG mlx5_10: bdf_name 0000:ce:00.0 sys_dev 12
[1756857425.796905] [eos0005:202398:0]       ib_device.c:498  UCX  DEBUG mlx5_10: vendor_id 0x15b3 device_id 4129
[1756857425.797385] [eos0005:202398:0]    ib_mlx5dv_md.c:1875 UCX  DEBUG mlx5_10: cross gvmi alias mkey is supported
[1756857425.797386] [eos0005:202398:0]    ib_mlx5dv_md.c:1925 UCX  DEBUG mlx5_10: mkey_by_name_reserve is not supported
[1756857425.797386] [eos0005:202398:0]    ib_mlx5dv_md.c:1910 UCX  DEBUG mlx5_10: dp_ordering support: force=1 ooo_rw_rc=1 ooo_rw_dc=1
[1756857425.797495] [eos0005:202398:0]    ib_mlx5dv_md.c:1705 UCX  DEBUG mlx5_10: ODP is disabled because version 1 is not supported for DevX QP
[1756857425.797620] [eos0005:202398:0]           async.c:248  UCX  DEBUG added async handler 0x5555567156d0 [id=70 ref 1] uct_ib_async_event_handler() to hash
[1756857425.797623] [eos0005:202398:0]           async.c:522  UCX  DEBUG listening to async event fd 70 events 0x1 mode thread_spinlock
[1756857425.797624] [eos0005:202398:0]       ib_device.c:597  UCX  DEBUG initialized device 'mlx5_10' (InfiniBand channel adapter) with 1 ports
[1756857425.797627] [eos0005:202398:0]           ib_md.c:1177 UCX  DEBUG mlx5_10: cuda GPUDirect RDMA is detected by checking /sys/kernel/mm/memory_peers/nv_mem/version
[1756857425.797629] [eos0005:202398:0]           ib_md.c:1177 UCX  DEBUG mlx5_10: rocm GPUDirect RDMA is not detected by checking /dev/kfd
[1756857425.797631] [eos0005:202398:0]           ib_md.c:1202 UCX  DEBUG mlx5_10: dmabuf is supported
[1756857425.797633] [eos0005:202398:0]           mpool.c:138  UCX  DEBUG mpool devx dbrec: align 64, maxelems 4294967295, elemsize 40
[1756857425.797807] [eos0005:202398:0]    ib_mlx5dv_md.c:2423 UCX  DEBUG mlx5_10: opened DEVX md log_max_qp=17
[1756857425.798210] [eos0005:202398:0]    ib_mlx5dv_md.c:126  UCX  DEBUG mlx5_10: KSM dm memory registration status "Success" range 0x7fffca60d000..0x7fffca60d020 iova 0x0 mkey_index 0x0
[1756857425.798524] [eos0005:202398:0]    ib_mlx5dv_md.c:96   UCX  DEBUG mlx5_10: mlx5dv_devx_obj_create(CREATE_MKEY, mode=KSM, start_addr=0x7fffca60d000 length=32) failed, syndrome 0x45d3a4: Remote I/O error
[1756857425.798525] [eos0005:202398:0]    ib_mlx5dv_md.c:126  UCX  DEBUG mlx5_10: KSM atomic-key memory registration status "Unsupported operation" range (nil)..0x20 iova 0x7fffca60d000 atomic mkey_index 0x0
[1756857425.798873] [eos0005:202398:0]           ib_md.c:1161 UCX  DEBUG mlx5_10: relaxed order memory access is disabled
[1756857425.799093] [eos0005:202398:0]    ib_mlx5dv_md.c:126  UCX  DEBUG mlx5_10: KSM flush-mr memory registration status "Success" range 0x555556705000..0x555556705008 iova 0x0 mkey_index 0x0
[1756857425.799107] [eos0005:202398:0]          uct_md.c:96   UCX  DEBUG failed to query gga_mlx5 resources: No such device
[1756857425.799108] [eos0005:202398:0]     ucp_context.c:1188 UCX  DEBUG No tl resources found for md mlx5_10
[1756857425.799109] [eos0005:202398:0]     ucp_context.c:1648 UCX  DEBUG closing md mlx5_10 because it has no selected transport resources
[1756857425.799112] [eos0005:202398:0]    ib_mlx5dv_md.c:2496 UCX  DEBUG mlx5_10: md=0x5555567116d0 md->flags=0x3fb3f7f flush_rkey=0x1fb00
[1756857425.799349] [eos0005:202398:0]           mpool.c:194  UCX  DEBUG mpool devx dbrec destroyed
[1756857425.799350] [eos0005:202398:0]       ib_device.c:616  UCX  DEBUG destroying ib device mlx5_10
[1756857425.799359] [eos0005:202398:0]           async.c:173  UCX  DEBUG removed async handler 0x5555567156d0 [id=70 ref 1] uct_ib_async_event_handler() from hash
[1756857425.799360] [eos0005:202398:0]           async.c:576  UCX  DEBUG removing async handler 0x5555567156d0 [id=70 ref 1] uct_ib_async_event_handler()
[1756857425.799361] [eos0005:202398:0]           async.c:188  UCX  DEBUG release async handler 0x5555567156d0 [id=70 ref 0] uct_ib_async_event_handler()
[1756857425.804074] [eos0005:202398:0]            topo.c:899  UCX  DEBUG /sys/class/infiniband/mlx5_11: PF sysfs path is '/sys/devices/pci0000:d9/0000:d9:01.0/0000:da:00.0/0000:db:00.0/0000:dc:00.0'
[1756857425.804076] [eos0005:202398:0]            topo.c:552  UCX  DEBUG mlx5_11: bdf_name 0000:dc:00.0 sys_dev 13
[1756857425.804083] [eos0005:202398:0]       ib_device.c:498  UCX  DEBUG mlx5_11: vendor_id 0x15b3 device_id 4129
[1756857425.804561] [eos0005:202398:0]    ib_mlx5dv_md.c:1875 UCX  DEBUG mlx5_11: cross gvmi alias mkey is supported
[1756857425.804562] [eos0005:202398:0]    ib_mlx5dv_md.c:1925 UCX  DEBUG mlx5_11: mkey_by_name_reserve is not supported
[1756857425.804563] [eos0005:202398:0]    ib_mlx5dv_md.c:1910 UCX  DEBUG mlx5_11: dp_ordering support: force=1 ooo_rw_rc=1 ooo_rw_dc=1
[1756857425.804675] [eos0005:202398:0]    ib_mlx5dv_md.c:1705 UCX  DEBUG mlx5_11: ODP is disabled because version 1 is not supported for DevX QP
[1756857425.804790] [eos0005:202398:0]           async.c:248  UCX  DEBUG added async handler 0x555556704570 [id=70 ref 1] uct_ib_async_event_handler() to hash
[1756857425.804794] [eos0005:202398:0]           async.c:522  UCX  DEBUG listening to async event fd 70 events 0x1 mode thread_spinlock
[1756857425.804795] [eos0005:202398:0]       ib_device.c:597  UCX  DEBUG initialized device 'mlx5_11' (InfiniBand channel adapter) with 1 ports
[1756857425.804798] [eos0005:202398:0]           ib_md.c:1177 UCX  DEBUG mlx5_11: cuda GPUDirect RDMA is detected by checking /sys/kernel/mm/memory_peers/nv_mem/version
[1756857425.804800] [eos0005:202398:0]           ib_md.c:1177 UCX  DEBUG mlx5_11: rocm GPUDirect RDMA is not detected by checking /dev/kfd
[1756857425.804803] [eos0005:202398:0]           ib_md.c:1202 UCX  DEBUG mlx5_11: dmabuf is supported
[1756857425.804804] [eos0005:202398:0]           mpool.c:138  UCX  DEBUG mpool devx dbrec: align 64, maxelems 4294967295, elemsize 40
[1756857425.804971] [eos0005:202398:0]    ib_mlx5dv_md.c:2423 UCX  DEBUG mlx5_11: opened DEVX md log_max_qp=17
[1756857425.805386] [eos0005:202398:0]    ib_mlx5dv_md.c:126  UCX  DEBUG mlx5_11: KSM dm memory registration status "Success" range 0x7fffca60d000..0x7fffca60d020 iova 0x0 mkey_index 0x0
[1756857425.805707] [eos0005:202398:0]    ib_mlx5dv_md.c:96   UCX  DEBUG mlx5_11: mlx5dv_devx_obj_create(CREATE_MKEY, mode=KSM, start_addr=0x7fffca60d000 length=32) failed, syndrome 0x45d3a4: Remote I/O error
[1756857425.805708] [eos0005:202398:0]    ib_mlx5dv_md.c:126  UCX  DEBUG mlx5_11: KSM atomic-key memory registration status "Unsupported operation" range (nil)..0x20 iova 0x7fffca60d000 atomic mkey_index 0x0
[1756857425.806053] [eos0005:202398:0]           ib_md.c:1161 UCX  DEBUG mlx5_11: relaxed order memory access is disabled
[1756857425.806267] [eos0005:202398:0]    ib_mlx5dv_md.c:126  UCX  DEBUG mlx5_11: KSM flush-mr memory registration status "Success" range 0x555556705000..0x555556705008 iova 0x0 mkey_index 0x0
[1756857425.806303] [eos0005:202398:0]          uct_md.c:96   UCX  DEBUG failed to query gga_mlx5 resources: No such device
[1756857425.806303] [eos0005:202398:0]     ucp_context.c:1188 UCX  DEBUG No tl resources found for md mlx5_11
[1756857425.806304] [eos0005:202398:0]     ucp_context.c:1648 UCX  DEBUG closing md mlx5_11 because it has no selected transport resources
[1756857425.806307] [eos0005:202398:0]    ib_mlx5dv_md.c:2496 UCX  DEBUG mlx5_11: md=0x5555567116d0 md->flags=0x3fb3f7f flush_rkey=0x1e300
[1756857425.806548] [eos0005:202398:0]           mpool.c:194  UCX  DEBUG mpool devx dbrec destroyed
[1756857425.806549] [eos0005:202398:0]       ib_device.c:616  UCX  DEBUG destroying ib device mlx5_11
[1756857425.806550] [eos0005:202398:0]           async.c:173  UCX  DEBUG removed async handler 0x555556704570 [id=70 ref 1] uct_ib_async_event_handler() from hash
[1756857425.806551] [eos0005:202398:0]           async.c:576  UCX  DEBUG removing async handler 0x555556704570 [id=70 ref 1] uct_ib_async_event_handler()
[1756857425.806553] [eos0005:202398:0]           async.c:188  UCX  DEBUG release async handler 0x555556704570 [id=70 ref 0] uct_ib_async_event_handler()
[1756857425.806922] [eos0005:202398:0]     ucp_context.c:1713 UCX  DEBUG register host memory on: self, tcp, cuda_cpy, mlx5_0, mlx5_3, mlx5_4, mlx5_5, mlx5_6, mlx5_9, mlx5_10, mlx5_11, cma
[1756857425.806924] [eos0005:202398:0]     ucp_context.c:1713 UCX  DEBUG register cuda memory on: cuda_cpy, cuda_ipc, gdr_copy, mlx5_0, mlx5_3, mlx5_4, mlx5_5, mlx5_6, mlx5_9, mlx5_10, mlx5_11
[1756857425.806925] [eos0005:202398:0]     ucp_context.c:1713 UCX  DEBUG register cuda-managed memory on: cuda_cpy
[1756857425.806925] [eos0005:202398:0]     ucp_context.c:1701 UCX  DEBUG no memory domain supports registering rocm memory
[1756857425.806926] [eos0005:202398:0]     ucp_context.c:1701 UCX  DEBUG no memory domain supports registering rocm-managed memory
[1756857425.806927] [eos0005:202398:0]     ucp_context.c:1701 UCX  DEBUG no memory domain supports registering rdma memory
[1756857425.806927] [eos0005:202398:0]     ucp_context.c:1701 UCX  DEBUG no memory domain supports registering ze-host memory
[1756857425.806928] [eos0005:202398:0]     ucp_context.c:1701 UCX  DEBUG no memory domain supports registering ze-device memory
[1756857425.806928] [eos0005:202398:0]     ucp_context.c:1701 UCX  DEBUG no memory domain supports registering ze-managed memory
[1756857425.806951] [eos0005:202398:0]           mpool.c:138  UCX  DEBUG mpool rcache_mp: align 8, maxelems 4294967295, elemsize 144
[1756857425.807013] [eos0005:202398:0]     ucp_context.c:2332 UCX  DEBUG created ucp context ucp_context_0 0x5555563daa80 [16 mds 60 tls] features 0x1 tl bitmap 0xfffffffffffffff 0x0
[1756857425.809781] [eos0005:202398:0]      ucp_worker.c:2510 UCX  DIAG  multi-threaded worker is requested, but library is built without multi-thread support
[1756857425.809808] [eos0005:202398:0]           mpool.c:138  UCX  DEBUG mpool self_msg_desc: align 64, maxelems 4294967295, elemsize 8200
[1756857425.809810] [eos0005:202398:0]            self.c:245  UCX  DEBUG created self iface id 0xfd96d5aaf1db9301 send_size 8192
[1756857425.809817] [eos0005:202398:0]      ucp_worker.c:1436 UCX  DEBUG created interface[0]=0x55555698fdf0 using self/memory on worker 0x55555696d380
[1756857425.809834] [eos0005:202398:0]           mpool.c:138  UCX  DEBUG mpool uct_tcp_iface_tx_buf_mp: align 64, maxelems 4294967295, elemsize 8205
[1756857425.809835] [eos0005:202398:0]           mpool.c:138  UCX  DEBUG mpool uct_tcp_iface_rx_buf_mp: align 64, maxelems 4294967295, elemsize 131090
[1756857425.812021] [eos0005:202398:0]           async.c:248  UCX  DEBUG added async handler 0x5555568a00e0 [id=70 ref 1] uct_tcp_iface_connect_handler() to hash
[1756857425.812030] [eos0005:202398:0]           async.c:522  UCX  DEBUG listening to async event fd 70 events 0x5 mode thread_spinlock
[1756857425.812037] [eos0005:202398:0]       tcp_iface.c:596  UCX  DEBUG tcp_iface 0x555556990ad0: listening for connections (fd=70) on 169.254.0.18:53383 netif bmc-redfish0
[1756857425.812056] [eos0005:202398:0]         tcp_net.c:61   UCX  DEBUG speed of bmc-redfish0 is UNKNOWN, assuming 100 Mbps
[1756857425.812132] [eos0005:202398:0]            topo.c:895  UCX  DEBUG /sys/class/net/bmc-redfish0/lower_enx1a5307973073: sysfs path undetected
[1756857425.812133] [eos0005:202398:0]            topo.c:848  UCX  DEBUG bmc-redfish0: pci bandwidth undetected, using maximal value
[1756857425.812165] [eos0005:202398:0]      ucp_worker.c:1436 UCX  DEBUG created interface[1]=0x555556990ad0 using tcp/bmc-redfish0 on worker 0x55555696d380
[1756857425.812184] [eos0005:202398:0]           mpool.c:138  UCX  DEBUG mpool uct_tcp_iface_tx_buf_mp: align 64, maxelems 4294967295, elemsize 8205
[1756857425.812195] [eos0005:202398:0]           mpool.c:138  UCX  DEBUG mpool uct_tcp_iface_rx_buf_mp: align 64, maxelems 4294967295, elemsize 131090
[1756857425.812661] [eos0005:202398:0]           async.c:248  UCX  DEBUG added async handler 0x555556b214b0 [id=72 ref 1] uct_tcp_iface_connect_handler() to hash
[1756857425.812667] [eos0005:202398:0]           async.c:522  UCX  DEBUG listening to async event fd 72 events 0x5 mode thread_spinlock
[1756857425.812670] [eos0005:202398:0]       tcp_iface.c:596  UCX  DEBUG tcp_iface 0x555556b1dce0: listening for connections (fd=72) on 10.52.48.6:47973 netif eth3
[1756857425.812925] [eos0005:202398:0]            topo.c:899  UCX  DEBUG /sys/class/net/eth3: PF sysfs path is '/sys/devices/pci0000:80/0000:80:05.0/0000:82:00.1'
[1756857425.814126] [eos0005:202398:0]      ucp_worker.c:1436 UCX  DEBUG created interface[2]=0x555556b1dce0 using tcp/eth3 on worker 0x55555696d380
[1756857425.814141] [eos0005:202398:0]           mpool.c:138  UCX  DEBUG mpool uct_tcp_iface_tx_buf_mp: align 64, maxelems 4294967295, elemsize 8205
[1756857425.814142] [eos0005:202398:0]           mpool.c:138  UCX  DEBUG mpool uct_tcp_iface_rx_buf_mp: align 64, maxelems 4294967295, elemsize 131090
[1756857425.814934] [eos0005:202398:0]           async.c:248  UCX  DEBUG added async handler 0x555556b21530 [id=74 ref 1] uct_tcp_iface_connect_handler() to hash
[1756857425.814939] [eos0005:202398:0]           async.c:522  UCX  DEBUG listening to async event fd 74 events 0x5 mode thread_spinlock
[1756857425.814942] [eos0005:202398:0]       tcp_iface.c:596  UCX  DEBUG tcp_iface 0x5555566e6270: listening for connections (fd=74) on 172.16.128.15:54431 netif ibp154s0
[1756857425.815053] [eos0005:202398:0]            topo.c:899  UCX  DEBUG /sys/class/net/ibp154s0: PF sysfs path is '/sys/devices/pci0000:97/0000:97:01.0/0000:98:00.0/0000:99:00.0/0000:9a:00.0'
[1756857425.815104] [eos0005:202398:0]      ucp_worker.c:1436 UCX  DEBUG created interface[3]=0x5555566e6270 using tcp/ibp154s0 on worker 0x55555696d380
[1756857425.815118] [eos0005:202398:0]           mpool.c:138  UCX  DEBUG mpool uct_tcp_iface_tx_buf_mp: align 64, maxelems 4294967295, elemsize 8205
[1756857425.815119] [eos0005:202398:0]           mpool.c:138  UCX  DEBUG mpool uct_tcp_iface_rx_buf_mp: align 64, maxelems 4294967295, elemsize 131090
[1756857425.815925] [eos0005:202398:0]           async.c:248  UCX  DEBUG added async handler 0x555556b214f0 [id=76 ref 1] uct_tcp_iface_connect_handler() to hash
[1756857425.815930] [eos0005:202398:0]           async.c:522  UCX  DEBUG listening to async event fd 76 events 0x5 mode thread_spinlock
[1756857425.815932] [eos0005:202398:0]       tcp_iface.c:596  UCX  DEBUG tcp_iface 0x5555566e69f0: listening for connections (fd=76) on 172.16.16.15:43725 netif ibp170s0f0
[1756857425.816050] [eos0005:202398:0]            topo.c:899  UCX  DEBUG /sys/class/net/ibp170s0f0: PF sysfs path is '/sys/devices/pci0000:a5/0000:a5:01.0/0000:a6:00.0/0000:a7:00.0/0000:a8:00.0/0000:a9:00.0/0000:aa:00.0'
[1756857425.816096] [eos0005:202398:0]      ucp_worker.c:1436 UCX  DEBUG created interface[4]=0x5555566e69f0 using tcp/ibp170s0f0 on worker 0x55555696d380
[1756857425.816109] [eos0005:202398:0]           mpool.c:138  UCX  DEBUG mpool uct_tcp_iface_tx_buf_mp: align 64, maxelems 4294967295, elemsize 8205
[1756857425.816110] [eos0005:202398:0]           mpool.c:138  UCX  DEBUG mpool uct_tcp_iface_rx_buf_mp: align 64, maxelems 4294967295, elemsize 131090
[1756857425.816951] [eos0005:202398:0]           async.c:248  UCX  DEBUG added async handler 0x555556b21570 [id=78 ref 1] uct_tcp_iface_connect_handler() to hash
[1756857425.816956] [eos0005:202398:0]           async.c:522  UCX  DEBUG listening to async event fd 78 events 0x5 mode thread_spinlock
[1756857425.816957] [eos0005:202398:0]       tcp_iface.c:596  UCX  DEBUG tcp_iface 0x555556b215f0: listening for connections (fd=78) on 172.16.144.15:34925 netif ibp192s0
[1756857425.817069] [eos0005:202398:0]            topo.c:899  UCX  DEBUG /sys/class/net/ibp192s0: PF sysfs path is '/sys/devices/pci0000:bd/0000:bd:01.0/0000:be:00.0/0000:bf:00.0/0000:c0:00.0'
[1756857425.817116] [eos0005:202398:0]      ucp_worker.c:1436 UCX  DEBUG created interface[5]=0x555556b215f0 using tcp/ibp192s0 on worker 0x55555696d380
[1756857425.817129] [eos0005:202398:0]           mpool.c:138  UCX  DEBUG mpool uct_tcp_iface_tx_buf_mp: align 64, maxelems 4294967295, elemsize 8205
[1756857425.817130] [eos0005:202398:0]           mpool.c:138  UCX  DEBUG mpool uct_tcp_iface_rx_buf_mp: align 64, maxelems 4294967295, elemsize 131090
[1756857425.818060] [eos0005:202398:0]           async.c:248  UCX  DEBUG added async handler 0x555556b215b0 [id=80 ref 1] uct_tcp_iface_connect_handler() to hash
[1756857425.818065] [eos0005:202398:0]           async.c:522  UCX  DEBUG listening to async event fd 80 events 0x5 mode thread_spinlock
[1756857425.818067] [eos0005:202398:0]       tcp_iface.c:596  UCX  DEBUG tcp_iface 0x555556b21d70: listening for connections (fd=80) on 172.16.160.15:35741 netif ibp206s0
[1756857425.818178] [eos0005:202398:0]            topo.c:899  UCX  DEBUG /sys/class/net/ibp206s0: PF sysfs path is '/sys/devices/pci0000:cb/0000:cb:01.0/0000:cc:00.0/0000:cd:00.0/0000:ce:00.0'
[1756857425.818226] [eos0005:202398:0]      ucp_worker.c:1436 UCX  DEBUG created interface[6]=0x555556b21d70 using tcp/ibp206s0 on worker 0x55555696d380
[1756857425.818239] [eos0005:202398:0]           mpool.c:138  UCX  DEBUG mpool uct_tcp_iface_tx_buf_mp: align 64, maxelems 4294967295, elemsize 8205
[1756857425.818239] [eos0005:202398:0]           mpool.c:138  UCX  DEBUG mpool uct_tcp_iface_rx_buf_mp: align 64, maxelems 4294967295, elemsize 131090
[1756857425.819049] [eos0005:202398:0]           async.c:248  UCX  DEBUG added async handler 0x555556b231c0 [id=82 ref 1] uct_tcp_iface_connect_handler() to hash
[1756857425.819054] [eos0005:202398:0]           async.c:522  UCX  DEBUG listening to async event fd 82 events 0x5 mode thread_spinlock
[1756857425.819055] [eos0005:202398:0]       tcp_iface.c:596  UCX  DEBUG tcp_iface 0x555556b224f0: listening for connections (fd=82) on 172.16.176.15:47469 netif ibp220s0
[1756857425.819170] [eos0005:202398:0]            topo.c:899  UCX  DEBUG /sys/class/net/ibp220s0: PF sysfs path is '/sys/devices/pci0000:d9/0000:d9:01.0/0000:da:00.0/0000:db:00.0/0000:dc:00.0'
[1756857425.819217] [eos0005:202398:0]      ucp_worker.c:1436 UCX  DEBUG created interface[7]=0x555556b224f0 using tcp/ibp220s0 on worker 0x55555696d380
[1756857425.819229] [eos0005:202398:0]           mpool.c:138  UCX  DEBUG mpool uct_tcp_iface_tx_buf_mp: align 64, maxelems 4294967295, elemsize 8205
[1756857425.819230] [eos0005:202398:0]           mpool.c:138  UCX  DEBUG mpool uct_tcp_iface_rx_buf_mp: align 64, maxelems 4294967295, elemsize 131090
[1756857425.820064] [eos0005:202398:0]           async.c:248  UCX  DEBUG added async handler 0x5555563d6f90 [id=84 ref 1] uct_tcp_iface_connect_handler() to hash
[1756857425.820069] [eos0005:202398:0]           async.c:522  UCX  DEBUG listening to async event fd 84 events 0x5 mode thread_spinlock
[1756857425.820070] [eos0005:202398:0]       tcp_iface.c:596  UCX  DEBUG tcp_iface 0x555556b1c070: listening for connections (fd=84) on 172.16.64.15:59199 netif ibp24s0
[1756857425.820184] [eos0005:202398:0]            topo.c:899  UCX  DEBUG /sys/class/net/ibp24s0: PF sysfs path is '/sys/devices/pci0000:15/0000:15:01.0/0000:16:00.0/0000:17:00.0/0000:18:00.0'
[1756857425.820238] [eos0005:202398:0]      ucp_worker.c:1436 UCX  DEBUG created interface[8]=0x555556b1c070 using tcp/ibp24s0 on worker 0x55555696d380
[1756857425.820251] [eos0005:202398:0]           mpool.c:138  UCX  DEBUG mpool uct_tcp_iface_tx_buf_mp: align 64, maxelems 4294967295, elemsize 8205
[1756857425.820252] [eos0005:202398:0]           mpool.c:138  UCX  DEBUG mpool uct_tcp_iface_rx_buf_mp: align 64, maxelems 4294967295, elemsize 131090
[1756857425.821155] [eos0005:202398:0]           async.c:248  UCX  DEBUG added async handler 0x5555568a4bd0 [id=86 ref 1] uct_tcp_iface_connect_handler() to hash
[1756857425.821159] [eos0005:202398:0]           async.c:522  UCX  DEBUG listening to async event fd 86 events 0x5 mode thread_spinlock
[1756857425.821169] [eos0005:202398:0]       tcp_iface.c:596  UCX  DEBUG tcp_iface 0x555556b1c7f0: listening for connections (fd=86) on 172.16.0.15:55575 netif ibp41s0f0
[1756857425.821281] [eos0005:202398:0]            topo.c:899  UCX  DEBUG /sys/class/net/ibp41s0f0: PF sysfs path is '/sys/devices/pci0000:24/0000:24:01.0/0000:25:00.0/0000:26:00.0/0000:27:00.0/0000:28:00.0/0000:29:00.0'
[1756857425.821326] [eos0005:202398:0]      ucp_worker.c:1436 UCX  DEBUG created interface[9]=0x555556b1c7f0 using tcp/ibp41s0f0 on worker 0x55555696d380
[1756857425.821339] [eos0005:202398:0]           mpool.c:138  UCX  DEBUG mpool uct_tcp_iface_tx_buf_mp: align 64, maxelems 4294967295, elemsize 8205
[1756857425.821340] [eos0005:202398:0]           mpool.c:138  UCX  DEBUG mpool uct_tcp_iface_rx_buf_mp: align 64, maxelems 4294967295, elemsize 131090
[1756857425.822257] [eos0005:202398:0]           async.c:248  UCX  DEBUG added async handler 0x5555568a4b60 [id=88 ref 1] uct_tcp_iface_connect_handler() to hash
[1756857425.822261] [eos0005:202398:0]           async.c:522  UCX  DEBUG listening to async event fd 88 events 0x5 mode thread_spinlock
[1756857425.822263] [eos0005:202398:0]       tcp_iface.c:596  UCX  DEBUG tcp_iface 0x555556b1d370: listening for connections (fd=88) on 172.16.80.15:34841 netif ibp64s0
[1756857425.822378] [eos0005:202398:0]            topo.c:899  UCX  DEBUG /sys/class/net/ibp64s0: PF sysfs path is '/sys/devices/pci0000:3d/0000:3d:01.0/0000:3e:00.0/0000:3f:00.0/0000:40:00.0'
[1756857425.822425] [eos0005:202398:0]      ucp_worker.c:1436 UCX  DEBUG created interface[10]=0x555556b1d370 using tcp/ibp64s0 on worker 0x55555696d380
[1756857425.822437] [eos0005:202398:0]           mpool.c:138  UCX  DEBUG mpool uct_tcp_iface_tx_buf_mp: align 64, maxelems 4294967295, elemsize 8205
[1756857425.822438] [eos0005:202398:0]           mpool.c:138  UCX  DEBUG mpool uct_tcp_iface_rx_buf_mp: align 64, maxelems 4294967295, elemsize 131090
[1756857425.823243] [eos0005:202398:0]           async.c:248  UCX  DEBUG added async handler 0x5555568a66d0 [id=90 ref 1] uct_tcp_iface_connect_handler() to hash
[1756857425.823247] [eos0005:202398:0]           async.c:522  UCX  DEBUG listening to async event fd 90 events 0x5 mode thread_spinlock
[1756857425.823249] [eos0005:202398:0]       tcp_iface.c:596  UCX  DEBUG tcp_iface 0x5555567b3be0: listening for connections (fd=90) on 172.16.96.15:48707 netif ibp79s0
[1756857425.823462] [eos0005:202398:0]            topo.c:899  UCX  DEBUG /sys/class/net/ibp79s0: PF sysfs path is '/sys/devices/pci0000:4c/0000:4c:01.0/0000:4d:00.0/0000:4e:00.0/0000:4f:00.0'
[1756857425.823509] [eos0005:202398:0]      ucp_worker.c:1436 UCX  DEBUG created interface[11]=0x5555567b3be0 using tcp/ibp79s0 on worker 0x55555696d380
[1756857425.823522] [eos0005:202398:0]           mpool.c:138  UCX  DEBUG mpool uct_tcp_iface_tx_buf_mp: align 64, maxelems 4294967295, elemsize 8205
[1756857425.823522] [eos0005:202398:0]           mpool.c:138  UCX  DEBUG mpool uct_tcp_iface_rx_buf_mp: align 64, maxelems 4294967295, elemsize 131090
[1756857425.823987] [eos0005:202398:0]           async.c:248  UCX  DEBUG added async handler 0x5555568a0070 [id=92 ref 1] uct_tcp_iface_connect_handler() to hash
[1756857425.823992] [eos0005:202398:0]           async.c:522  UCX  DEBUG listening to async event fd 92 events 0x5 mode thread_spinlock
[1756857425.823994] [eos0005:202398:0]       tcp_iface.c:596  UCX  DEBUG tcp_iface 0x5555567b4840: listening for connections (fd=92) on 172.16.112.15:54683 netif ibp94s0
[1756857425.824088] [eos0005:202398:0]            topo.c:899  UCX  DEBUG /sys/class/net/ibp94s0: PF sysfs path is '/sys/devices/pci0000:5b/0000:5b:01.0/0000:5c:00.0/0000:5d:00.0/0000:5e:00.0'
[1756857425.824135] [eos0005:202398:0]      ucp_worker.c:1436 UCX  DEBUG created interface[12]=0x5555567b4840 using tcp/ibp94s0 on worker 0x55555696d380
[1756857425.824147] [eos0005:202398:0]           mpool.c:138  UCX  DEBUG mpool uct_tcp_iface_tx_buf_mp: align 64, maxelems 4294967295, elemsize 8205
[1756857425.824148] [eos0005:202398:0]           mpool.c:138  UCX  DEBUG mpool uct_tcp_iface_rx_buf_mp: align 64, maxelems 4294967295, elemsize 131090
[1756857425.824591] [eos0005:202398:0]           async.c:248  UCX  DEBUG added async handler 0x55555689d260 [id=94 ref 1] uct_tcp_iface_connect_handler() to hash
[1756857425.824595] [eos0005:202398:0]           async.c:522  UCX  DEBUG listening to async event fd 94 events 0x5 mode thread_spinlock
[1756857425.824597] [eos0005:202398:0]       tcp_iface.c:596  UCX  DEBUG tcp_iface 0x5555569bb4b0: listening for connections (fd=94) on 127.0.0.1:40327 netif lo
[1756857425.824605] [eos0005:202398:0]            sock.c:90   UCX  DEBUG ioctl(req=35142, ifr_name=lo) failed: Operation not supported
[1756857425.824608] [eos0005:202398:0]         tcp_net.c:61   UCX  DEBUG speed of lo is UNKNOWN, assuming 100 Mbps
[1756857425.824631] [eos0005:202398:0]            topo.c:895  UCX  DEBUG /sys/class/net/lo: sysfs path undetected
[1756857425.824632] [eos0005:202398:0]            topo.c:848  UCX  DEBUG lo: pci bandwidth undetected, using maximal value
[1756857425.824654] [eos0005:202398:0]      ucp_worker.c:1436 UCX  DEBUG created interface[13]=0x5555569bb4b0 using tcp/lo on worker 0x55555696d380
[1756857425.824697] [eos0005:202398:0]         mm_sysv.c:97   UCX  DEBUG   mm failed to allocate 33023 bytes with hugetlb
[1756857425.824726] [eos0005:202398:0]           mpool.c:138  UCX  DEBUG mpool mm_recv_desc: align 64, maxelems 4294967295, elemsize 8368
[1756857425.824734] [eos0005:202398:0]         mm_sysv.c:97   UCX  DEBUG   mm failed to allocate 4292720 bytes with hugetlb
[1756857425.824743] [eos0005:202398:0]           mpool.c:282  UCX  DEBUG mpool mm_recv_desc: allocated chunk 0x7ffd96fe7018 of 4296680 bytes with 512 elements
[1756857425.825484] [eos0005:202398:0]        mm_iface.c:730  UCX  DEBUG created mm iface 0x5555569bc1c0 FIFO id 0xc8015 va 0x7fffca379000 size 36864 (128 x 256 elems)
[1756857425.825497] [eos0005:202398:0]      ucp_worker.c:1436 UCX  DEBUG created interface[14]=0x5555569bc1c0 using sysv/memory on worker 0x55555696d380
[1756857425.825550] [eos0005:202398:0]        mm_posix.c:572  UCX  DEBUG   allocated posix shared memory at 0x7fffca370000 length 36864
[1756857425.825557] [eos0005:202398:0]           mpool.c:138  UCX  DEBUG mpool mm_recv_desc: align 64, maxelems 4294967295, elemsize 8368
[1756857425.826608] [eos0005:202398:0]        mm_posix.c:338  UCX  DEBUG   shared memory mmap(addr=(nil), length=6291456, flags= HUGETLB, fd=98) failed: Invalid argument
[1756857425.826612] [eos0005:202398:0]        mm_posix.c:572  UCX  DEBUG   allocated posix shared memory at 0x7ffd96bce000 length 4296704
[1756857425.826617] [eos0005:202398:0]           mpool.c:282  UCX  DEBUG mpool mm_recv_desc: allocated chunk 0x7ffd96bce018 of 4296680 bytes with 512 elements
[1756857425.826952] [eos0005:202398:0]        mm_iface.c:730  UCX  DEBUG created mm iface 0x5555569bcba0 FIFO id 0xc00000180003169e va 0x7fffca370000 size 36864 (128 x 256 elems)
[1756857425.826958] [eos0005:202398:0]      ucp_worker.c:1436 UCX  DEBUG created interface[15]=0x5555569bcba0 using posix/memory on worker 0x55555696d380
[1756857425.826973] [eos0005:202398:0]           mpool.c:138  UCX  DEBUG mpool CUDA EVENT objects: align 64, maxelems 4294967295, elemsize 32
[1756857425.826977] [eos0005:202398:0]      ucp_worker.c:1436 UCX  DEBUG created interface[16]=0x555556b1e8f0 using cuda_copy/cuda on worker 0x55555696d380
[1756857425.826985] [eos0005:202398:0]           mpool.c:138  UCX  DEBUG mpool CUDA_IPC EVENT objects: align 64, maxelems 4294967295, elemsize 72
[1756857426.382732] [eos0005:202398:0]      ucp_worker.c:1436 UCX  DEBUG created interface[17]=0x555556b1fd70 using cuda_ipc/cuda on worker 0x55555696d380
[1756857426.382773] [eos0005:202398:0]      ucp_worker.c:1436 UCX  DEBUG created interface[18]=0x5555567b0410 using gdr_copy/cuda on worker 0x55555696d380
[1756857426.382965] [eos0005:202398:0]        ib_iface.c:1078 UCX  DEBUG using pkey[0] 0xffff on mlx5_0:1/IB
[1756857426.383703] [eos0005:202398:0]        ib_iface.c:1666 UCX  DEBUG created uct_ib_iface_t headroom_ofs 12 payload_ofs 92 hdr_ofs 91 data_sz 8256
[1756857426.383716] [eos0005:202398:0]           mpool.c:138  UCX  DEBUG mpool rc_recv_desc: align 64, maxelems 4294967295, elemsize 8355
[1756857426.383717] [eos0005:202398:0]           mpool.c:138  UCX  DEBUG mpool rc_send_desc: align 64, maxelems 4294967295, elemsize 8320
[1756857426.383743] [eos0005:202398:0]           mpool.c:138  UCX  DEBUG mpool send-ops-mpool: align 64, maxelems 4294967295, elemsize 48
[1756857426.384041] [eos0005:202398:0]           mpool.c:138  UCX  DEBUG mpool pending-ops: align 1, maxelems 4294967295, elemsize 64
[1756857426.384045] [eos0005:202398:0]           mpool.c:138  UCX  DEBUG mpool rc_verbs_short_desc: align 64, maxelems 4294967295, elemsize 192
[1756857426.384320] [eos0005:202398:0]        ib_iface.c:1203 UCX  DEBUG mlx5_0: iface 0x5555568bbab0 created RC QP 0x7e2 on mlx5_0:1 TX wr:409 sge:5 inl:124 resp:64 RX wr:0 sge:0 resp:64
[1756857426.384672] [eos0005:202398:0]      ucp_worker.c:1436 UCX  DEBUG created interface[19]=0x5555568bbab0 using rc_verbs/mlx5_0:1 on worker 0x55555696d380
[1756857426.384784] [eos0005:202398:0]        ib_iface.c:1078 UCX  DEBUG using pkey[0] 0xffff on mlx5_0:1/IB
[1756857426.385420] [eos0005:202398:0]        ib_iface.c:1666 UCX  DEBUG created uct_ib_iface_t headroom_ofs 12 payload_ofs 92 hdr_ofs 44 data_sz 4136
[1756857426.385774] [eos0005:202398:0]        ib_iface.c:1203 UCX  DEBUG mlx5_0: iface 0x555556b23200 created UD QP 0x1c7b on mlx5_0:1 TX wr:341 sge:6 inl:124 resp:0 RX wr:4096 sge:1 resp:0
[1756857426.386149] [eos0005:202398:0]           mpool.c:138  UCX  DEBUG mpool ud_recv_skb: align 64, maxelems 4294967295, elemsize 4188
[1756857426.386347] [eos0005:202398:0]           mpool.c:282  UCX  DEBUG mpool ud_recv_skb: allocated chunk 0x7fffca2eb018 of 544744 bytes with 128 elements
[1756857426.386349] [eos0005:202398:0]           mpool.c:138  UCX  DEBUG mpool ud_tx_skb: align 64, maxelems 4294967295, elemsize 4208
[1756857426.386367] [eos0005:202398:0]        ud_iface.c:383  UCX  DEBUG iface 0x555556b23200: adding gid fe80::946d:ae03:5a:480 to hash on device mlx5_0 port 1 index 0)
[1756857426.386375] [eos0005:202398:0]        ud_iface.c:383  UCX  DEBUG iface 0x555556b23200: adding gid fe80:: to hash on device mlx5_0 port 1 index 1)
[1756857426.386381] [eos0005:202398:0]        ud_iface.c:383  UCX  DEBUG iface 0x555556b23200: adding gid fe80:: to hash on device mlx5_0 port 1 index 2)
[1756857426.386387] [eos0005:202398:0]        ud_iface.c:383  UCX  DEBUG iface 0x555556b23200: adding gid fe80:: to hash on device mlx5_0 port 1 index 3)
[1756857426.386392] [eos0005:202398:0]        ud_iface.c:383  UCX  DEBUG iface 0x555556b23200: adding gid fe80:: to hash on device mlx5_0 port 1 index 4)
[1756857426.386403] [eos0005:202398:0]        ud_iface.c:383  UCX  DEBUG iface 0x555556b23200: adding gid fe80:: to hash on device mlx5_0 port 1 index 5)
[1756857426.386411] [eos0005:202398:0]        ud_iface.c:383  UCX  DEBUG iface 0x555556b23200: adding gid fe80:: to hash on device mlx5_0 port 1 index 6)
[1756857426.386417] [eos0005:202398:0]        ud_iface.c:383  UCX  DEBUG iface 0x555556b23200: adding gid fe80:: to hash on device mlx5_0 port 1 index 7)
[1756857426.386511] [eos0005:202398:0]     timer_wheel.c:41   UCX  DEBUG high res timer created log=23 resolution=4215.169087 usec wanted: 2500.000000 usec
[1756857426.392237] [eos0005:202398:0]           async.c:248  UCX  DEBUG added async handler 0x555556ba5010 [id=100 ref 1] uct_ud_verbs_iface_async_handler() to hash
[1756857426.392249] [eos0005:202398:0]           async.c:522  UCX  DEBUG listening to async event fd 100 events 0x5 mode thread_spinlock
[1756857426.392276] [eos0005:202398:0]      ucp_worker.c:1436 UCX  DEBUG created interface[20]=0x555556b23200 using ud_verbs/mlx5_0:1 on worker 0x55555696d380
[1756857426.392459] [eos0005:202398:0]        ib_iface.c:1078 UCX  DEBUG using pkey[0] 0xffff on mlx5_0:1/IB
[1756857426.392479] [eos0005:202398:0]       ib_device.c:1432 UCX  DEBUG max IB CQE size is 128
[1756857426.392671] [eos0005:202398:0]           mpool.c:282  UCX  DEBUG mpool devx dbrec: allocated chunk 0x555556967010 of 8176 bytes with 127 elements
[1756857426.395127] [eos0005:202398:0]        ib_iface.c:1666 UCX  DEBUG created uct_ib_iface_t headroom_ofs 12 payload_ofs 92 hdr_ofs 90 data_sz 8256
[1756857426.395132] [eos0005:202398:0]           mpool.c:138  UCX  DEBUG mpool rc_recv_desc: align 64, maxelems 4294967295, elemsize 8354
[1756857426.395133] [eos0005:202398:0]           mpool.c:138  UCX  DEBUG mpool rc_send_desc: align 64, maxelems 4294967295, elemsize 8320
[1756857426.395547] [eos0005:202398:0]           mpool.c:138  UCX  DEBUG mpool send-ops-mpool: align 64, maxelems 4294967295, elemsize 48
[1756857426.395862] [eos0005:202398:0]           mpool.c:138  UCX  DEBUG mpool pending-ops: align 1, maxelems 4294967295, elemsize 112
[1756857426.395961] [eos0005:202398:0]         ib_mlx5.c:1083 UCX  DEBUG SL=0 (AR support - no) was selected on mlx5_0:1, SLs with AR support = { 1, 2, 3, 4, 5, 6, 7, 8, 9, 10, 11, 12, 13, 14, 15 }, SLs without AR support = { 0 }
[1756857426.396371] [eos0005:202398:0]           mpool.c:138  UCX  DEBUG mpool mlx5_dm_desc: align 64, maxelems 1, elemsize 64
[1756857426.396373] [eos0005:202398:0]           mpool.c:138  UCX  DEBUG mpool rc_mlx5_atomic_desc: align 64, maxelems 4294967295, elemsize 72
[1756857426.402450] [eos0005:202398:0]           async.c:248  UCX  DEBUG added async handler 0x555556ce9010 [id=102 ref 1] uct_rc_mlx5_devx_iface_event_handler() to hash
[1756857426.402460] [eos0005:202398:0]           async.c:522  UCX  DEBUG listening to async event fd 102 events 0x1 mode thread_spinlock
[1756857426.403583] [eos0005:202398:0]    ib_mlx5dv_md.c:2616 UCX  DEBUG counter_set_id on mlx5_0:1 is 0x1
[1756857426.404162] [eos0005:202398:0]         dc_mlx5.c:407  UCX  DEBUG created DevX DCI 0x7e8, rdma_wr_disabled=0
[1756857426.404497] [eos0005:202398:0]         dc_mlx5.c:1729 UCX  DEBUG dc iface 0x555556afe010: using 'dcs_quota' policy with 32 dcis and 32768 cqes, dct 0x1c87
[1756857426.404505] [eos0005:202398:0]         dc_mlx5.c:822  UCX  DEBUG creating dci pool 0 with 32 QPs
[1756857426.404506] [eos0005:202398:0]         dc_mlx5.c:805  UCX  DEBUG dci pool config: (path_index=0, max_rd_atomic=64)
[1756857426.411019] [eos0005:202398:0]           mpool.c:282  UCX  DEBUG mpool rc_recv_desc: allocated chunk 0x7ffd94000018 of 39845864 bytes with 4752 elements
[1756857426.411151] [eos0005:202398:0]         dc_mlx5.c:1749 UCX  DEBUG created dc iface 0x555556afe010
[1756857426.411175] [eos0005:202398:0]      ucp_worker.c:1436 UCX  DEBUG created interface[21]=0x555556afe010 using dc_mlx5/mlx5_0:1 on worker 0x55555696d380
[1756857426.411347] [eos0005:202398:0]        ib_iface.c:1078 UCX  DEBUG using pkey[0] 0xffff on mlx5_0:1/IB
[1756857426.412151] [eos0005:202398:0]        ib_iface.c:1666 UCX  DEBUG created uct_ib_iface_t headroom_ofs 12 payload_ofs 92 hdr_ofs 90 data_sz 8256
[1756857426.412155] [eos0005:202398:0]           mpool.c:138  UCX  DEBUG mpool rc_recv_desc: align 64, maxelems 4294967295, elemsize 8354
[1756857426.412156] [eos0005:202398:0]           mpool.c:138  UCX  DEBUG mpool rc_send_desc: align 64, maxelems 4294967295, elemsize 8320
[1756857426.412176] [eos0005:202398:0]           mpool.c:138  UCX  DEBUG mpool send-ops-mpool: align 64, maxelems 4294967295, elemsize 48
[1756857426.412485] [eos0005:202398:0]           mpool.c:138  UCX  DEBUG mpool pending-ops: align 1, maxelems 4294967295, elemsize 64
[1756857426.412579] [eos0005:202398:0]         ib_mlx5.c:1083 UCX  DEBUG SL=0 (AR support - no) was selected on mlx5_0:1, SLs with AR support = { 1, 2, 3, 4, 5, 6, 7, 8, 9, 10, 11, 12, 13, 14, 15 }, SLs without AR support = { 0 }
[1756857426.412580] [eos0005:202398:0]           mpool.c:138  UCX  DEBUG mpool rc_mlx5_atomic_desc: align 64, maxelems 4294967295, elemsize 72
[1756857426.412585] [eos0005:202398:0]           async.c:248  UCX  DEBUG added async handler 0x55555696b010 [id=105 ref 1] uct_rc_mlx5_devx_iface_event_handler() to hash
[1756857426.412603] [eos0005:202398:0]           async.c:522  UCX  DEBUG listening to async event fd 105 events 0x1 mode thread_spinlock
[1756857426.412622] [eos0005:202398:0]      ucp_worker.c:1436 UCX  DEBUG created interface[22]=0x555556b0a7d0 using rc_mlx5/mlx5_0:1 on worker 0x55555696d380
[1756857426.413524] [eos0005:202398:0]        ib_iface.c:1078 UCX  DEBUG using pkey[0] 0xffff on mlx5_0:1/IB
[1756857426.414055] [eos0005:202398:0]        ib_iface.c:1666 UCX  DEBUG created uct_ib_iface_t headroom_ofs 12 payload_ofs 92 hdr_ofs 44 data_sz 4136
[1756857426.414350] [eos0005:202398:0]        ib_iface.c:1203 UCX  DEBUG mlx5_0: iface 0x5555567b15c0 created UD QP 0x1c8e on mlx5_0:1 TX wr:256 sge:2 inl:60 resp:0 RX wr:4096 sge:1 resp:0
[1756857426.414353] [eos0005:202398:0]         ib_mlx5.c:776  UCX  DEBUG tx wq 32768 bytes [bb=64, nwqe=512] mmio_mode bf_post_mt
[1756857426.414635] [eos0005:202398:0]           mpool.c:138  UCX  DEBUG mpool ud_recv_skb: align 64, maxelems 4294967295, elemsize 4188
[1756857426.414817] [eos0005:202398:0]           mpool.c:282  UCX  DEBUG mpool ud_recv_skb: allocated chunk 0x7fffca266018 of 544744 bytes with 128 elements
[1756857426.414820] [eos0005:202398:0]           mpool.c:138  UCX  DEBUG mpool ud_tx_skb: align 64, maxelems 4294967295, elemsize 4208
[1756857426.414832] [eos0005:202398:0]        ud_iface.c:383  UCX  DEBUG iface 0x5555567b15c0: adding gid fe80::946d:ae03:5a:480 to hash on device mlx5_0 port 1 index 0)
[1756857426.414838] [eos0005:202398:0]        ud_iface.c:383  UCX  DEBUG iface 0x5555567b15c0: adding gid fe80:: to hash on device mlx5_0 port 1 index 1)
[1756857426.414844] [eos0005:202398:0]        ud_iface.c:383  UCX  DEBUG iface 0x5555567b15c0: adding gid fe80:: to hash on device mlx5_0 port 1 index 2)
[1756857426.414854] [eos0005:202398:0]        ud_iface.c:383  UCX  DEBUG iface 0x5555567b15c0: adding gid fe80:: to hash on device mlx5_0 port 1 index 3)
[1756857426.414866] [eos0005:202398:0]        ud_iface.c:383  UCX  DEBUG iface 0x5555567b15c0: adding gid fe80:: to hash on device mlx5_0 port 1 index 4)
[1756857426.414872] [eos0005:202398:0]        ud_iface.c:383  UCX  DEBUG iface 0x5555567b15c0: adding gid fe80:: to hash on device mlx5_0 port 1 index 5)
[1756857426.414877] [eos0005:202398:0]        ud_iface.c:383  UCX  DEBUG iface 0x5555567b15c0: adding gid fe80:: to hash on device mlx5_0 port 1 index 6)
[1756857426.414882] [eos0005:202398:0]        ud_iface.c:383  UCX  DEBUG iface 0x5555567b15c0: adding gid fe80:: to hash on device mlx5_0 port 1 index 7)
[1756857426.414985] [eos0005:202398:0]         ib_mlx5.c:1083 UCX  DEBUG SL=0 (AR support - no) was selected on mlx5_0:1, SLs with AR support = { 1, 2, 3, 4, 5, 6, 7, 8, 9, 10, 11, 12, 13, 14, 15 }, SLs without AR support = { 0 }
[1756857426.414998] [eos0005:202398:0]     timer_wheel.c:41   UCX  DEBUG high res timer created log=23 resolution=4215.169087 usec wanted: 2500.000000 usec
[1756857426.425383] [eos0005:202398:0]           async.c:248  UCX  DEBUG added async handler 0x555556e0e010 [id=107 ref 1] uct_ud_mlx5_iface_async_handler() to hash
[1756857426.425391] [eos0005:202398:0]           async.c:522  UCX  DEBUG listening to async event fd 107 events 0x5 mode thread_spinlock
[1756857426.425414] [eos0005:202398:0]      ucp_worker.c:1436 UCX  DEBUG created interface[23]=0x5555567b15c0 using ud_mlx5/mlx5_0:1 on worker 0x55555696d380
[1756857426.425569] [eos0005:202398:0]        ib_iface.c:1078 UCX  DEBUG using pkey[0] 0xffff on mlx5_3:1/IB
[1756857426.426147] [eos0005:202398:0]        ib_iface.c:1666 UCX  DEBUG created uct_ib_iface_t headroom_ofs 12 payload_ofs 92 hdr_ofs 91 data_sz 8256
[1756857426.426150] [eos0005:202398:0]           mpool.c:138  UCX  DEBUG mpool rc_recv_desc: align 64, maxelems 4294967295, elemsize 8355
[1756857426.426151] [eos0005:202398:0]           mpool.c:138  UCX  DEBUG mpool rc_send_desc: align 64, maxelems 4294967295, elemsize 8320
[1756857426.426173] [eos0005:202398:0]           mpool.c:138  UCX  DEBUG mpool send-ops-mpool: align 64, maxelems 4294967295, elemsize 48
[1756857426.426418] [eos0005:202398:0]           mpool.c:138  UCX  DEBUG mpool pending-ops: align 1, maxelems 4294967295, elemsize 64
[1756857426.426419] [eos0005:202398:0]           mpool.c:138  UCX  DEBUG mpool rc_verbs_short_desc: align 64, maxelems 4294967295, elemsize 192
[1756857426.426678] [eos0005:202398:0]        ib_iface.c:1203 UCX  DEBUG mlx5_3: iface 0x5555573fa550 created RC QP 0x6f6 on mlx5_3:1 TX wr:409 sge:5 inl:124 resp:64 RX wr:0 sge:0 resp:64
[1756857426.427006] [eos0005:202398:0]      ucp_worker.c:1436 UCX  DEBUG created interface[24]=0x5555573fa550 using rc_verbs/mlx5_3:1 on worker 0x55555696d380
[1756857426.427116] [eos0005:202398:0]        ib_iface.c:1078 UCX  DEBUG using pkey[0] 0xffff on mlx5_3:1/IB
[1756857426.427609] [eos0005:202398:0]        ib_iface.c:1666 UCX  DEBUG created uct_ib_iface_t headroom_ofs 12 payload_ofs 92 hdr_ofs 44 data_sz 4136
[1756857426.427916] [eos0005:202398:0]        ib_iface.c:1203 UCX  DEBUG mlx5_3: iface 0x5555569655e0 created UD QP 0x1b78 on mlx5_3:1 TX wr:341 sge:6 inl:124 resp:0 RX wr:4096 sge:1 resp:0
[1756857426.428233] [eos0005:202398:0]           mpool.c:138  UCX  DEBUG mpool ud_recv_skb: align 64, maxelems 4294967295, elemsize 4188
[1756857426.428407] [eos0005:202398:0]           mpool.c:282  UCX  DEBUG mpool ud_recv_skb: allocated chunk 0x7fffc9f7b018 of 544744 bytes with 128 elements
[1756857426.428409] [eos0005:202398:0]           mpool.c:138  UCX  DEBUG mpool ud_tx_skb: align 64, maxelems 4294967295, elemsize 4208
[1756857426.428420] [eos0005:202398:0]        ud_iface.c:383  UCX  DEBUG iface 0x5555569655e0: adding gid fe80::946d:ae03:5a:488 to hash on device mlx5_3 port 1 index 0)
[1756857426.428425] [eos0005:202398:0]        ud_iface.c:383  UCX  DEBUG iface 0x5555569655e0: adding gid fe80:: to hash on device mlx5_3 port 1 index 1)
[1756857426.428437] [eos0005:202398:0]        ud_iface.c:383  UCX  DEBUG iface 0x5555569655e0: adding gid fe80:: to hash on device mlx5_3 port 1 index 2)
[1756857426.428448] [eos0005:202398:0]        ud_iface.c:383  UCX  DEBUG iface 0x5555569655e0: adding gid fe80:: to hash on device mlx5_3 port 1 index 3)
[1756857426.428453] [eos0005:202398:0]        ud_iface.c:383  UCX  DEBUG iface 0x5555569655e0: adding gid fe80:: to hash on device mlx5_3 port 1 index 4)
[1756857426.428458] [eos0005:202398:0]        ud_iface.c:383  UCX  DEBUG iface 0x5555569655e0: adding gid fe80:: to hash on device mlx5_3 port 1 index 5)
[1756857426.428463] [eos0005:202398:0]        ud_iface.c:383  UCX  DEBUG iface 0x5555569655e0: adding gid fe80:: to hash on device mlx5_3 port 1 index 6)
[1756857426.428468] [eos0005:202398:0]        ud_iface.c:383  UCX  DEBUG iface 0x5555569655e0: adding gid fe80:: to hash on device mlx5_3 port 1 index 7)
[1756857426.428552] [eos0005:202398:0]     timer_wheel.c:41   UCX  DEBUG high res timer created log=23 resolution=4215.169087 usec wanted: 2500.000000 usec
[1756857426.428555] [eos0005:202398:0]           async.c:248  UCX  DEBUG added async handler 0x55555739ddb0 [id=109 ref 1] uct_ud_verbs_iface_async_handler() to hash
[1756857426.428560] [eos0005:202398:0]           async.c:522  UCX  DEBUG listening to async event fd 109 events 0x5 mode thread_spinlock
[1756857426.428570] [eos0005:202398:0]      ucp_worker.c:1436 UCX  DEBUG created interface[25]=0x5555569655e0 using ud_verbs/mlx5_3:1 on worker 0x55555696d380
[1756857426.428734] [eos0005:202398:0]        ib_iface.c:1078 UCX  DEBUG using pkey[0] 0xffff on mlx5_3:1/IB
[1756857426.428940] [eos0005:202398:0]           mpool.c:282  UCX  DEBUG mpool devx dbrec: allocated chunk 0x555556bc1010 of 8176 bytes with 127 elements
[1756857426.431406] [eos0005:202398:0]        ib_iface.c:1666 UCX  DEBUG created uct_ib_iface_t headroom_ofs 12 payload_ofs 92 hdr_ofs 90 data_sz 8256
[1756857426.431410] [eos0005:202398:0]           mpool.c:138  UCX  DEBUG mpool rc_recv_desc: align 64, maxelems 4294967295, elemsize 8354
[1756857426.431411] [eos0005:202398:0]           mpool.c:138  UCX  DEBUG mpool rc_send_desc: align 64, maxelems 4294967295, elemsize 8320
[1756857426.431530] [eos0005:202398:0]           mpool.c:138  UCX  DEBUG mpool send-ops-mpool: align 64, maxelems 4294967295, elemsize 48
[1756857426.431991] [eos0005:202398:0]           mpool.c:138  UCX  DEBUG mpool pending-ops: align 1, maxelems 4294967295, elemsize 112
[1756857426.432093] [eos0005:202398:0]         ib_mlx5.c:1083 UCX  DEBUG SL=0 (AR support - no) was selected on mlx5_3:1, SLs with AR support = { 1, 2, 3, 4, 5, 6, 7, 8, 9, 10, 11, 12, 13, 14, 15 }, SLs without AR support = { 0 }
[1756857426.432508] [eos0005:202398:0]           mpool.c:138  UCX  DEBUG mpool mlx5_dm_desc: align 64, maxelems 1, elemsize 64
[1756857426.432509] [eos0005:202398:0]           mpool.c:138  UCX  DEBUG mpool rc_mlx5_atomic_desc: align 64, maxelems 4294967295, elemsize 72
[1756857426.432515] [eos0005:202398:0]           async.c:248  UCX  DEBUG added async handler 0x555557243010 [id=111 ref 1] uct_rc_mlx5_devx_iface_event_handler() to hash
[1756857426.432520] [eos0005:202398:0]           async.c:522  UCX  DEBUG listening to async event fd 111 events 0x1 mode thread_spinlock
[1756857426.433529] [eos0005:202398:0]    ib_mlx5dv_md.c:2616 UCX  DEBUG counter_set_id on mlx5_3:1 is 0x1
[1756857426.434132] [eos0005:202398:0]         dc_mlx5.c:407  UCX  DEBUG created DevX DCI 0x6fc, rdma_wr_disabled=0
[1756857426.434459] [eos0005:202398:0]         dc_mlx5.c:1729 UCX  DEBUG dc iface 0x555556bad060: using 'dcs_quota' policy with 32 dcis and 32768 cqes, dct 0x1b82
[1756857426.434461] [eos0005:202398:0]         dc_mlx5.c:822  UCX  DEBUG creating dci pool 0 with 32 QPs
[1756857426.434462] [eos0005:202398:0]         dc_mlx5.c:805  UCX  DEBUG dci pool config: (path_index=0, max_rd_atomic=64)
[1756857426.440973] [eos0005:202398:0]           mpool.c:282  UCX  DEBUG mpool rc_recv_desc: allocated chunk 0x7ffd91400018 of 39845864 bytes with 4752 elements
[1756857426.441098] [eos0005:202398:0]         dc_mlx5.c:1749 UCX  DEBUG created dc iface 0x555556bad060
[1756857426.441112] [eos0005:202398:0]      ucp_worker.c:1436 UCX  DEBUG created interface[26]=0x555556bad060 using dc_mlx5/mlx5_3:1 on worker 0x55555696d380
[1756857426.441273] [eos0005:202398:0]        ib_iface.c:1078 UCX  DEBUG using pkey[0] 0xffff on mlx5_3:1/IB
[1756857426.442363] [eos0005:202398:0]        ib_iface.c:1666 UCX  DEBUG created uct_ib_iface_t headroom_ofs 12 payload_ofs 92 hdr_ofs 90 data_sz 8256
[1756857426.442368] [eos0005:202398:0]           mpool.c:138  UCX  DEBUG mpool rc_recv_desc: align 64, maxelems 4294967295, elemsize 8354
[1756857426.442369] [eos0005:202398:0]           mpool.c:138  UCX  DEBUG mpool rc_send_desc: align 64, maxelems 4294967295, elemsize 8320
[1756857426.442433] [eos0005:202398:0]           mpool.c:138  UCX  DEBUG mpool send-ops-mpool: align 64, maxelems 4294967295, elemsize 48
[1756857426.442770] [eos0005:202398:0]           mpool.c:138  UCX  DEBUG mpool pending-ops: align 1, maxelems 4294967295, elemsize 64
[1756857426.442868] [eos0005:202398:0]         ib_mlx5.c:1083 UCX  DEBUG SL=0 (AR support - no) was selected on mlx5_3:1, SLs with AR support = { 1, 2, 3, 4, 5, 6, 7, 8, 9, 10, 11, 12, 13, 14, 15 }, SLs without AR support = { 0 }
[1756857426.442869] [eos0005:202398:0]           mpool.c:138  UCX  DEBUG mpool rc_mlx5_atomic_desc: align 64, maxelems 4294967295, elemsize 72
[1756857426.442875] [eos0005:202398:0]           async.c:248  UCX  DEBUG added async handler 0x5555574a6010 [id=114 ref 1] uct_rc_mlx5_devx_iface_event_handler() to hash
[1756857426.442879] [eos0005:202398:0]           async.c:522  UCX  DEBUG listening to async event fd 114 events 0x1 mode thread_spinlock
[1756857426.442894] [eos0005:202398:0]      ucp_worker.c:1436 UCX  DEBUG created interface[27]=0x555557395070 using rc_mlx5/mlx5_3:1 on worker 0x55555696d380
[1756857426.443876] [eos0005:202398:0]        ib_iface.c:1078 UCX  DEBUG using pkey[0] 0xffff on mlx5_3:1/IB
[1756857426.444602] [eos0005:202398:0]        ib_iface.c:1666 UCX  DEBUG created uct_ib_iface_t headroom_ofs 12 payload_ofs 92 hdr_ofs 44 data_sz 4136
[1756857426.444874] [eos0005:202398:0]        ib_iface.c:1203 UCX  DEBUG mlx5_3: iface 0x555556deb0d0 created UD QP 0x1b8b on mlx5_3:1 TX wr:256 sge:2 inl:60 resp:0 RX wr:4096 sge:1 resp:0
[1756857426.444876] [eos0005:202398:0]         ib_mlx5.c:776  UCX  DEBUG tx wq 32768 bytes [bb=64, nwqe=512] mmio_mode bf_post_mt
[1756857426.445169] [eos0005:202398:0]           mpool.c:138  UCX  DEBUG mpool ud_recv_skb: align 64, maxelems 4294967295, elemsize 4188
[1756857426.445343] [eos0005:202398:0]           mpool.c:282  UCX  DEBUG mpool ud_recv_skb: allocated chunk 0x7fffc9ef6018 of 544744 bytes with 128 elements
[1756857426.445345] [eos0005:202398:0]           mpool.c:138  UCX  DEBUG mpool ud_tx_skb: align 64, maxelems 4294967295, elemsize 4208
[1756857426.445356] [eos0005:202398:0]        ud_iface.c:383  UCX  DEBUG iface 0x555556deb0d0: adding gid fe80::946d:ae03:5a:488 to hash on device mlx5_3 port 1 index 0)
[1756857426.445361] [eos0005:202398:0]        ud_iface.c:383  UCX  DEBUG iface 0x555556deb0d0: adding gid fe80:: to hash on device mlx5_3 port 1 index 1)
[1756857426.445366] [eos0005:202398:0]        ud_iface.c:383  UCX  DEBUG iface 0x555556deb0d0: adding gid fe80:: to hash on device mlx5_3 port 1 index 2)
[1756857426.445371] [eos0005:202398:0]        ud_iface.c:383  UCX  DEBUG iface 0x555556deb0d0: adding gid fe80:: to hash on device mlx5_3 port 1 index 3)
[1756857426.445377] [eos0005:202398:0]        ud_iface.c:383  UCX  DEBUG iface 0x555556deb0d0: adding gid fe80:: to hash on device mlx5_3 port 1 index 4)
[1756857426.445381] [eos0005:202398:0]        ud_iface.c:383  UCX  DEBUG iface 0x555556deb0d0: adding gid fe80:: to hash on device mlx5_3 port 1 index 5)
[1756857426.445386] [eos0005:202398:0]        ud_iface.c:383  UCX  DEBUG iface 0x555556deb0d0: adding gid fe80:: to hash on device mlx5_3 port 1 index 6)
[1756857426.445391] [eos0005:202398:0]        ud_iface.c:383  UCX  DEBUG iface 0x555556deb0d0: adding gid fe80:: to hash on device mlx5_3 port 1 index 7)
[1756857426.445486] [eos0005:202398:0]         ib_mlx5.c:1083 UCX  DEBUG SL=0 (AR support - no) was selected on mlx5_3:1, SLs with AR support = { 1, 2, 3, 4, 5, 6, 7, 8, 9, 10, 11, 12, 13, 14, 15 }, SLs without AR support = { 0 }
[1756857426.445495] [eos0005:202398:0]     timer_wheel.c:41   UCX  DEBUG high res timer created log=23 resolution=4215.169087 usec wanted: 2500.000000 usec
[1756857426.445496] [eos0005:202398:0]           async.c:248  UCX  DEBUG added async handler 0x555557581010 [id=116 ref 1] uct_ud_mlx5_iface_async_handler() to hash
[1756857426.445502] [eos0005:202398:0]           async.c:522  UCX  DEBUG listening to async event fd 116 events 0x5 mode thread_spinlock
[1756857426.445511] [eos0005:202398:0]      ucp_worker.c:1436 UCX  DEBUG created interface[28]=0x555556deb0d0 using ud_mlx5/mlx5_3:1 on worker 0x55555696d380
[1756857426.445655] [eos0005:202398:0]        ib_iface.c:1078 UCX  DEBUG using pkey[0] 0xffff on mlx5_4:1/IB
[1756857426.446381] [eos0005:202398:0]        ib_iface.c:1666 UCX  DEBUG created uct_ib_iface_t headroom_ofs 12 payload_ofs 92 hdr_ofs 91 data_sz 8256
[1756857426.446392] [eos0005:202398:0]           mpool.c:138  UCX  DEBUG mpool rc_recv_desc: align 64, maxelems 4294967295, elemsize 8355
[1756857426.446393] [eos0005:202398:0]           mpool.c:138  UCX  DEBUG mpool rc_send_desc: align 64, maxelems 4294967295, elemsize 8320
[1756857426.446459] [eos0005:202398:0]           mpool.c:138  UCX  DEBUG mpool send-ops-mpool: align 64, maxelems 4294967295, elemsize 48
[1756857426.446744] [eos0005:202398:0]           mpool.c:138  UCX  DEBUG mpool pending-ops: align 1, maxelems 4294967295, elemsize 64
[1756857426.446745] [eos0005:202398:0]           mpool.c:138  UCX  DEBUG mpool rc_verbs_short_desc: align 64, maxelems 4294967295, elemsize 192
[1756857426.447064] [eos0005:202398:0]        ib_iface.c:1203 UCX  DEBUG mlx5_4: iface 0x55555761b0d0 created RC QP 0x725 on mlx5_4:1 TX wr:409 sge:5 inl:124 resp:64 RX wr:0 sge:0 resp:64
[1756857426.447409] [eos0005:202398:0]      ucp_worker.c:1436 UCX  DEBUG created interface[29]=0x55555761b0d0 using rc_verbs/mlx5_4:1 on worker 0x55555696d380
[1756857426.447515] [eos0005:202398:0]        ib_iface.c:1078 UCX  DEBUG using pkey[0] 0xffff on mlx5_4:1/IB
[1756857426.448205] [eos0005:202398:0]        ib_iface.c:1666 UCX  DEBUG created uct_ib_iface_t headroom_ofs 12 payload_ofs 92 hdr_ofs 44 data_sz 4136
[1756857426.448535] [eos0005:202398:0]        ib_iface.c:1203 UCX  DEBUG mlx5_4: iface 0x5555574046b0 created UD QP 0x1ba3 on mlx5_4:1 TX wr:341 sge:6 inl:124 resp:0 RX wr:4096 sge:1 resp:0
[1756857426.448847] [eos0005:202398:0]           mpool.c:138  UCX  DEBUG mpool ud_recv_skb: align 64, maxelems 4294967295, elemsize 4188
[1756857426.449011] [eos0005:202398:0]           mpool.c:282  UCX  DEBUG mpool ud_recv_skb: allocated chunk 0x7fffc9e71018 of 544744 bytes with 128 elements
[1756857426.449013] [eos0005:202398:0]           mpool.c:138  UCX  DEBUG mpool ud_tx_skb: align 64, maxelems 4294967295, elemsize 4208
[1756857426.449025] [eos0005:202398:0]        ud_iface.c:383  UCX  DEBUG iface 0x5555574046b0: adding gid fe80::946d:ae03:5a:484 to hash on device mlx5_4 port 1 index 0)
[1756857426.449031] [eos0005:202398:0]        ud_iface.c:383  UCX  DEBUG iface 0x5555574046b0: adding gid fe80:: to hash on device mlx5_4 port 1 index 1)
[1756857426.449037] [eos0005:202398:0]        ud_iface.c:383  UCX  DEBUG iface 0x5555574046b0: adding gid fe80:: to hash on device mlx5_4 port 1 index 2)
[1756857426.449042] [eos0005:202398:0]        ud_iface.c:383  UCX  DEBUG iface 0x5555574046b0: adding gid fe80:: to hash on device mlx5_4 port 1 index 3)
[1756857426.449047] [eos0005:202398:0]        ud_iface.c:383  UCX  DEBUG iface 0x5555574046b0: adding gid fe80:: to hash on device mlx5_4 port 1 index 4)
[1756857426.449052] [eos0005:202398:0]        ud_iface.c:383  UCX  DEBUG iface 0x5555574046b0: adding gid fe80:: to hash on device mlx5_4 port 1 index 5)
[1756857426.449057] [eos0005:202398:0]        ud_iface.c:383  UCX  DEBUG iface 0x5555574046b0: adding gid fe80:: to hash on device mlx5_4 port 1 index 6)
[1756857426.449063] [eos0005:202398:0]        ud_iface.c:383  UCX  DEBUG iface 0x5555574046b0: adding gid fe80:: to hash on device mlx5_4 port 1 index 7)
[1756857426.449138] [eos0005:202398:0]     timer_wheel.c:41   UCX  DEBUG high res timer created log=23 resolution=4215.169087 usec wanted: 2500.000000 usec
[1756857426.449139] [eos0005:202398:0]           async.c:248  UCX  DEBUG added async handler 0x555556bc0010 [id=118 ref 1] uct_ud_verbs_iface_async_handler() to hash
[1756857426.449145] [eos0005:202398:0]           async.c:522  UCX  DEBUG listening to async event fd 118 events 0x5 mode thread_spinlock
[1756857426.449156] [eos0005:202398:0]      ucp_worker.c:1436 UCX  DEBUG created interface[30]=0x5555574046b0 using ud_verbs/mlx5_4:1 on worker 0x55555696d380
[1756857426.449312] [eos0005:202398:0]        ib_iface.c:1078 UCX  DEBUG using pkey[0] 0xffff on mlx5_4:1/IB
[1756857426.449510] [eos0005:202398:0]           mpool.c:282  UCX  DEBUG mpool devx dbrec: allocated chunk 0x555556e35010 of 8176 bytes with 127 elements
[1756857426.452064] [eos0005:202398:0]        ib_iface.c:1666 UCX  DEBUG created uct_ib_iface_t headroom_ofs 12 payload_ofs 92 hdr_ofs 90 data_sz 8256
[1756857426.452077] [eos0005:202398:0]           mpool.c:138  UCX  DEBUG mpool rc_recv_desc: align 64, maxelems 4294967295, elemsize 8354
[1756857426.452078] [eos0005:202398:0]           mpool.c:138  UCX  DEBUG mpool rc_send_desc: align 64, maxelems 4294967295, elemsize 8320
[1756857426.452502] [eos0005:202398:0]           mpool.c:138  UCX  DEBUG mpool send-ops-mpool: align 64, maxelems 4294967295, elemsize 48
[1756857426.452912] [eos0005:202398:0]           mpool.c:138  UCX  DEBUG mpool pending-ops: align 1, maxelems 4294967295, elemsize 112
[1756857426.453016] [eos0005:202398:0]         ib_mlx5.c:1083 UCX  DEBUG SL=0 (AR support - no) was selected on mlx5_4:1, SLs with AR support = { 1, 2, 3, 4, 5, 6, 7, 8, 9, 10, 11, 12, 13, 14, 15 }, SLs without AR support = { 0 }
[1756857426.453434] [eos0005:202398:0]           mpool.c:138  UCX  DEBUG mpool mlx5_dm_desc: align 64, maxelems 1, elemsize 64
[1756857426.453435] [eos0005:202398:0]           mpool.c:138  UCX  DEBUG mpool rc_mlx5_atomic_desc: align 64, maxelems 4294967295, elemsize 72
[1756857426.453440] [eos0005:202398:0]           async.c:248  UCX  DEBUG added async handler 0x55555739de30 [id=120 ref 1] uct_rc_mlx5_devx_iface_event_handler() to hash
[1756857426.453445] [eos0005:202398:0]           async.c:522  UCX  DEBUG listening to async event fd 120 events 0x1 mode thread_spinlock
[1756857426.454474] [eos0005:202398:0]    ib_mlx5dv_md.c:2616 UCX  DEBUG counter_set_id on mlx5_4:1 is 0x1
[1756857426.455044] [eos0005:202398:0]         dc_mlx5.c:407  UCX  DEBUG created DevX DCI 0x72b, rdma_wr_disabled=0
[1756857426.455362] [eos0005:202398:0]         dc_mlx5.c:1729 UCX  DEBUG dc iface 0x555557829010: using 'dcs_quota' policy with 32 dcis and 32768 cqes, dct 0x1bad
[1756857426.455364] [eos0005:202398:0]         dc_mlx5.c:822  UCX  DEBUG creating dci pool 0 with 32 QPs
[1756857426.455364] [eos0005:202398:0]         dc_mlx5.c:805  UCX  DEBUG dci pool config: (path_index=0, max_rd_atomic=64)
[1756857426.461876] [eos0005:202398:0]           mpool.c:282  UCX  DEBUG mpool rc_recv_desc: allocated chunk 0x7ffd8e800018 of 39845864 bytes with 4752 elements
[1756857426.462007] [eos0005:202398:0]         dc_mlx5.c:1749 UCX  DEBUG created dc iface 0x555557829010
[1756857426.462020] [eos0005:202398:0]      ucp_worker.c:1436 UCX  DEBUG created interface[31]=0x555557829010 using dc_mlx5/mlx5_4:1 on worker 0x55555696d380
[1756857426.462175] [eos0005:202398:0]        ib_iface.c:1078 UCX  DEBUG using pkey[0] 0xffff on mlx5_4:1/IB
[1756857426.463245] [eos0005:202398:0]        ib_iface.c:1666 UCX  DEBUG created uct_ib_iface_t headroom_ofs 12 payload_ofs 92 hdr_ofs 90 data_sz 8256
[1756857426.463249] [eos0005:202398:0]           mpool.c:138  UCX  DEBUG mpool rc_recv_desc: align 64, maxelems 4294967295, elemsize 8354
[1756857426.463250] [eos0005:202398:0]           mpool.c:138  UCX  DEBUG mpool rc_send_desc: align 64, maxelems 4294967295, elemsize 8320
[1756857426.463342] [eos0005:202398:0]           mpool.c:138  UCX  DEBUG mpool send-ops-mpool: align 64, maxelems 4294967295, elemsize 48
[1756857426.463726] [eos0005:202398:0]           mpool.c:138  UCX  DEBUG mpool pending-ops: align 1, maxelems 4294967295, elemsize 64
[1756857426.463820] [eos0005:202398:0]         ib_mlx5.c:1083 UCX  DEBUG SL=0 (AR support - no) was selected on mlx5_4:1, SLs with AR support = { 1, 2, 3, 4, 5, 6, 7, 8, 9, 10, 11, 12, 13, 14, 15 }, SLs without AR support = { 0 }
[1756857426.463822] [eos0005:202398:0]           mpool.c:138  UCX  DEBUG mpool rc_mlx5_atomic_desc: align 64, maxelems 4294967295, elemsize 72
[1756857426.463826] [eos0005:202398:0]           async.c:248  UCX  DEBUG added async handler 0x555556e39010 [id=123 ref 1] uct_rc_mlx5_devx_iface_event_handler() to hash
[1756857426.463831] [eos0005:202398:0]           async.c:522  UCX  DEBUG listening to async event fd 123 events 0x1 mode thread_spinlock
[1756857426.463845] [eos0005:202398:0]      ucp_worker.c:1436 UCX  DEBUG created interface[32]=0x555557a25070 using rc_mlx5/mlx5_4:1 on worker 0x55555696d380
[1756857426.464734] [eos0005:202398:0]        ib_iface.c:1078 UCX  DEBUG using pkey[0] 0xffff on mlx5_4:1/IB
[1756857426.465410] [eos0005:202398:0]        ib_iface.c:1666 UCX  DEBUG created uct_ib_iface_t headroom_ofs 12 payload_ofs 92 hdr_ofs 44 data_sz 4136
[1756857426.465725] [eos0005:202398:0]        ib_iface.c:1203 UCX  DEBUG mlx5_4: iface 0x555556bc0050 created UD QP 0x1bb6 on mlx5_4:1 TX wr:256 sge:2 inl:60 resp:0 RX wr:4096 sge:1 resp:0
[1756857426.465727] [eos0005:202398:0]         ib_mlx5.c:776  UCX  DEBUG tx wq 32768 bytes [bb=64, nwqe=512] mmio_mode bf_post_mt
[1756857426.466041] [eos0005:202398:0]           mpool.c:138  UCX  DEBUG mpool ud_recv_skb: align 64, maxelems 4294967295, elemsize 4188
[1756857426.466198] [eos0005:202398:0]           mpool.c:282  UCX  DEBUG mpool ud_recv_skb: allocated chunk 0x7fffc9b7b018 of 544744 bytes with 128 elements
[1756857426.466200] [eos0005:202398:0]           mpool.c:138  UCX  DEBUG mpool ud_tx_skb: align 64, maxelems 4294967295, elemsize 4208
[1756857426.466211] [eos0005:202398:0]        ud_iface.c:383  UCX  DEBUG iface 0x555556bc0050: adding gid fe80::946d:ae03:5a:484 to hash on device mlx5_4 port 1 index 0)
[1756857426.466227] [eos0005:202398:0]        ud_iface.c:383  UCX  DEBUG iface 0x555556bc0050: adding gid fe80:: to hash on device mlx5_4 port 1 index 1)
[1756857426.466232] [eos0005:202398:0]        ud_iface.c:383  UCX  DEBUG iface 0x555556bc0050: adding gid fe80:: to hash on device mlx5_4 port 1 index 2)
[1756857426.466238] [eos0005:202398:0]        ud_iface.c:383  UCX  DEBUG iface 0x555556bc0050: adding gid fe80:: to hash on device mlx5_4 port 1 index 3)
[1756857426.466243] [eos0005:202398:0]        ud_iface.c:383  UCX  DEBUG iface 0x555556bc0050: adding gid fe80:: to hash on device mlx5_4 port 1 index 4)
[1756857426.466256] [eos0005:202398:0]        ud_iface.c:383  UCX  DEBUG iface 0x555556bc0050: adding gid fe80:: to hash on device mlx5_4 port 1 index 5)
[1756857426.466268] [eos0005:202398:0]        ud_iface.c:383  UCX  DEBUG iface 0x555556bc0050: adding gid fe80:: to hash on device mlx5_4 port 1 index 6)
[1756857426.466273] [eos0005:202398:0]        ud_iface.c:383  UCX  DEBUG iface 0x555556bc0050: adding gid fe80:: to hash on device mlx5_4 port 1 index 7)
[1756857426.466376] [eos0005:202398:0]         ib_mlx5.c:1083 UCX  DEBUG SL=0 (AR support - no) was selected on mlx5_4:1, SLs with AR support = { 1, 2, 3, 4, 5, 6, 7, 8, 9, 10, 11, 12, 13, 14, 15 }, SLs without AR support = { 0 }
[1756857426.466386] [eos0005:202398:0]     timer_wheel.c:41   UCX  DEBUG high res timer created log=23 resolution=4215.169087 usec wanted: 2500.000000 usec
[1756857426.466387] [eos0005:202398:0]           async.c:248  UCX  DEBUG added async handler 0x555557c0b010 [id=125 ref 1] uct_ud_mlx5_iface_async_handler() to hash
[1756857426.466391] [eos0005:202398:0]           async.c:522  UCX  DEBUG listening to async event fd 125 events 0x5 mode thread_spinlock
[1756857426.466401] [eos0005:202398:0]      ucp_worker.c:1436 UCX  DEBUG created interface[33]=0x555556bc0050 using ud_mlx5/mlx5_4:1 on worker 0x55555696d380
[1756857426.466544] [eos0005:202398:0]        ib_iface.c:1078 UCX  DEBUG using pkey[0] 0xffff on mlx5_5:1/IB
[1756857426.467340] [eos0005:202398:0]        ib_iface.c:1666 UCX  DEBUG created uct_ib_iface_t headroom_ofs 12 payload_ofs 92 hdr_ofs 91 data_sz 8256
[1756857426.467354] [eos0005:202398:0]           mpool.c:138  UCX  DEBUG mpool rc_recv_desc: align 64, maxelems 4294967295, elemsize 8355
[1756857426.467355] [eos0005:202398:0]           mpool.c:138  UCX  DEBUG mpool rc_send_desc: align 64, maxelems 4294967295, elemsize 8320
[1756857426.467415] [eos0005:202398:0]           mpool.c:138  UCX  DEBUG mpool send-ops-mpool: align 64, maxelems 4294967295, elemsize 48
[1756857426.467732] [eos0005:202398:0]           mpool.c:138  UCX  DEBUG mpool pending-ops: align 1, maxelems 4294967295, elemsize 64
[1756857426.467734] [eos0005:202398:0]           mpool.c:138  UCX  DEBUG mpool rc_verbs_short_desc: align 64, maxelems 4294967295, elemsize 192
[1756857426.468024] [eos0005:202398:0]        ib_iface.c:1203 UCX  DEBUG mlx5_5: iface 0x555557c2c010 created RC QP 0x6ef on mlx5_5:1 TX wr:409 sge:5 inl:124 resp:64 RX wr:0 sge:0 resp:64
[1756857426.468383] [eos0005:202398:0]      ucp_worker.c:1436 UCX  DEBUG created interface[34]=0x555557c2c010 using rc_verbs/mlx5_5:1 on worker 0x55555696d380
[1756857426.468490] [eos0005:202398:0]        ib_iface.c:1078 UCX  DEBUG using pkey[0] 0xffff on mlx5_5:1/IB
[1756857426.469110] [eos0005:202398:0]        ib_iface.c:1666 UCX  DEBUG created uct_ib_iface_t headroom_ofs 12 payload_ofs 92 hdr_ofs 44 data_sz 4136
[1756857426.469445] [eos0005:202398:0]        ib_iface.c:1203 UCX  DEBUG mlx5_5: iface 0x555556e32dd0 created UD QP 0x1b63 on mlx5_5:1 TX wr:341 sge:6 inl:124 resp:0 RX wr:4096 sge:1 resp:0
[1756857426.469740] [eos0005:202398:0]           mpool.c:138  UCX  DEBUG mpool ud_recv_skb: align 64, maxelems 4294967295, elemsize 4188
[1756857426.469901] [eos0005:202398:0]           mpool.c:282  UCX  DEBUG mpool ud_recv_skb: allocated chunk 0x7fffc9af6018 of 544744 bytes with 128 elements
[1756857426.469903] [eos0005:202398:0]           mpool.c:138  UCX  DEBUG mpool ud_tx_skb: align 64, maxelems 4294967295, elemsize 4208
[1756857426.469913] [eos0005:202398:0]        ud_iface.c:383  UCX  DEBUG iface 0x555556e32dd0: adding gid fe80::946d:ae03:5a:47c to hash on device mlx5_5 port 1 index 0)
[1756857426.469918] [eos0005:202398:0]        ud_iface.c:383  UCX  DEBUG iface 0x555556e32dd0: adding gid fe80:: to hash on device mlx5_5 port 1 index 1)
[1756857426.469924] [eos0005:202398:0]        ud_iface.c:383  UCX  DEBUG iface 0x555556e32dd0: adding gid fe80:: to hash on device mlx5_5 port 1 index 2)
[1756857426.469929] [eos0005:202398:0]        ud_iface.c:383  UCX  DEBUG iface 0x555556e32dd0: adding gid fe80:: to hash on device mlx5_5 port 1 index 3)
[1756857426.469936] [eos0005:202398:0]        ud_iface.c:383  UCX  DEBUG iface 0x555556e32dd0: adding gid fe80:: to hash on device mlx5_5 port 1 index 4)
[1756857426.469941] [eos0005:202398:0]        ud_iface.c:383  UCX  DEBUG iface 0x555556e32dd0: adding gid fe80:: to hash on device mlx5_5 port 1 index 5)
[1756857426.469946] [eos0005:202398:0]        ud_iface.c:383  UCX  DEBUG iface 0x555556e32dd0: adding gid fe80:: to hash on device mlx5_5 port 1 index 6)
[1756857426.469952] [eos0005:202398:0]        ud_iface.c:383  UCX  DEBUG iface 0x555556e32dd0: adding gid fe80:: to hash on device mlx5_5 port 1 index 7)
[1756857426.470033] [eos0005:202398:0]     timer_wheel.c:41   UCX  DEBUG high res timer created log=23 resolution=4215.169087 usec wanted: 2500.000000 usec
[1756857426.470035] [eos0005:202398:0]           async.c:248  UCX  DEBUG added async handler 0x555557cf6010 [id=127 ref 1] uct_ud_verbs_iface_async_handler() to hash
[1756857426.470041] [eos0005:202398:0]           async.c:522  UCX  DEBUG listening to async event fd 127 events 0x5 mode thread_spinlock
[1756857426.470050] [eos0005:202398:0]      ucp_worker.c:1436 UCX  DEBUG created interface[35]=0x555556e32dd0 using ud_verbs/mlx5_5:1 on worker 0x55555696d380
[1756857426.470207] [eos0005:202398:0]        ib_iface.c:1078 UCX  DEBUG using pkey[0] 0xffff on mlx5_5:1/IB
[1756857426.470398] [eos0005:202398:0]           mpool.c:282  UCX  DEBUG mpool devx dbrec: allocated chunk 0x555557784010 of 8176 bytes with 127 elements
[1756857426.473049] [eos0005:202398:0]        ib_iface.c:1666 UCX  DEBUG created uct_ib_iface_t headroom_ofs 12 payload_ofs 92 hdr_ofs 90 data_sz 8256
[1756857426.473063] [eos0005:202398:0]           mpool.c:138  UCX  DEBUG mpool rc_recv_desc: align 64, maxelems 4294967295, elemsize 8354
[1756857426.473064] [eos0005:202398:0]           mpool.c:138  UCX  DEBUG mpool rc_send_desc: align 64, maxelems 4294967295, elemsize 8320
[1756857426.473468] [eos0005:202398:0]           mpool.c:138  UCX  DEBUG mpool send-ops-mpool: align 64, maxelems 4294967295, elemsize 48
[1756857426.473841] [eos0005:202398:0]           mpool.c:138  UCX  DEBUG mpool pending-ops: align 1, maxelems 4294967295, elemsize 112
[1756857426.473997] [eos0005:202398:0]         ib_mlx5.c:1083 UCX  DEBUG SL=0 (AR support - no) was selected on mlx5_5:1, SLs with AR support = { 1, 2, 3, 4, 5, 6, 7, 8, 9, 10, 11, 12, 13, 14, 15 }, SLs without AR support = { 0 }
[1756857426.474426] [eos0005:202398:0]           mpool.c:138  UCX  DEBUG mpool mlx5_dm_desc: align 64, maxelems 1, elemsize 64
[1756857426.474427] [eos0005:202398:0]           mpool.c:138  UCX  DEBUG mpool rc_mlx5_atomic_desc: align 64, maxelems 4294967295, elemsize 72
[1756857426.474431] [eos0005:202398:0]           async.c:248  UCX  DEBUG added async handler 0x55555739deb0 [id=129 ref 1] uct_rc_mlx5_devx_iface_event_handler() to hash
[1756857426.474436] [eos0005:202398:0]           async.c:522  UCX  DEBUG listening to async event fd 129 events 0x1 mode thread_spinlock
[1756857426.475528] [eos0005:202398:0]    ib_mlx5dv_md.c:2616 UCX  DEBUG counter_set_id on mlx5_5:1 is 0x1
[1756857426.476146] [eos0005:202398:0]         dc_mlx5.c:407  UCX  DEBUG created DevX DCI 0x6f5, rdma_wr_disabled=0
[1756857426.476491] [eos0005:202398:0]         dc_mlx5.c:1729 UCX  DEBUG dc iface 0x555557e3a0f0: using 'dcs_quota' policy with 32 dcis and 32768 cqes, dct 0x1b6a
[1756857426.476501] [eos0005:202398:0]         dc_mlx5.c:822  UCX  DEBUG creating dci pool 0 with 32 QPs
[1756857426.476501] [eos0005:202398:0]         dc_mlx5.c:805  UCX  DEBUG dci pool config: (path_index=0, max_rd_atomic=64)
[1756857426.483030] [eos0005:202398:0]           mpool.c:282  UCX  DEBUG mpool rc_recv_desc: allocated chunk 0x7ffd8bc00018 of 39845864 bytes with 4752 elements
[1756857426.483163] [eos0005:202398:0]         dc_mlx5.c:1749 UCX  DEBUG created dc iface 0x555557e3a0f0
[1756857426.483176] [eos0005:202398:0]      ucp_worker.c:1436 UCX  DEBUG created interface[36]=0x555557e3a0f0 using dc_mlx5/mlx5_5:1 on worker 0x55555696d380
[1756857426.483365] [eos0005:202398:0]        ib_iface.c:1078 UCX  DEBUG using pkey[0] 0xffff on mlx5_5:1/IB
[1756857426.484448] [eos0005:202398:0]        ib_iface.c:1666 UCX  DEBUG created uct_ib_iface_t headroom_ofs 12 payload_ofs 92 hdr_ofs 90 data_sz 8256
[1756857426.484453] [eos0005:202398:0]           mpool.c:138  UCX  DEBUG mpool rc_recv_desc: align 64, maxelems 4294967295, elemsize 8354
[1756857426.484455] [eos0005:202398:0]           mpool.c:138  UCX  DEBUG mpool rc_send_desc: align 64, maxelems 4294967295, elemsize 8320
[1756857426.484518] [eos0005:202398:0]           mpool.c:138  UCX  DEBUG mpool send-ops-mpool: align 64, maxelems 4294967295, elemsize 48
[1756857426.484863] [eos0005:202398:0]           mpool.c:138  UCX  DEBUG mpool pending-ops: align 1, maxelems 4294967295, elemsize 64
[1756857426.484968] [eos0005:202398:0]         ib_mlx5.c:1083 UCX  DEBUG SL=0 (AR support - no) was selected on mlx5_5:1, SLs with AR support = { 1, 2, 3, 4, 5, 6, 7, 8, 9, 10, 11, 12, 13, 14, 15 }, SLs without AR support = { 0 }
[1756857426.484970] [eos0005:202398:0]           mpool.c:138  UCX  DEBUG mpool rc_mlx5_atomic_desc: align 64, maxelems 4294967295, elemsize 72
[1756857426.484974] [eos0005:202398:0]           async.c:248  UCX  DEBUG added async handler 0x555558141010 [id=132 ref 1] uct_rc_mlx5_devx_iface_event_handler() to hash
[1756857426.484979] [eos0005:202398:0]           async.c:522  UCX  DEBUG listening to async event fd 132 events 0x1 mode thread_spinlock
[1756857426.484993] [eos0005:202398:0]      ucp_worker.c:1436 UCX  DEBUG created interface[37]=0x5555580370d0 using rc_mlx5/mlx5_5:1 on worker 0x55555696d380
[1756857426.485870] [eos0005:202398:0]        ib_iface.c:1078 UCX  DEBUG using pkey[0] 0xffff on mlx5_5:1/IB
[1756857426.486563] [eos0005:202398:0]        ib_iface.c:1666 UCX  DEBUG created uct_ib_iface_t headroom_ofs 12 payload_ofs 92 hdr_ofs 44 data_sz 4136
[1756857426.486916] [eos0005:202398:0]        ib_iface.c:1203 UCX  DEBUG mlx5_5: iface 0x555556ce9050 created UD QP 0x1b76 on mlx5_5:1 TX wr:256 sge:2 inl:60 resp:0 RX wr:4096 sge:1 resp:0
[1756857426.486917] [eos0005:202398:0]         ib_mlx5.c:776  UCX  DEBUG tx wq 32768 bytes [bb=64, nwqe=512] mmio_mode bf_post_mt
[1756857426.487219] [eos0005:202398:0]           mpool.c:138  UCX  DEBUG mpool ud_recv_skb: align 64, maxelems 4294967295, elemsize 4188
[1756857426.487384] [eos0005:202398:0]           mpool.c:282  UCX  DEBUG mpool ud_recv_skb: allocated chunk 0x7fffc9a71018 of 544744 bytes with 128 elements
[1756857426.487386] [eos0005:202398:0]           mpool.c:138  UCX  DEBUG mpool ud_tx_skb: align 64, maxelems 4294967295, elemsize 4208
[1756857426.487396] [eos0005:202398:0]        ud_iface.c:383  UCX  DEBUG iface 0x555556ce9050: adding gid fe80::946d:ae03:5a:47c to hash on device mlx5_5 port 1 index 0)
[1756857426.487402] [eos0005:202398:0]        ud_iface.c:383  UCX  DEBUG iface 0x555556ce9050: adding gid fe80:: to hash on device mlx5_5 port 1 index 1)
[1756857426.487407] [eos0005:202398:0]        ud_iface.c:383  UCX  DEBUG iface 0x555556ce9050: adding gid fe80:: to hash on device mlx5_5 port 1 index 2)
[1756857426.487412] [eos0005:202398:0]        ud_iface.c:383  UCX  DEBUG iface 0x555556ce9050: adding gid fe80:: to hash on device mlx5_5 port 1 index 3)
[1756857426.487422] [eos0005:202398:0]        ud_iface.c:383  UCX  DEBUG iface 0x555556ce9050: adding gid fe80:: to hash on device mlx5_5 port 1 index 4)
[1756857426.487435] [eos0005:202398:0]        ud_iface.c:383  UCX  DEBUG iface 0x555556ce9050: adding gid fe80:: to hash on device mlx5_5 port 1 index 5)
[1756857426.487445] [eos0005:202398:0]        ud_iface.c:383  UCX  DEBUG iface 0x555556ce9050: adding gid fe80:: to hash on device mlx5_5 port 1 index 6)
[1756857426.487450] [eos0005:202398:0]        ud_iface.c:383  UCX  DEBUG iface 0x555556ce9050: adding gid fe80:: to hash on device mlx5_5 port 1 index 7)
[1756857426.487534] [eos0005:202398:0]         ib_mlx5.c:1083 UCX  DEBUG SL=0 (AR support - no) was selected on mlx5_5:1, SLs with AR support = { 1, 2, 3, 4, 5, 6, 7, 8, 9, 10, 11, 12, 13, 14, 15 }, SLs without AR support = { 0 }
[1756857426.487543] [eos0005:202398:0]     timer_wheel.c:41   UCX  DEBUG high res timer created log=23 resolution=4215.169087 usec wanted: 2500.000000 usec
[1756857426.487545] [eos0005:202398:0]           async.c:248  UCX  DEBUG added async handler 0x555558222010 [id=134 ref 1] uct_ud_mlx5_iface_async_handler() to hash
[1756857426.487550] [eos0005:202398:0]           async.c:522  UCX  DEBUG listening to async event fd 134 events 0x5 mode thread_spinlock
[1756857426.487559] [eos0005:202398:0]      ucp_worker.c:1436 UCX  DEBUG created interface[38]=0x555556ce9050 using ud_mlx5/mlx5_5:1 on worker 0x55555696d380
[1756857426.487704] [eos0005:202398:0]        ib_iface.c:1078 UCX  DEBUG using pkey[0] 0xffff on mlx5_6:1/IB
[1756857426.488394] [eos0005:202398:0]        ib_iface.c:1666 UCX  DEBUG created uct_ib_iface_t headroom_ofs 12 payload_ofs 92 hdr_ofs 91 data_sz 8256
[1756857426.488406] [eos0005:202398:0]           mpool.c:138  UCX  DEBUG mpool rc_recv_desc: align 64, maxelems 4294967295, elemsize 8355
[1756857426.488407] [eos0005:202398:0]           mpool.c:138  UCX  DEBUG mpool rc_send_desc: align 64, maxelems 4294967295, elemsize 8320
[1756857426.488467] [eos0005:202398:0]           mpool.c:138  UCX  DEBUG mpool send-ops-mpool: align 64, maxelems 4294967295, elemsize 48
[1756857426.488764] [eos0005:202398:0]           mpool.c:138  UCX  DEBUG mpool pending-ops: align 1, maxelems 4294967295, elemsize 64
[1756857426.488766] [eos0005:202398:0]           mpool.c:138  UCX  DEBUG mpool rc_verbs_short_desc: align 64, maxelems 4294967295, elemsize 192
[1756857426.489071] [eos0005:202398:0]        ib_iface.c:1203 UCX  DEBUG mlx5_6: iface 0x555558243010 created RC QP 0x748 on mlx5_6:1 TX wr:409 sge:5 inl:124 resp:64 RX wr:0 sge:0 resp:64
[1756857426.489457] [eos0005:202398:0]      ucp_worker.c:1436 UCX  DEBUG created interface[39]=0x555558243010 using rc_verbs/mlx5_6:1 on worker 0x55555696d380
[1756857426.489552] [eos0005:202398:0]        ib_iface.c:1078 UCX  DEBUG using pkey[0] 0xffff on mlx5_6:1/IB
[1756857426.490140] [eos0005:202398:0]        ib_iface.c:1666 UCX  DEBUG created uct_ib_iface_t headroom_ofs 12 payload_ofs 92 hdr_ofs 44 data_sz 4136
[1756857426.490537] [eos0005:202398:0]        ib_iface.c:1203 UCX  DEBUG mlx5_6: iface 0x555557b79180 created UD QP 0x1bb6 on mlx5_6:1 TX wr:341 sge:6 inl:124 resp:0 RX wr:4096 sge:1 resp:0
[1756857426.490830] [eos0005:202398:0]           mpool.c:138  UCX  DEBUG mpool ud_recv_skb: align 64, maxelems 4294967295, elemsize 4188
[1756857426.490999] [eos0005:202398:0]           mpool.c:282  UCX  DEBUG mpool ud_recv_skb: allocated chunk 0x7fffc977b018 of 544744 bytes with 128 elements
[1756857426.491001] [eos0005:202398:0]           mpool.c:138  UCX  DEBUG mpool ud_tx_skb: align 64, maxelems 4294967295, elemsize 4208
[1756857426.491017] [eos0005:202398:0]        ud_iface.c:383  UCX  DEBUG iface 0x555557b79180: adding gid fe80::946d:ae03:5a:4a0 to hash on device mlx5_6 port 1 index 0)
[1756857426.491023] [eos0005:202398:0]        ud_iface.c:383  UCX  DEBUG iface 0x555557b79180: adding gid fe80:: to hash on device mlx5_6 port 1 index 1)
[1756857426.491029] [eos0005:202398:0]        ud_iface.c:383  UCX  DEBUG iface 0x555557b79180: adding gid fe80:: to hash on device mlx5_6 port 1 index 2)
[1756857426.491041] [eos0005:202398:0]        ud_iface.c:383  UCX  DEBUG iface 0x555557b79180: adding gid fe80:: to hash on device mlx5_6 port 1 index 3)
[1756857426.491063] [eos0005:202398:0]        ud_iface.c:383  UCX  DEBUG iface 0x555557b79180: adding gid fe80:: to hash on device mlx5_6 port 1 index 4)
[1756857426.491072] [eos0005:202398:0]        ud_iface.c:383  UCX  DEBUG iface 0x555557b79180: adding gid fe80:: to hash on device mlx5_6 port 1 index 5)
[1756857426.491077] [eos0005:202398:0]        ud_iface.c:383  UCX  DEBUG iface 0x555557b79180: adding gid fe80:: to hash on device mlx5_6 port 1 index 6)
[1756857426.491082] [eos0005:202398:0]        ud_iface.c:383  UCX  DEBUG iface 0x555557b79180: adding gid fe80:: to hash on device mlx5_6 port 1 index 7)
[1756857426.491163] [eos0005:202398:0]     timer_wheel.c:41   UCX  DEBUG high res timer created log=23 resolution=4215.169087 usec wanted: 2500.000000 usec
[1756857426.491164] [eos0005:202398:0]           async.c:248  UCX  DEBUG added async handler 0x55555830d010 [id=136 ref 1] uct_ud_verbs_iface_async_handler() to hash
[1756857426.491169] [eos0005:202398:0]           async.c:522  UCX  DEBUG listening to async event fd 136 events 0x5 mode thread_spinlock
[1756857426.491178] [eos0005:202398:0]      ucp_worker.c:1436 UCX  DEBUG created interface[40]=0x555557b79180 using ud_verbs/mlx5_6:1 on worker 0x55555696d380
[1756857426.491344] [eos0005:202398:0]        ib_iface.c:1078 UCX  DEBUG using pkey[0] 0xffff on mlx5_6:1/IB
[1756857426.491696] [eos0005:202398:0]           mpool.c:282  UCX  DEBUG mpool devx dbrec: allocated chunk 0x555558456010 of 8176 bytes with 127 elements
[1756857426.494423] [eos0005:202398:0]        ib_iface.c:1666 UCX  DEBUG created uct_ib_iface_t headroom_ofs 12 payload_ofs 92 hdr_ofs 90 data_sz 8256
[1756857426.494436] [eos0005:202398:0]           mpool.c:138  UCX  DEBUG mpool rc_recv_desc: align 64, maxelems 4294967295, elemsize 8354
[1756857426.494437] [eos0005:202398:0]           mpool.c:138  UCX  DEBUG mpool rc_send_desc: align 64, maxelems 4294967295, elemsize 8320
[1756857426.494844] [eos0005:202398:0]           mpool.c:138  UCX  DEBUG mpool send-ops-mpool: align 64, maxelems 4294967295, elemsize 48
[1756857426.495192] [eos0005:202398:0]           mpool.c:138  UCX  DEBUG mpool pending-ops: align 1, maxelems 4294967295, elemsize 112
[1756857426.495300] [eos0005:202398:0]         ib_mlx5.c:1083 UCX  DEBUG SL=0 (AR support - no) was selected on mlx5_6:1, SLs with AR support = { 1, 2, 3, 4, 5, 6, 7, 8, 9, 10, 11, 12, 13, 14, 15 }, SLs without AR support = { 0 }
[1756857426.496033] [eos0005:202398:0]           mpool.c:138  UCX  DEBUG mpool mlx5_dm_desc: align 64, maxelems 1, elemsize 64
[1756857426.496034] [eos0005:202398:0]           mpool.c:138  UCX  DEBUG mpool rc_mlx5_atomic_desc: align 64, maxelems 4294967295, elemsize 72
[1756857426.496038] [eos0005:202398:0]           async.c:248  UCX  DEBUG added async handler 0x5555584d9010 [id=138 ref 1] uct_rc_mlx5_devx_iface_event_handler() to hash
[1756857426.496043] [eos0005:202398:0]           async.c:522  UCX  DEBUG listening to async event fd 138 events 0x1 mode thread_spinlock
[1756857426.497041] [eos0005:202398:0]    ib_mlx5dv_md.c:2616 UCX  DEBUG counter_set_id on mlx5_6:1 is 0x1
[1756857426.497637] [eos0005:202398:0]         dc_mlx5.c:407  UCX  DEBUG created DevX DCI 0x74e, rdma_wr_disabled=0
[1756857426.498006] [eos0005:202398:0]         dc_mlx5.c:1729 UCX  DEBUG dc iface 0x55555844d030: using 'dcs_quota' policy with 32 dcis and 32768 cqes, dct 0x1bbc
[1756857426.498007] [eos0005:202398:0]         dc_mlx5.c:822  UCX  DEBUG creating dci pool 0 with 32 QPs
[1756857426.498008] [eos0005:202398:0]         dc_mlx5.c:805  UCX  DEBUG dci pool config: (path_index=0, max_rd_atomic=64)
[1756857426.504588] [eos0005:202398:0]           mpool.c:282  UCX  DEBUG mpool rc_recv_desc: allocated chunk 0x7ffd89000018 of 39845864 bytes with 4752 elements
[1756857426.504717] [eos0005:202398:0]         dc_mlx5.c:1749 UCX  DEBUG created dc iface 0x55555844d030
[1756857426.504730] [eos0005:202398:0]      ucp_worker.c:1436 UCX  DEBUG created interface[41]=0x55555844d030 using dc_mlx5/mlx5_6:1 on worker 0x55555696d380
[1756857426.504879] [eos0005:202398:0]        ib_iface.c:1078 UCX  DEBUG using pkey[0] 0xffff on mlx5_6:1/IB
[1756857426.505960] [eos0005:202398:0]        ib_iface.c:1666 UCX  DEBUG created uct_ib_iface_t headroom_ofs 12 payload_ofs 92 hdr_ofs 90 data_sz 8256
[1756857426.505965] [eos0005:202398:0]           mpool.c:138  UCX  DEBUG mpool rc_recv_desc: align 64, maxelems 4294967295, elemsize 8354
[1756857426.505967] [eos0005:202398:0]           mpool.c:138  UCX  DEBUG mpool rc_send_desc: align 64, maxelems 4294967295, elemsize 8320
[1756857426.506030] [eos0005:202398:0]           mpool.c:138  UCX  DEBUG mpool send-ops-mpool: align 64, maxelems 4294967295, elemsize 48
[1756857426.506365] [eos0005:202398:0]           mpool.c:138  UCX  DEBUG mpool pending-ops: align 1, maxelems 4294967295, elemsize 64
[1756857426.506509] [eos0005:202398:0]         ib_mlx5.c:1083 UCX  DEBUG SL=0 (AR support - no) was selected on mlx5_6:1, SLs with AR support = { 1, 2, 3, 4, 5, 6, 7, 8, 9, 10, 11, 12, 13, 14, 15 }, SLs without AR support = { 0 }
[1756857426.506511] [eos0005:202398:0]           mpool.c:138  UCX  DEBUG mpool rc_mlx5_atomic_desc: align 64, maxelems 4294967295, elemsize 72
[1756857426.506515] [eos0005:202398:0]           async.c:248  UCX  DEBUG added async handler 0x555558758010 [id=141 ref 1] uct_rc_mlx5_devx_iface_event_handler() to hash
[1756857426.506520] [eos0005:202398:0]           async.c:522  UCX  DEBUG listening to async event fd 141 events 0x1 mode thread_spinlock
[1756857426.506533] [eos0005:202398:0]      ucp_worker.c:1436 UCX  DEBUG created interface[42]=0x55555864e060 using rc_mlx5/mlx5_6:1 on worker 0x55555696d380
[1756857426.507568] [eos0005:202398:0]        ib_iface.c:1078 UCX  DEBUG using pkey[0] 0xffff on mlx5_6:1/IB
[1756857426.508304] [eos0005:202398:0]        ib_iface.c:1666 UCX  DEBUG created uct_ib_iface_t headroom_ofs 12 payload_ofs 92 hdr_ofs 44 data_sz 4136
[1756857426.508665] [eos0005:202398:0]        ib_iface.c:1203 UCX  DEBUG mlx5_6: iface 0x555557b58140 created UD QP 0x1bc6 on mlx5_6:1 TX wr:256 sge:2 inl:60 resp:0 RX wr:4096 sge:1 resp:0
[1756857426.508666] [eos0005:202398:0]         ib_mlx5.c:776  UCX  DEBUG tx wq 32768 bytes [bb=64, nwqe=512] mmio_mode bf_post_mt
[1756857426.509100] [eos0005:202398:0]           mpool.c:138  UCX  DEBUG mpool ud_recv_skb: align 64, maxelems 4294967295, elemsize 4188
[1756857426.509264] [eos0005:202398:0]           mpool.c:282  UCX  DEBUG mpool ud_recv_skb: allocated chunk 0x7fffc96f6018 of 544744 bytes with 128 elements
[1756857426.509266] [eos0005:202398:0]           mpool.c:138  UCX  DEBUG mpool ud_tx_skb: align 64, maxelems 4294967295, elemsize 4208
[1756857426.509278] [eos0005:202398:0]        ud_iface.c:383  UCX  DEBUG iface 0x555557b58140: adding gid fe80::946d:ae03:5a:4a0 to hash on device mlx5_6 port 1 index 0)
[1756857426.509292] [eos0005:202398:0]        ud_iface.c:383  UCX  DEBUG iface 0x555557b58140: adding gid fe80:: to hash on device mlx5_6 port 1 index 1)
[1756857426.509304] [eos0005:202398:0]        ud_iface.c:383  UCX  DEBUG iface 0x555557b58140: adding gid fe80:: to hash on device mlx5_6 port 1 index 2)
[1756857426.509313] [eos0005:202398:0]        ud_iface.c:383  UCX  DEBUG iface 0x555557b58140: adding gid fe80:: to hash on device mlx5_6 port 1 index 3)
[1756857426.509324] [eos0005:202398:0]        ud_iface.c:383  UCX  DEBUG iface 0x555557b58140: adding gid fe80:: to hash on device mlx5_6 port 1 index 4)
[1756857426.509338] [eos0005:202398:0]        ud_iface.c:383  UCX  DEBUG iface 0x555557b58140: adding gid fe80:: to hash on device mlx5_6 port 1 index 5)
[1756857426.509354] [eos0005:202398:0]        ud_iface.c:383  UCX  DEBUG iface 0x555557b58140: adding gid fe80:: to hash on device mlx5_6 port 1 index 6)
[1756857426.509368] [eos0005:202398:0]        ud_iface.c:383  UCX  DEBUG iface 0x555557b58140: adding gid fe80:: to hash on device mlx5_6 port 1 index 7)
[1756857426.509482] [eos0005:202398:0]         ib_mlx5.c:1083 UCX  DEBUG SL=0 (AR support - no) was selected on mlx5_6:1, SLs with AR support = { 1, 2, 3, 4, 5, 6, 7, 8, 9, 10, 11, 12, 13, 14, 15 }, SLs without AR support = { 0 }
[1756857426.509505] [eos0005:202398:0]     timer_wheel.c:41   UCX  DEBUG high res timer created log=23 resolution=4215.169087 usec wanted: 2500.000000 usec
[1756857426.509507] [eos0005:202398:0]           async.c:248  UCX  DEBUG added async handler 0x555558835010 [id=143 ref 1] uct_ud_mlx5_iface_async_handler() to hash
[1756857426.509511] [eos0005:202398:0]           async.c:522  UCX  DEBUG listening to async event fd 143 events 0x5 mode thread_spinlock
[1756857426.509521] [eos0005:202398:0]      ucp_worker.c:1436 UCX  DEBUG created interface[43]=0x555557b58140 using ud_mlx5/mlx5_6:1 on worker 0x55555696d380
[1756857426.509779] [eos0005:202398:0]        ib_iface.c:1078 UCX  DEBUG using pkey[0] 0xffff on mlx5_9:1/IB
[1756857426.510753] [eos0005:202398:0]        ib_iface.c:1666 UCX  DEBUG created uct_ib_iface_t headroom_ofs 12 payload_ofs 92 hdr_ofs 91 data_sz 8256
[1756857426.510764] [eos0005:202398:0]           mpool.c:138  UCX  DEBUG mpool rc_recv_desc: align 64, maxelems 4294967295, elemsize 8355
[1756857426.510765] [eos0005:202398:0]           mpool.c:138  UCX  DEBUG mpool rc_send_desc: align 64, maxelems 4294967295, elemsize 8320
[1756857426.510831] [eos0005:202398:0]           mpool.c:138  UCX  DEBUG mpool send-ops-mpool: align 64, maxelems 4294967295, elemsize 48
[1756857426.511179] [eos0005:202398:0]           mpool.c:138  UCX  DEBUG mpool pending-ops: align 1, maxelems 4294967295, elemsize 64
[1756857426.511180] [eos0005:202398:0]           mpool.c:138  UCX  DEBUG mpool rc_verbs_short_desc: align 64, maxelems 4294967295, elemsize 192
[1756857426.511627] [eos0005:202398:0]        ib_iface.c:1203 UCX  DEBUG mlx5_9: iface 0x55555885a020 created RC QP 0x6e7 on mlx5_9:1 TX wr:409 sge:5 inl:124 resp:64 RX wr:0 sge:0 resp:64
[1756857426.512024] [eos0005:202398:0]      ucp_worker.c:1436 UCX  DEBUG created interface[44]=0x55555885a020 using rc_verbs/mlx5_9:1 on worker 0x55555696d380
[1756857426.512139] [eos0005:202398:0]        ib_iface.c:1078 UCX  DEBUG using pkey[0] 0xffff on mlx5_9:1/IB
[1756857426.512810] [eos0005:202398:0]        ib_iface.c:1666 UCX  DEBUG created uct_ib_iface_t headroom_ofs 12 payload_ofs 92 hdr_ofs 44 data_sz 4136
[1756857426.513266] [eos0005:202398:0]        ib_iface.c:1203 UCX  DEBUG mlx5_9: iface 0x555557783500 created UD QP 0x1b4e on mlx5_9:1 TX wr:341 sge:6 inl:124 resp:0 RX wr:4096 sge:1 resp:0
[1756857426.513642] [eos0005:202398:0]           mpool.c:138  UCX  DEBUG mpool ud_recv_skb: align 64, maxelems 4294967295, elemsize 4188
[1756857426.513811] [eos0005:202398:0]           mpool.c:282  UCX  DEBUG mpool ud_recv_skb: allocated chunk 0x7fffc9671018 of 544744 bytes with 128 elements
[1756857426.513813] [eos0005:202398:0]           mpool.c:138  UCX  DEBUG mpool ud_tx_skb: align 64, maxelems 4294967295, elemsize 4208
[1756857426.513831] [eos0005:202398:0]        ud_iface.c:383  UCX  DEBUG iface 0x555557783500: adding gid fe80::946d:ae03:5a:4a8 to hash on device mlx5_9 port 1 index 0)
[1756857426.513849] [eos0005:202398:0]        ud_iface.c:383  UCX  DEBUG iface 0x555557783500: adding gid fe80:: to hash on device mlx5_9 port 1 index 1)
[1756857426.513861] [eos0005:202398:0]        ud_iface.c:383  UCX  DEBUG iface 0x555557783500: adding gid fe80:: to hash on device mlx5_9 port 1 index 2)
[1756857426.513868] [eos0005:202398:0]        ud_iface.c:383  UCX  DEBUG iface 0x555557783500: adding gid fe80:: to hash on device mlx5_9 port 1 index 3)
[1756857426.513882] [eos0005:202398:0]        ud_iface.c:383  UCX  DEBUG iface 0x555557783500: adding gid fe80:: to hash on device mlx5_9 port 1 index 4)
[1756857426.513900] [eos0005:202398:0]        ud_iface.c:383  UCX  DEBUG iface 0x555557783500: adding gid fe80:: to hash on device mlx5_9 port 1 index 5)
[1756857426.513909] [eos0005:202398:0]        ud_iface.c:383  UCX  DEBUG iface 0x555557783500: adding gid fe80:: to hash on device mlx5_9 port 1 index 6)
[1756857426.513921] [eos0005:202398:0]        ud_iface.c:383  UCX  DEBUG iface 0x555557783500: adding gid fe80:: to hash on device mlx5_9 port 1 index 7)
[1756857426.514076] [eos0005:202398:0]     timer_wheel.c:41   UCX  DEBUG high res timer created log=23 resolution=4215.169087 usec wanted: 2500.000000 usec
[1756857426.514077] [eos0005:202398:0]           async.c:248  UCX  DEBUG added async handler 0x5555588e5010 [id=145 ref 1] uct_ud_verbs_iface_async_handler() to hash
[1756857426.514083] [eos0005:202398:0]           async.c:522  UCX  DEBUG listening to async event fd 145 events 0x5 mode thread_spinlock
[1756857426.514092] [eos0005:202398:0]      ucp_worker.c:1436 UCX  DEBUG created interface[45]=0x555557783500 using ud_verbs/mlx5_9:1 on worker 0x55555696d380
[1756857426.514238] [eos0005:202398:0]        ib_iface.c:1078 UCX  DEBUG using pkey[0] 0xffff on mlx5_9:1/IB
[1756857426.514548] [eos0005:202398:0]           mpool.c:282  UCX  DEBUG mpool devx dbrec: allocated chunk 0x555558a73010 of 8176 bytes with 127 elements
[1756857426.517229] [eos0005:202398:0]        ib_iface.c:1666 UCX  DEBUG created uct_ib_iface_t headroom_ofs 12 payload_ofs 92 hdr_ofs 90 data_sz 8256
[1756857426.517234] [eos0005:202398:0]           mpool.c:138  UCX  DEBUG mpool rc_recv_desc: align 64, maxelems 4294967295, elemsize 8354
[1756857426.517236] [eos0005:202398:0]           mpool.c:138  UCX  DEBUG mpool rc_send_desc: align 64, maxelems 4294967295, elemsize 8320
[1756857426.517650] [eos0005:202398:0]           mpool.c:138  UCX  DEBUG mpool send-ops-mpool: align 64, maxelems 4294967295, elemsize 48
[1756857426.517979] [eos0005:202398:0]           mpool.c:138  UCX  DEBUG mpool pending-ops: align 1, maxelems 4294967295, elemsize 112
[1756857426.518130] [eos0005:202398:0]         ib_mlx5.c:1083 UCX  DEBUG SL=0 (AR support - no) was selected on mlx5_9:1, SLs with AR support = { 1, 2, 3, 4, 5, 6, 7, 8, 9, 10, 11, 12, 13, 14, 15 }, SLs without AR support = { 0 }
[1756857426.518746] [eos0005:202398:0]           mpool.c:138  UCX  DEBUG mpool mlx5_dm_desc: align 64, maxelems 1, elemsize 64
[1756857426.518747] [eos0005:202398:0]           mpool.c:138  UCX  DEBUG mpool rc_mlx5_atomic_desc: align 64, maxelems 4294967295, elemsize 72
[1756857426.518752] [eos0005:202398:0]           async.c:248  UCX  DEBUG added async handler 0x55555863c010 [id=147 ref 1] uct_rc_mlx5_devx_iface_event_handler() to hash
[1756857426.518756] [eos0005:202398:0]           async.c:522  UCX  DEBUG listening to async event fd 147 events 0x1 mode thread_spinlock
[1756857426.519982] [eos0005:202398:0]    ib_mlx5dv_md.c:2616 UCX  DEBUG counter_set_id on mlx5_9:1 is 0x1
[1756857426.520668] [eos0005:202398:0]         dc_mlx5.c:407  UCX  DEBUG created DevX DCI 0x6ee, rdma_wr_disabled=0
[1756857426.521067] [eos0005:202398:0]         dc_mlx5.c:1729 UCX  DEBUG dc iface 0x5555589c6050: using 'dcs_quota' policy with 32 dcis and 32768 cqes, dct 0x1b5a
[1756857426.521068] [eos0005:202398:0]         dc_mlx5.c:822  UCX  DEBUG creating dci pool 0 with 32 QPs
[1756857426.521069] [eos0005:202398:0]         dc_mlx5.c:805  UCX  DEBUG dci pool config: (path_index=0, max_rd_atomic=64)
[1756857426.527664] [eos0005:202398:0]           mpool.c:282  UCX  DEBUG mpool rc_recv_desc: allocated chunk 0x7ffd86400018 of 39845864 bytes with 4752 elements
[1756857426.527798] [eos0005:202398:0]         dc_mlx5.c:1749 UCX  DEBUG created dc iface 0x5555589c6050
[1756857426.527810] [eos0005:202398:0]      ucp_worker.c:1436 UCX  DEBUG created interface[46]=0x5555589c6050 using dc_mlx5/mlx5_9:1 on worker 0x55555696d380
[1756857426.527974] [eos0005:202398:0]        ib_iface.c:1078 UCX  DEBUG using pkey[0] 0xffff on mlx5_9:1/IB
[1756857426.529138] [eos0005:202398:0]        ib_iface.c:1666 UCX  DEBUG created uct_ib_iface_t headroom_ofs 12 payload_ofs 92 hdr_ofs 90 data_sz 8256
[1756857426.529143] [eos0005:202398:0]           mpool.c:138  UCX  DEBUG mpool rc_recv_desc: align 64, maxelems 4294967295, elemsize 8354
[1756857426.529144] [eos0005:202398:0]           mpool.c:138  UCX  DEBUG mpool rc_send_desc: align 64, maxelems 4294967295, elemsize 8320
[1756857426.529205] [eos0005:202398:0]           mpool.c:138  UCX  DEBUG mpool send-ops-mpool: align 64, maxelems 4294967295, elemsize 48
[1756857426.529555] [eos0005:202398:0]           mpool.c:138  UCX  DEBUG mpool pending-ops: align 1, maxelems 4294967295, elemsize 64
[1756857426.529714] [eos0005:202398:0]         ib_mlx5.c:1083 UCX  DEBUG SL=0 (AR support - no) was selected on mlx5_9:1, SLs with AR support = { 1, 2, 3, 4, 5, 6, 7, 8, 9, 10, 11, 12, 13, 14, 15 }, SLs without AR support = { 0 }
[1756857426.529716] [eos0005:202398:0]           mpool.c:138  UCX  DEBUG mpool rc_mlx5_atomic_desc: align 64, maxelems 4294967295, elemsize 72
[1756857426.529720] [eos0005:202398:0]           async.c:248  UCX  DEBUG added async handler 0x555558d75010 [id=150 ref 1] uct_rc_mlx5_devx_iface_event_handler() to hash
[1756857426.529725] [eos0005:202398:0]           async.c:522  UCX  DEBUG listening to async event fd 150 events 0x1 mode thread_spinlock
[1756857426.529737] [eos0005:202398:0]      ucp_worker.c:1436 UCX  DEBUG created interface[47]=0x555558c6b060 using rc_mlx5/mlx5_9:1 on worker 0x55555696d380
[1756857426.530808] [eos0005:202398:0]        ib_iface.c:1078 UCX  DEBUG using pkey[0] 0xffff on mlx5_9:1/IB
[1756857426.531488] [eos0005:202398:0]        ib_iface.c:1666 UCX  DEBUG created uct_ib_iface_t headroom_ofs 12 payload_ofs 92 hdr_ofs 44 data_sz 4136
[1756857426.531868] [eos0005:202398:0]        ib_iface.c:1203 UCX  DEBUG mlx5_9: iface 0x55555696a020 created UD QP 0x1b63 on mlx5_9:1 TX wr:256 sge:2 inl:60 resp:0 RX wr:4096 sge:1 resp:0
[1756857426.531869] [eos0005:202398:0]         ib_mlx5.c:776  UCX  DEBUG tx wq 32768 bytes [bb=64, nwqe=512] mmio_mode bf_post_mt
[1756857426.532266] [eos0005:202398:0]           mpool.c:138  UCX  DEBUG mpool ud_recv_skb: align 64, maxelems 4294967295, elemsize 4188
[1756857426.532435] [eos0005:202398:0]           mpool.c:282  UCX  DEBUG mpool ud_recv_skb: allocated chunk 0x7fffc937b018 of 544744 bytes with 128 elements
[1756857426.532437] [eos0005:202398:0]           mpool.c:138  UCX  DEBUG mpool ud_tx_skb: align 64, maxelems 4294967295, elemsize 4208
[1756857426.532450] [eos0005:202398:0]        ud_iface.c:383  UCX  DEBUG iface 0x55555696a020: adding gid fe80::946d:ae03:5a:4a8 to hash on device mlx5_9 port 1 index 0)
[1756857426.532465] [eos0005:202398:0]        ud_iface.c:383  UCX  DEBUG iface 0x55555696a020: adding gid fe80:: to hash on device mlx5_9 port 1 index 1)
[1756857426.532482] [eos0005:202398:0]        ud_iface.c:383  UCX  DEBUG iface 0x55555696a020: adding gid fe80:: to hash on device mlx5_9 port 1 index 2)
[1756857426.532494] [eos0005:202398:0]        ud_iface.c:383  UCX  DEBUG iface 0x55555696a020: adding gid fe80:: to hash on device mlx5_9 port 1 index 3)
[1756857426.532501] [eos0005:202398:0]        ud_iface.c:383  UCX  DEBUG iface 0x55555696a020: adding gid fe80:: to hash on device mlx5_9 port 1 index 4)
[1756857426.532515] [eos0005:202398:0]        ud_iface.c:383  UCX  DEBUG iface 0x55555696a020: adding gid fe80:: to hash on device mlx5_9 port 1 index 5)
[1756857426.532529] [eos0005:202398:0]        ud_iface.c:383  UCX  DEBUG iface 0x55555696a020: adding gid fe80:: to hash on device mlx5_9 port 1 index 6)
[1756857426.532535] [eos0005:202398:0]        ud_iface.c:383  UCX  DEBUG iface 0x55555696a020: adding gid fe80:: to hash on device mlx5_9 port 1 index 7)
[1756857426.532705] [eos0005:202398:0]         ib_mlx5.c:1083 UCX  DEBUG SL=0 (AR support - no) was selected on mlx5_9:1, SLs with AR support = { 1, 2, 3, 4, 5, 6, 7, 8, 9, 10, 11, 12, 13, 14, 15 }, SLs without AR support = { 0 }
[1756857426.532717] [eos0005:202398:0]     timer_wheel.c:41   UCX  DEBUG high res timer created log=23 resolution=4215.169087 usec wanted: 2500.000000 usec
[1756857426.532719] [eos0005:202398:0]           async.c:248  UCX  DEBUG added async handler 0x555558e52010 [id=152 ref 1] uct_ud_mlx5_iface_async_handler() to hash
[1756857426.532724] [eos0005:202398:0]           async.c:522  UCX  DEBUG listening to async event fd 152 events 0x5 mode thread_spinlock
[1756857426.532733] [eos0005:202398:0]      ucp_worker.c:1436 UCX  DEBUG created interface[48]=0x55555696a020 using ud_mlx5/mlx5_9:1 on worker 0x55555696d380
[1756857426.532870] [eos0005:202398:0]        ib_iface.c:1078 UCX  DEBUG using pkey[0] 0xffff on mlx5_10:1/IB
[1756857426.533824] [eos0005:202398:0]        ib_iface.c:1666 UCX  DEBUG created uct_ib_iface_t headroom_ofs 12 payload_ofs 92 hdr_ofs 91 data_sz 8256
[1756857426.533835] [eos0005:202398:0]           mpool.c:138  UCX  DEBUG mpool rc_recv_desc: align 64, maxelems 4294967295, elemsize 8355
[1756857426.533837] [eos0005:202398:0]           mpool.c:138  UCX  DEBUG mpool rc_send_desc: align 64, maxelems 4294967295, elemsize 8320
[1756857426.533902] [eos0005:202398:0]           mpool.c:138  UCX  DEBUG mpool send-ops-mpool: align 64, maxelems 4294967295, elemsize 48
[1756857426.534191] [eos0005:202398:0]           mpool.c:138  UCX  DEBUG mpool pending-ops: align 1, maxelems 4294967295, elemsize 64
[1756857426.534192] [eos0005:202398:0]           mpool.c:138  UCX  DEBUG mpool rc_verbs_short_desc: align 64, maxelems 4294967295, elemsize 192
[1756857426.534491] [eos0005:202398:0]        ib_iface.c:1203 UCX  DEBUG mlx5_10: iface 0x555558e77020 created RC QP 0x719 on mlx5_10:1 TX wr:409 sge:5 inl:124 resp:64 RX wr:0 sge:0 resp:64
[1756857426.534795] [eos0005:202398:0]      ucp_worker.c:1436 UCX  DEBUG created interface[49]=0x555558e77020 using rc_verbs/mlx5_10:1 on worker 0x55555696d380
[1756857426.534891] [eos0005:202398:0]        ib_iface.c:1078 UCX  DEBUG using pkey[0] 0xffff on mlx5_10:1/IB
[1756857426.535508] [eos0005:202398:0]        ib_iface.c:1666 UCX  DEBUG created uct_ib_iface_t headroom_ofs 12 payload_ofs 92 hdr_ofs 44 data_sz 4136
[1756857426.535819] [eos0005:202398:0]        ib_iface.c:1203 UCX  DEBUG mlx5_10: iface 0x555558a51130 created UD QP 0x1b7f on mlx5_10:1 TX wr:341 sge:6 inl:124 resp:0 RX wr:4096 sge:1 resp:0
[1756857426.536065] [eos0005:202398:0]           mpool.c:138  UCX  DEBUG mpool ud_recv_skb: align 64, maxelems 4294967295, elemsize 4188
[1756857426.536231] [eos0005:202398:0]           mpool.c:282  UCX  DEBUG mpool ud_recv_skb: allocated chunk 0x7fffc92f6018 of 544744 bytes with 128 elements
[1756857426.536233] [eos0005:202398:0]           mpool.c:138  UCX  DEBUG mpool ud_tx_skb: align 64, maxelems 4294967295, elemsize 4208
[1756857426.536244] [eos0005:202398:0]        ud_iface.c:383  UCX  DEBUG iface 0x555558a51130: adding gid fe80::946d:ae03:5a:4a4 to hash on device mlx5_10 port 1 index 0)
[1756857426.536250] [eos0005:202398:0]        ud_iface.c:383  UCX  DEBUG iface 0x555558a51130: adding gid fe80:: to hash on device mlx5_10 port 1 index 1)
[1756857426.536255] [eos0005:202398:0]        ud_iface.c:383  UCX  DEBUG iface 0x555558a51130: adding gid fe80:: to hash on device mlx5_10 port 1 index 2)
[1756857426.536259] [eos0005:202398:0]        ud_iface.c:383  UCX  DEBUG iface 0x555558a51130: adding gid fe80:: to hash on device mlx5_10 port 1 index 3)
[1756857426.536264] [eos0005:202398:0]        ud_iface.c:383  UCX  DEBUG iface 0x555558a51130: adding gid fe80:: to hash on device mlx5_10 port 1 index 4)
[1756857426.536269] [eos0005:202398:0]        ud_iface.c:383  UCX  DEBUG iface 0x555558a51130: adding gid fe80:: to hash on device mlx5_10 port 1 index 5)
[1756857426.536274] [eos0005:202398:0]        ud_iface.c:383  UCX  DEBUG iface 0x555558a51130: adding gid fe80:: to hash on device mlx5_10 port 1 index 6)
[1756857426.536278] [eos0005:202398:0]        ud_iface.c:383  UCX  DEBUG iface 0x555558a51130: adding gid fe80:: to hash on device mlx5_10 port 1 index 7)
[1756857426.536346] [eos0005:202398:0]     timer_wheel.c:41   UCX  DEBUG high res timer created log=23 resolution=4215.169087 usec wanted: 2500.000000 usec
[1756857426.536348] [eos0005:202398:0]           async.c:248  UCX  DEBUG added async handler 0x555558f02010 [id=154 ref 1] uct_ud_verbs_iface_async_handler() to hash
[1756857426.536353] [eos0005:202398:0]           async.c:522  UCX  DEBUG listening to async event fd 154 events 0x5 mode thread_spinlock
[1756857426.536363] [eos0005:202398:0]      ucp_worker.c:1436 UCX  DEBUG created interface[50]=0x555558a51130 using ud_verbs/mlx5_10:1 on worker 0x55555696d380
[1756857426.536511] [eos0005:202398:0]        ib_iface.c:1078 UCX  DEBUG using pkey[0] 0xffff on mlx5_10:1/IB
[1756857426.536710] [eos0005:202398:0]           mpool.c:282  UCX  DEBUG mpool devx dbrec: allocated chunk 0x555559090010 of 8176 bytes with 127 elements
[1756857426.539426] [eos0005:202398:0]        ib_iface.c:1666 UCX  DEBUG created uct_ib_iface_t headroom_ofs 12 payload_ofs 92 hdr_ofs 90 data_sz 8256
[1756857426.539431] [eos0005:202398:0]           mpool.c:138  UCX  DEBUG mpool rc_recv_desc: align 64, maxelems 4294967295, elemsize 8354
[1756857426.539432] [eos0005:202398:0]           mpool.c:138  UCX  DEBUG mpool rc_send_desc: align 64, maxelems 4294967295, elemsize 8320
[1756857426.539844] [eos0005:202398:0]           mpool.c:138  UCX  DEBUG mpool send-ops-mpool: align 64, maxelems 4294967295, elemsize 48
[1756857426.540177] [eos0005:202398:0]           mpool.c:138  UCX  DEBUG mpool pending-ops: align 1, maxelems 4294967295, elemsize 112
[1756857426.540268] [eos0005:202398:0]         ib_mlx5.c:1083 UCX  DEBUG SL=0 (AR support - no) was selected on mlx5_10:1, SLs with AR support = { 1, 2, 3, 4, 5, 6, 7, 8, 9, 10, 11, 12, 13, 14, 15 }, SLs without AR support = { 0 }
[1756857426.540990] [eos0005:202398:0]           mpool.c:138  UCX  DEBUG mpool mlx5_dm_desc: align 64, maxelems 1, elemsize 64
[1756857426.540991] [eos0005:202398:0]           mpool.c:138  UCX  DEBUG mpool rc_mlx5_atomic_desc: align 64, maxelems 4294967295, elemsize 72
[1756857426.540995] [eos0005:202398:0]           async.c:248  UCX  DEBUG added async handler 0x555558c59010 [id=156 ref 1] uct_rc_mlx5_devx_iface_event_handler() to hash
[1756857426.541001] [eos0005:202398:0]           async.c:522  UCX  DEBUG listening to async event fd 156 events 0x1 mode thread_spinlock
[1756857426.542030] [eos0005:202398:0]    ib_mlx5dv_md.c:2616 UCX  DEBUG counter_set_id on mlx5_10:1 is 0x1
[1756857426.542602] [eos0005:202398:0]         dc_mlx5.c:407  UCX  DEBUG created DevX DCI 0x71f, rdma_wr_disabled=0
[1756857426.542932] [eos0005:202398:0]         dc_mlx5.c:1729 UCX  DEBUG dc iface 0x555558fe3050: using 'dcs_quota' policy with 32 dcis and 32768 cqes, dct 0x1b88
[1756857426.542934] [eos0005:202398:0]         dc_mlx5.c:822  UCX  DEBUG creating dci pool 0 with 32 QPs
[1756857426.542935] [eos0005:202398:0]         dc_mlx5.c:805  UCX  DEBUG dci pool config: (path_index=0, max_rd_atomic=64)
[1756857426.549460] [eos0005:202398:0]           mpool.c:282  UCX  DEBUG mpool rc_recv_desc: allocated chunk 0x7ffd83800018 of 39845864 bytes with 4752 elements
[1756857426.549582] [eos0005:202398:0]         dc_mlx5.c:1749 UCX  DEBUG created dc iface 0x555558fe3050
[1756857426.549594] [eos0005:202398:0]      ucp_worker.c:1436 UCX  DEBUG created interface[51]=0x555558fe3050 using dc_mlx5/mlx5_10:1 on worker 0x55555696d380
[1756857426.549742] [eos0005:202398:0]        ib_iface.c:1078 UCX  DEBUG using pkey[0] 0xffff on mlx5_10:1/IB
[1756857426.550717] [eos0005:202398:0]        ib_iface.c:1666 UCX  DEBUG created uct_ib_iface_t headroom_ofs 12 payload_ofs 92 hdr_ofs 90 data_sz 8256
[1756857426.550722] [eos0005:202398:0]           mpool.c:138  UCX  DEBUG mpool rc_recv_desc: align 64, maxelems 4294967295, elemsize 8354
[1756857426.550723] [eos0005:202398:0]           mpool.c:138  UCX  DEBUG mpool rc_send_desc: align 64, maxelems 4294967295, elemsize 8320
[1756857426.550786] [eos0005:202398:0]           mpool.c:138  UCX  DEBUG mpool send-ops-mpool: align 64, maxelems 4294967295, elemsize 48
[1756857426.551105] [eos0005:202398:0]           mpool.c:138  UCX  DEBUG mpool pending-ops: align 1, maxelems 4294967295, elemsize 64
[1756857426.551195] [eos0005:202398:0]         ib_mlx5.c:1083 UCX  DEBUG SL=0 (AR support - no) was selected on mlx5_10:1, SLs with AR support = { 1, 2, 3, 4, 5, 6, 7, 8, 9, 10, 11, 12, 13, 14, 15 }, SLs without AR support = { 0 }
[1756857426.551197] [eos0005:202398:0]           mpool.c:138  UCX  DEBUG mpool rc_mlx5_atomic_desc: align 64, maxelems 4294967295, elemsize 72
[1756857426.551201] [eos0005:202398:0]           async.c:248  UCX  DEBUG added async handler 0x555559392010 [id=159 ref 1] uct_rc_mlx5_devx_iface_event_handler() to hash
[1756857426.551207] [eos0005:202398:0]           async.c:522  UCX  DEBUG listening to async event fd 159 events 0x1 mode thread_spinlock
[1756857426.551220] [eos0005:202398:0]      ucp_worker.c:1436 UCX  DEBUG created interface[52]=0x555559288060 using rc_mlx5/mlx5_10:1 on worker 0x55555696d380
[1756857426.552315] [eos0005:202398:0]        ib_iface.c:1078 UCX  DEBUG using pkey[0] 0xffff on mlx5_10:1/IB
[1756857426.552991] [eos0005:202398:0]        ib_iface.c:1666 UCX  DEBUG created uct_ib_iface_t headroom_ofs 12 payload_ofs 92 hdr_ofs 44 data_sz 4136
[1756857426.553296] [eos0005:202398:0]        ib_iface.c:1203 UCX  DEBUG mlx5_10: iface 0x55555688f980 created UD QP 0x1b94 on mlx5_10:1 TX wr:256 sge:2 inl:60 resp:0 RX wr:4096 sge:1 resp:0
[1756857426.553297] [eos0005:202398:0]         ib_mlx5.c:776  UCX  DEBUG tx wq 32768 bytes [bb=64, nwqe=512] mmio_mode bf_post_mt
[1756857426.553558] [eos0005:202398:0]           mpool.c:138  UCX  DEBUG mpool ud_recv_skb: align 64, maxelems 4294967295, elemsize 4188
[1756857426.553718] [eos0005:202398:0]           mpool.c:282  UCX  DEBUG mpool ud_recv_skb: allocated chunk 0x7fffc9271018 of 544744 bytes with 128 elements
[1756857426.553722] [eos0005:202398:0]           mpool.c:138  UCX  DEBUG mpool ud_tx_skb: align 64, maxelems 4294967295, elemsize 4208
[1756857426.553731] [eos0005:202398:0]        ud_iface.c:383  UCX  DEBUG iface 0x55555688f980: adding gid fe80::946d:ae03:5a:4a4 to hash on device mlx5_10 port 1 index 0)
[1756857426.553736] [eos0005:202398:0]        ud_iface.c:383  UCX  DEBUG iface 0x55555688f980: adding gid fe80:: to hash on device mlx5_10 port 1 index 1)
[1756857426.553741] [eos0005:202398:0]        ud_iface.c:383  UCX  DEBUG iface 0x55555688f980: adding gid fe80:: to hash on device mlx5_10 port 1 index 2)
[1756857426.553746] [eos0005:202398:0]        ud_iface.c:383  UCX  DEBUG iface 0x55555688f980: adding gid fe80:: to hash on device mlx5_10 port 1 index 3)
[1756857426.553752] [eos0005:202398:0]        ud_iface.c:383  UCX  DEBUG iface 0x55555688f980: adding gid fe80:: to hash on device mlx5_10 port 1 index 4)
[1756857426.553760] [eos0005:202398:0]        ud_iface.c:383  UCX  DEBUG iface 0x55555688f980: adding gid fe80:: to hash on device mlx5_10 port 1 index 5)
[1756857426.553765] [eos0005:202398:0]        ud_iface.c:383  UCX  DEBUG iface 0x55555688f980: adding gid fe80:: to hash on device mlx5_10 port 1 index 6)
[1756857426.553770] [eos0005:202398:0]        ud_iface.c:383  UCX  DEBUG iface 0x55555688f980: adding gid fe80:: to hash on device mlx5_10 port 1 index 7)
[1756857426.553855] [eos0005:202398:0]         ib_mlx5.c:1083 UCX  DEBUG SL=0 (AR support - no) was selected on mlx5_10:1, SLs with AR support = { 1, 2, 3, 4, 5, 6, 7, 8, 9, 10, 11, 12, 13, 14, 15 }, SLs without AR support = { 0 }
[1756857426.553868] [eos0005:202398:0]     timer_wheel.c:41   UCX  DEBUG high res timer created log=23 resolution=4215.169087 usec wanted: 2500.000000 usec
[1756857426.553871] [eos0005:202398:0]           async.c:248  UCX  DEBUG added async handler 0x55555946f010 [id=161 ref 1] uct_ud_mlx5_iface_async_handler() to hash
[1756857426.553876] [eos0005:202398:0]           async.c:522  UCX  DEBUG listening to async event fd 161 events 0x5 mode thread_spinlock
[1756857426.553885] [eos0005:202398:0]      ucp_worker.c:1436 UCX  DEBUG created interface[53]=0x55555688f980 using ud_mlx5/mlx5_10:1 on worker 0x55555696d380
[1756857426.554014] [eos0005:202398:0]        ib_iface.c:1078 UCX  DEBUG using pkey[0] 0xffff on mlx5_11:1/IB
[1756857426.554839] [eos0005:202398:0]        ib_iface.c:1666 UCX  DEBUG created uct_ib_iface_t headroom_ofs 12 payload_ofs 92 hdr_ofs 91 data_sz 8256
[1756857426.554851] [eos0005:202398:0]           mpool.c:138  UCX  DEBUG mpool rc_recv_desc: align 64, maxelems 4294967295, elemsize 8355
[1756857426.554852] [eos0005:202398:0]           mpool.c:138  UCX  DEBUG mpool rc_send_desc: align 64, maxelems 4294967295, elemsize 8320
[1756857426.554914] [eos0005:202398:0]           mpool.c:138  UCX  DEBUG mpool send-ops-mpool: align 64, maxelems 4294967295, elemsize 48
[1756857426.555200] [eos0005:202398:0]           mpool.c:138  UCX  DEBUG mpool pending-ops: align 1, maxelems 4294967295, elemsize 64
[1756857426.555212] [eos0005:202398:0]           mpool.c:138  UCX  DEBUG mpool rc_verbs_short_desc: align 64, maxelems 4294967295, elemsize 192
[1756857426.555454] [eos0005:202398:0]        ib_iface.c:1203 UCX  DEBUG mlx5_11: iface 0x555559494020 created RC QP 0x6e9 on mlx5_11:1 TX wr:409 sge:5 inl:124 resp:64 RX wr:0 sge:0 resp:64
[1756857426.555803] [eos0005:202398:0]      ucp_worker.c:1436 UCX  DEBUG created interface[54]=0x555559494020 using rc_verbs/mlx5_11:1 on worker 0x55555696d380
[1756857426.555896] [eos0005:202398:0]        ib_iface.c:1078 UCX  DEBUG using pkey[0] 0xffff on mlx5_11:1/IB
[1756857426.556548] [eos0005:202398:0]        ib_iface.c:1666 UCX  DEBUG created uct_ib_iface_t headroom_ofs 12 payload_ofs 92 hdr_ofs 44 data_sz 4136
[1756857426.556935] [eos0005:202398:0]        ib_iface.c:1203 UCX  DEBUG mlx5_11: iface 0x55555906e130 created UD QP 0x1b52 on mlx5_11:1 TX wr:341 sge:6 inl:124 resp:0 RX wr:4096 sge:1 resp:0
[1756857426.557191] [eos0005:202398:0]           mpool.c:138  UCX  DEBUG mpool ud_recv_skb: align 64, maxelems 4294967295, elemsize 4188
[1756857426.557344] [eos0005:202398:0]           mpool.c:282  UCX  DEBUG mpool ud_recv_skb: allocated chunk 0x7fffc8f7b018 of 544744 bytes with 128 elements
[1756857426.557350] [eos0005:202398:0]           mpool.c:138  UCX  DEBUG mpool ud_tx_skb: align 64, maxelems 4294967295, elemsize 4208
[1756857426.557366] [eos0005:202398:0]        ud_iface.c:383  UCX  DEBUG iface 0x55555906e130: adding gid fe80::946d:ae03:5a:49c to hash on device mlx5_11 port 1 index 0)
[1756857426.557382] [eos0005:202398:0]        ud_iface.c:383  UCX  DEBUG iface 0x55555906e130: adding gid fe80:: to hash on device mlx5_11 port 1 index 1)
[1756857426.557400] [eos0005:202398:0]        ud_iface.c:383  UCX  DEBUG iface 0x55555906e130: adding gid fe80:: to hash on device mlx5_11 port 1 index 2)
[1756857426.557410] [eos0005:202398:0]        ud_iface.c:383  UCX  DEBUG iface 0x55555906e130: adding gid fe80:: to hash on device mlx5_11 port 1 index 3)
[1756857426.557415] [eos0005:202398:0]        ud_iface.c:383  UCX  DEBUG iface 0x55555906e130: adding gid fe80:: to hash on device mlx5_11 port 1 index 4)
[1756857426.557419] [eos0005:202398:0]        ud_iface.c:383  UCX  DEBUG iface 0x55555906e130: adding gid fe80:: to hash on device mlx5_11 port 1 index 5)
[1756857426.557424] [eos0005:202398:0]        ud_iface.c:383  UCX  DEBUG iface 0x55555906e130: adding gid fe80:: to hash on device mlx5_11 port 1 index 6)
[1756857426.557429] [eos0005:202398:0]        ud_iface.c:383  UCX  DEBUG iface 0x55555906e130: adding gid fe80:: to hash on device mlx5_11 port 1 index 7)
[1756857426.557500] [eos0005:202398:0]     timer_wheel.c:41   UCX  DEBUG high res timer created log=23 resolution=4215.169087 usec wanted: 2500.000000 usec
[1756857426.557502] [eos0005:202398:0]           async.c:248  UCX  DEBUG added async handler 0x55555951f010 [id=163 ref 1] uct_ud_verbs_iface_async_handler() to hash
[1756857426.557507] [eos0005:202398:0]           async.c:522  UCX  DEBUG listening to async event fd 163 events 0x5 mode thread_spinlock
[1756857426.557516] [eos0005:202398:0]      ucp_worker.c:1436 UCX  DEBUG created interface[55]=0x55555906e130 using ud_verbs/mlx5_11:1 on worker 0x55555696d380
[1756857426.557662] [eos0005:202398:0]        ib_iface.c:1078 UCX  DEBUG using pkey[0] 0xffff on mlx5_11:1/IB
[1756857426.557883] [eos0005:202398:0]           mpool.c:282  UCX  DEBUG mpool devx dbrec: allocated chunk 0x5555596ad010 of 8176 bytes with 127 elements
[1756857426.560504] [eos0005:202398:0]        ib_iface.c:1666 UCX  DEBUG created uct_ib_iface_t headroom_ofs 12 payload_ofs 92 hdr_ofs 90 data_sz 8256
[1756857426.560509] [eos0005:202398:0]           mpool.c:138  UCX  DEBUG mpool rc_recv_desc: align 64, maxelems 4294967295, elemsize 8354
[1756857426.560510] [eos0005:202398:0]           mpool.c:138  UCX  DEBUG mpool rc_send_desc: align 64, maxelems 4294967295, elemsize 8320
[1756857426.561018] [eos0005:202398:0]           mpool.c:138  UCX  DEBUG mpool send-ops-mpool: align 64, maxelems 4294967295, elemsize 48
[1756857426.561368] [eos0005:202398:0]           mpool.c:138  UCX  DEBUG mpool pending-ops: align 1, maxelems 4294967295, elemsize 112
[1756857426.561457] [eos0005:202398:0]         ib_mlx5.c:1083 UCX  DEBUG SL=0 (AR support - no) was selected on mlx5_11:1, SLs with AR support = { 1, 2, 3, 4, 5, 6, 7, 8, 9, 10, 11, 12, 13, 14, 15 }, SLs without AR support = { 0 }
[1756857426.562105] [eos0005:202398:0]           mpool.c:138  UCX  DEBUG mpool mlx5_dm_desc: align 64, maxelems 1, elemsize 64
[1756857426.562107] [eos0005:202398:0]           mpool.c:138  UCX  DEBUG mpool rc_mlx5_atomic_desc: align 64, maxelems 4294967295, elemsize 72
[1756857426.562111] [eos0005:202398:0]           async.c:248  UCX  DEBUG added async handler 0x5555593dd010 [id=165 ref 1] uct_rc_mlx5_devx_iface_event_handler() to hash
[1756857426.562117] [eos0005:202398:0]           async.c:522  UCX  DEBUG listening to async event fd 165 events 0x1 mode thread_spinlock
[1756857426.563121] [eos0005:202398:0]    ib_mlx5dv_md.c:2616 UCX  DEBUG counter_set_id on mlx5_11:1 is 0x1
[1756857426.563692] [eos0005:202398:0]         dc_mlx5.c:407  UCX  DEBUG created DevX DCI 0x6ef, rdma_wr_disabled=0
[1756857426.564001] [eos0005:202398:0]         dc_mlx5.c:1729 UCX  DEBUG dc iface 0x555559600050: using 'dcs_quota' policy with 32 dcis and 32768 cqes, dct 0x1b58
[1756857426.564002] [eos0005:202398:0]         dc_mlx5.c:822  UCX  DEBUG creating dci pool 0 with 32 QPs
[1756857426.564003] [eos0005:202398:0]         dc_mlx5.c:805  UCX  DEBUG dci pool config: (path_index=0, max_rd_atomic=64)
[1756857426.570515] [eos0005:202398:0]           mpool.c:282  UCX  DEBUG mpool rc_recv_desc: allocated chunk 0x7ffd80c00018 of 39845864 bytes with 4752 elements
[1756857426.570637] [eos0005:202398:0]         dc_mlx5.c:1749 UCX  DEBUG created dc iface 0x555559600050
[1756857426.570650] [eos0005:202398:0]      ucp_worker.c:1436 UCX  DEBUG created interface[56]=0x555559600050 using dc_mlx5/mlx5_11:1 on worker 0x55555696d380
[1756857426.570798] [eos0005:202398:0]        ib_iface.c:1078 UCX  DEBUG using pkey[0] 0xffff on mlx5_11:1/IB
[1756857426.571826] [eos0005:202398:0]        ib_iface.c:1666 UCX  DEBUG created uct_ib_iface_t headroom_ofs 12 payload_ofs 92 hdr_ofs 90 data_sz 8256
[1756857426.571831] [eos0005:202398:0]           mpool.c:138  UCX  DEBUG mpool rc_recv_desc: align 64, maxelems 4294967295, elemsize 8354
[1756857426.571833] [eos0005:202398:0]           mpool.c:138  UCX  DEBUG mpool rc_send_desc: align 64, maxelems 4294967295, elemsize 8320
[1756857426.571895] [eos0005:202398:0]           mpool.c:138  UCX  DEBUG mpool send-ops-mpool: align 64, maxelems 4294967295, elemsize 48
[1756857426.572234] [eos0005:202398:0]           mpool.c:138  UCX  DEBUG mpool pending-ops: align 1, maxelems 4294967295, elemsize 64
[1756857426.572321] [eos0005:202398:0]         ib_mlx5.c:1083 UCX  DEBUG SL=0 (AR support - no) was selected on mlx5_11:1, SLs with AR support = { 1, 2, 3, 4, 5, 6, 7, 8, 9, 10, 11, 12, 13, 14, 15 }, SLs without AR support = { 0 }
[1756857426.572323] [eos0005:202398:0]           mpool.c:138  UCX  DEBUG mpool rc_mlx5_atomic_desc: align 64, maxelems 4294967295, elemsize 72
[1756857426.572327] [eos0005:202398:0]           async.c:248  UCX  DEBUG added async handler 0x555559895010 [id=168 ref 1] uct_rc_mlx5_devx_iface_event_handler() to hash
[1756857426.572332] [eos0005:202398:0]           async.c:522  UCX  DEBUG listening to async event fd 168 events 0x1 mode thread_spinlock
[1756857426.572345] [eos0005:202398:0]      ucp_worker.c:1436 UCX  DEBUG created interface[57]=0x5555598a7060 using rc_mlx5/mlx5_11:1 on worker 0x55555696d380
[1756857426.573323] [eos0005:202398:0]        ib_iface.c:1078 UCX  DEBUG using pkey[0] 0xffff on mlx5_11:1/IB
[1756857426.573978] [eos0005:202398:0]        ib_iface.c:1666 UCX  DEBUG created uct_ib_iface_t headroom_ofs 12 payload_ofs 92 hdr_ofs 44 data_sz 4136
[1756857426.574311] [eos0005:202398:0]        ib_iface.c:1203 UCX  DEBUG mlx5_11: iface 0x55555960a0f0 created UD QP 0x1b64 on mlx5_11:1 TX wr:256 sge:2 inl:60 resp:0 RX wr:4096 sge:1 resp:0
[1756857426.574322] [eos0005:202398:0]         ib_mlx5.c:776  UCX  DEBUG tx wq 32768 bytes [bb=64, nwqe=512] mmio_mode bf_post_mt
[1756857426.574580] [eos0005:202398:0]           mpool.c:138  UCX  DEBUG mpool ud_recv_skb: align 64, maxelems 4294967295, elemsize 4188
[1756857426.574745] [eos0005:202398:0]           mpool.c:282  UCX  DEBUG mpool ud_recv_skb: allocated chunk 0x7fffc8ef6018 of 544744 bytes with 128 elements
[1756857426.574747] [eos0005:202398:0]           mpool.c:138  UCX  DEBUG mpool ud_tx_skb: align 64, maxelems 4294967295, elemsize 4208
[1756857426.574758] [eos0005:202398:0]        ud_iface.c:383  UCX  DEBUG iface 0x55555960a0f0: adding gid fe80::946d:ae03:5a:49c to hash on device mlx5_11 port 1 index 0)
[1756857426.574764] [eos0005:202398:0]        ud_iface.c:383  UCX  DEBUG iface 0x55555960a0f0: adding gid fe80:: to hash on device mlx5_11 port 1 index 1)
[1756857426.574780] [eos0005:202398:0]        ud_iface.c:383  UCX  DEBUG iface 0x55555960a0f0: adding gid fe80:: to hash on device mlx5_11 port 1 index 2)
[1756857426.574793] [eos0005:202398:0]        ud_iface.c:383  UCX  DEBUG iface 0x55555960a0f0: adding gid fe80:: to hash on device mlx5_11 port 1 index 3)
[1756857426.574803] [eos0005:202398:0]        ud_iface.c:383  UCX  DEBUG iface 0x55555960a0f0: adding gid fe80:: to hash on device mlx5_11 port 1 index 4)
[1756857426.574809] [eos0005:202398:0]        ud_iface.c:383  UCX  DEBUG iface 0x55555960a0f0: adding gid fe80:: to hash on device mlx5_11 port 1 index 5)
[1756857426.574814] [eos0005:202398:0]        ud_iface.c:383  UCX  DEBUG iface 0x55555960a0f0: adding gid fe80:: to hash on device mlx5_11 port 1 index 6)
[1756857426.574824] [eos0005:202398:0]        ud_iface.c:383  UCX  DEBUG iface 0x55555960a0f0: adding gid fe80:: to hash on device mlx5_11 port 1 index 7)
[1756857426.574910] [eos0005:202398:0]         ib_mlx5.c:1083 UCX  DEBUG SL=0 (AR support - no) was selected on mlx5_11:1, SLs with AR support = { 1, 2, 3, 4, 5, 6, 7, 8, 9, 10, 11, 12, 13, 14, 15 }, SLs without AR support = { 0 }
[1756857426.574920] [eos0005:202398:0]     timer_wheel.c:41   UCX  DEBUG high res timer created log=23 resolution=4215.169087 usec wanted: 2500.000000 usec
[1756857426.574922] [eos0005:202398:0]           async.c:248  UCX  DEBUG added async handler 0x555559a00010 [id=170 ref 1] uct_ud_mlx5_iface_async_handler() to hash
[1756857426.574926] [eos0005:202398:0]           async.c:522  UCX  DEBUG listening to async event fd 170 events 0x5 mode thread_spinlock
[1756857426.574937] [eos0005:202398:0]      ucp_worker.c:1436 UCX  DEBUG created interface[58]=0x55555960a0f0 using ud_mlx5/mlx5_11:1 on worker 0x55555696d380
[1756857426.574961] [eos0005:202398:0]           mpool.c:138  UCX  DEBUG mpool uct_scopy_iface_tx_mp: align 64, maxelems 4294967295, elemsize 736
[1756857426.574966] [eos0005:202398:0]      ucp_worker.c:1436 UCX  DEBUG created interface[59]=0x5555589d0900 using cma/memory on worker 0x55555696d380
[1756857426.574970] [eos0005:202398:0]      ucp_worker.c:1153 UCX  DEBUG selected scalable tl bitmap: 0xfffffffffffffff 0x0 (60 tls)
[1756857426.590917] [eos0005:202398:0]           async.c:248  UCX  DEBUG added async handler 0x5555569a1250 [id=69 ref 1] ucp_worker_iface_async_fd_event() to hash
[1756857426.590925] [eos0005:202398:0]           async.c:522  UCX  DEBUG listening to async event fd 69 events 0x0 mode thread_spinlock
[1756857426.591002] [eos0005:202398:0]         tcp_net.c:61   UCX  DEBUG speed of bmc-redfish0 is UNKNOWN, assuming 100 Mbps
[1756857426.591304] [eos0005:202398:0]            topo.c:895  UCX  DEBUG /sys/class/net/bmc-redfish0/lower_enx1a5307973073: sysfs path undetected
[1756857426.591305] [eos0005:202398:0]            topo.c:848  UCX  DEBUG bmc-redfish0: pci bandwidth undetected, using maximal value
[1756857426.591457] [eos0005:202398:0]         tcp_net.c:61   UCX  DEBUG speed of bmc-redfish0 is UNKNOWN, assuming 100 Mbps
[1756857426.591664] [eos0005:202398:0]            topo.c:895  UCX  DEBUG /sys/class/net/bmc-redfish0/lower_enx1a5307973073: sysfs path undetected
[1756857426.591665] [eos0005:202398:0]            topo.c:848  UCX  DEBUG bmc-redfish0: pci bandwidth undetected, using maximal value
[1756857426.591708] [eos0005:202398:0]         tcp_net.c:61   UCX  DEBUG speed of bmc-redfish0 is UNKNOWN, assuming 100 Mbps
[1756857426.591900] [eos0005:202398:0]            topo.c:895  UCX  DEBUG /sys/class/net/bmc-redfish0/lower_enx1a5307973073: sysfs path undetected
[1756857426.591900] [eos0005:202398:0]            topo.c:848  UCX  DEBUG bmc-redfish0: pci bandwidth undetected, using maximal value
[1756857426.591919] [eos0005:202398:0]         tcp_net.c:61   UCX  DEBUG speed of bmc-redfish0 is UNKNOWN, assuming 100 Mbps
[1756857426.591994] [eos0005:202398:0]            topo.c:895  UCX  DEBUG /sys/class/net/bmc-redfish0/lower_enx1a5307973073: sysfs path undetected
[1756857426.591995] [eos0005:202398:0]            topo.c:848  UCX  DEBUG bmc-redfish0: pci bandwidth undetected, using maximal value
[1756857426.592075] [eos0005:202398:0]         tcp_net.c:61   UCX  DEBUG speed of bmc-redfish0 is UNKNOWN, assuming 100 Mbps
[1756857426.592198] [eos0005:202398:0]            topo.c:895  UCX  DEBUG /sys/class/net/bmc-redfish0/lower_enx1a5307973073: sysfs path undetected
[1756857426.592199] [eos0005:202398:0]            topo.c:848  UCX  DEBUG bmc-redfish0: pci bandwidth undetected, using maximal value
[1756857426.592235] [eos0005:202398:0]         tcp_net.c:61   UCX  DEBUG speed of bmc-redfish0 is UNKNOWN, assuming 100 Mbps
[1756857426.592417] [eos0005:202398:0]            topo.c:895  UCX  DEBUG /sys/class/net/bmc-redfish0/lower_enx1a5307973073: sysfs path undetected
[1756857426.592417] [eos0005:202398:0]            topo.c:848  UCX  DEBUG bmc-redfish0: pci bandwidth undetected, using maximal value
[1756857426.592435] [eos0005:202398:0]         tcp_net.c:61   UCX  DEBUG speed of bmc-redfish0 is UNKNOWN, assuming 100 Mbps
[1756857426.592587] [eos0005:202398:0]            topo.c:895  UCX  DEBUG /sys/class/net/bmc-redfish0/lower_enx1a5307973073: sysfs path undetected
[1756857426.592588] [eos0005:202398:0]            topo.c:848  UCX  DEBUG bmc-redfish0: pci bandwidth undetected, using maximal value
[1756857426.592626] [eos0005:202398:0]         tcp_net.c:61   UCX  DEBUG speed of bmc-redfish0 is UNKNOWN, assuming 100 Mbps
[1756857426.592839] [eos0005:202398:0]            topo.c:895  UCX  DEBUG /sys/class/net/bmc-redfish0/lower_enx1a5307973073: sysfs path undetected
[1756857426.592840] [eos0005:202398:0]            topo.c:848  UCX  DEBUG bmc-redfish0: pci bandwidth undetected, using maximal value
[1756857426.592924] [eos0005:202398:0]         tcp_net.c:61   UCX  DEBUG speed of bmc-redfish0 is UNKNOWN, assuming 100 Mbps
[1756857426.593107] [eos0005:202398:0]            topo.c:895  UCX  DEBUG /sys/class/net/bmc-redfish0/lower_enx1a5307973073: sysfs path undetected
[1756857426.593108] [eos0005:202398:0]            topo.c:848  UCX  DEBUG bmc-redfish0: pci bandwidth undetected, using maximal value
[1756857426.593128] [eos0005:202398:0]         tcp_net.c:61   UCX  DEBUG speed of bmc-redfish0 is UNKNOWN, assuming 100 Mbps
[1756857426.593196] [eos0005:202398:0]            topo.c:895  UCX  DEBUG /sys/class/net/bmc-redfish0/lower_enx1a5307973073: sysfs path undetected
[1756857426.593197] [eos0005:202398:0]            topo.c:848  UCX  DEBUG bmc-redfish0: pci bandwidth undetected, using maximal value
[1756857426.593267] [eos0005:202398:0]         tcp_net.c:61   UCX  DEBUG speed of bmc-redfish0 is UNKNOWN, assuming 100 Mbps
[1756857426.593431] [eos0005:202398:0]            topo.c:895  UCX  DEBUG /sys/class/net/bmc-redfish0/lower_enx1a5307973073: sysfs path undetected
[1756857426.593432] [eos0005:202398:0]            topo.c:848  UCX  DEBUG bmc-redfish0: pci bandwidth undetected, using maximal value
[1756857426.593450] [eos0005:202398:0]         tcp_net.c:61   UCX  DEBUG speed of bmc-redfish0 is UNKNOWN, assuming 100 Mbps
[1756857426.593654] [eos0005:202398:0]            topo.c:895  UCX  DEBUG /sys/class/net/bmc-redfish0/lower_enx1a5307973073: sysfs path undetected
[1756857426.593664] [eos0005:202398:0]            topo.c:848  UCX  DEBUG bmc-redfish0: pci bandwidth undetected, using maximal value
[1756857426.593683] [eos0005:202398:0]         tcp_net.c:61   UCX  DEBUG speed of bmc-redfish0 is UNKNOWN, assuming 100 Mbps
[1756857426.593806] [eos0005:202398:0]            topo.c:895  UCX  DEBUG /sys/class/net/bmc-redfish0/lower_enx1a5307973073: sysfs path undetected
[1756857426.593807] [eos0005:202398:0]            topo.c:848  UCX  DEBUG bmc-redfish0: pci bandwidth undetected, using maximal value
[1756857426.593832] [eos0005:202398:0]           async.c:248  UCX  DEBUG added async handler 0x555559276010 [id=71 ref 1] ucp_worker_iface_async_fd_event() to hash
[1756857426.593836] [eos0005:202398:0]           async.c:522  UCX  DEBUG listening to async event fd 71 events 0x0 mode thread_spinlock
[1756857426.594332] [eos0005:202398:0]            topo.c:899  UCX  DEBUG /sys/class/net/eth3: PF sysfs path is '/sys/devices/pci0000:80/0000:80:05.0/0000:82:00.1'
[1756857426.594764] [eos0005:202398:0]            topo.c:899  UCX  DEBUG /sys/class/net/eth3: PF sysfs path is '/sys/devices/pci0000:80/0000:80:05.0/0000:82:00.1'
[1756857426.595039] [eos0005:202398:0]            topo.c:899  UCX  DEBUG /sys/class/net/eth3: PF sysfs path is '/sys/devices/pci0000:80/0000:80:05.0/0000:82:00.1'
[1756857426.595725] [eos0005:202398:0]            topo.c:899  UCX  DEBUG /sys/class/net/eth3: PF sysfs path is '/sys/devices/pci0000:80/0000:80:05.0/0000:82:00.1'
[1756857426.596175] [eos0005:202398:0]            topo.c:899  UCX  DEBUG /sys/class/net/eth3: PF sysfs path is '/sys/devices/pci0000:80/0000:80:05.0/0000:82:00.1'
[1756857426.596922] [eos0005:202398:0]            topo.c:899  UCX  DEBUG /sys/class/net/eth3: PF sysfs path is '/sys/devices/pci0000:80/0000:80:05.0/0000:82:00.1'
[1756857426.597629] [eos0005:202398:0]            topo.c:899  UCX  DEBUG /sys/class/net/eth3: PF sysfs path is '/sys/devices/pci0000:80/0000:80:05.0/0000:82:00.1'
[1756857426.598080] [eos0005:202398:0]            topo.c:899  UCX  DEBUG /sys/class/net/eth3: PF sysfs path is '/sys/devices/pci0000:80/0000:80:05.0/0000:82:00.1'
[1756857426.599123] [eos0005:202398:0]            topo.c:899  UCX  DEBUG /sys/class/net/eth3: PF sysfs path is '/sys/devices/pci0000:80/0000:80:05.0/0000:82:00.1'
[1756857426.599830] [eos0005:202398:0]            topo.c:899  UCX  DEBUG /sys/class/net/eth3: PF sysfs path is '/sys/devices/pci0000:80/0000:80:05.0/0000:82:00.1'
[1756857426.600276] [eos0005:202398:0]            topo.c:899  UCX  DEBUG /sys/class/net/eth3: PF sysfs path is '/sys/devices/pci0000:80/0000:80:05.0/0000:82:00.1'
[1756857426.600897] [eos0005:202398:0]            topo.c:899  UCX  DEBUG /sys/class/net/eth3: PF sysfs path is '/sys/devices/pci0000:80/0000:80:05.0/0000:82:00.1'
[1756857426.601543] [eos0005:202398:0]            topo.c:899  UCX  DEBUG /sys/class/net/eth3: PF sysfs path is '/sys/devices/pci0000:80/0000:80:05.0/0000:82:00.1'
[1756857426.601561] [eos0005:202398:0]           async.c:248  UCX  DEBUG added async handler 0x555556a7dc00 [id=73 ref 1] ucp_worker_iface_async_fd_event() to hash
[1756857426.601564] [eos0005:202398:0]           async.c:522  UCX  DEBUG listening to async event fd 73 events 0x0 mode thread_spinlock
[1756857426.602050] [eos0005:202398:0]            topo.c:899  UCX  DEBUG /sys/class/net/ibp154s0: PF sysfs path is '/sys/devices/pci0000:97/0000:97:01.0/0000:98:00.0/0000:99:00.0/0000:9a:00.0'
[1756857426.602346] [eos0005:202398:0]            topo.c:899  UCX  DEBUG /sys/class/net/ibp154s0: PF sysfs path is '/sys/devices/pci0000:97/0000:97:01.0/0000:98:00.0/0000:99:00.0/0000:9a:00.0'
[1756857426.602612] [eos0005:202398:0]            topo.c:899  UCX  DEBUG /sys/class/net/ibp154s0: PF sysfs path is '/sys/devices/pci0000:97/0000:97:01.0/0000:98:00.0/0000:99:00.0/0000:9a:00.0'
[1756857426.603109] [eos0005:202398:0]            topo.c:899  UCX  DEBUG /sys/class/net/ibp154s0: PF sysfs path is '/sys/devices/pci0000:97/0000:97:01.0/0000:98:00.0/0000:99:00.0/0000:9a:00.0'
[1756857426.603472] [eos0005:202398:0]            topo.c:899  UCX  DEBUG /sys/class/net/ibp154s0: PF sysfs path is '/sys/devices/pci0000:97/0000:97:01.0/0000:98:00.0/0000:99:00.0/0000:9a:00.0'
[1756857426.603768] [eos0005:202398:0]            topo.c:899  UCX  DEBUG /sys/class/net/ibp154s0: PF sysfs path is '/sys/devices/pci0000:97/0000:97:01.0/0000:98:00.0/0000:99:00.0/0000:9a:00.0'
[1756857426.604013] [eos0005:202398:0]            topo.c:899  UCX  DEBUG /sys/class/net/ibp154s0: PF sysfs path is '/sys/devices/pci0000:97/0000:97:01.0/0000:98:00.0/0000:99:00.0/0000:9a:00.0'
[1756857426.604216] [eos0005:202398:0]            topo.c:899  UCX  DEBUG /sys/class/net/ibp154s0: PF sysfs path is '/sys/devices/pci0000:97/0000:97:01.0/0000:98:00.0/0000:99:00.0/0000:9a:00.0'
[1756857426.604412] [eos0005:202398:0]            topo.c:899  UCX  DEBUG /sys/class/net/ibp154s0: PF sysfs path is '/sys/devices/pci0000:97/0000:97:01.0/0000:98:00.0/0000:99:00.0/0000:9a:00.0'
[1756857426.604615] [eos0005:202398:0]            topo.c:899  UCX  DEBUG /sys/class/net/ibp154s0: PF sysfs path is '/sys/devices/pci0000:97/0000:97:01.0/0000:98:00.0/0000:99:00.0/0000:9a:00.0'
[1756857426.604819] [eos0005:202398:0]            topo.c:899  UCX  DEBUG /sys/class/net/ibp154s0: PF sysfs path is '/sys/devices/pci0000:97/0000:97:01.0/0000:98:00.0/0000:99:00.0/0000:9a:00.0'
[1756857426.605295] [eos0005:202398:0]            topo.c:899  UCX  DEBUG /sys/class/net/ibp154s0: PF sysfs path is '/sys/devices/pci0000:97/0000:97:01.0/0000:98:00.0/0000:99:00.0/0000:9a:00.0'
[1756857426.605763] [eos0005:202398:0]            topo.c:899  UCX  DEBUG /sys/class/net/ibp154s0: PF sysfs path is '/sys/devices/pci0000:97/0000:97:01.0/0000:98:00.0/0000:99:00.0/0000:9a:00.0'
[1756857426.605801] [eos0005:202398:0]           async.c:248  UCX  DEBUG added async handler 0x555558190010 [id=75 ref 1] ucp_worker_iface_async_fd_event() to hash
[1756857426.605804] [eos0005:202398:0]           async.c:522  UCX  DEBUG listening to async event fd 75 events 0x0 mode thread_spinlock
[1756857426.606119] [eos0005:202398:0]            topo.c:899  UCX  DEBUG /sys/class/net/ibp170s0f0: PF sysfs path is '/sys/devices/pci0000:a5/0000:a5:01.0/0000:a6:00.0/0000:a7:00.0/0000:a8:00.0/0000:a9:00.0/0000:aa:00.0'
[1756857426.606643] [eos0005:202398:0]            topo.c:899  UCX  DEBUG /sys/class/net/ibp170s0f0: PF sysfs path is '/sys/devices/pci0000:a5/0000:a5:01.0/0000:a6:00.0/0000:a7:00.0/0000:a8:00.0/0000:a9:00.0/0000:aa:00.0'
[1756857426.607125] [eos0005:202398:0]            topo.c:899  UCX  DEBUG /sys/class/net/ibp170s0f0: PF sysfs path is '/sys/devices/pci0000:a5/0000:a5:01.0/0000:a6:00.0/0000:a7:00.0/0000:a8:00.0/0000:a9:00.0/0000:aa:00.0'
[1756857426.607610] [eos0005:202398:0]            topo.c:899  UCX  DEBUG /sys/class/net/ibp170s0f0: PF sysfs path is '/sys/devices/pci0000:a5/0000:a5:01.0/0000:a6:00.0/0000:a7:00.0/0000:a8:00.0/0000:a9:00.0/0000:aa:00.0'
[1756857426.607941] [eos0005:202398:0]            topo.c:899  UCX  DEBUG /sys/class/net/ibp170s0f0: PF sysfs path is '/sys/devices/pci0000:a5/0000:a5:01.0/0000:a6:00.0/0000:a7:00.0/0000:a8:00.0/0000:a9:00.0/0000:aa:00.0'
[1756857426.608407] [eos0005:202398:0]            topo.c:899  UCX  DEBUG /sys/class/net/ibp170s0f0: PF sysfs path is '/sys/devices/pci0000:a5/0000:a5:01.0/0000:a6:00.0/0000:a7:00.0/0000:a8:00.0/0000:a9:00.0/0000:aa:00.0'
[1756857426.608738] [eos0005:202398:0]            topo.c:899  UCX  DEBUG /sys/class/net/ibp170s0f0: PF sysfs path is '/sys/devices/pci0000:a5/0000:a5:01.0/0000:a6:00.0/0000:a7:00.0/0000:a8:00.0/0000:a9:00.0/0000:aa:00.0'
[1756857426.609306] [eos0005:202398:0]            topo.c:899  UCX  DEBUG /sys/class/net/ibp170s0f0: PF sysfs path is '/sys/devices/pci0000:a5/0000:a5:01.0/0000:a6:00.0/0000:a7:00.0/0000:a8:00.0/0000:a9:00.0/0000:aa:00.0'
[1756857426.609452] [eos0005:202398:0]            topo.c:899  UCX  DEBUG /sys/class/net/ibp170s0f0: PF sysfs path is '/sys/devices/pci0000:a5/0000:a5:01.0/0000:a6:00.0/0000:a7:00.0/0000:a8:00.0/0000:a9:00.0/0000:aa:00.0'
[1756857426.609707] [eos0005:202398:0]            topo.c:899  UCX  DEBUG /sys/class/net/ibp170s0f0: PF sysfs path is '/sys/devices/pci0000:a5/0000:a5:01.0/0000:a6:00.0/0000:a7:00.0/0000:a8:00.0/0000:a9:00.0/0000:aa:00.0'
[1756857426.609841] [eos0005:202398:0]            topo.c:899  UCX  DEBUG /sys/class/net/ibp170s0f0: PF sysfs path is '/sys/devices/pci0000:a5/0000:a5:01.0/0000:a6:00.0/0000:a7:00.0/0000:a8:00.0/0000:a9:00.0/0000:aa:00.0'
[1756857426.609996] [eos0005:202398:0]            topo.c:899  UCX  DEBUG /sys/class/net/ibp170s0f0: PF sysfs path is '/sys/devices/pci0000:a5/0000:a5:01.0/0000:a6:00.0/0000:a7:00.0/0000:a8:00.0/0000:a9:00.0/0000:aa:00.0'
[1756857426.610249] [eos0005:202398:0]            topo.c:899  UCX  DEBUG /sys/class/net/ibp170s0f0: PF sysfs path is '/sys/devices/pci0000:a5/0000:a5:01.0/0000:a6:00.0/0000:a7:00.0/0000:a8:00.0/0000:a9:00.0/0000:aa:00.0'
[1756857426.610284] [eos0005:202398:0]           async.c:248  UCX  DEBUG added async handler 0x55555739def0 [id=77 ref 1] ucp_worker_iface_async_fd_event() to hash
[1756857426.610288] [eos0005:202398:0]           async.c:522  UCX  DEBUG listening to async event fd 77 events 0x0 mode thread_spinlock
[1756857426.610549] [eos0005:202398:0]            topo.c:899  UCX  DEBUG /sys/class/net/ibp192s0: PF sysfs path is '/sys/devices/pci0000:bd/0000:bd:01.0/0000:be:00.0/0000:bf:00.0/0000:c0:00.0'
[1756857426.610906] [eos0005:202398:0]            topo.c:899  UCX  DEBUG /sys/class/net/ibp192s0: PF sysfs path is '/sys/devices/pci0000:bd/0000:bd:01.0/0000:be:00.0/0000:bf:00.0/0000:c0:00.0'
[1756857426.611190] [eos0005:202398:0]            topo.c:899  UCX  DEBUG /sys/class/net/ibp192s0: PF sysfs path is '/sys/devices/pci0000:bd/0000:bd:01.0/0000:be:00.0/0000:bf:00.0/0000:c0:00.0'
[1756857426.611329] [eos0005:202398:0]            topo.c:899  UCX  DEBUG /sys/class/net/ibp192s0: PF sysfs path is '/sys/devices/pci0000:bd/0000:bd:01.0/0000:be:00.0/0000:bf:00.0/0000:c0:00.0'
[1756857426.611663] [eos0005:202398:0]            topo.c:899  UCX  DEBUG /sys/class/net/ibp192s0: PF sysfs path is '/sys/devices/pci0000:bd/0000:bd:01.0/0000:be:00.0/0000:bf:00.0/0000:c0:00.0'
[1756857426.611958] [eos0005:202398:0]            topo.c:899  UCX  DEBUG /sys/class/net/ibp192s0: PF sysfs path is '/sys/devices/pci0000:bd/0000:bd:01.0/0000:be:00.0/0000:bf:00.0/0000:c0:00.0'
[1756857426.612347] [eos0005:202398:0]            topo.c:899  UCX  DEBUG /sys/class/net/ibp192s0: PF sysfs path is '/sys/devices/pci0000:bd/0000:bd:01.0/0000:be:00.0/0000:bf:00.0/0000:c0:00.0'
[1756857426.612726] [eos0005:202398:0]            topo.c:899  UCX  DEBUG /sys/class/net/ibp192s0: PF sysfs path is '/sys/devices/pci0000:bd/0000:bd:01.0/0000:be:00.0/0000:bf:00.0/0000:c0:00.0'
[1756857426.612986] [eos0005:202398:0]            topo.c:899  UCX  DEBUG /sys/class/net/ibp192s0: PF sysfs path is '/sys/devices/pci0000:bd/0000:bd:01.0/0000:be:00.0/0000:bf:00.0/0000:c0:00.0'
[1756857426.613305] [eos0005:202398:0]            topo.c:899  UCX  DEBUG /sys/class/net/ibp192s0: PF sysfs path is '/sys/devices/pci0000:bd/0000:bd:01.0/0000:be:00.0/0000:bf:00.0/0000:c0:00.0'
[1756857426.613781] [eos0005:202398:0]            topo.c:899  UCX  DEBUG /sys/class/net/ibp192s0: PF sysfs path is '/sys/devices/pci0000:bd/0000:bd:01.0/0000:be:00.0/0000:bf:00.0/0000:c0:00.0'
[1756857426.614449] [eos0005:202398:0]            topo.c:899  UCX  DEBUG /sys/class/net/ibp192s0: PF sysfs path is '/sys/devices/pci0000:bd/0000:bd:01.0/0000:be:00.0/0000:bf:00.0/0000:c0:00.0'
[1756857426.615312] [eos0005:202398:0]            topo.c:899  UCX  DEBUG /sys/class/net/ibp192s0: PF sysfs path is '/sys/devices/pci0000:bd/0000:bd:01.0/0000:be:00.0/0000:bf:00.0/0000:c0:00.0'
[1756857426.615349] [eos0005:202398:0]           async.c:248  UCX  DEBUG added async handler 0x555559894fd0 [id=79 ref 1] ucp_worker_iface_async_fd_event() to hash
[1756857426.615352] [eos0005:202398:0]           async.c:522  UCX  DEBUG listening to async event fd 79 events 0x0 mode thread_spinlock
[1756857426.615751] [eos0005:202398:0]            topo.c:899  UCX  DEBUG /sys/class/net/ibp206s0: PF sysfs path is '/sys/devices/pci0000:cb/0000:cb:01.0/0000:cc:00.0/0000:cd:00.0/0000:ce:00.0'
[1756857426.616009] [eos0005:202398:0]            topo.c:899  UCX  DEBUG /sys/class/net/ibp206s0: PF sysfs path is '/sys/devices/pci0000:cb/0000:cb:01.0/0000:cc:00.0/0000:cd:00.0/0000:ce:00.0'
[1756857426.616124] [eos0005:202398:0]            topo.c:899  UCX  DEBUG /sys/class/net/ibp206s0: PF sysfs path is '/sys/devices/pci0000:cb/0000:cb:01.0/0000:cc:00.0/0000:cd:00.0/0000:ce:00.0'
[1756857426.617043] [eos0005:202398:0]            topo.c:899  UCX  DEBUG /sys/class/net/ibp206s0: PF sysfs path is '/sys/devices/pci0000:cb/0000:cb:01.0/0000:cc:00.0/0000:cd:00.0/0000:ce:00.0'
[1756857426.617166] [eos0005:202398:0]            topo.c:899  UCX  DEBUG /sys/class/net/ibp206s0: PF sysfs path is '/sys/devices/pci0000:cb/0000:cb:01.0/0000:cc:00.0/0000:cd:00.0/0000:ce:00.0'
[1756857426.617434] [eos0005:202398:0]            topo.c:899  UCX  DEBUG /sys/class/net/ibp206s0: PF sysfs path is '/sys/devices/pci0000:cb/0000:cb:01.0/0000:cc:00.0/0000:cd:00.0/0000:ce:00.0'
[1756857426.617706] [eos0005:202398:0]            topo.c:899  UCX  DEBUG /sys/class/net/ibp206s0: PF sysfs path is '/sys/devices/pci0000:cb/0000:cb:01.0/0000:cc:00.0/0000:cd:00.0/0000:ce:00.0'
[1756857426.618573] [eos0005:202398:0]            topo.c:899  UCX  DEBUG /sys/class/net/ibp206s0: PF sysfs path is '/sys/devices/pci0000:cb/0000:cb:01.0/0000:cc:00.0/0000:cd:00.0/0000:ce:00.0'
[1756857426.619679] [eos0005:202398:0]            topo.c:899  UCX  DEBUG /sys/class/net/ibp206s0: PF sysfs path is '/sys/devices/pci0000:cb/0000:cb:01.0/0000:cc:00.0/0000:cd:00.0/0000:ce:00.0'
[1756857426.619793] [eos0005:202398:0]            topo.c:899  UCX  DEBUG /sys/class/net/ibp206s0: PF sysfs path is '/sys/devices/pci0000:cb/0000:cb:01.0/0000:cc:00.0/0000:cd:00.0/0000:ce:00.0'
[1756857426.620067] [eos0005:202398:0]            topo.c:899  UCX  DEBUG /sys/class/net/ibp206s0: PF sysfs path is '/sys/devices/pci0000:cb/0000:cb:01.0/0000:cc:00.0/0000:cd:00.0/0000:ce:00.0'
[1756857426.620342] [eos0005:202398:0]            topo.c:899  UCX  DEBUG /sys/class/net/ibp206s0: PF sysfs path is '/sys/devices/pci0000:cb/0000:cb:01.0/0000:cc:00.0/0000:cd:00.0/0000:ce:00.0'
[1756857426.621260] [eos0005:202398:0]            topo.c:899  UCX  DEBUG /sys/class/net/ibp206s0: PF sysfs path is '/sys/devices/pci0000:cb/0000:cb:01.0/0000:cc:00.0/0000:cd:00.0/0000:ce:00.0'
[1756857426.621297] [eos0005:202398:0]           async.c:248  UCX  DEBUG added async handler 0x55555739df30 [id=81 ref 1] ucp_worker_iface_async_fd_event() to hash
[1756857426.621300] [eos0005:202398:0]           async.c:522  UCX  DEBUG listening to async event fd 81 events 0x0 mode thread_spinlock
[1756857426.622220] [eos0005:202398:0]            topo.c:899  UCX  DEBUG /sys/class/net/ibp220s0: PF sysfs path is '/sys/devices/pci0000:d9/0000:d9:01.0/0000:da:00.0/0000:db:00.0/0000:dc:00.0'
[1756857426.622337] [eos0005:202398:0]            topo.c:899  UCX  DEBUG /sys/class/net/ibp220s0: PF sysfs path is '/sys/devices/pci0000:d9/0000:d9:01.0/0000:da:00.0/0000:db:00.0/0000:dc:00.0'
[1756857426.622612] [eos0005:202398:0]            topo.c:899  UCX  DEBUG /sys/class/net/ibp220s0: PF sysfs path is '/sys/devices/pci0000:d9/0000:d9:01.0/0000:da:00.0/0000:db:00.0/0000:dc:00.0'
[1756857426.622885] [eos0005:202398:0]            topo.c:899  UCX  DEBUG /sys/class/net/ibp220s0: PF sysfs path is '/sys/devices/pci0000:d9/0000:d9:01.0/0000:da:00.0/0000:db:00.0/0000:dc:00.0'
[1756857426.623782] [eos0005:202398:0]            topo.c:899  UCX  DEBUG /sys/class/net/ibp220s0: PF sysfs path is '/sys/devices/pci0000:d9/0000:d9:01.0/0000:da:00.0/0000:db:00.0/0000:dc:00.0'
[1756857426.624379] [eos0005:202398:0]            topo.c:899  UCX  DEBUG /sys/class/net/ibp220s0: PF sysfs path is '/sys/devices/pci0000:d9/0000:d9:01.0/0000:da:00.0/0000:db:00.0/0000:dc:00.0'
[1756857426.624498] [eos0005:202398:0]            topo.c:899  UCX  DEBUG /sys/class/net/ibp220s0: PF sysfs path is '/sys/devices/pci0000:d9/0000:d9:01.0/0000:da:00.0/0000:db:00.0/0000:dc:00.0'
[1756857426.625239] [eos0005:202398:0]            topo.c:899  UCX  DEBUG /sys/class/net/ibp220s0: PF sysfs path is '/sys/devices/pci0000:d9/0000:d9:01.0/0000:da:00.0/0000:db:00.0/0000:dc:00.0'
[1756857426.625754] [eos0005:202398:0]            topo.c:899  UCX  DEBUG /sys/class/net/ibp220s0: PF sysfs path is '/sys/devices/pci0000:d9/0000:d9:01.0/0000:da:00.0/0000:db:00.0/0000:dc:00.0'
[1756857426.625877] [eos0005:202398:0]            topo.c:899  UCX  DEBUG /sys/class/net/ibp220s0: PF sysfs path is '/sys/devices/pci0000:d9/0000:d9:01.0/0000:da:00.0/0000:db:00.0/0000:dc:00.0'
[1756857426.625996] [eos0005:202398:0]            topo.c:899  UCX  DEBUG /sys/class/net/ibp220s0: PF sysfs path is '/sys/devices/pci0000:d9/0000:d9:01.0/0000:da:00.0/0000:db:00.0/0000:dc:00.0'
[1756857426.626506] [eos0005:202398:0]            topo.c:899  UCX  DEBUG /sys/class/net/ibp220s0: PF sysfs path is '/sys/devices/pci0000:d9/0000:d9:01.0/0000:da:00.0/0000:db:00.0/0000:dc:00.0'
[1756857426.626628] [eos0005:202398:0]            topo.c:899  UCX  DEBUG /sys/class/net/ibp220s0: PF sysfs path is '/sys/devices/pci0000:d9/0000:d9:01.0/0000:da:00.0/0000:db:00.0/0000:dc:00.0'
[1756857426.626665] [eos0005:202398:0]           async.c:248  UCX  DEBUG added async handler 0x555559eaf290 [id=83 ref 1] ucp_worker_iface_async_fd_event() to hash
[1756857426.626667] [eos0005:202398:0]           async.c:522  UCX  DEBUG listening to async event fd 83 events 0x0 mode thread_spinlock
[1756857426.626863] [eos0005:202398:0]            topo.c:899  UCX  DEBUG /sys/class/net/ibp24s0: PF sysfs path is '/sys/devices/pci0000:15/0000:15:01.0/0000:16:00.0/0000:17:00.0/0000:18:00.0'
[1756857426.626987] [eos0005:202398:0]            topo.c:899  UCX  DEBUG /sys/class/net/ibp24s0: PF sysfs path is '/sys/devices/pci0000:15/0000:15:01.0/0000:16:00.0/0000:17:00.0/0000:18:00.0'
[1756857426.627436] [eos0005:202398:0]            topo.c:899  UCX  DEBUG /sys/class/net/ibp24s0: PF sysfs path is '/sys/devices/pci0000:15/0000:15:01.0/0000:16:00.0/0000:17:00.0/0000:18:00.0'
[1756857426.627995] [eos0005:202398:0]            topo.c:899  UCX  DEBUG /sys/class/net/ibp24s0: PF sysfs path is '/sys/devices/pci0000:15/0000:15:01.0/0000:16:00.0/0000:17:00.0/0000:18:00.0'
[1756857426.628504] [eos0005:202398:0]            topo.c:899  UCX  DEBUG /sys/class/net/ibp24s0: PF sysfs path is '/sys/devices/pci0000:15/0000:15:01.0/0000:16:00.0/0000:17:00.0/0000:18:00.0'
[1756857426.629005] [eos0005:202398:0]            topo.c:899  UCX  DEBUG /sys/class/net/ibp24s0: PF sysfs path is '/sys/devices/pci0000:15/0000:15:01.0/0000:16:00.0/0000:17:00.0/0000:18:00.0'
[1756857426.629527] [eos0005:202398:0]            topo.c:899  UCX  DEBUG /sys/class/net/ibp24s0: PF sysfs path is '/sys/devices/pci0000:15/0000:15:01.0/0000:16:00.0/0000:17:00.0/0000:18:00.0'
[1756857426.629989] [eos0005:202398:0]            topo.c:899  UCX  DEBUG /sys/class/net/ibp24s0: PF sysfs path is '/sys/devices/pci0000:15/0000:15:01.0/0000:16:00.0/0000:17:00.0/0000:18:00.0'
[1756857426.630493] [eos0005:202398:0]            topo.c:899  UCX  DEBUG /sys/class/net/ibp24s0: PF sysfs path is '/sys/devices/pci0000:15/0000:15:01.0/0000:16:00.0/0000:17:00.0/0000:18:00.0'
[1756857426.630950] [eos0005:202398:0]            topo.c:899  UCX  DEBUG /sys/class/net/ibp24s0: PF sysfs path is '/sys/devices/pci0000:15/0000:15:01.0/0000:16:00.0/0000:17:00.0/0000:18:00.0'
[1756857426.631077] [eos0005:202398:0]            topo.c:899  UCX  DEBUG /sys/class/net/ibp24s0: PF sysfs path is '/sys/devices/pci0000:15/0000:15:01.0/0000:16:00.0/0000:17:00.0/0000:18:00.0'
[1756857426.631197] [eos0005:202398:0]            topo.c:899  UCX  DEBUG /sys/class/net/ibp24s0: PF sysfs path is '/sys/devices/pci0000:15/0000:15:01.0/0000:16:00.0/0000:17:00.0/0000:18:00.0'
[1756857426.631649] [eos0005:202398:0]            topo.c:899  UCX  DEBUG /sys/class/net/ibp24s0: PF sysfs path is '/sys/devices/pci0000:15/0000:15:01.0/0000:16:00.0/0000:17:00.0/0000:18:00.0'
[1756857426.631686] [eos0005:202398:0]           async.c:248  UCX  DEBUG added async handler 0x55555699f5f0 [id=85 ref 1] ucp_worker_iface_async_fd_event() to hash
[1756857426.631690] [eos0005:202398:0]           async.c:522  UCX  DEBUG listening to async event fd 85 events 0x0 mode thread_spinlock
[1756857426.632164] [eos0005:202398:0]            topo.c:899  UCX  DEBUG /sys/class/net/ibp41s0f0: PF sysfs path is '/sys/devices/pci0000:24/0000:24:01.0/0000:25:00.0/0000:26:00.0/0000:27:00.0/0000:28:00.0/0000:29:00.0'
[1756857426.632287] [eos0005:202398:0]            topo.c:899  UCX  DEBUG /sys/class/net/ibp41s0f0: PF sysfs path is '/sys/devices/pci0000:24/0000:24:01.0/0000:25:00.0/0000:26:00.0/0000:27:00.0/0000:28:00.0/0000:29:00.0'
[1756857426.632407] [eos0005:202398:0]            topo.c:899  UCX  DEBUG /sys/class/net/ibp41s0f0: PF sysfs path is '/sys/devices/pci0000:24/0000:24:01.0/0000:25:00.0/0000:26:00.0/0000:27:00.0/0000:28:00.0/0000:29:00.0'
[1756857426.632923] [eos0005:202398:0]            topo.c:899  UCX  DEBUG /sys/class/net/ibp41s0f0: PF sysfs path is '/sys/devices/pci0000:24/0000:24:01.0/0000:25:00.0/0000:26:00.0/0000:27:00.0/0000:28:00.0/0000:29:00.0'
[1756857426.633433] [eos0005:202398:0]            topo.c:899  UCX  DEBUG /sys/class/net/ibp41s0f0: PF sysfs path is '/sys/devices/pci0000:24/0000:24:01.0/0000:25:00.0/0000:26:00.0/0000:27:00.0/0000:28:00.0/0000:29:00.0'
[1756857426.633886] [eos0005:202398:0]            topo.c:899  UCX  DEBUG /sys/class/net/ibp41s0f0: PF sysfs path is '/sys/devices/pci0000:24/0000:24:01.0/0000:25:00.0/0000:26:00.0/0000:27:00.0/0000:28:00.0/0000:29:00.0'
[1756857426.634341] [eos0005:202398:0]            topo.c:899  UCX  DEBUG /sys/class/net/ibp41s0f0: PF sysfs path is '/sys/devices/pci0000:24/0000:24:01.0/0000:25:00.0/0000:26:00.0/0000:27:00.0/0000:28:00.0/0000:29:00.0'
[1756857426.634909] [eos0005:202398:0]            topo.c:899  UCX  DEBUG /sys/class/net/ibp41s0f0: PF sysfs path is '/sys/devices/pci0000:24/0000:24:01.0/0000:25:00.0/0000:26:00.0/0000:27:00.0/0000:28:00.0/0000:29:00.0'
[1756857426.635035] [eos0005:202398:0]            topo.c:899  UCX  DEBUG /sys/class/net/ibp41s0f0: PF sysfs path is '/sys/devices/pci0000:24/0000:24:01.0/0000:25:00.0/0000:26:00.0/0000:27:00.0/0000:28:00.0/0000:29:00.0'
[1756857426.635550] [eos0005:202398:0]            topo.c:899  UCX  DEBUG /sys/class/net/ibp41s0f0: PF sysfs path is '/sys/devices/pci0000:24/0000:24:01.0/0000:25:00.0/0000:26:00.0/0000:27:00.0/0000:28:00.0/0000:29:00.0'
[1756857426.635995] [eos0005:202398:0]            topo.c:899  UCX  DEBUG /sys/class/net/ibp41s0f0: PF sysfs path is '/sys/devices/pci0000:24/0000:24:01.0/0000:25:00.0/0000:26:00.0/0000:27:00.0/0000:28:00.0/0000:29:00.0'
[1756857426.636114] [eos0005:202398:0]            topo.c:899  UCX  DEBUG /sys/class/net/ibp41s0f0: PF sysfs path is '/sys/devices/pci0000:24/0000:24:01.0/0000:25:00.0/0000:26:00.0/0000:27:00.0/0000:28:00.0/0000:29:00.0'
[1756857426.636695] [eos0005:202398:0]            topo.c:899  UCX  DEBUG /sys/class/net/ibp41s0f0: PF sysfs path is '/sys/devices/pci0000:24/0000:24:01.0/0000:25:00.0/0000:26:00.0/0000:27:00.0/0000:28:00.0/0000:29:00.0'
[1756857426.636731] [eos0005:202398:0]           async.c:248  UCX  DEBUG added async handler 0x555556bc4e10 [id=87 ref 1] ucp_worker_iface_async_fd_event() to hash
[1756857426.636733] [eos0005:202398:0]           async.c:522  UCX  DEBUG listening to async event fd 87 events 0x0 mode thread_spinlock
[1756857426.637307] [eos0005:202398:0]            topo.c:899  UCX  DEBUG /sys/class/net/ibp64s0: PF sysfs path is '/sys/devices/pci0000:3d/0000:3d:01.0/0000:3e:00.0/0000:3f:00.0/0000:40:00.0'
[1756857426.637428] [eos0005:202398:0]            topo.c:899  UCX  DEBUG /sys/class/net/ibp64s0: PF sysfs path is '/sys/devices/pci0000:3d/0000:3d:01.0/0000:3e:00.0/0000:3f:00.0/0000:40:00.0'
[1756857426.638008] [eos0005:202398:0]            topo.c:899  UCX  DEBUG /sys/class/net/ibp64s0: PF sysfs path is '/sys/devices/pci0000:3d/0000:3d:01.0/0000:3e:00.0/0000:3f:00.0/0000:40:00.0'
[1756857426.638126] [eos0005:202398:0]            topo.c:899  UCX  DEBUG /sys/class/net/ibp64s0: PF sysfs path is '/sys/devices/pci0000:3d/0000:3d:01.0/0000:3e:00.0/0000:3f:00.0/0000:40:00.0'
[1756857426.638638] [eos0005:202398:0]            topo.c:899  UCX  DEBUG /sys/class/net/ibp64s0: PF sysfs path is '/sys/devices/pci0000:3d/0000:3d:01.0/0000:3e:00.0/0000:3f:00.0/0000:40:00.0'
[1756857426.639137] [eos0005:202398:0]            topo.c:899  UCX  DEBUG /sys/class/net/ibp64s0: PF sysfs path is '/sys/devices/pci0000:3d/0000:3d:01.0/0000:3e:00.0/0000:3f:00.0/0000:40:00.0'
[1756857426.639253] [eos0005:202398:0]            topo.c:899  UCX  DEBUG /sys/class/net/ibp64s0: PF sysfs path is '/sys/devices/pci0000:3d/0000:3d:01.0/0000:3e:00.0/0000:3f:00.0/0000:40:00.0'
[1756857426.639437] [eos0005:202398:0]            topo.c:899  UCX  DEBUG /sys/class/net/ibp64s0: PF sysfs path is '/sys/devices/pci0000:3d/0000:3d:01.0/0000:3e:00.0/0000:3f:00.0/0000:40:00.0'
[1756857426.639881] [eos0005:202398:0]            topo.c:899  UCX  DEBUG /sys/class/net/ibp64s0: PF sysfs path is '/sys/devices/pci0000:3d/0000:3d:01.0/0000:3e:00.0/0000:3f:00.0/0000:40:00.0'
[1756857426.640322] [eos0005:202398:0]            topo.c:899  UCX  DEBUG /sys/class/net/ibp64s0: PF sysfs path is '/sys/devices/pci0000:3d/0000:3d:01.0/0000:3e:00.0/0000:3f:00.0/0000:40:00.0'
[1756857426.640444] [eos0005:202398:0]            topo.c:899  UCX  DEBUG /sys/class/net/ibp64s0: PF sysfs path is '/sys/devices/pci0000:3d/0000:3d:01.0/0000:3e:00.0/0000:3f:00.0/0000:40:00.0'
[1756857426.640563] [eos0005:202398:0]            topo.c:899  UCX  DEBUG /sys/class/net/ibp64s0: PF sysfs path is '/sys/devices/pci0000:3d/0000:3d:01.0/0000:3e:00.0/0000:3f:00.0/0000:40:00.0'
[1756857426.641081] [eos0005:202398:0]            topo.c:899  UCX  DEBUG /sys/class/net/ibp64s0: PF sysfs path is '/sys/devices/pci0000:3d/0000:3d:01.0/0000:3e:00.0/0000:3f:00.0/0000:40:00.0'
[1756857426.641118] [eos0005:202398:0]           async.c:248  UCX  DEBUG added async handler 0x555556bc4ef0 [id=89 ref 1] ucp_worker_iface_async_fd_event() to hash
[1756857426.641121] [eos0005:202398:0]           async.c:522  UCX  DEBUG listening to async event fd 89 events 0x0 mode thread_spinlock
[1756857426.641605] [eos0005:202398:0]            topo.c:899  UCX  DEBUG /sys/class/net/ibp79s0: PF sysfs path is '/sys/devices/pci0000:4c/0000:4c:01.0/0000:4d:00.0/0000:4e:00.0/0000:4f:00.0'
[1756857426.641728] [eos0005:202398:0]            topo.c:899  UCX  DEBUG /sys/class/net/ibp79s0: PF sysfs path is '/sys/devices/pci0000:4c/0000:4c:01.0/0000:4d:00.0/0000:4e:00.0/0000:4f:00.0'
[1756857426.642174] [eos0005:202398:0]            topo.c:899  UCX  DEBUG /sys/class/net/ibp79s0: PF sysfs path is '/sys/devices/pci0000:4c/0000:4c:01.0/0000:4d:00.0/0000:4e:00.0/0000:4f:00.0'
[1756857426.642751] [eos0005:202398:0]            topo.c:899  UCX  DEBUG /sys/class/net/ibp79s0: PF sysfs path is '/sys/devices/pci0000:4c/0000:4c:01.0/0000:4d:00.0/0000:4e:00.0/0000:4f:00.0'
[1756857426.643279] [eos0005:202398:0]            topo.c:899  UCX  DEBUG /sys/class/net/ibp79s0: PF sysfs path is '/sys/devices/pci0000:4c/0000:4c:01.0/0000:4d:00.0/0000:4e:00.0/0000:4f:00.0'
[1756857426.643781] [eos0005:202398:0]            topo.c:899  UCX  DEBUG /sys/class/net/ibp79s0: PF sysfs path is '/sys/devices/pci0000:4c/0000:4c:01.0/0000:4d:00.0/0000:4e:00.0/0000:4f:00.0'
[1756857426.644299] [eos0005:202398:0]            topo.c:899  UCX  DEBUG /sys/class/net/ibp79s0: PF sysfs path is '/sys/devices/pci0000:4c/0000:4c:01.0/0000:4d:00.0/0000:4e:00.0/0000:4f:00.0'
[1756857426.644757] [eos0005:202398:0]            topo.c:899  UCX  DEBUG /sys/class/net/ibp79s0: PF sysfs path is '/sys/devices/pci0000:4c/0000:4c:01.0/0000:4d:00.0/0000:4e:00.0/0000:4f:00.0'
[1756857426.644878] [eos0005:202398:0]            topo.c:899  UCX  DEBUG /sys/class/net/ibp79s0: PF sysfs path is '/sys/devices/pci0000:4c/0000:4c:01.0/0000:4d:00.0/0000:4e:00.0/0000:4f:00.0'
[1756857426.645343] [eos0005:202398:0]            topo.c:899  UCX  DEBUG /sys/class/net/ibp79s0: PF sysfs path is '/sys/devices/pci0000:4c/0000:4c:01.0/0000:4d:00.0/0000:4e:00.0/0000:4f:00.0'
[1756857426.645858] [eos0005:202398:0]            topo.c:899  UCX  DEBUG /sys/class/net/ibp79s0: PF sysfs path is '/sys/devices/pci0000:4c/0000:4c:01.0/0000:4d:00.0/0000:4e:00.0/0000:4f:00.0'
[1756857426.646366] [eos0005:202398:0]            topo.c:899  UCX  DEBUG /sys/class/net/ibp79s0: PF sysfs path is '/sys/devices/pci0000:4c/0000:4c:01.0/0000:4d:00.0/0000:4e:00.0/0000:4f:00.0'
[1756857426.646889] [eos0005:202398:0]            topo.c:899  UCX  DEBUG /sys/class/net/ibp79s0: PF sysfs path is '/sys/devices/pci0000:4c/0000:4c:01.0/0000:4d:00.0/0000:4e:00.0/0000:4f:00.0'
[1756857426.646926] [eos0005:202398:0]           async.c:248  UCX  DEBUG added async handler 0x55555699f830 [id=91 ref 1] ucp_worker_iface_async_fd_event() to hash
[1756857426.646928] [eos0005:202398:0]           async.c:522  UCX  DEBUG listening to async event fd 91 events 0x0 mode thread_spinlock
[1756857426.647505] [eos0005:202398:0]            topo.c:899  UCX  DEBUG /sys/class/net/ibp94s0: PF sysfs path is '/sys/devices/pci0000:5b/0000:5b:01.0/0000:5c:00.0/0000:5d:00.0/0000:5e:00.0'
[1756857426.647623] [eos0005:202398:0]            topo.c:899  UCX  DEBUG /sys/class/net/ibp94s0: PF sysfs path is '/sys/devices/pci0000:5b/0000:5b:01.0/0000:5c:00.0/0000:5d:00.0/0000:5e:00.0'
[1756857426.648142] [eos0005:202398:0]            topo.c:899  UCX  DEBUG /sys/class/net/ibp94s0: PF sysfs path is '/sys/devices/pci0000:5b/0000:5b:01.0/0000:5c:00.0/0000:5d:00.0/0000:5e:00.0'
[1756857426.648260] [eos0005:202398:0]            topo.c:899  UCX  DEBUG /sys/class/net/ibp94s0: PF sysfs path is '/sys/devices/pci0000:5b/0000:5b:01.0/0000:5c:00.0/0000:5d:00.0/0000:5e:00.0'
[1756857426.648722] [eos0005:202398:0]            topo.c:899  UCX  DEBUG /sys/class/net/ibp94s0: PF sysfs path is '/sys/devices/pci0000:5b/0000:5b:01.0/0000:5c:00.0/0000:5d:00.0/0000:5e:00.0'
[1756857426.649207] [eos0005:202398:0]            topo.c:899  UCX  DEBUG /sys/class/net/ibp94s0: PF sysfs path is '/sys/devices/pci0000:5b/0000:5b:01.0/0000:5c:00.0/0000:5d:00.0/0000:5e:00.0'
[1756857426.649654] [eos0005:202398:0]            topo.c:899  UCX  DEBUG /sys/class/net/ibp94s0: PF sysfs path is '/sys/devices/pci0000:5b/0000:5b:01.0/0000:5c:00.0/0000:5d:00.0/0000:5e:00.0'
[1756857426.649776] [eos0005:202398:0]            topo.c:899  UCX  DEBUG /sys/class/net/ibp94s0: PF sysfs path is '/sys/devices/pci0000:5b/0000:5b:01.0/0000:5c:00.0/0000:5d:00.0/0000:5e:00.0'
[1756857426.650224] [eos0005:202398:0]            topo.c:899  UCX  DEBUG /sys/class/net/ibp94s0: PF sysfs path is '/sys/devices/pci0000:5b/0000:5b:01.0/0000:5c:00.0/0000:5d:00.0/0000:5e:00.0'
[1756857426.650346] [eos0005:202398:0]            topo.c:899  UCX  DEBUG /sys/class/net/ibp94s0: PF sysfs path is '/sys/devices/pci0000:5b/0000:5b:01.0/0000:5c:00.0/0000:5d:00.0/0000:5e:00.0'
[1756857426.650471] [eos0005:202398:0]            topo.c:899  UCX  DEBUG /sys/class/net/ibp94s0: PF sysfs path is '/sys/devices/pci0000:5b/0000:5b:01.0/0000:5c:00.0/0000:5d:00.0/0000:5e:00.0'
[1756857426.650592] [eos0005:202398:0]            topo.c:899  UCX  DEBUG /sys/class/net/ibp94s0: PF sysfs path is '/sys/devices/pci0000:5b/0000:5b:01.0/0000:5c:00.0/0000:5d:00.0/0000:5e:00.0'
[1756857426.650710] [eos0005:202398:0]            topo.c:899  UCX  DEBUG /sys/class/net/ibp94s0: PF sysfs path is '/sys/devices/pci0000:5b/0000:5b:01.0/0000:5c:00.0/0000:5d:00.0/0000:5e:00.0'
[1756857426.650747] [eos0005:202398:0]           async.c:248  UCX  DEBUG added async handler 0x555556bc4c30 [id=93 ref 1] ucp_worker_iface_async_fd_event() to hash
[1756857426.650750] [eos0005:202398:0]           async.c:522  UCX  DEBUG listening to async event fd 93 events 0x0 mode thread_spinlock
[1756857426.650755] [eos0005:202398:0]            sock.c:90   UCX  DEBUG ioctl(req=35142, ifr_name=lo) failed: Operation not supported
[1756857426.650757] [eos0005:202398:0]         tcp_net.c:61   UCX  DEBUG speed of lo is UNKNOWN, assuming 100 Mbps
[1756857426.650801] [eos0005:202398:0]            topo.c:895  UCX  DEBUG /sys/class/net/lo: sysfs path undetected
[1756857426.650802] [eos0005:202398:0]            topo.c:848  UCX  DEBUG lo: pci bandwidth undetected, using maximal value
[1756857426.650820] [eos0005:202398:0]            sock.c:90   UCX  DEBUG ioctl(req=35142, ifr_name=lo) failed: Operation not supported
[1756857426.650821] [eos0005:202398:0]         tcp_net.c:61   UCX  DEBUG speed of lo is UNKNOWN, assuming 100 Mbps
[1756857426.650853] [eos0005:202398:0]            topo.c:895  UCX  DEBUG /sys/class/net/lo: sysfs path undetected
[1756857426.650857] [eos0005:202398:0]            topo.c:848  UCX  DEBUG lo: pci bandwidth undetected, using maximal value
[1756857426.651138] [eos0005:202398:0]            sock.c:90   UCX  DEBUG ioctl(req=35142, ifr_name=lo) failed: Operation not supported
[1756857426.651140] [eos0005:202398:0]         tcp_net.c:61   UCX  DEBUG speed of lo is UNKNOWN, assuming 100 Mbps
[1756857426.651176] [eos0005:202398:0]            topo.c:895  UCX  DEBUG /sys/class/net/lo: sysfs path undetected
[1756857426.651177] [eos0005:202398:0]            topo.c:848  UCX  DEBUG lo: pci bandwidth undetected, using maximal value
[1756857426.651523] [eos0005:202398:0]            sock.c:90   UCX  DEBUG ioctl(req=35142, ifr_name=lo) failed: Operation not supported
[1756857426.651524] [eos0005:202398:0]         tcp_net.c:61   UCX  DEBUG speed of lo is UNKNOWN, assuming 100 Mbps
[1756857426.651557] [eos0005:202398:0]            topo.c:895  UCX  DEBUG /sys/class/net/lo: sysfs path undetected
[1756857426.651558] [eos0005:202398:0]            topo.c:848  UCX  DEBUG lo: pci bandwidth undetected, using maximal value
[1756857426.651724] [eos0005:202398:0]            sock.c:90   UCX  DEBUG ioctl(req=35142, ifr_name=lo) failed: Operation not supported
[1756857426.651726] [eos0005:202398:0]         tcp_net.c:61   UCX  DEBUG speed of lo is UNKNOWN, assuming 100 Mbps
[1756857426.651766] [eos0005:202398:0]            topo.c:895  UCX  DEBUG /sys/class/net/lo: sysfs path undetected
[1756857426.651767] [eos0005:202398:0]            topo.c:848  UCX  DEBUG lo: pci bandwidth undetected, using maximal value
[1756857426.651783] [eos0005:202398:0]            sock.c:90   UCX  DEBUG ioctl(req=35142, ifr_name=lo) failed: Operation not supported
[1756857426.651784] [eos0005:202398:0]         tcp_net.c:61   UCX  DEBUG speed of lo is UNKNOWN, assuming 100 Mbps
[1756857426.651836] [eos0005:202398:0]            topo.c:895  UCX  DEBUG /sys/class/net/lo: sysfs path undetected
[1756857426.651837] [eos0005:202398:0]            topo.c:848  UCX  DEBUG lo: pci bandwidth undetected, using maximal value
[1756857426.651853] [eos0005:202398:0]            sock.c:90   UCX  DEBUG ioctl(req=35142, ifr_name=lo) failed: Operation not supported
[1756857426.651854] [eos0005:202398:0]         tcp_net.c:61   UCX  DEBUG speed of lo is UNKNOWN, assuming 100 Mbps
[1756857426.651882] [eos0005:202398:0]            topo.c:895  UCX  DEBUG /sys/class/net/lo: sysfs path undetected
[1756857426.651883] [eos0005:202398:0]            topo.c:848  UCX  DEBUG lo: pci bandwidth undetected, using maximal value
[1756857426.652116] [eos0005:202398:0]            sock.c:90   UCX  DEBUG ioctl(req=35142, ifr_name=lo) failed: Operation not supported
[1756857426.652117] [eos0005:202398:0]         tcp_net.c:61   UCX  DEBUG speed of lo is UNKNOWN, assuming 100 Mbps
[1756857426.652173] [eos0005:202398:0]            topo.c:895  UCX  DEBUG /sys/class/net/lo: sysfs path undetected
[1756857426.652174] [eos0005:202398:0]            topo.c:848  UCX  DEBUG lo: pci bandwidth undetected, using maximal value
[1756857426.652388] [eos0005:202398:0]            sock.c:90   UCX  DEBUG ioctl(req=35142, ifr_name=lo) failed: Operation not supported
[1756857426.652389] [eos0005:202398:0]         tcp_net.c:61   UCX  DEBUG speed of lo is UNKNOWN, assuming 100 Mbps
[1756857426.652427] [eos0005:202398:0]            topo.c:895  UCX  DEBUG /sys/class/net/lo: sysfs path undetected
[1756857426.652428] [eos0005:202398:0]            topo.c:848  UCX  DEBUG lo: pci bandwidth undetected, using maximal value
[1756857426.652643] [eos0005:202398:0]            sock.c:90   UCX  DEBUG ioctl(req=35142, ifr_name=lo) failed: Operation not supported
[1756857426.652644] [eos0005:202398:0]         tcp_net.c:61   UCX  DEBUG speed of lo is UNKNOWN, assuming 100 Mbps
[1756857426.652676] [eos0005:202398:0]            topo.c:895  UCX  DEBUG /sys/class/net/lo: sysfs path undetected
[1756857426.652676] [eos0005:202398:0]            topo.c:848  UCX  DEBUG lo: pci bandwidth undetected, using maximal value
[1756857426.652913] [eos0005:202398:0]            sock.c:90   UCX  DEBUG ioctl(req=35142, ifr_name=lo) failed: Operation not supported
[1756857426.652914] [eos0005:202398:0]         tcp_net.c:61   UCX  DEBUG speed of lo is UNKNOWN, assuming 100 Mbps
[1756857426.652944] [eos0005:202398:0]            topo.c:895  UCX  DEBUG /sys/class/net/lo: sysfs path undetected
[1756857426.652945] [eos0005:202398:0]            topo.c:848  UCX  DEBUG lo: pci bandwidth undetected, using maximal value
[1756857426.653166] [eos0005:202398:0]            sock.c:90   UCX  DEBUG ioctl(req=35142, ifr_name=lo) failed: Operation not supported
[1756857426.653168] [eos0005:202398:0]         tcp_net.c:61   UCX  DEBUG speed of lo is UNKNOWN, assuming 100 Mbps
[1756857426.653224] [eos0005:202398:0]            topo.c:895  UCX  DEBUG /sys/class/net/lo: sysfs path undetected
[1756857426.653225] [eos0005:202398:0]            topo.c:848  UCX  DEBUG lo: pci bandwidth undetected, using maximal value
[1756857426.653423] [eos0005:202398:0]            sock.c:90   UCX  DEBUG ioctl(req=35142, ifr_name=lo) failed: Operation not supported
[1756857426.653424] [eos0005:202398:0]         tcp_net.c:61   UCX  DEBUG speed of lo is UNKNOWN, assuming 100 Mbps
[1756857426.653452] [eos0005:202398:0]            topo.c:895  UCX  DEBUG /sys/class/net/lo: sysfs path undetected
[1756857426.653452] [eos0005:202398:0]            topo.c:848  UCX  DEBUG lo: pci bandwidth undetected, using maximal value
[1756857426.653468] [eos0005:202398:0]           async.c:248  UCX  DEBUG added async handler 0x5555569a0b50 [id=95 ref 1] ucp_worker_iface_async_fd_event() to hash
[1756857426.653472] [eos0005:202398:0]           async.c:522  UCX  DEBUG listening to async event fd 95 events 0x0 mode thread_spinlock
[1756857426.653476] [eos0005:202398:0]           async.c:248  UCX  DEBUG added async handler 0x5555569a0b90 [id=97 ref 1] ucp_worker_iface_async_fd_event() to hash
[1756857426.653479] [eos0005:202398:0]           async.c:522  UCX  DEBUG listening to async event fd 97 events 0x0 mode thread_spinlock
[1756857426.653488] [eos0005:202398:0]           async.c:248  UCX  DEBUG added async handler 0x5555569a0c40 [id=171 ref 1] ucp_worker_iface_async_fd_event() to hash
[1756857426.653490] [eos0005:202398:0]           async.c:522  UCX  DEBUG listening to async event fd 171 events 0x0 mode thread_spinlock
[1756857426.653493] [eos0005:202398:0]           async.c:248  UCX  DEBUG added async handler 0x5555569a0c80 [id=172 ref 1] ucp_worker_iface_async_fd_event() to hash
[1756857426.653495] [eos0005:202398:0]           async.c:522  UCX  DEBUG listening to async event fd 172 events 0x0 mode thread_spinlock
[1756857426.653497] [eos0005:202398:0]           async.c:248  UCX  DEBUG added async handler 0x555559f1e4e0 [id=99 ref 1] ucp_worker_iface_async_fd_event() to hash
[1756857426.653500] [eos0005:202398:0]           async.c:522  UCX  DEBUG listening to async event fd 99 events 0x0 mode thread_spinlock
[1756857426.653525] [eos0005:202398:0]           async.c:248  UCX  DEBUG added async handler 0x555559f1e520 [id=103 ref 1] ucp_worker_iface_async_fd_event() to hash
[1756857426.653528] [eos0005:202398:0]           async.c:522  UCX  DEBUG listening to async event fd 103 events 0x0 mode thread_spinlock
[1756857426.653540] [eos0005:202398:0]           async.c:248  UCX  DEBUG added async handler 0x555559f1e3b0 [id=106 ref 1] ucp_worker_iface_async_fd_event() to hash
[1756857426.653543] [eos0005:202398:0]           async.c:522  UCX  DEBUG listening to async event fd 106 events 0x0 mode thread_spinlock
[1756857426.653555] [eos0005:202398:0]           async.c:248  UCX  DEBUG added async handler 0x555559f1e3f0 [id=108 ref 1] ucp_worker_iface_async_fd_event() to hash
[1756857426.653558] [eos0005:202398:0]           async.c:522  UCX  DEBUG listening to async event fd 108 events 0x0 mode thread_spinlock
[1756857426.653565] [eos0005:202398:0]           async.c:248  UCX  DEBUG added async handler 0x5555573f8de0 [id=112 ref 1] ucp_worker_iface_async_fd_event() to hash
[1756857426.653568] [eos0005:202398:0]           async.c:522  UCX  DEBUG listening to async event fd 112 events 0x0 mode thread_spinlock
[1756857426.653577] [eos0005:202398:0]           async.c:248  UCX  DEBUG added async handler 0x5555573f8e20 [id=115 ref 1] ucp_worker_iface_async_fd_event() to hash
[1756857426.653579] [eos0005:202398:0]           async.c:522  UCX  DEBUG listening to async event fd 115 events 0x0 mode thread_spinlock
[1756857426.653586] [eos0005:202398:0]           async.c:248  UCX  DEBUG added async handler 0x55555754f890 [id=117 ref 1] ucp_worker_iface_async_fd_event() to hash
[1756857426.653589] [eos0005:202398:0]           async.c:522  UCX  DEBUG listening to async event fd 117 events 0x0 mode thread_spinlock
[1756857426.653595] [eos0005:202398:0]           async.c:248  UCX  DEBUG added async handler 0x55555754f8d0 [id=121 ref 1] ucp_worker_iface_async_fd_event() to hash
[1756857426.653598] [eos0005:202398:0]           async.c:522  UCX  DEBUG listening to async event fd 121 events 0x0 mode thread_spinlock
[1756857426.653603] [eos0005:202398:0]           async.c:248  UCX  DEBUG added async handler 0x555557024710 [id=124 ref 1] ucp_worker_iface_async_fd_event() to hash
[1756857426.653605] [eos0005:202398:0]           async.c:522  UCX  DEBUG listening to async event fd 124 events 0x0 mode thread_spinlock
[1756857426.653611] [eos0005:202398:0]           async.c:248  UCX  DEBUG added async handler 0x555557024750 [id=126 ref 1] ucp_worker_iface_async_fd_event() to hash
[1756857426.653614] [eos0005:202398:0]           async.c:522  UCX  DEBUG listening to async event fd 126 events 0x0 mode thread_spinlock
[1756857426.653620] [eos0005:202398:0]           async.c:248  UCX  DEBUG added async handler 0x555556bc4430 [id=130 ref 1] ucp_worker_iface_async_fd_event() to hash
[1756857426.653623] [eos0005:202398:0]           async.c:522  UCX  DEBUG listening to async event fd 130 events 0x0 mode thread_spinlock
[1756857426.653627] [eos0005:202398:0]           async.c:248  UCX  DEBUG added async handler 0x555556bc4470 [id=133 ref 1] ucp_worker_iface_async_fd_event() to hash
[1756857426.653630] [eos0005:202398:0]           async.c:522  UCX  DEBUG listening to async event fd 133 events 0x0 mode thread_spinlock
[1756857426.653636] [eos0005:202398:0]           async.c:248  UCX  DEBUG added async handler 0x555556bc4cf0 [id=135 ref 1] ucp_worker_iface_async_fd_event() to hash
[1756857426.653639] [eos0005:202398:0]           async.c:522  UCX  DEBUG listening to async event fd 135 events 0x0 mode thread_spinlock
[1756857426.653644] [eos0005:202398:0]           async.c:248  UCX  DEBUG added async handler 0x555556bc4d30 [id=139 ref 1] ucp_worker_iface_async_fd_event() to hash
[1756857426.653647] [eos0005:202398:0]           async.c:522  UCX  DEBUG listening to async event fd 139 events 0x0 mode thread_spinlock
[1756857426.653650] [eos0005:202398:0]           async.c:248  UCX  DEBUG added async handler 0x5555574045e0 [id=142 ref 1] ucp_worker_iface_async_fd_event() to hash
[1756857426.653653] [eos0005:202398:0]           async.c:522  UCX  DEBUG listening to async event fd 142 events 0x0 mode thread_spinlock
[1756857426.653658] [eos0005:202398:0]           async.c:248  UCX  DEBUG added async handler 0x555557404620 [id=144 ref 1] ucp_worker_iface_async_fd_event() to hash
[1756857426.653660] [eos0005:202398:0]           async.c:522  UCX  DEBUG listening to async event fd 144 events 0x0 mode thread_spinlock
[1756857426.653667] [eos0005:202398:0]           async.c:248  UCX  DEBUG added async handler 0x5555570d8990 [id=148 ref 1] ucp_worker_iface_async_fd_event() to hash
[1756857426.653669] [eos0005:202398:0]           async.c:522  UCX  DEBUG listening to async event fd 148 events 0x0 mode thread_spinlock
[1756857426.653673] [eos0005:202398:0]           async.c:248  UCX  DEBUG added async handler 0x5555570d89d0 [id=151 ref 1] ucp_worker_iface_async_fd_event() to hash
[1756857426.653675] [eos0005:202398:0]           async.c:522  UCX  DEBUG listening to async event fd 151 events 0x0 mode thread_spinlock
[1756857426.653680] [eos0005:202398:0]           async.c:248  UCX  DEBUG added async handler 0x5555570d8a10 [id=153 ref 1] ucp_worker_iface_async_fd_event() to hash
[1756857426.653683] [eos0005:202398:0]           async.c:522  UCX  DEBUG listening to async event fd 153 events 0x0 mode thread_spinlock
[1756857426.653688] [eos0005:202398:0]           async.c:248  UCX  DEBUG added async handler 0x5555570d8a50 [id=157 ref 1] ucp_worker_iface_async_fd_event() to hash
[1756857426.653690] [eos0005:202398:0]           async.c:522  UCX  DEBUG listening to async event fd 157 events 0x0 mode thread_spinlock
[1756857426.653695] [eos0005:202398:0]           async.c:248  UCX  DEBUG added async handler 0x5555573f6af0 [id=160 ref 1] ucp_worker_iface_async_fd_event() to hash
[1756857426.653697] [eos0005:202398:0]           async.c:522  UCX  DEBUG listening to async event fd 160 events 0x0 mode thread_spinlock
[1756857426.653703] [eos0005:202398:0]           async.c:248  UCX  DEBUG added async handler 0x5555573f6b30 [id=162 ref 1] ucp_worker_iface_async_fd_event() to hash
[1756857426.653705] [eos0005:202398:0]           async.c:522  UCX  DEBUG listening to async event fd 162 events 0x0 mode thread_spinlock
[1756857426.653710] [eos0005:202398:0]           async.c:248  UCX  DEBUG added async handler 0x5555573f6b70 [id=166 ref 1] ucp_worker_iface_async_fd_event() to hash
[1756857426.653713] [eos0005:202398:0]           async.c:522  UCX  DEBUG listening to async event fd 166 events 0x0 mode thread_spinlock
[1756857426.653717] [eos0005:202398:0]           async.c:248  UCX  DEBUG added async handler 0x5555573f6bb0 [id=169 ref 1] ucp_worker_iface_async_fd_event() to hash
[1756857426.653719] [eos0005:202398:0]           async.c:522  UCX  DEBUG listening to async event fd 169 events 0x0 mode thread_spinlock
[1756857426.657699] [eos0005:202398:0]           async.c:248  UCX  DEBUG added async handler 0x5555573fa4f0 [id=173 ref 1] uct_rdmacm_cm_event_handler() to hash
[1756857426.657706] [eos0005:202398:0]           async.c:522  UCX  DEBUG listening to async event fd 173 events 0x1 mode thread_spinlock
[1756857426.657710] [eos0005:202398:0]       rdmacm_cm.c:982  UCX  DEBUG created rdmacm_cm 0x555559f1d7f0 with event_channel 0x555556bc4c70 (fd=173)
[1756857426.657731] [eos0005:202398:0]      tcp_sockcm.c:225  UCX  DEBUG created tcp_sockcm 0x555556c68010
[1756857426.657810] [eos0005:202398:0]          ucp_ep.c:405  UCX  DEBUG created ep 0x7fffca21e000 to <no debug data> mem_type_ep:cuda
[1756857426.658103] [eos0005:202398:0]      proto_rndv.c:515  UCX  DEBUG         no active message lane for tag/rndv
[1756857426.658119] [eos0005:202398:0]      proto_rndv.c:515  UCX  DEBUG             no active message lane for rndv/ats
[1756857426.658121] [eos0005:202398:0]      proto_rndv.c:515  UCX  DEBUG             no active message lane for rndv/rtr
[1756857426.658127] [eos0005:202398:0]      proto_rndv.c:515  UCX  DEBUG                 no active message lane for rndv/rtr
[1756857426.658128] [eos0005:202398:0]      proto_rndv.c:515  UCX  DEBUG                 no active message lane for rndv/rtr/mtype
[1756857426.658135] [eos0005:202398:0]      proto_rndv.c:515  UCX  DEBUG                     no active message lane for rndv/rtr
[1756857426.658137] [eos0005:202398:0]      proto_rndv.c:515  UCX  DEBUG                     no active message lane for rndv/rtr/mtype
[1756857426.658155] [eos0005:202398:0]      proto_rndv.c:515  UCX  DEBUG             no active message lane for rndv/rtr/mtype
[1756857426.658159] [eos0005:202398:0]      proto_rndv.c:515  UCX  DEBUG                 no active message lane for rndv/rtr
[1756857426.658160] [eos0005:202398:0]      proto_rndv.c:515  UCX  DEBUG                 no active message lane for rndv/rtr/mtype
[1756857426.658166] [eos0005:202398:0]      proto_rndv.c:515  UCX  DEBUG         no active message lane for rndv/rtr
[1756857426.658167] [eos0005:202398:0]      proto_rndv.c:515  UCX  DEBUG         no active message lane for rndv/rtr/mtype
[1756857426.658174] [eos0005:202398:0]          wireup.c:1227 UCX  DEBUG   ep 0x7fffca21e000: am_lane <none> wireup_msg_lane <none> cm_lane <none> keepalive_lane <none> reachable_mds 0x50
[1756857426.658187] [eos0005:202398:0]          wireup.c:1237 UCX  DEBUG   ep 0x7fffca21e000: lane[0]: 16:cuda_copy/cuda.0 md[4]        -> addr[0].md[4]/cuda_cpy/sysdev[255] seg 4294967295 rma_bw#0
[1756857426.658189] [eos0005:202398:0]          wireup.c:1237 UCX  DEBUG   ep 0x7fffca21e000: lane[1]: 18:gdr_copy/cuda.0 md[6]         -> addr[2].md[6]/gdr_copy/sysdev[255] seg 4294967295
[1756857426.658190] [eos0005:202398:0]          wireup.c:1241 UCX  DEBUG   ep 0x7fffca21e000: err mode 0, flags 0x1
[1756857426.658203] [eos0005:202398:0]          ucp_ep.c:405  UCX  DEBUG created ep 0x7fffca21e040 to <no debug data> mem_type_ep:cuda-managed
[1756857426.658377] [eos0005:202398:0]      proto_rndv.c:515  UCX  DEBUG         no active message lane for tag/rndv
[1756857426.658392] [eos0005:202398:0]         uct_mem.c:296  UCX  DEBUG               could not allocate memory with any of the provided methods
[1756857426.658398] [eos0005:202398:0]    cuda_copy_md.c:380  UCX  DEBUG               attempt to allocate cuda memory without active context
[1756857426.658399] [eos0005:202398:0]         uct_mem.c:158  UCX  DEBUG               failed to allocate 1 bytes using md cuda_cpy for get_alloc_md_id: No such device
[1756857426.658400] [eos0005:202398:0]         uct_mem.c:296  UCX  DEBUG               could not allocate memory with any of the provided methods
[1756857426.658401] [eos0005:202398:0]         uct_mem.c:296  UCX  DEBUG               could not allocate memory with any of the provided methods
[1756857426.658402] [eos0005:202398:0]      proto_rndv.c:515  UCX  DEBUG             no active message lane for rndv/ats
[1756857426.658403] [eos0005:202398:0]      proto_rndv.c:515  UCX  DEBUG             no active message lane for rndv/rtr
[1756857426.658409] [eos0005:202398:0]         uct_mem.c:296  UCX  DEBUG                   could not allocate memory with any of the provided methods
[1756857426.658411] [eos0005:202398:0]    cuda_copy_md.c:380  UCX  DEBUG                   attempt to allocate cuda memory without active context
[1756857426.658412] [eos0005:202398:0]         uct_mem.c:158  UCX  DEBUG                   failed to allocate 1 bytes using md cuda_cpy for get_alloc_md_id: No such device
[1756857426.658413] [eos0005:202398:0]         uct_mem.c:296  UCX  DEBUG                   could not allocate memory with any of the provided methods
[1756857426.658413] [eos0005:202398:0]         uct_mem.c:296  UCX  DEBUG                   could not allocate memory with any of the provided methods
[1756857426.658415] [eos0005:202398:0]      proto_rndv.c:515  UCX  DEBUG                 no active message lane for rndv/rtr
[1756857426.658416] [eos0005:202398:0]      proto_rndv.c:515  UCX  DEBUG                 no active message lane for rndv/rtr/mtype
[1756857426.658420] [eos0005:202398:0]         uct_mem.c:296  UCX  DEBUG                       could not allocate memory with any of the provided methods
[1756857426.658423] [eos0005:202398:0]    cuda_copy_md.c:380  UCX  DEBUG                       attempt to allocate cuda memory without active context
[1756857426.658423] [eos0005:202398:0]         uct_mem.c:158  UCX  DEBUG                       failed to allocate 1 bytes using md cuda_cpy for get_alloc_md_id: No such device
[1756857426.658424] [eos0005:202398:0]         uct_mem.c:296  UCX  DEBUG                       could not allocate memory with any of the provided methods
[1756857426.658425] [eos0005:202398:0]         uct_mem.c:296  UCX  DEBUG                       could not allocate memory with any of the provided methods
[1756857426.658426] [eos0005:202398:0]      proto_rndv.c:515  UCX  DEBUG                     no active message lane for rndv/rtr
[1756857426.658427] [eos0005:202398:0]      proto_rndv.c:515  UCX  DEBUG                     no active message lane for rndv/rtr/mtype
[1756857426.658433] [eos0005:202398:0]      proto_rndv.c:515  UCX  DEBUG             no active message lane for rndv/rtr/mtype
[1756857426.658435] [eos0005:202398:0]         uct_mem.c:296  UCX  DEBUG               could not allocate memory with any of the provided methods
[1756857426.658438] [eos0005:202398:0]    cuda_copy_md.c:380  UCX  DEBUG               attempt to allocate cuda memory without active context
[1756857426.658438] [eos0005:202398:0]         uct_mem.c:158  UCX  DEBUG               failed to allocate 1 bytes using md cuda_cpy for get_alloc_md_id: No such device
[1756857426.658439] [eos0005:202398:0]         uct_mem.c:296  UCX  DEBUG               could not allocate memory with any of the provided methods
[1756857426.658440] [eos0005:202398:0]         uct_mem.c:296  UCX  DEBUG               could not allocate memory with any of the provided methods
[1756857426.658444] [eos0005:202398:0]         uct_mem.c:296  UCX  DEBUG                   could not allocate memory with any of the provided methods
[1756857426.658447] [eos0005:202398:0]    cuda_copy_md.c:380  UCX  DEBUG                   attempt to allocate cuda memory without active context
[1756857426.658447] [eos0005:202398:0]         uct_mem.c:158  UCX  DEBUG                   failed to allocate 1 bytes using md cuda_cpy for get_alloc_md_id: No such device
[1756857426.658448] [eos0005:202398:0]         uct_mem.c:296  UCX  DEBUG                   could not allocate memory with any of the provided methods
[1756857426.658448] [eos0005:202398:0]         uct_mem.c:296  UCX  DEBUG                   could not allocate memory with any of the provided methods
[1756857426.658450] [eos0005:202398:0]      proto_rndv.c:515  UCX  DEBUG                 no active message lane for rndv/rtr
[1756857426.658451] [eos0005:202398:0]      proto_rndv.c:515  UCX  DEBUG                 no active message lane for rndv/rtr/mtype
[1756857426.658453] [eos0005:202398:0]         uct_mem.c:296  UCX  DEBUG                   could not allocate memory with any of the provided methods
[1756857426.658456] [eos0005:202398:0]    cuda_copy_md.c:380  UCX  DEBUG                   attempt to allocate cuda memory without active context
[1756857426.658457] [eos0005:202398:0]         uct_mem.c:158  UCX  DEBUG                   failed to allocate 1 bytes using md cuda_cpy for get_alloc_md_id: No such device
[1756857426.658457] [eos0005:202398:0]         uct_mem.c:296  UCX  DEBUG                   could not allocate memory with any of the provided methods
[1756857426.658458] [eos0005:202398:0]         uct_mem.c:296  UCX  DEBUG                   could not allocate memory with any of the provided methods
[1756857426.658463] [eos0005:202398:0]      proto_rndv.c:515  UCX  DEBUG         no active message lane for rndv/rtr
[1756857426.658464] [eos0005:202398:0]      proto_rndv.c:515  UCX  DEBUG         no active message lane for rndv/rtr/mtype
[1756857426.658468] [eos0005:202398:0]          wireup.c:1227 UCX  DEBUG   ep 0x7fffca21e040: am_lane <none> wireup_msg_lane <none> cm_lane <none> keepalive_lane <none> reachable_mds 0x10
[1756857426.658470] [eos0005:202398:0]          wireup.c:1237 UCX  DEBUG   ep 0x7fffca21e040: lane[0]: 16:cuda_copy/cuda.0 md[4]        -> addr[0].md[4]/cuda_cpy/sysdev[255] seg 4294967295 rma_bw#0
[1756857426.658471] [eos0005:202398:0]          wireup.c:1241 UCX  DEBUG   ep 0x7fffca21e040: err mode 0, flags 0x1
[1756857426.658478] [eos0005:202398:0]           mpool.c:138  UCX  DEBUG mpool ucp_requests: align 64, maxelems 4294967295, elemsize 432
[1756857426.658479] [eos0005:202398:0]           mpool.c:138  UCX  DEBUG mpool ucp_rkeys: align 64, maxelems 4294967295, elemsize 104
[1756857426.658480] [eos0005:202398:0]           mpool.c:138  UCX  DEBUG mpool ucp_reg_bufs: align 64, maxelems 4294967295, elemsize 8216
[1756857426.658481] [eos0005:202398:0]           mpool.c:138  UCX  DEBUG mpool ucp_am_bufs: align 64, maxelems 4294967295, elemsize 153
[1756857426.658482] [eos0005:202398:0]           mpool.c:138  UCX  DEBUG mpool ucp_am_bufs: align 64, maxelems 4294967295, elemsize 1113
[1756857426.658483] [eos0005:202398:0]           mpool.c:138  UCX  DEBUG mpool ucp_am_bufs: align 64, maxelems 4294967295, elemsize 65625
[1756857426.658485] [eos0005:202398:0]       mpool_set.c:130  UCX  DEBUG mpool_set:ucp_am_bufs, sizes map 0x80000440, largest size 65536, mpools num 3
[1756857426.659569] [eos0005:202398:0]          parser.c:2330 UCX  WARN  unused environment variables: UCX_TCP_KEEPALIVE; UCX_HOME; UCX_LIB_DIR; UCX_IB_TIMEOUT
[1756857426.659569] [eos0005:202398:0]          parser.c:2330 UCX  WARN  (set UCX_WARN_UNUSED_ENV_VARS=n to suppress this warning)
[1756857426.659571] [eos0005:202398:0]          parser.c:2337 UCX  INFO  UCX_* env variables: UCX_RNDV_THRESH=0 UCX_IB_PREFER_NEAREST_DEVICE=0 UCX_MODULE_DIR=/opt/nvidia/hpc_sdk/Linux_x86_64/25.3/comm_libs/12.8/hpcx/hpcx-2.22.1/ucx/lib/ucx UCX_MODULE_LOG_LEVEL=debug UCX_VFS_ENABLE=n UCX_MEMTYPE_CACHE=n UCX_LOG_LEVEL=debug UCX_RNDV_SCHEME=put_zcopy UCX_CUDA_COPY_MAX_REG_RATIO=1.0 UCX_RCACHE_PURGE_ON_FORK=n
[1756857426.659586] [eos0005:202398:0]      ucp_worker.c:2886 UCX  DEBUG destroy worker 0x55555696d380
[1756857426.659587] [eos0005:202398:0]      ucp_worker.c:2872 UCX  DEBUG worker 0x55555696d380: destroy all endpoints
[1756857426.659588] [eos0005:202398:0]      ucp_worker.c:2872 UCX  DEBUG worker 0x55555696d380: destroy internal endpoints
[1756857426.659589] [eos0005:202398:0]          ucp_ep.c:1279 UCX  DEBUG ep 0x7fffca21e000: purge uct_ep[0]=0x555559a9a430
[1756857426.659590] [eos0005:202398:0]          ucp_ep.c:1279 UCX  DEBUG ep 0x7fffca21e000: purge uct_ep[1]=0x555557141180
[1756857426.659593] [eos0005:202398:0]          ucp_ep.c:1286 UCX  DEBUG ep 0x7fffca21e000: destroy
[1756857426.659594] [eos0005:202398:0]          ucp_ep.c:1604 UCX  DEBUG ep 0x7fffca21e000: cleanup lanes
[1756857426.659595] [eos0005:202398:0]          ucp_ep.c:1615 UCX  DEBUG ep 0x7fffca21e000: pending & destroy uct_ep[0]=0x555559a9a430
[1756857426.659598] [eos0005:202398:0]          ucp_ep.c:1615 UCX  DEBUG ep 0x7fffca21e000: pending & destroy uct_ep[1]=0x555557141180
[1756857426.659602] [eos0005:202398:0]          ucp_ep.c:1279 UCX  DEBUG ep 0x7fffca21e040: purge uct_ep[0]=0x55555754fbf0
[1756857426.659602] [eos0005:202398:0]          ucp_ep.c:1286 UCX  DEBUG ep 0x7fffca21e040: destroy
[1756857426.659603] [eos0005:202398:0]          ucp_ep.c:1604 UCX  DEBUG ep 0x7fffca21e040: cleanup lanes
[1756857426.659604] [eos0005:202398:0]          ucp_ep.c:1615 UCX  DEBUG ep 0x7fffca21e040: pending & destroy uct_ep[0]=0x55555754fbf0
[1756857426.659605] [eos0005:202398:0]      ucp_worker.c:244  UCX  DEBUG worker 0x55555696d380: remove active message handlers
[1756857426.659775] [eos0005:202398:0]         tcp_net.c:61   UCX  DEBUG speed of bmc-redfish0 is UNKNOWN, assuming 100 Mbps
[1756857426.659844] [eos0005:202398:0]            topo.c:895  UCX  DEBUG /sys/class/net/bmc-redfish0/lower_enx1a5307973073: sysfs path undetected
[1756857426.659845] [eos0005:202398:0]            topo.c:848  UCX  DEBUG bmc-redfish0: pci bandwidth undetected, using maximal value
[1756857426.660098] [eos0005:202398:0]         tcp_net.c:61   UCX  DEBUG speed of bmc-redfish0 is UNKNOWN, assuming 100 Mbps
[1756857426.660155] [eos0005:202398:0]            topo.c:895  UCX  DEBUG /sys/class/net/bmc-redfish0/lower_enx1a5307973073: sysfs path undetected
[1756857426.660156] [eos0005:202398:0]            topo.c:848  UCX  DEBUG bmc-redfish0: pci bandwidth undetected, using maximal value
[1756857426.660230] [eos0005:202398:0]         tcp_net.c:61   UCX  DEBUG speed of bmc-redfish0 is UNKNOWN, assuming 100 Mbps
[1756857426.660346] [eos0005:202398:0]            topo.c:895  UCX  DEBUG /sys/class/net/bmc-redfish0/lower_enx1a5307973073: sysfs path undetected
[1756857426.660347] [eos0005:202398:0]            topo.c:848  UCX  DEBUG bmc-redfish0: pci bandwidth undetected, using maximal value
[1756857426.660390] [eos0005:202398:0]         tcp_net.c:61   UCX  DEBUG speed of bmc-redfish0 is UNKNOWN, assuming 100 Mbps
[1756857426.660466] [eos0005:202398:0]            topo.c:895  UCX  DEBUG /sys/class/net/bmc-redfish0/lower_enx1a5307973073: sysfs path undetected
[1756857426.660467] [eos0005:202398:0]            topo.c:848  UCX  DEBUG bmc-redfish0: pci bandwidth undetected, using maximal value
[1756857426.660549] [eos0005:202398:0]         tcp_net.c:61   UCX  DEBUG speed of bmc-redfish0 is UNKNOWN, assuming 100 Mbps
[1756857426.660628] [eos0005:202398:0]            topo.c:895  UCX  DEBUG /sys/class/net/bmc-redfish0/lower_enx1a5307973073: sysfs path undetected
[1756857426.660629] [eos0005:202398:0]            topo.c:848  UCX  DEBUG bmc-redfish0: pci bandwidth undetected, using maximal value
[1756857426.660703] [eos0005:202398:0]         tcp_net.c:61   UCX  DEBUG speed of bmc-redfish0 is UNKNOWN, assuming 100 Mbps
[1756857426.660882] [eos0005:202398:0]            topo.c:895  UCX  DEBUG /sys/class/net/bmc-redfish0/lower_enx1a5307973073: sysfs path undetected
[1756857426.660882] [eos0005:202398:0]            topo.c:848  UCX  DEBUG bmc-redfish0: pci bandwidth undetected, using maximal value
[1756857426.660899] [eos0005:202398:0]         tcp_net.c:61   UCX  DEBUG speed of bmc-redfish0 is UNKNOWN, assuming 100 Mbps
[1756857426.661090] [eos0005:202398:0]            topo.c:895  UCX  DEBUG /sys/class/net/bmc-redfish0/lower_enx1a5307973073: sysfs path undetected
[1756857426.661091] [eos0005:202398:0]            topo.c:848  UCX  DEBUG bmc-redfish0: pci bandwidth undetected, using maximal value
[1756857426.661107] [eos0005:202398:0]         tcp_net.c:61   UCX  DEBUG speed of bmc-redfish0 is UNKNOWN, assuming 100 Mbps
[1756857426.661181] [eos0005:202398:0]            topo.c:895  UCX  DEBUG /sys/class/net/bmc-redfish0/lower_enx1a5307973073: sysfs path undetected
[1756857426.661182] [eos0005:202398:0]            topo.c:848  UCX  DEBUG bmc-redfish0: pci bandwidth undetected, using maximal value
[1756857426.661260] [eos0005:202398:0]         tcp_net.c:61   UCX  DEBUG speed of bmc-redfish0 is UNKNOWN, assuming 100 Mbps
[1756857426.661362] [eos0005:202398:0]            topo.c:895  UCX  DEBUG /sys/class/net/bmc-redfish0/lower_enx1a5307973073: sysfs path undetected
[1756857426.661362] [eos0005:202398:0]            topo.c:848  UCX  DEBUG bmc-redfish0: pci bandwidth undetected, using maximal value
[1756857426.661413] [eos0005:202398:0]         tcp_net.c:61   UCX  DEBUG speed of bmc-redfish0 is UNKNOWN, assuming 100 Mbps
[1756857426.661505] [eos0005:202398:0]            topo.c:895  UCX  DEBUG /sys/class/net/bmc-redfish0/lower_enx1a5307973073: sysfs path undetected
[1756857426.661506] [eos0005:202398:0]            topo.c:848  UCX  DEBUG bmc-redfish0: pci bandwidth undetected, using maximal value
[1756857426.661524] [eos0005:202398:0]         tcp_net.c:61   UCX  DEBUG speed of bmc-redfish0 is UNKNOWN, assuming 100 Mbps
[1756857426.661677] [eos0005:202398:0]            topo.c:895  UCX  DEBUG /sys/class/net/bmc-redfish0/lower_enx1a5307973073: sysfs path undetected
[1756857426.661678] [eos0005:202398:0]            topo.c:848  UCX  DEBUG bmc-redfish0: pci bandwidth undetected, using maximal value
[1756857426.661696] [eos0005:202398:0]         tcp_net.c:61   UCX  DEBUG speed of bmc-redfish0 is UNKNOWN, assuming 100 Mbps
[1756857426.661740] [eos0005:202398:0]            topo.c:895  UCX  DEBUG /sys/class/net/bmc-redfish0/lower_enx1a5307973073: sysfs path undetected
[1756857426.661740] [eos0005:202398:0]            topo.c:848  UCX  DEBUG bmc-redfish0: pci bandwidth undetected, using maximal value
[1756857426.661841] [eos0005:202398:0]         tcp_net.c:61   UCX  DEBUG speed of bmc-redfish0 is UNKNOWN, assuming 100 Mbps
[1756857426.661912] [eos0005:202398:0]            topo.c:895  UCX  DEBUG /sys/class/net/bmc-redfish0/lower_enx1a5307973073: sysfs path undetected
[1756857426.661913] [eos0005:202398:0]            topo.c:848  UCX  DEBUG bmc-redfish0: pci bandwidth undetected, using maximal value
[1756857426.662169] [eos0005:202398:0]            topo.c:899  UCX  DEBUG /sys/class/net/eth3: PF sysfs path is '/sys/devices/pci0000:80/0000:80:05.0/0000:82:00.1'
[1756857426.662546] [eos0005:202398:0]            topo.c:899  UCX  DEBUG /sys/class/net/eth3: PF sysfs path is '/sys/devices/pci0000:80/0000:80:05.0/0000:82:00.1'
[1756857426.662835] [eos0005:202398:0]            topo.c:899  UCX  DEBUG /sys/class/net/eth3: PF sysfs path is '/sys/devices/pci0000:80/0000:80:05.0/0000:82:00.1'
[1756857426.663126] [eos0005:202398:0]            topo.c:899  UCX  DEBUG /sys/class/net/eth3: PF sysfs path is '/sys/devices/pci0000:80/0000:80:05.0/0000:82:00.1'
[1756857426.663425] [eos0005:202398:0]            topo.c:899  UCX  DEBUG /sys/class/net/eth3: PF sysfs path is '/sys/devices/pci0000:80/0000:80:05.0/0000:82:00.1'
[1756857426.663687] [eos0005:202398:0]            topo.c:899  UCX  DEBUG /sys/class/net/eth3: PF sysfs path is '/sys/devices/pci0000:80/0000:80:05.0/0000:82:00.1'
[1756857426.663982] [eos0005:202398:0]            topo.c:899  UCX  DEBUG /sys/class/net/eth3: PF sysfs path is '/sys/devices/pci0000:80/0000:80:05.0/0000:82:00.1'
[1756857426.664274] [eos0005:202398:0]            topo.c:899  UCX  DEBUG /sys/class/net/eth3: PF sysfs path is '/sys/devices/pci0000:80/0000:80:05.0/0000:82:00.1'
[1756857426.664732] [eos0005:202398:0]            topo.c:899  UCX  DEBUG /sys/class/net/eth3: PF sysfs path is '/sys/devices/pci0000:80/0000:80:05.0/0000:82:00.1'
[1756857426.664978] [eos0005:202398:0]            topo.c:899  UCX  DEBUG /sys/class/net/eth3: PF sysfs path is '/sys/devices/pci0000:80/0000:80:05.0/0000:82:00.1'
[1756857426.665672] [eos0005:202398:0]            topo.c:899  UCX  DEBUG /sys/class/net/eth3: PF sysfs path is '/sys/devices/pci0000:80/0000:80:05.0/0000:82:00.1'
[1756857426.665919] [eos0005:202398:0]            topo.c:899  UCX  DEBUG /sys/class/net/eth3: PF sysfs path is '/sys/devices/pci0000:80/0000:80:05.0/0000:82:00.1'
[1756857426.666362] [eos0005:202398:0]            topo.c:899  UCX  DEBUG /sys/class/net/eth3: PF sysfs path is '/sys/devices/pci0000:80/0000:80:05.0/0000:82:00.1'
[1756857426.666642] [eos0005:202398:0]            topo.c:899  UCX  DEBUG /sys/class/net/ibp154s0: PF sysfs path is '/sys/devices/pci0000:97/0000:97:01.0/0000:98:00.0/0000:99:00.0/0000:9a:00.0'
[1756857426.666948] [eos0005:202398:0]            topo.c:899  UCX  DEBUG /sys/class/net/ibp154s0: PF sysfs path is '/sys/devices/pci0000:97/0000:97:01.0/0000:98:00.0/0000:99:00.0/0000:9a:00.0'
[1756857426.667406] [eos0005:202398:0]            topo.c:899  UCX  DEBUG /sys/class/net/ibp154s0: PF sysfs path is '/sys/devices/pci0000:97/0000:97:01.0/0000:98:00.0/0000:99:00.0/0000:9a:00.0'
[1756857426.667896] [eos0005:202398:0]            topo.c:899  UCX  DEBUG /sys/class/net/ibp154s0: PF sysfs path is '/sys/devices/pci0000:97/0000:97:01.0/0000:98:00.0/0000:99:00.0/0000:9a:00.0'
[1756857426.668155] [eos0005:202398:0]            topo.c:899  UCX  DEBUG /sys/class/net/ibp154s0: PF sysfs path is '/sys/devices/pci0000:97/0000:97:01.0/0000:98:00.0/0000:99:00.0/0000:9a:00.0'
[1756857426.668442] [eos0005:202398:0]            topo.c:899  UCX  DEBUG /sys/class/net/ibp154s0: PF sysfs path is '/sys/devices/pci0000:97/0000:97:01.0/0000:98:00.0/0000:99:00.0/0000:9a:00.0'
[1756857426.668709] [eos0005:202398:0]            topo.c:899  UCX  DEBUG /sys/class/net/ibp154s0: PF sysfs path is '/sys/devices/pci0000:97/0000:97:01.0/0000:98:00.0/0000:99:00.0/0000:9a:00.0'
[1756857426.669197] [eos0005:202398:0]            topo.c:899  UCX  DEBUG /sys/class/net/ibp154s0: PF sysfs path is '/sys/devices/pci0000:97/0000:97:01.0/0000:98:00.0/0000:99:00.0/0000:9a:00.0'
[1756857426.669464] [eos0005:202398:0]            topo.c:899  UCX  DEBUG /sys/class/net/ibp154s0: PF sysfs path is '/sys/devices/pci0000:97/0000:97:01.0/0000:98:00.0/0000:99:00.0/0000:9a:00.0'
[1756857426.669752] [eos0005:202398:0]            topo.c:899  UCX  DEBUG /sys/class/net/ibp154s0: PF sysfs path is '/sys/devices/pci0000:97/0000:97:01.0/0000:98:00.0/0000:99:00.0/0000:9a:00.0'
[1756857426.670015] [eos0005:202398:0]            topo.c:899  UCX  DEBUG /sys/class/net/ibp154s0: PF sysfs path is '/sys/devices/pci0000:97/0000:97:01.0/0000:98:00.0/0000:99:00.0/0000:9a:00.0'
[1756857426.670287] [eos0005:202398:0]            topo.c:899  UCX  DEBUG /sys/class/net/ibp154s0: PF sysfs path is '/sys/devices/pci0000:97/0000:97:01.0/0000:98:00.0/0000:99:00.0/0000:9a:00.0'
[1756857426.670560] [eos0005:202398:0]            topo.c:899  UCX  DEBUG /sys/class/net/ibp154s0: PF sysfs path is '/sys/devices/pci0000:97/0000:97:01.0/0000:98:00.0/0000:99:00.0/0000:9a:00.0'
[1756857426.670852] [eos0005:202398:0]            topo.c:899  UCX  DEBUG /sys/class/net/ibp170s0f0: PF sysfs path is '/sys/devices/pci0000:a5/0000:a5:01.0/0000:a6:00.0/0000:a7:00.0/0000:a8:00.0/0000:a9:00.0/0000:aa:00.0'
[1756857426.671109] [eos0005:202398:0]            topo.c:899  UCX  DEBUG /sys/class/net/ibp170s0f0: PF sysfs path is '/sys/devices/pci0000:a5/0000:a5:01.0/0000:a6:00.0/0000:a7:00.0/0000:a8:00.0/0000:a9:00.0/0000:aa:00.0'
[1756857426.671460] [eos0005:202398:0]            topo.c:899  UCX  DEBUG /sys/class/net/ibp170s0f0: PF sysfs path is '/sys/devices/pci0000:a5/0000:a5:01.0/0000:a6:00.0/0000:a7:00.0/0000:a8:00.0/0000:a9:00.0/0000:aa:00.0'
[1756857426.671784] [eos0005:202398:0]            topo.c:899  UCX  DEBUG /sys/class/net/ibp170s0f0: PF sysfs path is '/sys/devices/pci0000:a5/0000:a5:01.0/0000:a6:00.0/0000:a7:00.0/0000:a8:00.0/0000:a9:00.0/0000:aa:00.0'
[1756857426.672183] [eos0005:202398:0]            topo.c:899  UCX  DEBUG /sys/class/net/ibp170s0f0: PF sysfs path is '/sys/devices/pci0000:a5/0000:a5:01.0/0000:a6:00.0/0000:a7:00.0/0000:a8:00.0/0000:a9:00.0/0000:aa:00.0'
[1756857426.672453] [eos0005:202398:0]            topo.c:899  UCX  DEBUG /sys/class/net/ibp170s0f0: PF sysfs path is '/sys/devices/pci0000:a5/0000:a5:01.0/0000:a6:00.0/0000:a7:00.0/0000:a8:00.0/0000:a9:00.0/0000:aa:00.0'
[1756857426.672860] [eos0005:202398:0]            topo.c:899  UCX  DEBUG /sys/class/net/ibp170s0f0: PF sysfs path is '/sys/devices/pci0000:a5/0000:a5:01.0/0000:a6:00.0/0000:a7:00.0/0000:a8:00.0/0000:a9:00.0/0000:aa:00.0'
[1756857426.673116] [eos0005:202398:0]            topo.c:899  UCX  DEBUG /sys/class/net/ibp170s0f0: PF sysfs path is '/sys/devices/pci0000:a5/0000:a5:01.0/0000:a6:00.0/0000:a7:00.0/0000:a8:00.0/0000:a9:00.0/0000:aa:00.0'
[1756857426.673314] [eos0005:202398:0]            topo.c:899  UCX  DEBUG /sys/class/net/ibp170s0f0: PF sysfs path is '/sys/devices/pci0000:a5/0000:a5:01.0/0000:a6:00.0/0000:a7:00.0/0000:a8:00.0/0000:a9:00.0/0000:aa:00.0'
[1756857426.673508] [eos0005:202398:0]            topo.c:899  UCX  DEBUG /sys/class/net/ibp170s0f0: PF sysfs path is '/sys/devices/pci0000:a5/0000:a5:01.0/0000:a6:00.0/0000:a7:00.0/0000:a8:00.0/0000:a9:00.0/0000:aa:00.0'
[1756857426.673702] [eos0005:202398:0]            topo.c:899  UCX  DEBUG /sys/class/net/ibp170s0f0: PF sysfs path is '/sys/devices/pci0000:a5/0000:a5:01.0/0000:a6:00.0/0000:a7:00.0/0000:a8:00.0/0000:a9:00.0/0000:aa:00.0'
[1756857426.673897] [eos0005:202398:0]            topo.c:899  UCX  DEBUG /sys/class/net/ibp170s0f0: PF sysfs path is '/sys/devices/pci0000:a5/0000:a5:01.0/0000:a6:00.0/0000:a7:00.0/0000:a8:00.0/0000:a9:00.0/0000:aa:00.0'
[1756857426.674091] [eos0005:202398:0]            topo.c:899  UCX  DEBUG /sys/class/net/ibp170s0f0: PF sysfs path is '/sys/devices/pci0000:a5/0000:a5:01.0/0000:a6:00.0/0000:a7:00.0/0000:a8:00.0/0000:a9:00.0/0000:aa:00.0'
[1756857426.674399] [eos0005:202398:0]            topo.c:899  UCX  DEBUG /sys/class/net/ibp192s0: PF sysfs path is '/sys/devices/pci0000:bd/0000:bd:01.0/0000:be:00.0/0000:bf:00.0/0000:c0:00.0'
[1756857426.674653] [eos0005:202398:0]            topo.c:899  UCX  DEBUG /sys/class/net/ibp192s0: PF sysfs path is '/sys/devices/pci0000:bd/0000:bd:01.0/0000:be:00.0/0000:bf:00.0/0000:c0:00.0'
[1756857426.674849] [eos0005:202398:0]            topo.c:899  UCX  DEBUG /sys/class/net/ibp192s0: PF sysfs path is '/sys/devices/pci0000:bd/0000:bd:01.0/0000:be:00.0/0000:bf:00.0/0000:c0:00.0'
[1756857426.675104] [eos0005:202398:0]            topo.c:899  UCX  DEBUG /sys/class/net/ibp192s0: PF sysfs path is '/sys/devices/pci0000:bd/0000:bd:01.0/0000:be:00.0/0000:bf:00.0/0000:c0:00.0'
[1756857426.675301] [eos0005:202398:0]            topo.c:899  UCX  DEBUG /sys/class/net/ibp192s0: PF sysfs path is '/sys/devices/pci0000:bd/0000:bd:01.0/0000:be:00.0/0000:bf:00.0/0000:c0:00.0'
[1756857426.675541] [eos0005:202398:0]            topo.c:899  UCX  DEBUG /sys/class/net/ibp192s0: PF sysfs path is '/sys/devices/pci0000:bd/0000:bd:01.0/0000:be:00.0/0000:bf:00.0/0000:c0:00.0'
[1756857426.675738] [eos0005:202398:0]            topo.c:899  UCX  DEBUG /sys/class/net/ibp192s0: PF sysfs path is '/sys/devices/pci0000:bd/0000:bd:01.0/0000:be:00.0/0000:bf:00.0/0000:c0:00.0'
[1756857426.675936] [eos0005:202398:0]            topo.c:899  UCX  DEBUG /sys/class/net/ibp192s0: PF sysfs path is '/sys/devices/pci0000:bd/0000:bd:01.0/0000:be:00.0/0000:bf:00.0/0000:c0:00.0'
[1756857426.676175] [eos0005:202398:0]            topo.c:899  UCX  DEBUG /sys/class/net/ibp192s0: PF sysfs path is '/sys/devices/pci0000:bd/0000:bd:01.0/0000:be:00.0/0000:bf:00.0/0000:c0:00.0'
[1756857426.676431] [eos0005:202398:0]            topo.c:899  UCX  DEBUG /sys/class/net/ibp192s0: PF sysfs path is '/sys/devices/pci0000:bd/0000:bd:01.0/0000:be:00.0/0000:bf:00.0/0000:c0:00.0'
[1756857426.676688] [eos0005:202398:0]            topo.c:899  UCX  DEBUG /sys/class/net/ibp192s0: PF sysfs path is '/sys/devices/pci0000:bd/0000:bd:01.0/0000:be:00.0/0000:bf:00.0/0000:c0:00.0'
[1756857426.676889] [eos0005:202398:0]            topo.c:899  UCX  DEBUG /sys/class/net/ibp192s0: PF sysfs path is '/sys/devices/pci0000:bd/0000:bd:01.0/0000:be:00.0/0000:bf:00.0/0000:c0:00.0'
[1756857426.677133] [eos0005:202398:0]            topo.c:899  UCX  DEBUG /sys/class/net/ibp192s0: PF sysfs path is '/sys/devices/pci0000:bd/0000:bd:01.0/0000:be:00.0/0000:bf:00.0/0000:c0:00.0'
[1756857426.677358] [eos0005:202398:0]            topo.c:899  UCX  DEBUG /sys/class/net/ibp206s0: PF sysfs path is '/sys/devices/pci0000:cb/0000:cb:01.0/0000:cc:00.0/0000:cd:00.0/0000:ce:00.0'
[1756857426.677481] [eos0005:202398:0]            topo.c:899  UCX  DEBUG /sys/class/net/ibp206s0: PF sysfs path is '/sys/devices/pci0000:cb/0000:cb:01.0/0000:cc:00.0/0000:cd:00.0/0000:ce:00.0'
[1756857426.677597] [eos0005:202398:0]            topo.c:899  UCX  DEBUG /sys/class/net/ibp206s0: PF sysfs path is '/sys/devices/pci0000:cb/0000:cb:01.0/0000:cc:00.0/0000:cd:00.0/0000:ce:00.0'
[1756857426.677787] [eos0005:202398:0]            topo.c:899  UCX  DEBUG /sys/class/net/ibp206s0: PF sysfs path is '/sys/devices/pci0000:cb/0000:cb:01.0/0000:cc:00.0/0000:cd:00.0/0000:ce:00.0'
[1756857426.677978] [eos0005:202398:0]            topo.c:899  UCX  DEBUG /sys/class/net/ibp206s0: PF sysfs path is '/sys/devices/pci0000:cb/0000:cb:01.0/0000:cc:00.0/0000:cd:00.0/0000:ce:00.0'
[1756857426.678167] [eos0005:202398:0]            topo.c:899  UCX  DEBUG /sys/class/net/ibp206s0: PF sysfs path is '/sys/devices/pci0000:cb/0000:cb:01.0/0000:cc:00.0/0000:cd:00.0/0000:ce:00.0'
[1756857426.678419] [eos0005:202398:0]            topo.c:899  UCX  DEBUG /sys/class/net/ibp206s0: PF sysfs path is '/sys/devices/pci0000:cb/0000:cb:01.0/0000:cc:00.0/0000:cd:00.0/0000:ce:00.0'
[1756857426.678602] [eos0005:202398:0]            topo.c:899  UCX  DEBUG /sys/class/net/ibp206s0: PF sysfs path is '/sys/devices/pci0000:cb/0000:cb:01.0/0000:cc:00.0/0000:cd:00.0/0000:ce:00.0'
[1756857426.678843] [eos0005:202398:0]            topo.c:899  UCX  DEBUG /sys/class/net/ibp206s0: PF sysfs path is '/sys/devices/pci0000:cb/0000:cb:01.0/0000:cc:00.0/0000:cd:00.0/0000:ce:00.0'
[1756857426.679032] [eos0005:202398:0]            topo.c:899  UCX  DEBUG /sys/class/net/ibp206s0: PF sysfs path is '/sys/devices/pci0000:cb/0000:cb:01.0/0000:cc:00.0/0000:cd:00.0/0000:ce:00.0'
[1756857426.679148] [eos0005:202398:0]            topo.c:899  UCX  DEBUG /sys/class/net/ibp206s0: PF sysfs path is '/sys/devices/pci0000:cb/0000:cb:01.0/0000:cc:00.0/0000:cd:00.0/0000:ce:00.0'
[1756857426.679346] [eos0005:202398:0]            topo.c:899  UCX  DEBUG /sys/class/net/ibp206s0: PF sysfs path is '/sys/devices/pci0000:cb/0000:cb:01.0/0000:cc:00.0/0000:cd:00.0/0000:ce:00.0'
[1756857426.679534] [eos0005:202398:0]            topo.c:899  UCX  DEBUG /sys/class/net/ibp206s0: PF sysfs path is '/sys/devices/pci0000:cb/0000:cb:01.0/0000:cc:00.0/0000:cd:00.0/0000:ce:00.0'
[1756857426.679763] [eos0005:202398:0]            topo.c:899  UCX  DEBUG /sys/class/net/ibp220s0: PF sysfs path is '/sys/devices/pci0000:d9/0000:d9:01.0/0000:da:00.0/0000:db:00.0/0000:dc:00.0'
[1756857426.679883] [eos0005:202398:0]            topo.c:899  UCX  DEBUG /sys/class/net/ibp220s0: PF sysfs path is '/sys/devices/pci0000:d9/0000:d9:01.0/0000:da:00.0/0000:db:00.0/0000:dc:00.0'
[1756857426.679997] [eos0005:202398:0]            topo.c:899  UCX  DEBUG /sys/class/net/ibp220s0: PF sysfs path is '/sys/devices/pci0000:d9/0000:d9:01.0/0000:da:00.0/0000:db:00.0/0000:dc:00.0'
[1756857426.680188] [eos0005:202398:0]            topo.c:899  UCX  DEBUG /sys/class/net/ibp220s0: PF sysfs path is '/sys/devices/pci0000:d9/0000:d9:01.0/0000:da:00.0/0000:db:00.0/0000:dc:00.0'
[1756857426.680373] [eos0005:202398:0]            topo.c:899  UCX  DEBUG /sys/class/net/ibp220s0: PF sysfs path is '/sys/devices/pci0000:d9/0000:d9:01.0/0000:da:00.0/0000:db:00.0/0000:dc:00.0'
[1756857426.680623] [eos0005:202398:0]            topo.c:899  UCX  DEBUG /sys/class/net/ibp220s0: PF sysfs path is '/sys/devices/pci0000:d9/0000:d9:01.0/0000:da:00.0/0000:db:00.0/0000:dc:00.0'
[1756857426.680808] [eos0005:202398:0]            topo.c:899  UCX  DEBUG /sys/class/net/ibp220s0: PF sysfs path is '/sys/devices/pci0000:d9/0000:d9:01.0/0000:da:00.0/0000:db:00.0/0000:dc:00.0'
[1756857426.680992] [eos0005:202398:0]            topo.c:899  UCX  DEBUG /sys/class/net/ibp220s0: PF sysfs path is '/sys/devices/pci0000:d9/0000:d9:01.0/0000:da:00.0/0000:db:00.0/0000:dc:00.0'
[1756857426.681196] [eos0005:202398:0]            topo.c:899  UCX  DEBUG /sys/class/net/ibp220s0: PF sysfs path is '/sys/devices/pci0000:d9/0000:d9:01.0/0000:da:00.0/0000:db:00.0/0000:dc:00.0'
[1756857426.681375] [eos0005:202398:0]            topo.c:899  UCX  DEBUG /sys/class/net/ibp220s0: PF sysfs path is '/sys/devices/pci0000:d9/0000:d9:01.0/0000:da:00.0/0000:db:00.0/0000:dc:00.0'
[1756857426.681562] [eos0005:202398:0]            topo.c:899  UCX  DEBUG /sys/class/net/ibp220s0: PF sysfs path is '/sys/devices/pci0000:d9/0000:d9:01.0/0000:da:00.0/0000:db:00.0/0000:dc:00.0'
[1756857426.681748] [eos0005:202398:0]            topo.c:899  UCX  DEBUG /sys/class/net/ibp220s0: PF sysfs path is '/sys/devices/pci0000:d9/0000:d9:01.0/0000:da:00.0/0000:db:00.0/0000:dc:00.0'
[1756857426.682004] [eos0005:202398:0]            topo.c:899  UCX  DEBUG /sys/class/net/ibp220s0: PF sysfs path is '/sys/devices/pci0000:d9/0000:d9:01.0/0000:da:00.0/0000:db:00.0/0000:dc:00.0'
[1756857426.682244] [eos0005:202398:0]            topo.c:899  UCX  DEBUG /sys/class/net/ibp24s0: PF sysfs path is '/sys/devices/pci0000:15/0000:15:01.0/0000:16:00.0/0000:17:00.0/0000:18:00.0'
[1756857426.682430] [eos0005:202398:0]            topo.c:899  UCX  DEBUG /sys/class/net/ibp24s0: PF sysfs path is '/sys/devices/pci0000:15/0000:15:01.0/0000:16:00.0/0000:17:00.0/0000:18:00.0'
[1756857426.682622] [eos0005:202398:0]            topo.c:899  UCX  DEBUG /sys/class/net/ibp24s0: PF sysfs path is '/sys/devices/pci0000:15/0000:15:01.0/0000:16:00.0/0000:17:00.0/0000:18:00.0'
[1756857426.682828] [eos0005:202398:0]            topo.c:899  UCX  DEBUG /sys/class/net/ibp24s0: PF sysfs path is '/sys/devices/pci0000:15/0000:15:01.0/0000:16:00.0/0000:17:00.0/0000:18:00.0'
[1756857426.682946] [eos0005:202398:0]            topo.c:899  UCX  DEBUG /sys/class/net/ibp24s0: PF sysfs path is '/sys/devices/pci0000:15/0000:15:01.0/0000:16:00.0/0000:17:00.0/0000:18:00.0'
[1756857426.683139] [eos0005:202398:0]            topo.c:899  UCX  DEBUG /sys/class/net/ibp24s0: PF sysfs path is '/sys/devices/pci0000:15/0000:15:01.0/0000:16:00.0/0000:17:00.0/0000:18:00.0'
[1756857426.683410] [eos0005:202398:0]            topo.c:899  UCX  DEBUG /sys/class/net/ibp24s0: PF sysfs path is '/sys/devices/pci0000:15/0000:15:01.0/0000:16:00.0/0000:17:00.0/0000:18:00.0'
[1756857426.683588] [eos0005:202398:0]            topo.c:899  UCX  DEBUG /sys/class/net/ibp24s0: PF sysfs path is '/sys/devices/pci0000:15/0000:15:01.0/0000:16:00.0/0000:17:00.0/0000:18:00.0'
[1756857426.683773] [eos0005:202398:0]            topo.c:899  UCX  DEBUG /sys/class/net/ibp24s0: PF sysfs path is '/sys/devices/pci0000:15/0000:15:01.0/0000:16:00.0/0000:17:00.0/0000:18:00.0'
[1756857426.683956] [eos0005:202398:0]            topo.c:899  UCX  DEBUG /sys/class/net/ibp24s0: PF sysfs path is '/sys/devices/pci0000:15/0000:15:01.0/0000:16:00.0/0000:17:00.0/0000:18:00.0'
[1756857426.684138] [eos0005:202398:0]            topo.c:899  UCX  DEBUG /sys/class/net/ibp24s0: PF sysfs path is '/sys/devices/pci0000:15/0000:15:01.0/0000:16:00.0/0000:17:00.0/0000:18:00.0'
[1756857426.684384] [eos0005:202398:0]            topo.c:899  UCX  DEBUG /sys/class/net/ibp24s0: PF sysfs path is '/sys/devices/pci0000:15/0000:15:01.0/0000:16:00.0/0000:17:00.0/0000:18:00.0'
[1756857426.684572] [eos0005:202398:0]            topo.c:899  UCX  DEBUG /sys/class/net/ibp24s0: PF sysfs path is '/sys/devices/pci0000:15/0000:15:01.0/0000:16:00.0/0000:17:00.0/0000:18:00.0'
[1756857426.684805] [eos0005:202398:0]            topo.c:899  UCX  DEBUG /sys/class/net/ibp41s0f0: PF sysfs path is '/sys/devices/pci0000:24/0000:24:01.0/0000:25:00.0/0000:26:00.0/0000:27:00.0/0000:28:00.0/0000:29:00.0'
[1756857426.684985] [eos0005:202398:0]            topo.c:899  UCX  DEBUG /sys/class/net/ibp41s0f0: PF sysfs path is '/sys/devices/pci0000:24/0000:24:01.0/0000:25:00.0/0000:26:00.0/0000:27:00.0/0000:28:00.0/0000:29:00.0'
[1756857426.685180] [eos0005:202398:0]            topo.c:899  UCX  DEBUG /sys/class/net/ibp41s0f0: PF sysfs path is '/sys/devices/pci0000:24/0000:24:01.0/0000:25:00.0/0000:26:00.0/0000:27:00.0/0000:28:00.0/0000:29:00.0'
[1756857426.685377] [eos0005:202398:0]            topo.c:899  UCX  DEBUG /sys/class/net/ibp41s0f0: PF sysfs path is '/sys/devices/pci0000:24/0000:24:01.0/0000:25:00.0/0000:26:00.0/0000:27:00.0/0000:28:00.0/0000:29:00.0'
[1756857426.685572] [eos0005:202398:0]            topo.c:899  UCX  DEBUG /sys/class/net/ibp41s0f0: PF sysfs path is '/sys/devices/pci0000:24/0000:24:01.0/0000:25:00.0/0000:26:00.0/0000:27:00.0/0000:28:00.0/0000:29:00.0'
[1756857426.685764] [eos0005:202398:0]            topo.c:899  UCX  DEBUG /sys/class/net/ibp41s0f0: PF sysfs path is '/sys/devices/pci0000:24/0000:24:01.0/0000:25:00.0/0000:26:00.0/0000:27:00.0/0000:28:00.0/0000:29:00.0'
[1756857426.685960] [eos0005:202398:0]            topo.c:899  UCX  DEBUG /sys/class/net/ibp41s0f0: PF sysfs path is '/sys/devices/pci0000:24/0000:24:01.0/0000:25:00.0/0000:26:00.0/0000:27:00.0/0000:28:00.0/0000:29:00.0'
[1756857426.686170] [eos0005:202398:0]            topo.c:899  UCX  DEBUG /sys/class/net/ibp41s0f0: PF sysfs path is '/sys/devices/pci0000:24/0000:24:01.0/0000:25:00.0/0000:26:00.0/0000:27:00.0/0000:28:00.0/0000:29:00.0'
[1756857426.686426] [eos0005:202398:0]            topo.c:899  UCX  DEBUG /sys/class/net/ibp41s0f0: PF sysfs path is '/sys/devices/pci0000:24/0000:24:01.0/0000:25:00.0/0000:26:00.0/0000:27:00.0/0000:28:00.0/0000:29:00.0'
[1756857426.686681] [eos0005:202398:0]            topo.c:899  UCX  DEBUG /sys/class/net/ibp41s0f0: PF sysfs path is '/sys/devices/pci0000:24/0000:24:01.0/0000:25:00.0/0000:26:00.0/0000:27:00.0/0000:28:00.0/0000:29:00.0'
[1756857426.686871] [eos0005:202398:0]            topo.c:899  UCX  DEBUG /sys/class/net/ibp41s0f0: PF sysfs path is '/sys/devices/pci0000:24/0000:24:01.0/0000:25:00.0/0000:26:00.0/0000:27:00.0/0000:28:00.0/0000:29:00.0'
[1756857426.687062] [eos0005:202398:0]            topo.c:899  UCX  DEBUG /sys/class/net/ibp41s0f0: PF sysfs path is '/sys/devices/pci0000:24/0000:24:01.0/0000:25:00.0/0000:26:00.0/0000:27:00.0/0000:28:00.0/0000:29:00.0'
[1756857426.687260] [eos0005:202398:0]            topo.c:899  UCX  DEBUG /sys/class/net/ibp41s0f0: PF sysfs path is '/sys/devices/pci0000:24/0000:24:01.0/0000:25:00.0/0000:26:00.0/0000:27:00.0/0000:28:00.0/0000:29:00.0'
[1756857426.687599] [eos0005:202398:0]            topo.c:899  UCX  DEBUG /sys/class/net/ibp64s0: PF sysfs path is '/sys/devices/pci0000:3d/0000:3d:01.0/0000:3e:00.0/0000:3f:00.0/0000:40:00.0'
[1756857426.687848] [eos0005:202398:0]            topo.c:899  UCX  DEBUG /sys/class/net/ibp64s0: PF sysfs path is '/sys/devices/pci0000:3d/0000:3d:01.0/0000:3e:00.0/0000:3f:00.0/0000:40:00.0'
[1756857426.687969] [eos0005:202398:0]            topo.c:899  UCX  DEBUG /sys/class/net/ibp64s0: PF sysfs path is '/sys/devices/pci0000:3d/0000:3d:01.0/0000:3e:00.0/0000:3f:00.0/0000:40:00.0'
[1756857426.688162] [eos0005:202398:0]            topo.c:899  UCX  DEBUG /sys/class/net/ibp64s0: PF sysfs path is '/sys/devices/pci0000:3d/0000:3d:01.0/0000:3e:00.0/0000:3f:00.0/0000:40:00.0'
[1756857426.688359] [eos0005:202398:0]            topo.c:899  UCX  DEBUG /sys/class/net/ibp64s0: PF sysfs path is '/sys/devices/pci0000:3d/0000:3d:01.0/0000:3e:00.0/0000:3f:00.0/0000:40:00.0'
[1756857426.688552] [eos0005:202398:0]            topo.c:899  UCX  DEBUG /sys/class/net/ibp64s0: PF sysfs path is '/sys/devices/pci0000:3d/0000:3d:01.0/0000:3e:00.0/0000:3f:00.0/0000:40:00.0'
[1756857426.688747] [eos0005:202398:0]            topo.c:899  UCX  DEBUG /sys/class/net/ibp64s0: PF sysfs path is '/sys/devices/pci0000:3d/0000:3d:01.0/0000:3e:00.0/0000:3f:00.0/0000:40:00.0'
[1756857426.688936] [eos0005:202398:0]            topo.c:899  UCX  DEBUG /sys/class/net/ibp64s0: PF sysfs path is '/sys/devices/pci0000:3d/0000:3d:01.0/0000:3e:00.0/0000:3f:00.0/0000:40:00.0'
[1756857426.689130] [eos0005:202398:0]            topo.c:899  UCX  DEBUG /sys/class/net/ibp64s0: PF sysfs path is '/sys/devices/pci0000:3d/0000:3d:01.0/0000:3e:00.0/0000:3f:00.0/0000:40:00.0'
[1756857426.689324] [eos0005:202398:0]            topo.c:899  UCX  DEBUG /sys/class/net/ibp64s0: PF sysfs path is '/sys/devices/pci0000:3d/0000:3d:01.0/0000:3e:00.0/0000:3f:00.0/0000:40:00.0'
[1756857426.689519] [eos0005:202398:0]            topo.c:899  UCX  DEBUG /sys/class/net/ibp64s0: PF sysfs path is '/sys/devices/pci0000:3d/0000:3d:01.0/0000:3e:00.0/0000:3f:00.0/0000:40:00.0'
[1756857426.689714] [eos0005:202398:0]            topo.c:899  UCX  DEBUG /sys/class/net/ibp64s0: PF sysfs path is '/sys/devices/pci0000:3d/0000:3d:01.0/0000:3e:00.0/0000:3f:00.0/0000:40:00.0'
[1756857426.689918] [eos0005:202398:0]            topo.c:899  UCX  DEBUG /sys/class/net/ibp64s0: PF sysfs path is '/sys/devices/pci0000:3d/0000:3d:01.0/0000:3e:00.0/0000:3f:00.0/0000:40:00.0'
[1756857426.690162] [eos0005:202398:0]            topo.c:899  UCX  DEBUG /sys/class/net/ibp79s0: PF sysfs path is '/sys/devices/pci0000:4c/0000:4c:01.0/0000:4d:00.0/0000:4e:00.0/0000:4f:00.0'
[1756857426.690364] [eos0005:202398:0]            topo.c:899  UCX  DEBUG /sys/class/net/ibp79s0: PF sysfs path is '/sys/devices/pci0000:4c/0000:4c:01.0/0000:4d:00.0/0000:4e:00.0/0000:4f:00.0'
[1756857426.690558] [eos0005:202398:0]            topo.c:899  UCX  DEBUG /sys/class/net/ibp79s0: PF sysfs path is '/sys/devices/pci0000:4c/0000:4c:01.0/0000:4d:00.0/0000:4e:00.0/0000:4f:00.0'
[1756857426.690819] [eos0005:202398:0]            topo.c:899  UCX  DEBUG /sys/class/net/ibp79s0: PF sysfs path is '/sys/devices/pci0000:4c/0000:4c:01.0/0000:4d:00.0/0000:4e:00.0/0000:4f:00.0'
[1756857426.691087] [eos0005:202398:0]            topo.c:899  UCX  DEBUG /sys/class/net/ibp79s0: PF sysfs path is '/sys/devices/pci0000:4c/0000:4c:01.0/0000:4d:00.0/0000:4e:00.0/0000:4f:00.0'
[1756857426.691296] [eos0005:202398:0]            topo.c:899  UCX  DEBUG /sys/class/net/ibp79s0: PF sysfs path is '/sys/devices/pci0000:4c/0000:4c:01.0/0000:4d:00.0/0000:4e:00.0/0000:4f:00.0'
[1756857426.691496] [eos0005:202398:0]            topo.c:899  UCX  DEBUG /sys/class/net/ibp79s0: PF sysfs path is '/sys/devices/pci0000:4c/0000:4c:01.0/0000:4d:00.0/0000:4e:00.0/0000:4f:00.0'
[1756857426.691732] [eos0005:202398:0]            topo.c:899  UCX  DEBUG /sys/class/net/ibp79s0: PF sysfs path is '/sys/devices/pci0000:4c/0000:4c:01.0/0000:4d:00.0/0000:4e:00.0/0000:4f:00.0'
[1756857426.691925] [eos0005:202398:0]            topo.c:899  UCX  DEBUG /sys/class/net/ibp79s0: PF sysfs path is '/sys/devices/pci0000:4c/0000:4c:01.0/0000:4d:00.0/0000:4e:00.0/0000:4f:00.0'
[1756857426.692119] [eos0005:202398:0]            topo.c:899  UCX  DEBUG /sys/class/net/ibp79s0: PF sysfs path is '/sys/devices/pci0000:4c/0000:4c:01.0/0000:4d:00.0/0000:4e:00.0/0000:4f:00.0'
[1756857426.692315] [eos0005:202398:0]            topo.c:899  UCX  DEBUG /sys/class/net/ibp79s0: PF sysfs path is '/sys/devices/pci0000:4c/0000:4c:01.0/0000:4d:00.0/0000:4e:00.0/0000:4f:00.0'
[1756857426.692571] [eos0005:202398:0]            topo.c:899  UCX  DEBUG /sys/class/net/ibp79s0: PF sysfs path is '/sys/devices/pci0000:4c/0000:4c:01.0/0000:4d:00.0/0000:4e:00.0/0000:4f:00.0'
[1756857426.692693] [eos0005:202398:0]            topo.c:899  UCX  DEBUG /sys/class/net/ibp79s0: PF sysfs path is '/sys/devices/pci0000:4c/0000:4c:01.0/0000:4d:00.0/0000:4e:00.0/0000:4f:00.0'
[1756857426.692985] [eos0005:202398:0]            topo.c:899  UCX  DEBUG /sys/class/net/ibp94s0: PF sysfs path is '/sys/devices/pci0000:5b/0000:5b:01.0/0000:5c:00.0/0000:5d:00.0/0000:5e:00.0'
[1756857426.693182] [eos0005:202398:0]            topo.c:899  UCX  DEBUG /sys/class/net/ibp94s0: PF sysfs path is '/sys/devices/pci0000:5b/0000:5b:01.0/0000:5c:00.0/0000:5d:00.0/0000:5e:00.0'
[1756857426.693386] [eos0005:202398:0]            topo.c:899  UCX  DEBUG /sys/class/net/ibp94s0: PF sysfs path is '/sys/devices/pci0000:5b/0000:5b:01.0/0000:5c:00.0/0000:5d:00.0/0000:5e:00.0'
[1756857426.693585] [eos0005:202398:0]            topo.c:899  UCX  DEBUG /sys/class/net/ibp94s0: PF sysfs path is '/sys/devices/pci0000:5b/0000:5b:01.0/0000:5c:00.0/0000:5d:00.0/0000:5e:00.0'
[1756857426.693782] [eos0005:202398:0]            topo.c:899  UCX  DEBUG /sys/class/net/ibp94s0: PF sysfs path is '/sys/devices/pci0000:5b/0000:5b:01.0/0000:5c:00.0/0000:5d:00.0/0000:5e:00.0'
[1756857426.693984] [eos0005:202398:0]            topo.c:899  UCX  DEBUG /sys/class/net/ibp94s0: PF sysfs path is '/sys/devices/pci0000:5b/0000:5b:01.0/0000:5c:00.0/0000:5d:00.0/0000:5e:00.0'
[1756857426.694178] [eos0005:202398:0]            topo.c:899  UCX  DEBUG /sys/class/net/ibp94s0: PF sysfs path is '/sys/devices/pci0000:5b/0000:5b:01.0/0000:5c:00.0/0000:5d:00.0/0000:5e:00.0'
[1756857426.694371] [eos0005:202398:0]            topo.c:899  UCX  DEBUG /sys/class/net/ibp94s0: PF sysfs path is '/sys/devices/pci0000:5b/0000:5b:01.0/0000:5c:00.0/0000:5d:00.0/0000:5e:00.0'
[1756857426.694568] [eos0005:202398:0]            topo.c:899  UCX  DEBUG /sys/class/net/ibp94s0: PF sysfs path is '/sys/devices/pci0000:5b/0000:5b:01.0/0000:5c:00.0/0000:5d:00.0/0000:5e:00.0'
[1756857426.694771] [eos0005:202398:0]            topo.c:899  UCX  DEBUG /sys/class/net/ibp94s0: PF sysfs path is '/sys/devices/pci0000:5b/0000:5b:01.0/0000:5c:00.0/0000:5d:00.0/0000:5e:00.0'
[1756857426.694966] [eos0005:202398:0]            topo.c:899  UCX  DEBUG /sys/class/net/ibp94s0: PF sysfs path is '/sys/devices/pci0000:5b/0000:5b:01.0/0000:5c:00.0/0000:5d:00.0/0000:5e:00.0'
[1756857426.695084] [eos0005:202398:0]            topo.c:899  UCX  DEBUG /sys/class/net/ibp94s0: PF sysfs path is '/sys/devices/pci0000:5b/0000:5b:01.0/0000:5c:00.0/0000:5d:00.0/0000:5e:00.0'
[1756857426.695355] [eos0005:202398:0]            topo.c:899  UCX  DEBUG /sys/class/net/ibp94s0: PF sysfs path is '/sys/devices/pci0000:5b/0000:5b:01.0/0000:5c:00.0/0000:5d:00.0/0000:5e:00.0'
[1756857426.695395] [eos0005:202398:0]            sock.c:90   UCX  DEBUG ioctl(req=35142, ifr_name=lo) failed: Operation not supported
[1756857426.695396] [eos0005:202398:0]         tcp_net.c:61   UCX  DEBUG speed of lo is UNKNOWN, assuming 100 Mbps
[1756857426.695429] [eos0005:202398:0]            topo.c:895  UCX  DEBUG /sys/class/net/lo: sysfs path undetected
[1756857426.695430] [eos0005:202398:0]            topo.c:848  UCX  DEBUG lo: pci bandwidth undetected, using maximal value
[1756857426.695463] [eos0005:202398:0]            sock.c:90   UCX  DEBUG ioctl(req=35142, ifr_name=lo) failed: Operation not supported
[1756857426.695464] [eos0005:202398:0]         tcp_net.c:61   UCX  DEBUG speed of lo is UNKNOWN, assuming 100 Mbps
[1756857426.695490] [eos0005:202398:0]            topo.c:895  UCX  DEBUG /sys/class/net/lo: sysfs path undetected
[1756857426.695490] [eos0005:202398:0]            topo.c:848  UCX  DEBUG lo: pci bandwidth undetected, using maximal value
[1756857426.695595] [eos0005:202398:0]            sock.c:90   UCX  DEBUG ioctl(req=35142, ifr_name=lo) failed: Operation not supported
[1756857426.695597] [eos0005:202398:0]         tcp_net.c:61   UCX  DEBUG speed of lo is UNKNOWN, assuming 100 Mbps
[1756857426.695622] [eos0005:202398:0]            topo.c:895  UCX  DEBUG /sys/class/net/lo: sysfs path undetected
[1756857426.695623] [eos0005:202398:0]            topo.c:848  UCX  DEBUG lo: pci bandwidth undetected, using maximal value
[1756857426.695671] [eos0005:202398:0]            sock.c:90   UCX  DEBUG ioctl(req=35142, ifr_name=lo) failed: Operation not supported
[1756857426.695673] [eos0005:202398:0]         tcp_net.c:61   UCX  DEBUG speed of lo is UNKNOWN, assuming 100 Mbps
[1756857426.695700] [eos0005:202398:0]            topo.c:895  UCX  DEBUG /sys/class/net/lo: sysfs path undetected
[1756857426.695701] [eos0005:202398:0]            topo.c:848  UCX  DEBUG lo: pci bandwidth undetected, using maximal value
[1756857426.695741] [eos0005:202398:0]            sock.c:90   UCX  DEBUG ioctl(req=35142, ifr_name=lo) failed: Operation not supported
[1756857426.695742] [eos0005:202398:0]         tcp_net.c:61   UCX  DEBUG speed of lo is UNKNOWN, assuming 100 Mbps
[1756857426.695767] [eos0005:202398:0]            topo.c:895  UCX  DEBUG /sys/class/net/lo: sysfs path undetected
[1756857426.695768] [eos0005:202398:0]            topo.c:848  UCX  DEBUG lo: pci bandwidth undetected, using maximal value
[1756857426.695806] [eos0005:202398:0]            sock.c:90   UCX  DEBUG ioctl(req=35142, ifr_name=lo) failed: Operation not supported
[1756857426.695808] [eos0005:202398:0]         tcp_net.c:61   UCX  DEBUG speed of lo is UNKNOWN, assuming 100 Mbps
[1756857426.695836] [eos0005:202398:0]            topo.c:895  UCX  DEBUG /sys/class/net/lo: sysfs path undetected
[1756857426.695837] [eos0005:202398:0]            topo.c:848  UCX  DEBUG lo: pci bandwidth undetected, using maximal value
[1756857426.695873] [eos0005:202398:0]            sock.c:90   UCX  DEBUG ioctl(req=35142, ifr_name=lo) failed: Operation not supported
[1756857426.695874] [eos0005:202398:0]         tcp_net.c:61   UCX  DEBUG speed of lo is UNKNOWN, assuming 100 Mbps
[1756857426.695899] [eos0005:202398:0]            topo.c:895  UCX  DEBUG /sys/class/net/lo: sysfs path undetected
[1756857426.695900] [eos0005:202398:0]            topo.c:848  UCX  DEBUG lo: pci bandwidth undetected, using maximal value
[1756857426.695948] [eos0005:202398:0]            sock.c:90   UCX  DEBUG ioctl(req=35142, ifr_name=lo) failed: Operation not supported
[1756857426.695949] [eos0005:202398:0]         tcp_net.c:61   UCX  DEBUG speed of lo is UNKNOWN, assuming 100 Mbps
[1756857426.695982] [eos0005:202398:0]            topo.c:895  UCX  DEBUG /sys/class/net/lo: sysfs path undetected
[1756857426.695982] [eos0005:202398:0]            topo.c:848  UCX  DEBUG lo: pci bandwidth undetected, using maximal value
[1756857426.696019] [eos0005:202398:0]            sock.c:90   UCX  DEBUG ioctl(req=35142, ifr_name=lo) failed: Operation not supported
[1756857426.696021] [eos0005:202398:0]         tcp_net.c:61   UCX  DEBUG speed of lo is UNKNOWN, assuming 100 Mbps
[1756857426.696046] [eos0005:202398:0]            topo.c:895  UCX  DEBUG /sys/class/net/lo: sysfs path undetected
[1756857426.696047] [eos0005:202398:0]            topo.c:848  UCX  DEBUG lo: pci bandwidth undetected, using maximal value
[1756857426.696086] [eos0005:202398:0]            sock.c:90   UCX  DEBUG ioctl(req=35142, ifr_name=lo) failed: Operation not supported
[1756857426.696087] [eos0005:202398:0]         tcp_net.c:61   UCX  DEBUG speed of lo is UNKNOWN, assuming 100 Mbps
[1756857426.696115] [eos0005:202398:0]            topo.c:895  UCX  DEBUG /sys/class/net/lo: sysfs path undetected
[1756857426.696115] [eos0005:202398:0]            topo.c:848  UCX  DEBUG lo: pci bandwidth undetected, using maximal value
[1756857426.696150] [eos0005:202398:0]            sock.c:90   UCX  DEBUG ioctl(req=35142, ifr_name=lo) failed: Operation not supported
[1756857426.696151] [eos0005:202398:0]         tcp_net.c:61   UCX  DEBUG speed of lo is UNKNOWN, assuming 100 Mbps
[1756857426.696177] [eos0005:202398:0]            topo.c:895  UCX  DEBUG /sys/class/net/lo: sysfs path undetected
[1756857426.696177] [eos0005:202398:0]            topo.c:848  UCX  DEBUG lo: pci bandwidth undetected, using maximal value
[1756857426.696281] [eos0005:202398:0]            sock.c:90   UCX  DEBUG ioctl(req=35142, ifr_name=lo) failed: Operation not supported
[1756857426.696286] [eos0005:202398:0]         tcp_net.c:61   UCX  DEBUG speed of lo is UNKNOWN, assuming 100 Mbps
[1756857426.696311] [eos0005:202398:0]            topo.c:895  UCX  DEBUG /sys/class/net/lo: sysfs path undetected
[1756857426.696312] [eos0005:202398:0]            topo.c:848  UCX  DEBUG lo: pci bandwidth undetected, using maximal value
[1756857426.696424] [eos0005:202398:0]            sock.c:90   UCX  DEBUG ioctl(req=35142, ifr_name=lo) failed: Operation not supported
[1756857426.696425] [eos0005:202398:0]         tcp_net.c:61   UCX  DEBUG speed of lo is UNKNOWN, assuming 100 Mbps
[1756857426.696452] [eos0005:202398:0]            topo.c:895  UCX  DEBUG /sys/class/net/lo: sysfs path undetected
[1756857426.696453] [eos0005:202398:0]            topo.c:848  UCX  DEBUG lo: pci bandwidth undetected, using maximal value
[1756857426.696508] [eos0005:202398:0]           mpool.c:194  UCX  DEBUG mpool ucp_reg_bufs destroyed
[1756857426.696510] [eos0005:202398:0]           mpool.c:194  UCX  DEBUG mpool ucp_am_bufs destroyed
[1756857426.696510] [eos0005:202398:0]           mpool.c:194  UCX  DEBUG mpool ucp_am_bufs destroyed
[1756857426.696511] [eos0005:202398:0]           mpool.c:194  UCX  DEBUG mpool ucp_am_bufs destroyed
[1756857426.696512] [eos0005:202398:0]           mpool.c:194  UCX  DEBUG mpool ucp_rkeys destroyed
[1756857426.696512] [eos0005:202398:0]           mpool.c:194  UCX  DEBUG mpool ucp_requests destroyed
[1756857426.696518] [eos0005:202398:0]           async.c:173  UCX  DEBUG removed async handler 0x5555573fa4f0 [id=173 ref 1] uct_rdmacm_cm_event_handler() from hash
[1756857426.696519] [eos0005:202398:0]           async.c:576  UCX  DEBUG removing async handler 0x5555573fa4f0 [id=173 ref 1] uct_rdmacm_cm_event_handler()
[1756857426.696523] [eos0005:202398:0]           async.c:188  UCX  DEBUG release async handler 0x5555573fa4f0 [id=173 ref 0] uct_rdmacm_cm_event_handler()
[1756857426.696534] [eos0005:202398:0]           mpool.c:194  UCX  DEBUG mpool self_msg_desc destroyed
[1756857426.696536] [eos0005:202398:0]           async.c:173  UCX  DEBUG removed async handler 0x5555569a1250 [id=69 ref 1] ucp_worker_iface_async_fd_event() from hash
[1756857426.696537] [eos0005:202398:0]           async.c:576  UCX  DEBUG removing async handler 0x5555569a1250 [id=69 ref 1] ucp_worker_iface_async_fd_event()
[1756857426.696539] [eos0005:202398:0]           async.c:188  UCX  DEBUG release async handler 0x5555569a1250 [id=69 ref 0] ucp_worker_iface_async_fd_event()
[1756857426.696541] [eos0005:202398:0]       tcp_iface.c:857  UCX  DEBUG tcp_iface 0x555556990ad0: destroying
[1756857426.696542] [eos0005:202398:0]           async.c:173  UCX  DEBUG removed async handler 0x5555568a00e0 [id=70 ref 1] uct_tcp_iface_connect_handler() from hash
[1756857426.696543] [eos0005:202398:0]           async.c:576  UCX  DEBUG removing async handler 0x5555568a00e0 [id=70 ref 1] uct_tcp_iface_connect_handler()
[1756857426.696545] [eos0005:202398:0]           async.c:188  UCX  DEBUG release async handler 0x5555568a00e0 [id=70 ref 0] uct_tcp_iface_connect_handler()
[1756857426.696546] [eos0005:202398:0]           mpool.c:194  UCX  DEBUG mpool uct_tcp_iface_rx_buf_mp destroyed
[1756857426.696547] [eos0005:202398:0]           mpool.c:194  UCX  DEBUG mpool uct_tcp_iface_tx_buf_mp destroyed
[1756857426.696553] [eos0005:202398:0]           async.c:173  UCX  DEBUG removed async handler 0x555559276010 [id=71 ref 1] ucp_worker_iface_async_fd_event() from hash
[1756857426.696554] [eos0005:202398:0]           async.c:576  UCX  DEBUG removing async handler 0x555559276010 [id=71 ref 1] ucp_worker_iface_async_fd_event()
[1756857426.696556] [eos0005:202398:0]           async.c:188  UCX  DEBUG release async handler 0x555559276010 [id=71 ref 0] ucp_worker_iface_async_fd_event()
[1756857426.696557] [eos0005:202398:0]       tcp_iface.c:857  UCX  DEBUG tcp_iface 0x555556b1dce0: destroying
[1756857426.696558] [eos0005:202398:0]           async.c:173  UCX  DEBUG removed async handler 0x555556b214b0 [id=72 ref 1] uct_tcp_iface_connect_handler() from hash
[1756857426.696559] [eos0005:202398:0]           async.c:576  UCX  DEBUG removing async handler 0x555556b214b0 [id=72 ref 1] uct_tcp_iface_connect_handler()
[1756857426.696561] [eos0005:202398:0]           async.c:188  UCX  DEBUG release async handler 0x555556b214b0 [id=72 ref 0] uct_tcp_iface_connect_handler()
[1756857426.696561] [eos0005:202398:0]           mpool.c:194  UCX  DEBUG mpool uct_tcp_iface_rx_buf_mp destroyed
[1756857426.696562] [eos0005:202398:0]           mpool.c:194  UCX  DEBUG mpool uct_tcp_iface_tx_buf_mp destroyed
[1756857426.696567] [eos0005:202398:0]           async.c:173  UCX  DEBUG removed async handler 0x555556a7dc00 [id=73 ref 1] ucp_worker_iface_async_fd_event() from hash
[1756857426.696567] [eos0005:202398:0]           async.c:576  UCX  DEBUG removing async handler 0x555556a7dc00 [id=73 ref 1] ucp_worker_iface_async_fd_event()
[1756857426.696569] [eos0005:202398:0]           async.c:188  UCX  DEBUG release async handler 0x555556a7dc00 [id=73 ref 0] ucp_worker_iface_async_fd_event()
[1756857426.696570] [eos0005:202398:0]       tcp_iface.c:857  UCX  DEBUG tcp_iface 0x5555566e6270: destroying
[1756857426.696571] [eos0005:202398:0]           async.c:173  UCX  DEBUG removed async handler 0x555556b21530 [id=74 ref 1] uct_tcp_iface_connect_handler() from hash
[1756857426.696572] [eos0005:202398:0]           async.c:576  UCX  DEBUG removing async handler 0x555556b21530 [id=74 ref 1] uct_tcp_iface_connect_handler()
[1756857426.696573] [eos0005:202398:0]           async.c:188  UCX  DEBUG release async handler 0x555556b21530 [id=74 ref 0] uct_tcp_iface_connect_handler()
[1756857426.696574] [eos0005:202398:0]           mpool.c:194  UCX  DEBUG mpool uct_tcp_iface_rx_buf_mp destroyed
[1756857426.696575] [eos0005:202398:0]           mpool.c:194  UCX  DEBUG mpool uct_tcp_iface_tx_buf_mp destroyed
[1756857426.696579] [eos0005:202398:0]           async.c:173  UCX  DEBUG removed async handler 0x555558190010 [id=75 ref 1] ucp_worker_iface_async_fd_event() from hash
[1756857426.696580] [eos0005:202398:0]           async.c:576  UCX  DEBUG removing async handler 0x555558190010 [id=75 ref 1] ucp_worker_iface_async_fd_event()
[1756857426.696581] [eos0005:202398:0]           async.c:188  UCX  DEBUG release async handler 0x555558190010 [id=75 ref 0] ucp_worker_iface_async_fd_event()
[1756857426.696583] [eos0005:202398:0]       tcp_iface.c:857  UCX  DEBUG tcp_iface 0x5555566e69f0: destroying
[1756857426.696583] [eos0005:202398:0]           async.c:173  UCX  DEBUG removed async handler 0x555556b214f0 [id=76 ref 1] uct_tcp_iface_connect_handler() from hash
[1756857426.696584] [eos0005:202398:0]           async.c:576  UCX  DEBUG removing async handler 0x555556b214f0 [id=76 ref 1] uct_tcp_iface_connect_handler()
[1756857426.696586] [eos0005:202398:0]           async.c:188  UCX  DEBUG release async handler 0x555556b214f0 [id=76 ref 0] uct_tcp_iface_connect_handler()
[1756857426.696587] [eos0005:202398:0]           mpool.c:194  UCX  DEBUG mpool uct_tcp_iface_rx_buf_mp destroyed
[1756857426.696587] [eos0005:202398:0]           mpool.c:194  UCX  DEBUG mpool uct_tcp_iface_tx_buf_mp destroyed
[1756857426.696591] [eos0005:202398:0]           async.c:173  UCX  DEBUG removed async handler 0x55555739def0 [id=77 ref 1] ucp_worker_iface_async_fd_event() from hash
[1756857426.696592] [eos0005:202398:0]           async.c:576  UCX  DEBUG removing async handler 0x55555739def0 [id=77 ref 1] ucp_worker_iface_async_fd_event()
[1756857426.696594] [eos0005:202398:0]           async.c:188  UCX  DEBUG release async handler 0x55555739def0 [id=77 ref 0] ucp_worker_iface_async_fd_event()
[1756857426.696595] [eos0005:202398:0]       tcp_iface.c:857  UCX  DEBUG tcp_iface 0x555556b215f0: destroying
[1756857426.696596] [eos0005:202398:0]           async.c:173  UCX  DEBUG removed async handler 0x555556b21570 [id=78 ref 1] uct_tcp_iface_connect_handler() from hash
[1756857426.696597] [eos0005:202398:0]           async.c:576  UCX  DEBUG removing async handler 0x555556b21570 [id=78 ref 1] uct_tcp_iface_connect_handler()
[1756857426.696603] [eos0005:202398:0]           async.c:188  UCX  DEBUG release async handler 0x555556b21570 [id=78 ref 0] uct_tcp_iface_connect_handler()
[1756857426.696604] [eos0005:202398:0]           mpool.c:194  UCX  DEBUG mpool uct_tcp_iface_rx_buf_mp destroyed
[1756857426.696604] [eos0005:202398:0]           mpool.c:194  UCX  DEBUG mpool uct_tcp_iface_tx_buf_mp destroyed
[1756857426.696608] [eos0005:202398:0]           async.c:173  UCX  DEBUG removed async handler 0x555559894fd0 [id=79 ref 1] ucp_worker_iface_async_fd_event() from hash
[1756857426.696609] [eos0005:202398:0]           async.c:576  UCX  DEBUG removing async handler 0x555559894fd0 [id=79 ref 1] ucp_worker_iface_async_fd_event()
[1756857426.696610] [eos0005:202398:0]           async.c:188  UCX  DEBUG release async handler 0x555559894fd0 [id=79 ref 0] ucp_worker_iface_async_fd_event()
[1756857426.696612] [eos0005:202398:0]       tcp_iface.c:857  UCX  DEBUG tcp_iface 0x555556b21d70: destroying
[1756857426.696612] [eos0005:202398:0]           async.c:173  UCX  DEBUG removed async handler 0x555556b215b0 [id=80 ref 1] uct_tcp_iface_connect_handler() from hash
[1756857426.696613] [eos0005:202398:0]           async.c:576  UCX  DEBUG removing async handler 0x555556b215b0 [id=80 ref 1] uct_tcp_iface_connect_handler()
[1756857426.696615] [eos0005:202398:0]           async.c:188  UCX  DEBUG release async handler 0x555556b215b0 [id=80 ref 0] uct_tcp_iface_connect_handler()
[1756857426.696616] [eos0005:202398:0]           mpool.c:194  UCX  DEBUG mpool uct_tcp_iface_rx_buf_mp destroyed
[1756857426.696617] [eos0005:202398:0]           mpool.c:194  UCX  DEBUG mpool uct_tcp_iface_tx_buf_mp destroyed
[1756857426.696621] [eos0005:202398:0]           async.c:173  UCX  DEBUG removed async handler 0x55555739df30 [id=81 ref 1] ucp_worker_iface_async_fd_event() from hash
[1756857426.696621] [eos0005:202398:0]           async.c:576  UCX  DEBUG removing async handler 0x55555739df30 [id=81 ref 1] ucp_worker_iface_async_fd_event()
[1756857426.696623] [eos0005:202398:0]           async.c:188  UCX  DEBUG release async handler 0x55555739df30 [id=81 ref 0] ucp_worker_iface_async_fd_event()
[1756857426.696624] [eos0005:202398:0]       tcp_iface.c:857  UCX  DEBUG tcp_iface 0x555556b224f0: destroying
[1756857426.696625] [eos0005:202398:0]           async.c:173  UCX  DEBUG removed async handler 0x555556b231c0 [id=82 ref 1] uct_tcp_iface_connect_handler() from hash
[1756857426.696625] [eos0005:202398:0]           async.c:576  UCX  DEBUG removing async handler 0x555556b231c0 [id=82 ref 1] uct_tcp_iface_connect_handler()
[1756857426.696627] [eos0005:202398:0]           async.c:188  UCX  DEBUG release async handler 0x555556b231c0 [id=82 ref 0] uct_tcp_iface_connect_handler()
[1756857426.696628] [eos0005:202398:0]           mpool.c:194  UCX  DEBUG mpool uct_tcp_iface_rx_buf_mp destroyed
[1756857426.696628] [eos0005:202398:0]           mpool.c:194  UCX  DEBUG mpool uct_tcp_iface_tx_buf_mp destroyed
[1756857426.696632] [eos0005:202398:0]           async.c:173  UCX  DEBUG removed async handler 0x555559eaf290 [id=83 ref 1] ucp_worker_iface_async_fd_event() from hash
[1756857426.696633] [eos0005:202398:0]           async.c:576  UCX  DEBUG removing async handler 0x555559eaf290 [id=83 ref 1] ucp_worker_iface_async_fd_event()
[1756857426.696634] [eos0005:202398:0]           async.c:188  UCX  DEBUG release async handler 0x555559eaf290 [id=83 ref 0] ucp_worker_iface_async_fd_event()
[1756857426.696636] [eos0005:202398:0]       tcp_iface.c:857  UCX  DEBUG tcp_iface 0x555556b1c070: destroying
[1756857426.696636] [eos0005:202398:0]           async.c:173  UCX  DEBUG removed async handler 0x5555563d6f90 [id=84 ref 1] uct_tcp_iface_connect_handler() from hash
[1756857426.696637] [eos0005:202398:0]           async.c:576  UCX  DEBUG removing async handler 0x5555563d6f90 [id=84 ref 1] uct_tcp_iface_connect_handler()
[1756857426.696639] [eos0005:202398:0]           async.c:188  UCX  DEBUG release async handler 0x5555563d6f90 [id=84 ref 0] uct_tcp_iface_connect_handler()
[1756857426.696640] [eos0005:202398:0]           mpool.c:194  UCX  DEBUG mpool uct_tcp_iface_rx_buf_mp destroyed
[1756857426.696640] [eos0005:202398:0]           mpool.c:194  UCX  DEBUG mpool uct_tcp_iface_tx_buf_mp destroyed
[1756857426.696644] [eos0005:202398:0]           async.c:173  UCX  DEBUG removed async handler 0x55555699f5f0 [id=85 ref 1] ucp_worker_iface_async_fd_event() from hash
[1756857426.696645] [eos0005:202398:0]           async.c:576  UCX  DEBUG removing async handler 0x55555699f5f0 [id=85 ref 1] ucp_worker_iface_async_fd_event()
[1756857426.696646] [eos0005:202398:0]           async.c:188  UCX  DEBUG release async handler 0x55555699f5f0 [id=85 ref 0] ucp_worker_iface_async_fd_event()
[1756857426.696648] [eos0005:202398:0]       tcp_iface.c:857  UCX  DEBUG tcp_iface 0x555556b1c7f0: destroying
[1756857426.696649] [eos0005:202398:0]           async.c:173  UCX  DEBUG removed async handler 0x5555568a4bd0 [id=86 ref 1] uct_tcp_iface_connect_handler() from hash
[1756857426.696649] [eos0005:202398:0]           async.c:576  UCX  DEBUG removing async handler 0x5555568a4bd0 [id=86 ref 1] uct_tcp_iface_connect_handler()
[1756857426.696651] [eos0005:202398:0]           async.c:188  UCX  DEBUG release async handler 0x5555568a4bd0 [id=86 ref 0] uct_tcp_iface_connect_handler()
[1756857426.696652] [eos0005:202398:0]           mpool.c:194  UCX  DEBUG mpool uct_tcp_iface_rx_buf_mp destroyed
[1756857426.696653] [eos0005:202398:0]           mpool.c:194  UCX  DEBUG mpool uct_tcp_iface_tx_buf_mp destroyed
[1756857426.696657] [eos0005:202398:0]           async.c:173  UCX  DEBUG removed async handler 0x555556bc4e10 [id=87 ref 1] ucp_worker_iface_async_fd_event() from hash
[1756857426.696658] [eos0005:202398:0]           async.c:576  UCX  DEBUG removing async handler 0x555556bc4e10 [id=87 ref 1] ucp_worker_iface_async_fd_event()
[1756857426.696659] [eos0005:202398:0]           async.c:188  UCX  DEBUG release async handler 0x555556bc4e10 [id=87 ref 0] ucp_worker_iface_async_fd_event()
[1756857426.696660] [eos0005:202398:0]       tcp_iface.c:857  UCX  DEBUG tcp_iface 0x555556b1d370: destroying
[1756857426.696661] [eos0005:202398:0]           async.c:173  UCX  DEBUG removed async handler 0x5555568a4b60 [id=88 ref 1] uct_tcp_iface_connect_handler() from hash
[1756857426.696662] [eos0005:202398:0]           async.c:576  UCX  DEBUG removing async handler 0x5555568a4b60 [id=88 ref 1] uct_tcp_iface_connect_handler()
[1756857426.696664] [eos0005:202398:0]           async.c:188  UCX  DEBUG release async handler 0x5555568a4b60 [id=88 ref 0] uct_tcp_iface_connect_handler()
[1756857426.696664] [eos0005:202398:0]           mpool.c:194  UCX  DEBUG mpool uct_tcp_iface_rx_buf_mp destroyed
[1756857426.696665] [eos0005:202398:0]           mpool.c:194  UCX  DEBUG mpool uct_tcp_iface_tx_buf_mp destroyed
[1756857426.696669] [eos0005:202398:0]           async.c:173  UCX  DEBUG removed async handler 0x555556bc4ef0 [id=89 ref 1] ucp_worker_iface_async_fd_event() from hash
[1756857426.696669] [eos0005:202398:0]           async.c:576  UCX  DEBUG removing async handler 0x555556bc4ef0 [id=89 ref 1] ucp_worker_iface_async_fd_event()
[1756857426.696671] [eos0005:202398:0]           async.c:188  UCX  DEBUG release async handler 0x555556bc4ef0 [id=89 ref 0] ucp_worker_iface_async_fd_event()
[1756857426.696672] [eos0005:202398:0]       tcp_iface.c:857  UCX  DEBUG tcp_iface 0x5555567b3be0: destroying
[1756857426.696673] [eos0005:202398:0]           async.c:173  UCX  DEBUG removed async handler 0x5555568a66d0 [id=90 ref 1] uct_tcp_iface_connect_handler() from hash
[1756857426.696673] [eos0005:202398:0]           async.c:576  UCX  DEBUG removing async handler 0x5555568a66d0 [id=90 ref 1] uct_tcp_iface_connect_handler()
[1756857426.696675] [eos0005:202398:0]           async.c:188  UCX  DEBUG release async handler 0x5555568a66d0 [id=90 ref 0] uct_tcp_iface_connect_handler()
[1756857426.696676] [eos0005:202398:0]           mpool.c:194  UCX  DEBUG mpool uct_tcp_iface_rx_buf_mp destroyed
[1756857426.696677] [eos0005:202398:0]           mpool.c:194  UCX  DEBUG mpool uct_tcp_iface_tx_buf_mp destroyed
[1756857426.696681] [eos0005:202398:0]           async.c:173  UCX  DEBUG removed async handler 0x55555699f830 [id=91 ref 1] ucp_worker_iface_async_fd_event() from hash
[1756857426.696685] [eos0005:202398:0]           async.c:576  UCX  DEBUG removing async handler 0x55555699f830 [id=91 ref 1] ucp_worker_iface_async_fd_event()
[1756857426.696686] [eos0005:202398:0]           async.c:188  UCX  DEBUG release async handler 0x55555699f830 [id=91 ref 0] ucp_worker_iface_async_fd_event()
[1756857426.696687] [eos0005:202398:0]       tcp_iface.c:857  UCX  DEBUG tcp_iface 0x5555567b4840: destroying
[1756857426.696688] [eos0005:202398:0]           async.c:173  UCX  DEBUG removed async handler 0x5555568a0070 [id=92 ref 1] uct_tcp_iface_connect_handler() from hash
[1756857426.696689] [eos0005:202398:0]           async.c:576  UCX  DEBUG removing async handler 0x5555568a0070 [id=92 ref 1] uct_tcp_iface_connect_handler()
[1756857426.696691] [eos0005:202398:0]           async.c:188  UCX  DEBUG release async handler 0x5555568a0070 [id=92 ref 0] uct_tcp_iface_connect_handler()
[1756857426.696691] [eos0005:202398:0]           mpool.c:194  UCX  DEBUG mpool uct_tcp_iface_rx_buf_mp destroyed
[1756857426.696692] [eos0005:202398:0]           mpool.c:194  UCX  DEBUG mpool uct_tcp_iface_tx_buf_mp destroyed
[1756857426.696696] [eos0005:202398:0]           async.c:173  UCX  DEBUG removed async handler 0x555556bc4c30 [id=93 ref 1] ucp_worker_iface_async_fd_event() from hash
[1756857426.696696] [eos0005:202398:0]           async.c:576  UCX  DEBUG removing async handler 0x555556bc4c30 [id=93 ref 1] ucp_worker_iface_async_fd_event()
[1756857426.696697] [eos0005:202398:0]           async.c:188  UCX  DEBUG release async handler 0x555556bc4c30 [id=93 ref 0] ucp_worker_iface_async_fd_event()
[1756857426.696698] [eos0005:202398:0]       tcp_iface.c:857  UCX  DEBUG tcp_iface 0x5555569bb4b0: destroying
[1756857426.696699] [eos0005:202398:0]           async.c:173  UCX  DEBUG removed async handler 0x55555689d260 [id=94 ref 1] uct_tcp_iface_connect_handler() from hash
[1756857426.696700] [eos0005:202398:0]           async.c:576  UCX  DEBUG removing async handler 0x55555689d260 [id=94 ref 1] uct_tcp_iface_connect_handler()
[1756857426.696701] [eos0005:202398:0]           async.c:188  UCX  DEBUG release async handler 0x55555689d260 [id=94 ref 0] uct_tcp_iface_connect_handler()
[1756857426.696702] [eos0005:202398:0]           mpool.c:194  UCX  DEBUG mpool uct_tcp_iface_rx_buf_mp destroyed
[1756857426.696703] [eos0005:202398:0]           mpool.c:194  UCX  DEBUG mpool uct_tcp_iface_tx_buf_mp destroyed
[1756857426.696706] [eos0005:202398:0]           async.c:173  UCX  DEBUG removed async handler 0x5555569a0b50 [id=95 ref 1] ucp_worker_iface_async_fd_event() from hash
[1756857426.696707] [eos0005:202398:0]           async.c:576  UCX  DEBUG removing async handler 0x5555569a0b50 [id=95 ref 1] ucp_worker_iface_async_fd_event()
[1756857426.696708] [eos0005:202398:0]           async.c:188  UCX  DEBUG release async handler 0x5555569a0b50 [id=95 ref 0] ucp_worker_iface_async_fd_event()
[1756857426.696894] [eos0005:202398:0]           mpool.c:194  UCX  DEBUG mpool mm_recv_desc destroyed
[1756857426.696910] [eos0005:202398:0]           async.c:173  UCX  DEBUG removed async handler 0x5555569a0b90 [id=97 ref 1] ucp_worker_iface_async_fd_event() from hash
[1756857426.696910] [eos0005:202398:0]           async.c:576  UCX  DEBUG removing async handler 0x5555569a0b90 [id=97 ref 1] ucp_worker_iface_async_fd_event()
[1756857426.696912] [eos0005:202398:0]           async.c:188  UCX  DEBUG release async handler 0x5555569a0b90 [id=97 ref 0] ucp_worker_iface_async_fd_event()
[1756857426.697221] [eos0005:202398:0]           mpool.c:194  UCX  DEBUG mpool mm_recv_desc destroyed
[1756857426.697232] [eos0005:202398:0]           async.c:173  UCX  DEBUG removed async handler 0x5555569a0c40 [id=171 ref 1] ucp_worker_iface_async_fd_event() from hash
[1756857426.697232] [eos0005:202398:0]           async.c:576  UCX  DEBUG removing async handler 0x5555569a0c40 [id=171 ref 1] ucp_worker_iface_async_fd_event()
[1756857426.697234] [eos0005:202398:0]           async.c:188  UCX  DEBUG release async handler 0x5555569a0c40 [id=171 ref 0] ucp_worker_iface_async_fd_event()
[1756857426.697239] [eos0005:202398:0]           mpool.c:194  UCX  DEBUG mpool CUDA EVENT objects destroyed
[1756857426.697242] [eos0005:202398:0]           async.c:173  UCX  DEBUG removed async handler 0x5555569a0c80 [id=172 ref 1] ucp_worker_iface_async_fd_event() from hash
[1756857426.697243] [eos0005:202398:0]           async.c:576  UCX  DEBUG removing async handler 0x5555569a0c80 [id=172 ref 1] ucp_worker_iface_async_fd_event()
[1756857426.697244] [eos0005:202398:0]           async.c:188  UCX  DEBUG release async handler 0x5555569a0c80 [id=172 ref 0] ucp_worker_iface_async_fd_event()
[1756857426.697246] [eos0005:202398:0]           mpool.c:194  UCX  DEBUG mpool CUDA_IPC EVENT objects destroyed
[1756857426.697249] [eos0005:202398:0]           async.c:173  UCX  DEBUG removed async handler 0x555559f1e4e0 [id=99 ref 1] ucp_worker_iface_async_fd_event() from hash
[1756857426.697250] [eos0005:202398:0]           async.c:576  UCX  DEBUG removing async handler 0x555559f1e4e0 [id=99 ref 1] ucp_worker_iface_async_fd_event()
[1756857426.697251] [eos0005:202398:0]           async.c:188  UCX  DEBUG release async handler 0x555559f1e4e0 [id=99 ref 0] ucp_worker_iface_async_fd_event()
[1756857426.697256] [eos0005:202398:0]           mpool.c:194  UCX  DEBUG mpool rc_verbs_short_desc destroyed
[1756857426.697507] [eos0005:202398:0]           mpool.c:194  UCX  DEBUG mpool send-ops-mpool destroyed
[1756857426.697508] [eos0005:202398:0]           mpool.c:194  UCX  DEBUG mpool rc_send_desc destroyed
[1756857426.697509] [eos0005:202398:0]           mpool.c:194  UCX  DEBUG mpool rc_recv_desc destroyed
[1756857426.697510] [eos0005:202398:0]           mpool.c:194  UCX  DEBUG mpool pending-ops destroyed
[1756857426.697916] [eos0005:202398:0]           async.c:173  UCX  DEBUG removed async handler 0x555556ba5010 [id=100 ref 1] uct_ud_verbs_iface_async_handler() from hash
[1756857426.697917] [eos0005:202398:0]           async.c:576  UCX  DEBUG removing async handler 0x555556ba5010 [id=100 ref 1] uct_ud_verbs_iface_async_handler()
[1756857426.697919] [eos0005:202398:0]           async.c:188  UCX  DEBUG release async handler 0x555556ba5010 [id=100 ref 0] uct_ud_verbs_iface_async_handler()
[1756857426.697921] [eos0005:202398:0]        ud_iface.c:602  UCX  DEBUG iface(0x555556b23200): cep cleanup
[1756857426.697922] [eos0005:202398:0]           mpool.c:194  UCX  DEBUG mpool ud_tx_skb destroyed
[1756857426.697973] [eos0005:202398:0]           mpool.c:194  UCX  DEBUG mpool ud_recv_skb destroyed
[1756857426.698791] [eos0005:202398:0]        ud_iface.c:609  UCX  DEBUG iface(0x555556b23200): ptr_array cleanup
[1756857426.699147] [eos0005:202398:0]           async.c:173  UCX  DEBUG removed async handler 0x555559f1e520 [id=103 ref 1] ucp_worker_iface_async_fd_event() from hash
[1756857426.699148] [eos0005:202398:0]           async.c:576  UCX  DEBUG removing async handler 0x555559f1e520 [id=103 ref 1] ucp_worker_iface_async_fd_event()
[1756857426.699150] [eos0005:202398:0]           async.c:188  UCX  DEBUG release async handler 0x555559f1e520 [id=103 ref 0] ucp_worker_iface_async_fd_event()
[1756857426.699602] [eos0005:202398:0]           async.c:173  UCX  DEBUG removed async handler 0x555556ce9010 [id=102 ref 1] uct_rc_mlx5_devx_iface_event_handler() from hash
[1756857426.699603] [eos0005:202398:0]           async.c:576  UCX  DEBUG removing async handler 0x555556ce9010 [id=102 ref 1] uct_rc_mlx5_devx_iface_event_handler()
[1756857426.699605] [eos0005:202398:0]           async.c:188  UCX  DEBUG release async handler 0x555556ce9010 [id=102 ref 0] uct_rc_mlx5_devx_iface_event_handler()
[1756857426.699611] [eos0005:202398:0]           mpool.c:194  UCX  DEBUG mpool rc_mlx5_atomic_desc destroyed
[1756857426.700010] [eos0005:202398:0]           mpool.c:194  UCX  DEBUG mpool send-ops-mpool destroyed
[1756857426.700011] [eos0005:202398:0]           mpool.c:194  UCX  DEBUG mpool rc_send_desc destroyed
[1756857426.700348] [eos0005:202398:0]           mpool.c:194  UCX  DEBUG mpool rc_recv_desc destroyed
[1756857426.700355] [eos0005:202398:0]           mpool.c:194  UCX  DEBUG mpool pending-ops destroyed
[1756857426.700965] [eos0005:202398:0]           async.c:173  UCX  DEBUG removed async handler 0x555559f1e3b0 [id=106 ref 1] ucp_worker_iface_async_fd_event() from hash
[1756857426.700966] [eos0005:202398:0]           async.c:576  UCX  DEBUG removing async handler 0x555559f1e3b0 [id=106 ref 1] ucp_worker_iface_async_fd_event()
[1756857426.700969] [eos0005:202398:0]           async.c:188  UCX  DEBUG release async handler 0x555559f1e3b0 [id=106 ref 0] ucp_worker_iface_async_fd_event()
[1756857426.700971] [eos0005:202398:0]           async.c:173  UCX  DEBUG removed async handler 0x55555696b010 [id=105 ref 1] uct_rc_mlx5_devx_iface_event_handler() from hash
[1756857426.700972] [eos0005:202398:0]           async.c:576  UCX  DEBUG removing async handler 0x55555696b010 [id=105 ref 1] uct_rc_mlx5_devx_iface_event_handler()
[1756857426.700974] [eos0005:202398:0]           async.c:188  UCX  DEBUG release async handler 0x55555696b010 [id=105 ref 0] uct_rc_mlx5_devx_iface_event_handler()
[1756857426.700978] [eos0005:202398:0]           mpool.c:194  UCX  DEBUG mpool rc_mlx5_atomic_desc destroyed
[1756857426.700979] [eos0005:202398:0]           mpool.c:194  UCX  DEBUG mpool mlx5_dm_desc destroyed
[1756857426.701776] [eos0005:202398:0]           mpool.c:194  UCX  DEBUG mpool send-ops-mpool destroyed
[1756857426.701777] [eos0005:202398:0]           mpool.c:194  UCX  DEBUG mpool rc_send_desc destroyed
[1756857426.701778] [eos0005:202398:0]           mpool.c:194  UCX  DEBUG mpool rc_recv_desc destroyed
[1756857426.701779] [eos0005:202398:0]           mpool.c:194  UCX  DEBUG mpool pending-ops destroyed
[1756857426.702194] [eos0005:202398:0]           async.c:173  UCX  DEBUG removed async handler 0x555556e0e010 [id=107 ref 1] uct_ud_mlx5_iface_async_handler() from hash
[1756857426.702195] [eos0005:202398:0]           async.c:576  UCX  DEBUG removing async handler 0x555556e0e010 [id=107 ref 1] uct_ud_mlx5_iface_async_handler()
[1756857426.702197] [eos0005:202398:0]           async.c:188  UCX  DEBUG release async handler 0x555556e0e010 [id=107 ref 0] uct_ud_mlx5_iface_async_handler()
[1756857426.702198] [eos0005:202398:0]        ud_iface.c:602  UCX  DEBUG iface(0x5555567b15c0): cep cleanup
[1756857426.702199] [eos0005:202398:0]           mpool.c:194  UCX  DEBUG mpool ud_tx_skb destroyed
[1756857426.702242] [eos0005:202398:0]           mpool.c:194  UCX  DEBUG mpool ud_recv_skb destroyed
[1756857426.702770] [eos0005:202398:0]        ud_iface.c:609  UCX  DEBUG iface(0x5555567b15c0): ptr_array cleanup
[1756857426.703083] [eos0005:202398:0]           async.c:173  UCX  DEBUG removed async handler 0x555559f1e3f0 [id=108 ref 1] ucp_worker_iface_async_fd_event() from hash
[1756857426.703084] [eos0005:202398:0]           async.c:576  UCX  DEBUG removing async handler 0x555559f1e3f0 [id=108 ref 1] ucp_worker_iface_async_fd_event()
[1756857426.703086] [eos0005:202398:0]           async.c:188  UCX  DEBUG release async handler 0x555559f1e3f0 [id=108 ref 0] ucp_worker_iface_async_fd_event()
[1756857426.703088] [eos0005:202398:0]           mpool.c:194  UCX  DEBUG mpool rc_verbs_short_desc destroyed
[1756857426.703434] [eos0005:202398:0]           mpool.c:194  UCX  DEBUG mpool send-ops-mpool destroyed
[1756857426.703434] [eos0005:202398:0]           mpool.c:194  UCX  DEBUG mpool rc_send_desc destroyed
[1756857426.703435] [eos0005:202398:0]           mpool.c:194  UCX  DEBUG mpool rc_recv_desc destroyed
[1756857426.703436] [eos0005:202398:0]           mpool.c:194  UCX  DEBUG mpool pending-ops destroyed
[1756857426.703730] [eos0005:202398:0]           async.c:173  UCX  DEBUG removed async handler 0x55555739ddb0 [id=109 ref 1] uct_ud_verbs_iface_async_handler() from hash
[1756857426.703730] [eos0005:202398:0]           async.c:576  UCX  DEBUG removing async handler 0x55555739ddb0 [id=109 ref 1] uct_ud_verbs_iface_async_handler()
[1756857426.703732] [eos0005:202398:0]           async.c:188  UCX  DEBUG release async handler 0x55555739ddb0 [id=109 ref 0] uct_ud_verbs_iface_async_handler()
[1756857426.703734] [eos0005:202398:0]        ud_iface.c:602  UCX  DEBUG iface(0x5555569655e0): cep cleanup
[1756857426.703734] [eos0005:202398:0]           mpool.c:194  UCX  DEBUG mpool ud_tx_skb destroyed
[1756857426.703778] [eos0005:202398:0]           mpool.c:194  UCX  DEBUG mpool ud_recv_skb destroyed
[1756857426.704615] [eos0005:202398:0]        ud_iface.c:609  UCX  DEBUG iface(0x5555569655e0): ptr_array cleanup
[1756857426.704915] [eos0005:202398:0]           async.c:173  UCX  DEBUG removed async handler 0x5555573f8de0 [id=112 ref 1] ucp_worker_iface_async_fd_event() from hash
[1756857426.704916] [eos0005:202398:0]           async.c:576  UCX  DEBUG removing async handler 0x5555573f8de0 [id=112 ref 1] ucp_worker_iface_async_fd_event()
[1756857426.704917] [eos0005:202398:0]           async.c:188  UCX  DEBUG release async handler 0x5555573f8de0 [id=112 ref 0] ucp_worker_iface_async_fd_event()
[1756857426.705334] [eos0005:202398:0]           async.c:173  UCX  DEBUG removed async handler 0x555557243010 [id=111 ref 1] uct_rc_mlx5_devx_iface_event_handler() from hash
[1756857426.705334] [eos0005:202398:0]           async.c:576  UCX  DEBUG removing async handler 0x555557243010 [id=111 ref 1] uct_rc_mlx5_devx_iface_event_handler()
[1756857426.705336] [eos0005:202398:0]           async.c:188  UCX  DEBUG release async handler 0x555557243010 [id=111 ref 0] uct_rc_mlx5_devx_iface_event_handler()
[1756857426.705340] [eos0005:202398:0]           mpool.c:194  UCX  DEBUG mpool rc_mlx5_atomic_desc destroyed
[1756857426.705754] [eos0005:202398:0]           mpool.c:194  UCX  DEBUG mpool send-ops-mpool destroyed
[1756857426.705755] [eos0005:202398:0]           mpool.c:194  UCX  DEBUG mpool rc_send_desc destroyed
[1756857426.706138] [eos0005:202398:0]           mpool.c:194  UCX  DEBUG mpool rc_recv_desc destroyed
[1756857426.706140] [eos0005:202398:0]           mpool.c:194  UCX  DEBUG mpool pending-ops destroyed
[1756857426.706719] [eos0005:202398:0]           async.c:173  UCX  DEBUG removed async handler 0x5555573f8e20 [id=115 ref 1] ucp_worker_iface_async_fd_event() from hash
[1756857426.706720] [eos0005:202398:0]           async.c:576  UCX  DEBUG removing async handler 0x5555573f8e20 [id=115 ref 1] ucp_worker_iface_async_fd_event()
[1756857426.706722] [eos0005:202398:0]           async.c:188  UCX  DEBUG release async handler 0x5555573f8e20 [id=115 ref 0] ucp_worker_iface_async_fd_event()
[1756857426.706724] [eos0005:202398:0]           async.c:173  UCX  DEBUG removed async handler 0x5555574a6010 [id=114 ref 1] uct_rc_mlx5_devx_iface_event_handler() from hash
[1756857426.706725] [eos0005:202398:0]           async.c:576  UCX  DEBUG removing async handler 0x5555574a6010 [id=114 ref 1] uct_rc_mlx5_devx_iface_event_handler()
[1756857426.706727] [eos0005:202398:0]           async.c:188  UCX  DEBUG release async handler 0x5555574a6010 [id=114 ref 0] uct_rc_mlx5_devx_iface_event_handler()
[1756857426.706732] [eos0005:202398:0]           mpool.c:194  UCX  DEBUG mpool rc_mlx5_atomic_desc destroyed
[1756857426.706733] [eos0005:202398:0]           mpool.c:194  UCX  DEBUG mpool mlx5_dm_desc destroyed
[1756857426.707781] [eos0005:202398:0]           mpool.c:194  UCX  DEBUG mpool send-ops-mpool destroyed
[1756857426.707782] [eos0005:202398:0]           mpool.c:194  UCX  DEBUG mpool rc_send_desc destroyed
[1756857426.707782] [eos0005:202398:0]           mpool.c:194  UCX  DEBUG mpool rc_recv_desc destroyed
[1756857426.707783] [eos0005:202398:0]           mpool.c:194  UCX  DEBUG mpool pending-ops destroyed
[1756857426.708212] [eos0005:202398:0]           async.c:173  UCX  DEBUG removed async handler 0x555557581010 [id=116 ref 1] uct_ud_mlx5_iface_async_handler() from hash
[1756857426.708213] [eos0005:202398:0]           async.c:576  UCX  DEBUG removing async handler 0x555557581010 [id=116 ref 1] uct_ud_mlx5_iface_async_handler()
[1756857426.708214] [eos0005:202398:0]           async.c:188  UCX  DEBUG release async handler 0x555557581010 [id=116 ref 0] uct_ud_mlx5_iface_async_handler()
[1756857426.708222] [eos0005:202398:0]        ud_iface.c:602  UCX  DEBUG iface(0x555556deb0d0): cep cleanup
[1756857426.708223] [eos0005:202398:0]           mpool.c:194  UCX  DEBUG mpool ud_tx_skb destroyed
[1756857426.708269] [eos0005:202398:0]           mpool.c:194  UCX  DEBUG mpool ud_recv_skb destroyed
[1756857426.708731] [eos0005:202398:0]        ud_iface.c:609  UCX  DEBUG iface(0x555556deb0d0): ptr_array cleanup
[1756857426.709052] [eos0005:202398:0]           async.c:173  UCX  DEBUG removed async handler 0x55555754f890 [id=117 ref 1] ucp_worker_iface_async_fd_event() from hash
[1756857426.709053] [eos0005:202398:0]           async.c:576  UCX  DEBUG removing async handler 0x55555754f890 [id=117 ref 1] ucp_worker_iface_async_fd_event()
[1756857426.709055] [eos0005:202398:0]           async.c:188  UCX  DEBUG release async handler 0x55555754f890 [id=117 ref 0] ucp_worker_iface_async_fd_event()
[1756857426.709057] [eos0005:202398:0]           mpool.c:194  UCX  DEBUG mpool rc_verbs_short_desc destroyed
[1756857426.709217] [eos0005:202398:0]           mpool.c:194  UCX  DEBUG mpool send-ops-mpool destroyed
[1756857426.709218] [eos0005:202398:0]           mpool.c:194  UCX  DEBUG mpool rc_send_desc destroyed
[1756857426.709218] [eos0005:202398:0]           mpool.c:194  UCX  DEBUG mpool rc_recv_desc destroyed
[1756857426.709219] [eos0005:202398:0]           mpool.c:194  UCX  DEBUG mpool pending-ops destroyed
[1756857426.709515] [eos0005:202398:0]           async.c:173  UCX  DEBUG removed async handler 0x555556bc0010 [id=118 ref 1] uct_ud_verbs_iface_async_handler() from hash
[1756857426.709516] [eos0005:202398:0]           async.c:576  UCX  DEBUG removing async handler 0x555556bc0010 [id=118 ref 1] uct_ud_verbs_iface_async_handler()
[1756857426.709518] [eos0005:202398:0]           async.c:188  UCX  DEBUG release async handler 0x555556bc0010 [id=118 ref 0] uct_ud_verbs_iface_async_handler()
[1756857426.709519] [eos0005:202398:0]        ud_iface.c:602  UCX  DEBUG iface(0x5555574046b0): cep cleanup
[1756857426.709520] [eos0005:202398:0]           mpool.c:194  UCX  DEBUG mpool ud_tx_skb destroyed
[1756857426.709560] [eos0005:202398:0]           mpool.c:194  UCX  DEBUG mpool ud_recv_skb destroyed
[1756857426.710411] [eos0005:202398:0]        ud_iface.c:609  UCX  DEBUG iface(0x5555574046b0): ptr_array cleanup
[1756857426.710680] [eos0005:202398:0]           async.c:173  UCX  DEBUG removed async handler 0x55555754f8d0 [id=121 ref 1] ucp_worker_iface_async_fd_event() from hash
[1756857426.710681] [eos0005:202398:0]           async.c:576  UCX  DEBUG removing async handler 0x55555754f8d0 [id=121 ref 1] ucp_worker_iface_async_fd_event()
[1756857426.710682] [eos0005:202398:0]           async.c:188  UCX  DEBUG release async handler 0x55555754f8d0 [id=121 ref 0] ucp_worker_iface_async_fd_event()
[1756857426.711129] [eos0005:202398:0]           async.c:173  UCX  DEBUG removed async handler 0x55555739de30 [id=120 ref 1] uct_rc_mlx5_devx_iface_event_handler() from hash
[1756857426.711129] [eos0005:202398:0]           async.c:576  UCX  DEBUG removing async handler 0x55555739de30 [id=120 ref 1] uct_rc_mlx5_devx_iface_event_handler()
[1756857426.711131] [eos0005:202398:0]           async.c:188  UCX  DEBUG release async handler 0x55555739de30 [id=120 ref 0] uct_rc_mlx5_devx_iface_event_handler()
[1756857426.711136] [eos0005:202398:0]           mpool.c:194  UCX  DEBUG mpool rc_mlx5_atomic_desc destroyed
[1756857426.711521] [eos0005:202398:0]           mpool.c:194  UCX  DEBUG mpool send-ops-mpool destroyed
[1756857426.711522] [eos0005:202398:0]           mpool.c:194  UCX  DEBUG mpool rc_send_desc destroyed
[1756857426.711888] [eos0005:202398:0]           mpool.c:194  UCX  DEBUG mpool rc_recv_desc destroyed
[1756857426.711889] [eos0005:202398:0]           mpool.c:194  UCX  DEBUG mpool pending-ops destroyed
[1756857426.712471] [eos0005:202398:0]           async.c:173  UCX  DEBUG removed async handler 0x555557024710 [id=124 ref 1] ucp_worker_iface_async_fd_event() from hash
[1756857426.712472] [eos0005:202398:0]           async.c:576  UCX  DEBUG removing async handler 0x555557024710 [id=124 ref 1] ucp_worker_iface_async_fd_event()
[1756857426.712474] [eos0005:202398:0]           async.c:188  UCX  DEBUG release async handler 0x555557024710 [id=124 ref 0] ucp_worker_iface_async_fd_event()
[1756857426.712476] [eos0005:202398:0]           async.c:173  UCX  DEBUG removed async handler 0x555556e39010 [id=123 ref 1] uct_rc_mlx5_devx_iface_event_handler() from hash
[1756857426.712477] [eos0005:202398:0]           async.c:576  UCX  DEBUG removing async handler 0x555556e39010 [id=123 ref 1] uct_rc_mlx5_devx_iface_event_handler()
[1756857426.712479] [eos0005:202398:0]           async.c:188  UCX  DEBUG release async handler 0x555556e39010 [id=123 ref 0] uct_rc_mlx5_devx_iface_event_handler()
[1756857426.712483] [eos0005:202398:0]           mpool.c:194  UCX  DEBUG mpool rc_mlx5_atomic_desc destroyed
[1756857426.712484] [eos0005:202398:0]           mpool.c:194  UCX  DEBUG mpool mlx5_dm_desc destroyed
[1756857426.713367] [eos0005:202398:0]           mpool.c:194  UCX  DEBUG mpool send-ops-mpool destroyed
[1756857426.713367] [eos0005:202398:0]           mpool.c:194  UCX  DEBUG mpool rc_send_desc destroyed
[1756857426.713368] [eos0005:202398:0]           mpool.c:194  UCX  DEBUG mpool rc_recv_desc destroyed
[1756857426.713369] [eos0005:202398:0]           mpool.c:194  UCX  DEBUG mpool pending-ops destroyed
[1756857426.713803] [eos0005:202398:0]           async.c:173  UCX  DEBUG removed async handler 0x555557c0b010 [id=125 ref 1] uct_ud_mlx5_iface_async_handler() from hash
[1756857426.713804] [eos0005:202398:0]           async.c:576  UCX  DEBUG removing async handler 0x555557c0b010 [id=125 ref 1] uct_ud_mlx5_iface_async_handler()
[1756857426.713806] [eos0005:202398:0]           async.c:188  UCX  DEBUG release async handler 0x555557c0b010 [id=125 ref 0] uct_ud_mlx5_iface_async_handler()
[1756857426.713807] [eos0005:202398:0]        ud_iface.c:602  UCX  DEBUG iface(0x555556bc0050): cep cleanup
[1756857426.713808] [eos0005:202398:0]           mpool.c:194  UCX  DEBUG mpool ud_tx_skb destroyed
[1756857426.713851] [eos0005:202398:0]           mpool.c:194  UCX  DEBUG mpool ud_recv_skb destroyed
[1756857426.714398] [eos0005:202398:0]        ud_iface.c:609  UCX  DEBUG iface(0x555556bc0050): ptr_array cleanup
[1756857426.714736] [eos0005:202398:0]           async.c:173  UCX  DEBUG removed async handler 0x555557024750 [id=126 ref 1] ucp_worker_iface_async_fd_event() from hash
[1756857426.714737] [eos0005:202398:0]           async.c:576  UCX  DEBUG removing async handler 0x555557024750 [id=126 ref 1] ucp_worker_iface_async_fd_event()
[1756857426.714738] [eos0005:202398:0]           async.c:188  UCX  DEBUG release async handler 0x555557024750 [id=126 ref 0] ucp_worker_iface_async_fd_event()
[1756857426.714741] [eos0005:202398:0]           mpool.c:194  UCX  DEBUG mpool rc_verbs_short_desc destroyed
[1756857426.714972] [eos0005:202398:0]           mpool.c:194  UCX  DEBUG mpool send-ops-mpool destroyed
[1756857426.714973] [eos0005:202398:0]           mpool.c:194  UCX  DEBUG mpool rc_send_desc destroyed
[1756857426.714974] [eos0005:202398:0]           mpool.c:194  UCX  DEBUG mpool rc_recv_desc destroyed
[1756857426.714975] [eos0005:202398:0]           mpool.c:194  UCX  DEBUG mpool pending-ops destroyed
[1756857426.715273] [eos0005:202398:0]           async.c:173  UCX  DEBUG removed async handler 0x555557cf6010 [id=127 ref 1] uct_ud_verbs_iface_async_handler() from hash
[1756857426.715274] [eos0005:202398:0]           async.c:576  UCX  DEBUG removing async handler 0x555557cf6010 [id=127 ref 1] uct_ud_verbs_iface_async_handler()
[1756857426.715276] [eos0005:202398:0]           async.c:188  UCX  DEBUG release async handler 0x555557cf6010 [id=127 ref 0] uct_ud_verbs_iface_async_handler()
[1756857426.715277] [eos0005:202398:0]        ud_iface.c:602  UCX  DEBUG iface(0x555556e32dd0): cep cleanup
[1756857426.715278] [eos0005:202398:0]           mpool.c:194  UCX  DEBUG mpool ud_tx_skb destroyed
[1756857426.715321] [eos0005:202398:0]           mpool.c:194  UCX  DEBUG mpool ud_recv_skb destroyed
[1756857426.716092] [eos0005:202398:0]        ud_iface.c:609  UCX  DEBUG iface(0x555556e32dd0): ptr_array cleanup
[1756857426.716386] [eos0005:202398:0]           async.c:173  UCX  DEBUG removed async handler 0x555556bc4430 [id=130 ref 1] ucp_worker_iface_async_fd_event() from hash
[1756857426.716387] [eos0005:202398:0]           async.c:576  UCX  DEBUG removing async handler 0x555556bc4430 [id=130 ref 1] ucp_worker_iface_async_fd_event()
[1756857426.716388] [eos0005:202398:0]           async.c:188  UCX  DEBUG release async handler 0x555556bc4430 [id=130 ref 0] ucp_worker_iface_async_fd_event()
[1756857426.716819] [eos0005:202398:0]           async.c:173  UCX  DEBUG removed async handler 0x55555739deb0 [id=129 ref 1] uct_rc_mlx5_devx_iface_event_handler() from hash
[1756857426.716820] [eos0005:202398:0]           async.c:576  UCX  DEBUG removing async handler 0x55555739deb0 [id=129 ref 1] uct_rc_mlx5_devx_iface_event_handler()
[1756857426.716822] [eos0005:202398:0]           async.c:188  UCX  DEBUG release async handler 0x55555739deb0 [id=129 ref 0] uct_rc_mlx5_devx_iface_event_handler()
[1756857426.716826] [eos0005:202398:0]           mpool.c:194  UCX  DEBUG mpool rc_mlx5_atomic_desc destroyed
[1756857426.717232] [eos0005:202398:0]           mpool.c:194  UCX  DEBUG mpool send-ops-mpool destroyed
[1756857426.717233] [eos0005:202398:0]           mpool.c:194  UCX  DEBUG mpool rc_send_desc destroyed
[1756857426.717502] [eos0005:202398:0]           mpool.c:194  UCX  DEBUG mpool rc_recv_desc destroyed
[1756857426.717503] [eos0005:202398:0]           mpool.c:194  UCX  DEBUG mpool pending-ops destroyed
[1756857426.718074] [eos0005:202398:0]           async.c:173  UCX  DEBUG removed async handler 0x555556bc4470 [id=133 ref 1] ucp_worker_iface_async_fd_event() from hash
[1756857426.718075] [eos0005:202398:0]           async.c:576  UCX  DEBUG removing async handler 0x555556bc4470 [id=133 ref 1] ucp_worker_iface_async_fd_event()
[1756857426.718077] [eos0005:202398:0]           async.c:188  UCX  DEBUG release async handler 0x555556bc4470 [id=133 ref 0] ucp_worker_iface_async_fd_event()
[1756857426.718080] [eos0005:202398:0]           async.c:173  UCX  DEBUG removed async handler 0x555558141010 [id=132 ref 1] uct_rc_mlx5_devx_iface_event_handler() from hash
[1756857426.718080] [eos0005:202398:0]           async.c:576  UCX  DEBUG removing async handler 0x555558141010 [id=132 ref 1] uct_rc_mlx5_devx_iface_event_handler()
[1756857426.718082] [eos0005:202398:0]           async.c:188  UCX  DEBUG release async handler 0x555558141010 [id=132 ref 0] uct_rc_mlx5_devx_iface_event_handler()
[1756857426.718086] [eos0005:202398:0]           mpool.c:194  UCX  DEBUG mpool rc_mlx5_atomic_desc destroyed
[1756857426.718087] [eos0005:202398:0]           mpool.c:194  UCX  DEBUG mpool mlx5_dm_desc destroyed
[1756857426.718908] [eos0005:202398:0]           mpool.c:194  UCX  DEBUG mpool send-ops-mpool destroyed
[1756857426.718909] [eos0005:202398:0]           mpool.c:194  UCX  DEBUG mpool rc_send_desc destroyed
[1756857426.718910] [eos0005:202398:0]           mpool.c:194  UCX  DEBUG mpool rc_recv_desc destroyed
[1756857426.718911] [eos0005:202398:0]           mpool.c:194  UCX  DEBUG mpool pending-ops destroyed
[1756857426.719343] [eos0005:202398:0]           async.c:173  UCX  DEBUG removed async handler 0x555558222010 [id=134 ref 1] uct_ud_mlx5_iface_async_handler() from hash
[1756857426.719344] [eos0005:202398:0]           async.c:576  UCX  DEBUG removing async handler 0x555558222010 [id=134 ref 1] uct_ud_mlx5_iface_async_handler()
[1756857426.719346] [eos0005:202398:0]           async.c:188  UCX  DEBUG release async handler 0x555558222010 [id=134 ref 0] uct_ud_mlx5_iface_async_handler()
[1756857426.719347] [eos0005:202398:0]        ud_iface.c:602  UCX  DEBUG iface(0x555556ce9050): cep cleanup
[1756857426.719347] [eos0005:202398:0]           mpool.c:194  UCX  DEBUG mpool ud_tx_skb destroyed
[1756857426.719390] [eos0005:202398:0]           mpool.c:194  UCX  DEBUG mpool ud_recv_skb destroyed
[1756857426.719926] [eos0005:202398:0]        ud_iface.c:609  UCX  DEBUG iface(0x555556ce9050): ptr_array cleanup
[1756857426.720230] [eos0005:202398:0]           async.c:173  UCX  DEBUG removed async handler 0x555556bc4cf0 [id=135 ref 1] ucp_worker_iface_async_fd_event() from hash
[1756857426.720231] [eos0005:202398:0]           async.c:576  UCX  DEBUG removing async handler 0x555556bc4cf0 [id=135 ref 1] ucp_worker_iface_async_fd_event()
[1756857426.720232] [eos0005:202398:0]           async.c:188  UCX  DEBUG release async handler 0x555556bc4cf0 [id=135 ref 0] ucp_worker_iface_async_fd_event()
[1756857426.720234] [eos0005:202398:0]           mpool.c:194  UCX  DEBUG mpool rc_verbs_short_desc destroyed
[1756857426.720414] [eos0005:202398:0]           mpool.c:194  UCX  DEBUG mpool send-ops-mpool destroyed
[1756857426.720415] [eos0005:202398:0]           mpool.c:194  UCX  DEBUG mpool rc_send_desc destroyed
[1756857426.720416] [eos0005:202398:0]           mpool.c:194  UCX  DEBUG mpool rc_recv_desc destroyed
[1756857426.720416] [eos0005:202398:0]           mpool.c:194  UCX  DEBUG mpool pending-ops destroyed
[1756857426.720690] [eos0005:202398:0]           async.c:173  UCX  DEBUG removed async handler 0x55555830d010 [id=136 ref 1] uct_ud_verbs_iface_async_handler() from hash
[1756857426.720691] [eos0005:202398:0]           async.c:576  UCX  DEBUG removing async handler 0x55555830d010 [id=136 ref 1] uct_ud_verbs_iface_async_handler()
[1756857426.720692] [eos0005:202398:0]           async.c:188  UCX  DEBUG release async handler 0x55555830d010 [id=136 ref 0] uct_ud_verbs_iface_async_handler()
[1756857426.720693] [eos0005:202398:0]        ud_iface.c:602  UCX  DEBUG iface(0x555557b79180): cep cleanup
[1756857426.720694] [eos0005:202398:0]           mpool.c:194  UCX  DEBUG mpool ud_tx_skb destroyed
[1756857426.720737] [eos0005:202398:0]           mpool.c:194  UCX  DEBUG mpool ud_recv_skb destroyed
[1756857426.721348] [eos0005:202398:0]        ud_iface.c:609  UCX  DEBUG iface(0x555557b79180): ptr_array cleanup
[1756857426.721726] [eos0005:202398:0]           async.c:173  UCX  DEBUG removed async handler 0x555556bc4d30 [id=139 ref 1] ucp_worker_iface_async_fd_event() from hash
[1756857426.721727] [eos0005:202398:0]           async.c:576  UCX  DEBUG removing async handler 0x555556bc4d30 [id=139 ref 1] ucp_worker_iface_async_fd_event()
[1756857426.721728] [eos0005:202398:0]           async.c:188  UCX  DEBUG release async handler 0x555556bc4d30 [id=139 ref 0] ucp_worker_iface_async_fd_event()
[1756857426.722147] [eos0005:202398:0]           async.c:173  UCX  DEBUG removed async handler 0x5555584d9010 [id=138 ref 1] uct_rc_mlx5_devx_iface_event_handler() from hash
[1756857426.722148] [eos0005:202398:0]           async.c:576  UCX  DEBUG removing async handler 0x5555584d9010 [id=138 ref 1] uct_rc_mlx5_devx_iface_event_handler()
[1756857426.722149] [eos0005:202398:0]           async.c:188  UCX  DEBUG release async handler 0x5555584d9010 [id=138 ref 0] uct_rc_mlx5_devx_iface_event_handler()
[1756857426.722153] [eos0005:202398:0]           mpool.c:194  UCX  DEBUG mpool rc_mlx5_atomic_desc destroyed
[1756857426.722531] [eos0005:202398:0]           mpool.c:194  UCX  DEBUG mpool send-ops-mpool destroyed
[1756857426.722532] [eos0005:202398:0]           mpool.c:194  UCX  DEBUG mpool rc_send_desc destroyed
[1756857426.722851] [eos0005:202398:0]           mpool.c:194  UCX  DEBUG mpool rc_recv_desc destroyed
[1756857426.722852] [eos0005:202398:0]           mpool.c:194  UCX  DEBUG mpool pending-ops destroyed
[1756857426.723585] [eos0005:202398:0]           async.c:173  UCX  DEBUG removed async handler 0x5555574045e0 [id=142 ref 1] ucp_worker_iface_async_fd_event() from hash
[1756857426.723589] [eos0005:202398:0]           async.c:576  UCX  DEBUG removing async handler 0x5555574045e0 [id=142 ref 1] ucp_worker_iface_async_fd_event()
[1756857426.723592] [eos0005:202398:0]           async.c:188  UCX  DEBUG release async handler 0x5555574045e0 [id=142 ref 0] ucp_worker_iface_async_fd_event()
[1756857426.723596] [eos0005:202398:0]           async.c:173  UCX  DEBUG removed async handler 0x555558758010 [id=141 ref 1] uct_rc_mlx5_devx_iface_event_handler() from hash
[1756857426.723609] [eos0005:202398:0]           async.c:576  UCX  DEBUG removing async handler 0x555558758010 [id=141 ref 1] uct_rc_mlx5_devx_iface_event_handler()
[1756857426.723611] [eos0005:202398:0]           async.c:188  UCX  DEBUG release async handler 0x555558758010 [id=141 ref 0] uct_rc_mlx5_devx_iface_event_handler()
[1756857426.723617] [eos0005:202398:0]           mpool.c:194  UCX  DEBUG mpool rc_mlx5_atomic_desc destroyed
[1756857426.723618] [eos0005:202398:0]           mpool.c:194  UCX  DEBUG mpool mlx5_dm_desc destroyed
[1756857426.724418] [eos0005:202398:0]           mpool.c:194  UCX  DEBUG mpool send-ops-mpool destroyed
[1756857426.724419] [eos0005:202398:0]           mpool.c:194  UCX  DEBUG mpool rc_send_desc destroyed
[1756857426.724420] [eos0005:202398:0]           mpool.c:194  UCX  DEBUG mpool rc_recv_desc destroyed
[1756857426.724421] [eos0005:202398:0]           mpool.c:194  UCX  DEBUG mpool pending-ops destroyed
[1756857426.724838] [eos0005:202398:0]           async.c:173  UCX  DEBUG removed async handler 0x555558835010 [id=143 ref 1] uct_ud_mlx5_iface_async_handler() from hash
[1756857426.724839] [eos0005:202398:0]           async.c:576  UCX  DEBUG removing async handler 0x555558835010 [id=143 ref 1] uct_ud_mlx5_iface_async_handler()
[1756857426.724841] [eos0005:202398:0]           async.c:188  UCX  DEBUG release async handler 0x555558835010 [id=143 ref 0] uct_ud_mlx5_iface_async_handler()
[1756857426.724843] [eos0005:202398:0]        ud_iface.c:602  UCX  DEBUG iface(0x555557b58140): cep cleanup
[1756857426.724843] [eos0005:202398:0]           mpool.c:194  UCX  DEBUG mpool ud_tx_skb destroyed
[1756857426.724890] [eos0005:202398:0]           mpool.c:194  UCX  DEBUG mpool ud_recv_skb destroyed
[1756857426.725446] [eos0005:202398:0]        ud_iface.c:609  UCX  DEBUG iface(0x555557b58140): ptr_array cleanup
[1756857426.725712] [eos0005:202398:0]           async.c:173  UCX  DEBUG removed async handler 0x555557404620 [id=144 ref 1] ucp_worker_iface_async_fd_event() from hash
[1756857426.725713] [eos0005:202398:0]           async.c:576  UCX  DEBUG removing async handler 0x555557404620 [id=144 ref 1] ucp_worker_iface_async_fd_event()
[1756857426.725714] [eos0005:202398:0]           async.c:188  UCX  DEBUG release async handler 0x555557404620 [id=144 ref 0] ucp_worker_iface_async_fd_event()
[1756857426.725716] [eos0005:202398:0]           mpool.c:194  UCX  DEBUG mpool rc_verbs_short_desc destroyed
[1756857426.725911] [eos0005:202398:0]           mpool.c:194  UCX  DEBUG mpool send-ops-mpool destroyed
[1756857426.725912] [eos0005:202398:0]           mpool.c:194  UCX  DEBUG mpool rc_send_desc destroyed
[1756857426.725913] [eos0005:202398:0]           mpool.c:194  UCX  DEBUG mpool rc_recv_desc destroyed
[1756857426.725913] [eos0005:202398:0]           mpool.c:194  UCX  DEBUG mpool pending-ops destroyed
[1756857426.726233] [eos0005:202398:0]           async.c:173  UCX  DEBUG removed async handler 0x5555588e5010 [id=145 ref 1] uct_ud_verbs_iface_async_handler() from hash
[1756857426.726234] [eos0005:202398:0]           async.c:576  UCX  DEBUG removing async handler 0x5555588e5010 [id=145 ref 1] uct_ud_verbs_iface_async_handler()
[1756857426.726235] [eos0005:202398:0]           async.c:188  UCX  DEBUG release async handler 0x5555588e5010 [id=145 ref 0] uct_ud_verbs_iface_async_handler()
[1756857426.726236] [eos0005:202398:0]        ud_iface.c:602  UCX  DEBUG iface(0x555557783500): cep cleanup
[1756857426.726237] [eos0005:202398:0]           mpool.c:194  UCX  DEBUG mpool ud_tx_skb destroyed
[1756857426.726278] [eos0005:202398:0]           mpool.c:194  UCX  DEBUG mpool ud_recv_skb destroyed
[1756857426.726887] [eos0005:202398:0]        ud_iface.c:609  UCX  DEBUG iface(0x555557783500): ptr_array cleanup
[1756857426.727212] [eos0005:202398:0]           async.c:173  UCX  DEBUG removed async handler 0x5555570d8990 [id=148 ref 1] ucp_worker_iface_async_fd_event() from hash
[1756857426.727213] [eos0005:202398:0]           async.c:576  UCX  DEBUG removing async handler 0x5555570d8990 [id=148 ref 1] ucp_worker_iface_async_fd_event()
[1756857426.727215] [eos0005:202398:0]           async.c:188  UCX  DEBUG release async handler 0x5555570d8990 [id=148 ref 0] ucp_worker_iface_async_fd_event()
[1756857426.727649] [eos0005:202398:0]           async.c:173  UCX  DEBUG removed async handler 0x55555863c010 [id=147 ref 1] uct_rc_mlx5_devx_iface_event_handler() from hash
[1756857426.727650] [eos0005:202398:0]           async.c:576  UCX  DEBUG removing async handler 0x55555863c010 [id=147 ref 1] uct_rc_mlx5_devx_iface_event_handler()
[1756857426.727651] [eos0005:202398:0]           async.c:188  UCX  DEBUG release async handler 0x55555863c010 [id=147 ref 0] uct_rc_mlx5_devx_iface_event_handler()
[1756857426.727656] [eos0005:202398:0]           mpool.c:194  UCX  DEBUG mpool rc_mlx5_atomic_desc destroyed
[1756857426.728057] [eos0005:202398:0]           mpool.c:194  UCX  DEBUG mpool send-ops-mpool destroyed
[1756857426.728058] [eos0005:202398:0]           mpool.c:194  UCX  DEBUG mpool rc_send_desc destroyed
[1756857426.728401] [eos0005:202398:0]           mpool.c:194  UCX  DEBUG mpool rc_recv_desc destroyed
[1756857426.728402] [eos0005:202398:0]           mpool.c:194  UCX  DEBUG mpool pending-ops destroyed
[1756857426.729011] [eos0005:202398:0]           async.c:173  UCX  DEBUG removed async handler 0x5555570d89d0 [id=151 ref 1] ucp_worker_iface_async_fd_event() from hash
[1756857426.729012] [eos0005:202398:0]           async.c:576  UCX  DEBUG removing async handler 0x5555570d89d0 [id=151 ref 1] ucp_worker_iface_async_fd_event()
[1756857426.729014] [eos0005:202398:0]           async.c:188  UCX  DEBUG release async handler 0x5555570d89d0 [id=151 ref 0] ucp_worker_iface_async_fd_event()
[1756857426.729016] [eos0005:202398:0]           async.c:173  UCX  DEBUG removed async handler 0x555558d75010 [id=150 ref 1] uct_rc_mlx5_devx_iface_event_handler() from hash
[1756857426.729017] [eos0005:202398:0]           async.c:576  UCX  DEBUG removing async handler 0x555558d75010 [id=150 ref 1] uct_rc_mlx5_devx_iface_event_handler()
[1756857426.729019] [eos0005:202398:0]           async.c:188  UCX  DEBUG release async handler 0x555558d75010 [id=150 ref 0] uct_rc_mlx5_devx_iface_event_handler()
[1756857426.729022] [eos0005:202398:0]           mpool.c:194  UCX  DEBUG mpool rc_mlx5_atomic_desc destroyed
[1756857426.729023] [eos0005:202398:0]           mpool.c:194  UCX  DEBUG mpool mlx5_dm_desc destroyed
[1756857426.729836] [eos0005:202398:0]           mpool.c:194  UCX  DEBUG mpool send-ops-mpool destroyed
[1756857426.729837] [eos0005:202398:0]           mpool.c:194  UCX  DEBUG mpool rc_send_desc destroyed
[1756857426.729838] [eos0005:202398:0]           mpool.c:194  UCX  DEBUG mpool rc_recv_desc destroyed
[1756857426.729838] [eos0005:202398:0]           mpool.c:194  UCX  DEBUG mpool pending-ops destroyed
[1756857426.730247] [eos0005:202398:0]           async.c:173  UCX  DEBUG removed async handler 0x555558e52010 [id=152 ref 1] uct_ud_mlx5_iface_async_handler() from hash
[1756857426.730248] [eos0005:202398:0]           async.c:576  UCX  DEBUG removing async handler 0x555558e52010 [id=152 ref 1] uct_ud_mlx5_iface_async_handler()
[1756857426.730250] [eos0005:202398:0]           async.c:188  UCX  DEBUG release async handler 0x555558e52010 [id=152 ref 0] uct_ud_mlx5_iface_async_handler()
[1756857426.730251] [eos0005:202398:0]        ud_iface.c:602  UCX  DEBUG iface(0x55555696a020): cep cleanup
[1756857426.730251] [eos0005:202398:0]           mpool.c:194  UCX  DEBUG mpool ud_tx_skb destroyed
[1756857426.730292] [eos0005:202398:0]           mpool.c:194  UCX  DEBUG mpool ud_recv_skb destroyed
[1756857426.730806] [eos0005:202398:0]        ud_iface.c:609  UCX  DEBUG iface(0x55555696a020): ptr_array cleanup
[1756857426.731069] [eos0005:202398:0]           async.c:173  UCX  DEBUG removed async handler 0x5555570d8a10 [id=153 ref 1] ucp_worker_iface_async_fd_event() from hash
[1756857426.731070] [eos0005:202398:0]           async.c:576  UCX  DEBUG removing async handler 0x5555570d8a10 [id=153 ref 1] ucp_worker_iface_async_fd_event()
[1756857426.731078] [eos0005:202398:0]           async.c:188  UCX  DEBUG release async handler 0x5555570d8a10 [id=153 ref 0] ucp_worker_iface_async_fd_event()
[1756857426.731080] [eos0005:202398:0]           mpool.c:194  UCX  DEBUG mpool rc_verbs_short_desc destroyed
[1756857426.731261] [eos0005:202398:0]           mpool.c:194  UCX  DEBUG mpool send-ops-mpool destroyed
[1756857426.731262] [eos0005:202398:0]           mpool.c:194  UCX  DEBUG mpool rc_send_desc destroyed
[1756857426.731263] [eos0005:202398:0]           mpool.c:194  UCX  DEBUG mpool rc_recv_desc destroyed
[1756857426.731263] [eos0005:202398:0]           mpool.c:194  UCX  DEBUG mpool pending-ops destroyed
[1756857426.731569] [eos0005:202398:0]           async.c:173  UCX  DEBUG removed async handler 0x555558f02010 [id=154 ref 1] uct_ud_verbs_iface_async_handler() from hash
[1756857426.731570] [eos0005:202398:0]           async.c:576  UCX  DEBUG removing async handler 0x555558f02010 [id=154 ref 1] uct_ud_verbs_iface_async_handler()
[1756857426.731571] [eos0005:202398:0]           async.c:188  UCX  DEBUG release async handler 0x555558f02010 [id=154 ref 0] uct_ud_verbs_iface_async_handler()
[1756857426.731572] [eos0005:202398:0]        ud_iface.c:602  UCX  DEBUG iface(0x555558a51130): cep cleanup
[1756857426.731573] [eos0005:202398:0]           mpool.c:194  UCX  DEBUG mpool ud_tx_skb destroyed
[1756857426.731707] [eos0005:202398:0]           mpool.c:194  UCX  DEBUG mpool ud_recv_skb destroyed
[1756857426.732329] [eos0005:202398:0]        ud_iface.c:609  UCX  DEBUG iface(0x555558a51130): ptr_array cleanup
[1756857426.732589] [eos0005:202398:0]           async.c:173  UCX  DEBUG removed async handler 0x5555570d8a50 [id=157 ref 1] ucp_worker_iface_async_fd_event() from hash
[1756857426.732590] [eos0005:202398:0]           async.c:576  UCX  DEBUG removing async handler 0x5555570d8a50 [id=157 ref 1] ucp_worker_iface_async_fd_event()
[1756857426.732591] [eos0005:202398:0]           async.c:188  UCX  DEBUG release async handler 0x5555570d8a50 [id=157 ref 0] ucp_worker_iface_async_fd_event()
[1756857426.733008] [eos0005:202398:0]           async.c:173  UCX  DEBUG removed async handler 0x555558c59010 [id=156 ref 1] uct_rc_mlx5_devx_iface_event_handler() from hash
[1756857426.733009] [eos0005:202398:0]           async.c:576  UCX  DEBUG removing async handler 0x555558c59010 [id=156 ref 1] uct_rc_mlx5_devx_iface_event_handler()
[1756857426.733011] [eos0005:202398:0]           async.c:188  UCX  DEBUG release async handler 0x555558c59010 [id=156 ref 0] uct_rc_mlx5_devx_iface_event_handler()
[1756857426.733014] [eos0005:202398:0]           mpool.c:194  UCX  DEBUG mpool rc_mlx5_atomic_desc destroyed
[1756857426.733386] [eos0005:202398:0]           mpool.c:194  UCX  DEBUG mpool send-ops-mpool destroyed
[1756857426.733387] [eos0005:202398:0]           mpool.c:194  UCX  DEBUG mpool rc_send_desc destroyed
[1756857426.733701] [eos0005:202398:0]           mpool.c:194  UCX  DEBUG mpool rc_recv_desc destroyed
[1756857426.733702] [eos0005:202398:0]           mpool.c:194  UCX  DEBUG mpool pending-ops destroyed
[1756857426.734298] [eos0005:202398:0]           async.c:173  UCX  DEBUG removed async handler 0x5555573f6af0 [id=160 ref 1] ucp_worker_iface_async_fd_event() from hash
[1756857426.734299] [eos0005:202398:0]           async.c:576  UCX  DEBUG removing async handler 0x5555573f6af0 [id=160 ref 1] ucp_worker_iface_async_fd_event()
[1756857426.734301] [eos0005:202398:0]           async.c:188  UCX  DEBUG release async handler 0x5555573f6af0 [id=160 ref 0] ucp_worker_iface_async_fd_event()
[1756857426.734303] [eos0005:202398:0]           async.c:173  UCX  DEBUG removed async handler 0x555559392010 [id=159 ref 1] uct_rc_mlx5_devx_iface_event_handler() from hash
[1756857426.734304] [eos0005:202398:0]           async.c:576  UCX  DEBUG removing async handler 0x555559392010 [id=159 ref 1] uct_rc_mlx5_devx_iface_event_handler()
[1756857426.734306] [eos0005:202398:0]           async.c:188  UCX  DEBUG release async handler 0x555559392010 [id=159 ref 0] uct_rc_mlx5_devx_iface_event_handler()
[1756857426.734309] [eos0005:202398:0]           mpool.c:194  UCX  DEBUG mpool rc_mlx5_atomic_desc destroyed
[1756857426.734310] [eos0005:202398:0]           mpool.c:194  UCX  DEBUG mpool mlx5_dm_desc destroyed
[1756857426.735170] [eos0005:202398:0]           mpool.c:194  UCX  DEBUG mpool send-ops-mpool destroyed
[1756857426.735171] [eos0005:202398:0]           mpool.c:194  UCX  DEBUG mpool rc_send_desc destroyed
[1756857426.735171] [eos0005:202398:0]           mpool.c:194  UCX  DEBUG mpool rc_recv_desc destroyed
[1756857426.735172] [eos0005:202398:0]           mpool.c:194  UCX  DEBUG mpool pending-ops destroyed
[1756857426.735594] [eos0005:202398:0]           async.c:173  UCX  DEBUG removed async handler 0x55555946f010 [id=161 ref 1] uct_ud_mlx5_iface_async_handler() from hash
[1756857426.735595] [eos0005:202398:0]           async.c:576  UCX  DEBUG removing async handler 0x55555946f010 [id=161 ref 1] uct_ud_mlx5_iface_async_handler()
[1756857426.735597] [eos0005:202398:0]           async.c:188  UCX  DEBUG release async handler 0x55555946f010 [id=161 ref 0] uct_ud_mlx5_iface_async_handler()
[1756857426.735598] [eos0005:202398:0]        ud_iface.c:602  UCX  DEBUG iface(0x55555688f980): cep cleanup
[1756857426.735599] [eos0005:202398:0]           mpool.c:194  UCX  DEBUG mpool ud_tx_skb destroyed
[1756857426.735638] [eos0005:202398:0]           mpool.c:194  UCX  DEBUG mpool ud_recv_skb destroyed
[1756857426.736143] [eos0005:202398:0]        ud_iface.c:609  UCX  DEBUG iface(0x55555688f980): ptr_array cleanup
[1756857426.736447] [eos0005:202398:0]           async.c:173  UCX  DEBUG removed async handler 0x5555573f6b30 [id=162 ref 1] ucp_worker_iface_async_fd_event() from hash
[1756857426.736448] [eos0005:202398:0]           async.c:576  UCX  DEBUG removing async handler 0x5555573f6b30 [id=162 ref 1] ucp_worker_iface_async_fd_event()
[1756857426.736450] [eos0005:202398:0]           async.c:188  UCX  DEBUG release async handler 0x5555573f6b30 [id=162 ref 0] ucp_worker_iface_async_fd_event()
[1756857426.736451] [eos0005:202398:0]           mpool.c:194  UCX  DEBUG mpool rc_verbs_short_desc destroyed
[1756857426.736724] [eos0005:202398:0]           mpool.c:194  UCX  DEBUG mpool send-ops-mpool destroyed
[1756857426.736725] [eos0005:202398:0]           mpool.c:194  UCX  DEBUG mpool rc_send_desc destroyed
[1756857426.736726] [eos0005:202398:0]           mpool.c:194  UCX  DEBUG mpool rc_recv_desc destroyed
[1756857426.736726] [eos0005:202398:0]           mpool.c:194  UCX  DEBUG mpool pending-ops destroyed
[1756857426.737010] [eos0005:202398:0]           async.c:173  UCX  DEBUG removed async handler 0x55555951f010 [id=163 ref 1] uct_ud_verbs_iface_async_handler() from hash
[1756857426.737011] [eos0005:202398:0]           async.c:576  UCX  DEBUG removing async handler 0x55555951f010 [id=163 ref 1] uct_ud_verbs_iface_async_handler()
[1756857426.737012] [eos0005:202398:0]           async.c:188  UCX  DEBUG release async handler 0x55555951f010 [id=163 ref 0] uct_ud_verbs_iface_async_handler()
[1756857426.737013] [eos0005:202398:0]        ud_iface.c:602  UCX  DEBUG iface(0x55555906e130): cep cleanup
[1756857426.737014] [eos0005:202398:0]           mpool.c:194  UCX  DEBUG mpool ud_tx_skb destroyed
[1756857426.737055] [eos0005:202398:0]           mpool.c:194  UCX  DEBUG mpool ud_recv_skb destroyed
[1756857426.737683] [eos0005:202398:0]        ud_iface.c:609  UCX  DEBUG iface(0x55555906e130): ptr_array cleanup
[1756857426.737947] [eos0005:202398:0]           async.c:173  UCX  DEBUG removed async handler 0x5555573f6b70 [id=166 ref 1] ucp_worker_iface_async_fd_event() from hash
[1756857426.737948] [eos0005:202398:0]           async.c:576  UCX  DEBUG removing async handler 0x5555573f6b70 [id=166 ref 1] ucp_worker_iface_async_fd_event()
[1756857426.737950] [eos0005:202398:0]           async.c:188  UCX  DEBUG release async handler 0x5555573f6b70 [id=166 ref 0] ucp_worker_iface_async_fd_event()
[1756857426.738377] [eos0005:202398:0]           async.c:173  UCX  DEBUG removed async handler 0x5555593dd010 [id=165 ref 1] uct_rc_mlx5_devx_--------------------------------------------------------------------------
No components were able to be opened in the pml framework.

This typically means that either no components of this type were
installed, or none of the installed components can be loaded.
Sometimes this means that shared libraries required by these
components are unable to be found/loaded.

  Host:      eos0005
  Framework: pml
--------------------------------------------------------------------------
[eos0005.eos.clusters.nvidia.com:202398] PML ucx cannot be selected
