--- Starting Legate Application ---
[1755364162.365097] [eos0397:1063738:0]           debug.c:1158 UCX  DEBUG using signal stack 0x7ffff7b5b000 size 141824
[1755364162.367217] [eos0397:1063738:0]             cpu.c:339  UCX  DEBUG measured tsc frequency 1936.296 MHz after 0.03 ms
[1755364162.367229] [eos0397:1063738:0]            init.c:121  UCX  DEBUG /opt/nvidia/hpc_sdk/Linux_x86_64/25.3/comm_libs/12.8/hpcx/hpcx-2.22.1/ucx/lib/libucs.so.0 loaded at 0x7ffff7e30000
[1755364162.367237] [eos0397:1063738:0]            init.c:122  UCX  DEBUG cmd line: bash /root/miniconda3/envs/legate/share/legate/libexec/legate-bind.sh --launcher auto -- python /project/coreai_devtech_all/shixunw/cupynumeric.internal/test_fancy_indexing.py 
[1755364162.367243] [eos0397:1063738:0]          module.c:72   UCX  DEBUG ucs library path: /opt/nvidia/hpc_sdk/Linux_x86_64/25.3/comm_libs/12.8/hpcx/hpcx-2.22.1/ucx/lib/libucs.so.0
[1755364162.367244] [eos0397:1063738:0]          module.c:280  UCX  DEBUG loading modules for ucs
[1755364162.367245] [eos0397:1063738:0]          module.c:242  UCX  DEBUG loading module 'fuse' with mode 0x101
[1755364162.367299] [eos0397:1063738:0]          module.c:183  UCX  DEBUG loaded /opt/nvidia/hpc_sdk/Linux_x86_64/25.3/comm_libs/12.8/hpcx/hpcx-2.22.1/ucx/lib/ucx/libucs_fuse.so.0.0.0 [0x5555556b9580]
[eos0397.eos.clusters.nvidia.com:1063738] mca: base: components_register: registering framework btl components
[eos0397.eos.clusters.nvidia.com:1063738] mca: base: components_register: found loaded component vader
[eos0397.eos.clusters.nvidia.com:1063738] mca: base: components_register: component vader register function successful
[eos0397.eos.clusters.nvidia.com:1063738] mca: base: components_register: found loaded component self
[eos0397.eos.clusters.nvidia.com:1063738] mca: base: components_register: component self register function successful
[eos0397.eos.clusters.nvidia.com:1063738] mca: base: components_open: opening btl components
[eos0397.eos.clusters.nvidia.com:1063738] mca: base: components_open: found loaded component vader
[eos0397.eos.clusters.nvidia.com:1063738] mca: base: components_open: component vader open function successful
[eos0397.eos.clusters.nvidia.com:1063738] mca: base: components_open: found loaded component self
[eos0397.eos.clusters.nvidia.com:1063738] mca: base: components_open: component self open function successful
[eos0397.eos.clusters.nvidia.com:1063738] select: initializing btl component vader
[eos0397.eos.clusters.nvidia.com:1063738] select: init of component vader returned success
[eos0397.eos.clusters.nvidia.com:1063738] select: initializing btl component self
[eos0397.eos.clusters.nvidia.com:1063738] select: init of component self returned success
[1755364162.409826] [eos0397:1063738:0]           debug.c:1158 UCX  DEBUG using signal stack 0x7ffff7b92000 size 141824
[1755364162.412918] [eos0397:1063738:0]             cpu.c:339  UCX  DEBUG measured tsc frequency 1978.145 MHz after 0.06 ms
[1755364162.412935] [eos0397:1063738:0]            init.c:121  UCX  DEBUG /opt/nvidia/hpc_sdk/Linux_x86_64/25.3/comm_libs/12.8/hpcx/hpcx-2.22.1/ucx/lib/libucs.so.0 loaded at 0x7ffff7e30000
[1755364162.412944] [eos0397:1063738:0]            init.c:122  UCX  DEBUG cmd line: python /project/coreai_devtech_all/shixunw/cupynumeric.internal/test_fancy_indexing.py 
[1755364162.412950] [eos0397:1063738:0]          module.c:72   UCX  DEBUG ucs library path: /opt/nvidia/hpc_sdk/Linux_x86_64/25.3/comm_libs/12.8/hpcx/hpcx-2.22.1/ucx/lib/libucs.so.0
[1755364162.412952] [eos0397:1063738:0]          module.c:280  UCX  DEBUG loading modules for ucs
[1755364162.412953] [eos0397:1063738:0]          module.c:242  UCX  DEBUG loading module 'fuse' with mode 0x101
[1755364162.413028] [eos0397:1063738:0]          module.c:183  UCX  DEBUG loaded /opt/nvidia/hpc_sdk/Linux_x86_64/25.3/comm_libs/12.8/hpcx/hpcx-2.22.1/ucx/lib/ucx/libucs_fuse.so.0.0.0 [0x555555b33500]
[1755364162.762734] [eos0397:1063738:0]            time.c:22   UCX  DEBUG arch clock frequency: 1978145454.55 Hz
[1755364162.762783] [eos0397:1063738:0]     ucp_context.c:2257 UCX  INFO  Version 1.18.0 (loaded from /opt/nvidia/hpc_sdk/Linux_x86_64/25.3/comm_libs/12.8/hpcx/hpcx-2.22.1/ucx/lib/libucp.so.0)
[1755364162.762788] [eos0397:1063738:0]     ucp_context.c:2016 UCX  DEBUG estimated number of endpoints is 8
[1755364162.762790] [eos0397:1063738:0]     ucp_context.c:2023 UCX  DEBUG estimated number of endpoints per node is 1
[1755364162.762792] [eos0397:1063738:0]     ucp_context.c:2033 UCX  DEBUG estimated bcopy bandwidth is 7340032000.000000
[1755364162.762799] [eos0397:1063738:0]     ucp_context.c:2092 UCX  DEBUG allocation method[0] is md 'sysv'
[1755364162.762800] [eos0397:1063738:0]     ucp_context.c:2092 UCX  DEBUG allocation method[1] is md 'posix'
[1755364162.762806] [eos0397:1063738:0]     ucp_context.c:2104 UCX  DEBUG allocation method[2] is 'thp'
[1755364162.762806] [eos0397:1063738:0]     ucp_context.c:2092 UCX  DEBUG allocation method[3] is md '*'
[1755364162.762807] [eos0397:1063738:0]     ucp_context.c:2104 UCX  DEBUG allocation method[4] is 'mmap'
[1755364162.762808] [eos0397:1063738:0]     ucp_context.c:2104 UCX  DEBUG allocation method[5] is 'heap'
[1755364162.762817] [eos0397:1063738:0]          module.c:280  UCX  DEBUG loading modules for uct
[1755364162.762819] [eos0397:1063738:0]          module.c:242  UCX  DEBUG loading module 'cuda' with mode 0x1
[1755364167.583222] [eos0397:1063738:0]          module.c:183  UCX  DEBUG loaded /opt/nvidia/hpc_sdk/Linux_x86_64/25.3/comm_libs/12.8/hpcx/hpcx-2.22.1/ucx/lib/ucx/libuct_cuda.so.0.0.0 [0x555556311b40]
[1755364167.583231] [eos0397:1063738:0]          module.c:192  UCX  DEBUG calling 'ucs_module_global_init' in '/opt/nvidia/hpc_sdk/Linux_x86_64/25.3/comm_libs/12.8/hpcx/hpcx-2.22.1/ucx/lib/ucx/libuct_cuda.so.0.0.0': [0x7fffcab0b470]
[1755364167.583237] [eos0397:1063738:0]          module.c:280  UCX  DEBUG loading modules for uct_cuda
[1755364167.583240] [eos0397:1063738:0]          module.c:242  UCX  DEBUG loading module 'gdrcopy' with mode 0x1
[1755364167.583419] [eos0397:1063738:0]          module.c:183  UCX  DEBUG loaded /opt/nvidia/hpc_sdk/Linux_x86_64/25.3/comm_libs/12.8/hpcx/hpcx-2.22.1/ucx/lib/ucx/libuct_cuda_gdrcopy.so.0.0.0 [0x55555631c2a0]
[1755364167.583423] [eos0397:1063738:0]          module.c:165  UCX  DEBUG ignoring 'ucs_module_global_init' (0x7fffcab0b470) from libuct_cuda.so.0 (0x7fffcab03000), expected in libuct_cuda_gdrcopy.so.0 (7fffcaa0a000)
[1755364167.583425] [eos0397:1063738:0]          module.c:242  UCX  DEBUG loading module 'ib' with mode 0x1
[1755364167.584167] [eos0397:1063738:0]          module.c:280  UCX  DEBUG loading modules for uct_ib
[1755364167.584169] [eos0397:1063738:0]          module.c:242  UCX  DEBUG loading module 'mlx5' with mode 0x1
[1755364167.584469] [eos0397:1063738:0]          module.c:183  UCX  DEBUG loaded /opt/nvidia/hpc_sdk/Linux_x86_64/25.3/comm_libs/12.8/hpcx/hpcx-2.22.1/ucx/lib/ucx/libuct_ib_mlx5.so.0.0.0 [0x55555631f320]
[1755364167.584478] [eos0397:1063738:0]          module.c:183  UCX  DEBUG loaded /opt/nvidia/hpc_sdk/Linux_x86_64/25.3/comm_libs/12.8/hpcx/hpcx-2.22.1/ucx/lib/ucx/libuct_ib.so.0.0.0 [0x55555631cfa0]
[1755364167.584480] [eos0397:1063738:0]          module.c:242  UCX  DEBUG loading module 'rdmacm' with mode 0x1
[1755364167.584685] [eos0397:1063738:0]          module.c:183  UCX  DEBUG loaded /opt/nvidia/hpc_sdk/Linux_x86_64/25.3/comm_libs/12.8/hpcx/hpcx-2.22.1/ucx/lib/ucx/libuct_rdmacm.so.0.0.0 [0x5555563205f0]
[1755364167.584687] [eos0397:1063738:0]          module.c:242  UCX  DEBUG loading module 'cma' with mode 0x1
[1755364167.584746] [eos0397:1063738:0]          module.c:183  UCX  DEBUG loaded /opt/nvidia/hpc_sdk/Linux_x86_64/25.3/comm_libs/12.8/hpcx/hpcx-2.22.1/ucx/lib/ucx/libuct_cma.so.0.0.0 [0x5555563216c0]
[1755364167.584809] [eos0397:1063738:0]            topo.c:298  UCX  DEBUG added sys_dev 0 for bus id 1b:00.0
[1755364167.584826] [eos0397:1063738:0]            topo.c:298  UCX  DEBUG added sys_dev 1 for bus id 43:00.0
[1755364167.584841] [eos0397:1063738:0]            topo.c:298  UCX  DEBUG added sys_dev 2 for bus id 52:00.0
[1755364167.584856] [eos0397:1063738:0]            topo.c:298  UCX  DEBUG added sys_dev 3 for bus id 61:00.0
[1755364167.584870] [eos0397:1063738:0]            topo.c:298  UCX  DEBUG added sys_dev 4 for bus id 9d:00.0
[1755364167.584885] [eos0397:1063738:0]            topo.c:298  UCX  DEBUG added sys_dev 5 for bus id c3:00.0
[1755364167.584900] [eos0397:1063738:0]            topo.c:298  UCX  DEBUG added sys_dev 6 for bus id d1:00.0
[1755364167.584914] [eos0397:1063738:0]            topo.c:298  UCX  DEBUG added sys_dev 7 for bus id df:00.0
[1755364167.587818] [eos0397:1063738:0]            topo.c:895  UCX  DEBUG /sys/class/net/bmc-redfish0/lower_enx463c84c17a97: sysfs path undetected
[1755364167.587821] [eos0397:1063738:0]            topo.c:556  UCX  DEBUG bmc-redfish0: system device unknown
[1755364167.617309] [eos0397:1063738:0]            topo.c:899  UCX  DEBUG /sys/class/net/eth3: PF sysfs path is '/sys/devices/pci0000:80/0000:80:05.0/0000:82:00.1'
[1755364167.617332] [eos0397:1063738:0]            topo.c:298  UCX  DEBUG added sys_dev 8 for bus id 82:00.1
[1755364167.617335] [eos0397:1063738:0]            topo.c:552  UCX  DEBUG eth3: bdf_name 0000:82:00.1 sys_dev 8
[1755364167.619917] [eos0397:1063738:0]            topo.c:899  UCX  DEBUG /sys/class/net/ibp154s0: PF sysfs path is '/sys/devices/pci0000:97/0000:97:01.0/0000:98:00.0/0000:99:00.0/0000:9a:00.0'
[1755364167.619940] [eos0397:1063738:0]            topo.c:298  UCX  DEBUG added sys_dev 9 for bus id 9a:00.0
[1755364167.619941] [eos0397:1063738:0]            topo.c:552  UCX  DEBUG ibp154s0: bdf_name 0000:9a:00.0 sys_dev 9
[1755364167.622209] [eos0397:1063738:0]            topo.c:899  UCX  DEBUG /sys/class/net/ibp170s0f0: PF sysfs path is '/sys/devices/pci0000:a5/0000:a5:01.0/0000:a6:00.0/0000:a7:00.0/0000:a8:00.0/0000:a9:00.0/0000:aa:00.0'
[1755364167.622224] [eos0397:1063738:0]            topo.c:298  UCX  DEBUG added sys_dev 10 for bus id aa:00.0
[1755364167.622226] [eos0397:1063738:0]            topo.c:552  UCX  DEBUG ibp170s0f0: bdf_name 0000:aa:00.0 sys_dev 10
[1755364167.624436] [eos0397:1063738:0]            topo.c:899  UCX  DEBUG /sys/class/net/ibp192s0: PF sysfs path is '/sys/devices/pci0000:bd/0000:bd:01.0/0000:be:00.0/0000:bf:00.0/0000:c0:00.0'
[1755364167.624449] [eos0397:1063738:0]            topo.c:298  UCX  DEBUG added sys_dev 11 for bus id c0:00.0
[1755364167.624450] [eos0397:1063738:0]            topo.c:552  UCX  DEBUG ibp192s0: bdf_name 0000:c0:00.0 sys_dev 11
[1755364167.626571] [eos0397:1063738:0]            topo.c:899  UCX  DEBUG /sys/class/net/ibp206s0: PF sysfs path is '/sys/devices/pci0000:cb/0000:cb:01.0/0000:cc:00.0/0000:cd:00.0/0000:ce:00.0'
[1755364167.626592] [eos0397:1063738:0]            topo.c:298  UCX  DEBUG added sys_dev 12 for bus id ce:00.0
[1755364167.626608] [eos0397:1063738:0]            topo.c:552  UCX  DEBUG ibp206s0: bdf_name 0000:ce:00.0 sys_dev 12
[1755364167.628907] [eos0397:1063738:0]            topo.c:899  UCX  DEBUG /sys/class/net/ibp220s0: PF sysfs path is '/sys/devices/pci0000:d9/0000:d9:01.0/0000:da:00.0/0000:db:00.0/0000:dc:00.0'
[1755364167.628921] [eos0397:1063738:0]            topo.c:298  UCX  DEBUG added sys_dev 13 for bus id dc:00.0
[1755364167.628922] [eos0397:1063738:0]            topo.c:552  UCX  DEBUG ibp220s0: bdf_name 0000:dc:00.0 sys_dev 13
[1755364167.630843] [eos0397:1063738:0]            topo.c:899  UCX  DEBUG /sys/class/net/ibp24s0: PF sysfs path is '/sys/devices/pci0000:15/0000:15:01.0/0000:16:00.0/0000:17:00.0/0000:18:00.0'
[1755364167.630856] [eos0397:1063738:0]            topo.c:298  UCX  DEBUG added sys_dev 14 for bus id 18:00.0
[1755364167.630857] [eos0397:1063738:0]            topo.c:552  UCX  DEBUG ibp24s0: bdf_name 0000:18:00.0 sys_dev 14
[1755364167.632625] [eos0397:1063738:0]            topo.c:899  UCX  DEBUG /sys/class/net/ibp41s0f0: PF sysfs path is '/sys/devices/pci0000:24/0000:24:01.0/0000:25:00.0/0000:26:00.0/0000:27:00.0/0000:28:00.0/0000:29:00.0'
[1755364167.632640] [eos0397:1063738:0]            topo.c:298  UCX  DEBUG added sys_dev 15 for bus id 29:00.0
[1755364167.632641] [eos0397:1063738:0]            topo.c:552  UCX  DEBUG ibp41s0f0: bdf_name 0000:29:00.0 sys_dev 15
[1755364167.634795] [eos0397:1063738:0]            topo.c:899  UCX  DEBUG /sys/class/net/ibp64s0: PF sysfs path is '/sys/devices/pci0000:3d/0000:3d:01.0/0000:3e:00.0/0000:3f:00.0/0000:40:00.0'
[1755364167.634819] [eos0397:1063738:0]            topo.c:298  UCX  DEBUG added sys_dev 16 for bus id 40:00.0
[1755364167.634821] [eos0397:1063738:0]            topo.c:552  UCX  DEBUG ibp64s0: bdf_name 0000:40:00.0 sys_dev 16
[1755364167.636785] [eos0397:1063738:0]            topo.c:899  UCX  DEBUG /sys/class/net/ibp79s0: PF sysfs path is '/sys/devices/pci0000:4c/0000:4c:01.0/0000:4d:00.0/0000:4e:00.0/0000:4f:00.0'
[1755364167.636809] [eos0397:1063738:0]            topo.c:298  UCX  DEBUG added sys_dev 17 for bus id 4f:00.0
[1755364167.636810] [eos0397:1063738:0]            topo.c:552  UCX  DEBUG ibp79s0: bdf_name 0000:4f:00.0 sys_dev 17
[1755364167.638791] [eos0397:1063738:0]            topo.c:899  UCX  DEBUG /sys/class/net/ibp94s0: PF sysfs path is '/sys/devices/pci0000:5b/0000:5b:01.0/0000:5c:00.0/0000:5d:00.0/0000:5e:00.0'
[1755364167.638826] [eos0397:1063738:0]            topo.c:298  UCX  DEBUG added sys_dev 18 for bus id 5e:00.0
[1755364167.638827] [eos0397:1063738:0]            topo.c:552  UCX  DEBUG ibp94s0: bdf_name 0000:5e:00.0 sys_dev 18
[1755364167.640739] [eos0397:1063738:0]            topo.c:895  UCX  DEBUG /sys/class/net/lo: sysfs path undetected
[1755364167.640740] [eos0397:1063738:0]            topo.c:556  UCX  DEBUG lo: system device unknown
[1755364167.640836] [eos0397:1063738:0]    cuda_copy_md.c:104  UCX  DEBUG dmabuf is supported on cuda device 0
[1755364167.640857] [eos0397:1063738:0]      cuda_iface.c:52   UCX  DEBUG set cuda sys_device to `unknown` as no context is currently active
[1755364168.200163] [eos0397:1063738:0]     cuda_ipc_md.c:449  UCX  DEBUG fabric_info: state=3 status=0 uuid=00000000:00000000:00000000:00000000
[1755364168.205744] [eos0397:1063738:0]      cuda_iface.c:52   UCX  DEBUG set cuda sys_device to `unknown` as no context is currently active
[1755364168.205788] [eos0397:1063738:0]           mpool.c:138  UCX  DEBUG mpool rcache_mp: align 8, maxelems 4294967295, elemsize 144
[1755364168.210722] [eos0397:1063738:0]           async.c:248  UCX  DEBUG added async handler 0x555556548bc0 [id=47 ref 1] ucs_rcache_invalidate_handler() to hash
[1755364168.210801] [eos0397:1063738:0]           async.c:522  UCX  DEBUG listening to async event fd 47 events 0x1 mode thread_spinlock
[1755364168.210833] [eos0397:1063738:0]          module.c:280  UCX  DEBUG loading modules for ucm
[1755364168.210835] [eos0397:1063738:0]          module.c:242  UCX  DEBUG loading module 'cuda' with mode 0x1001
[1755364168.210990] [eos0397:1063738:0]          module.c:183  UCX  DEBUG loaded /opt/nvidia/hpc_sdk/Linux_x86_64/25.3/comm_libs/12.8/hpcx/hpcx-2.22.1/ucx/lib/ucx/libucm_cuda.so.0.0.0 [0x55555670f820]
[1755364168.276142] [eos0397:1063738:0]      cuda_iface.c:52   UCX  DEBUG set cuda sys_device to `unknown` as no context is currently active
[1755364168.281005] [eos0397:1063738:0]            topo.c:899  UCX  DEBUG /sys/class/infiniband/mlx5_0: PF sysfs path is '/sys/devices/pci0000:15/0000:15:01.0/0000:16:00.0/0000:17:00.0/0000:18:00.0'
[1755364168.281010] [eos0397:1063738:0]            topo.c:552  UCX  DEBUG mlx5_0: bdf_name 0000:18:00.0 sys_dev 14
[1755364168.281024] [eos0397:1063738:0]       ib_device.c:498  UCX  DEBUG mlx5_0: vendor_id 0x15b3 device_id 4129
[1755364168.281548] [eos0397:1063738:0]    ib_mlx5dv_md.c:1875 UCX  DEBUG mlx5_0: cross gvmi alias mkey is supported
[1755364168.281549] [eos0397:1063738:0]    ib_mlx5dv_md.c:1925 UCX  DEBUG mlx5_0: mkey_by_name_reserve is not supported
[1755364168.281550] [eos0397:1063738:0]    ib_mlx5dv_md.c:1910 UCX  DEBUG mlx5_0: dp_ordering support: force=1 ooo_rw_rc=1 ooo_rw_dc=1
[1755364168.281675] [eos0397:1063738:0]    ib_mlx5dv_md.c:1705 UCX  DEBUG mlx5_0: ODP is disabled because version 1 is not supported for DevX QP
[1755364168.286459] [eos0397:1063738:0]           async.c:248  UCX  DEBUG added async handler 0x555556564890 [id=53 ref 1] uct_ib_async_event_handler() to hash
[1755364168.286467] [eos0397:1063738:0]           async.c:522  UCX  DEBUG listening to async event fd 53 events 0x1 mode thread_spinlock
[1755364168.286473] [eos0397:1063738:0]       ib_device.c:597  UCX  DEBUG initialized device 'mlx5_0' (InfiniBand channel adapter) with 1 ports
[1755364168.286481] [eos0397:1063738:0]           ib_md.c:1177 UCX  DEBUG mlx5_0: cuda GPUDirect RDMA is detected by checking /sys/kernel/mm/memory_peers/nv_mem/version
[1755364168.286485] [eos0397:1063738:0]           ib_md.c:1177 UCX  DEBUG mlx5_0: rocm GPUDirect RDMA is not detected by checking /dev/kfd
[1755364168.286495] [eos0397:1063738:0]           ib_md.c:1202 UCX  DEBUG mlx5_0: dmabuf is supported
[1755364168.286499] [eos0397:1063738:0]           mpool.c:138  UCX  DEBUG mpool devx dbrec: align 64, maxelems 4294967295, elemsize 40
[1755364168.286698] [eos0397:1063738:0]    ib_mlx5dv_md.c:2423 UCX  DEBUG mlx5_0: opened DEVX md log_max_qp=17
[1755364168.287161] [eos0397:1063738:0]    ib_mlx5dv_md.c:126  UCX  DEBUG mlx5_0: KSM dm memory registration status "Success" range 0x7fffcdab5000..0x7fffcdab5020 iova 0x0 mkey_index 0x0
[1755364168.287503] [eos0397:1063738:0]    ib_mlx5dv_md.c:96   UCX  DEBUG mlx5_0: mlx5dv_devx_obj_create(CREATE_MKEY, mode=KSM, start_addr=0x7fffcdab5000 length=32) failed, syndrome 0x45d3a4: Remote I/O error
[1755364168.287505] [eos0397:1063738:0]    ib_mlx5dv_md.c:126  UCX  DEBUG mlx5_0: KSM atomic-key memory registration status "Unsupported operation" range (nil)..0x20 iova 0x7fffcdab5000 atomic mkey_index 0x0
[1755364168.287937] [eos0397:1063738:0]           ib_md.c:1161 UCX  DEBUG mlx5_0: relaxed order memory access is disabled
[1755364168.288181] [eos0397:1063738:0]    ib_mlx5dv_md.c:126  UCX  DEBUG mlx5_0: KSM flush-mr memory registration status "Success" range 0x5555565ad000..0x5555565ad008 iova 0x0 mkey_index 0x0
[1755364168.288182] [eos0397:1063738:0]           ib_md.c:1031 UCX  DEBUG mlx5_0: md open by 'uct_ib_mlx5_devx_md_ops' is successful
[1755364168.314489] [eos0397:1063738:0]            topo.c:899  UCX  DEBUG /sys/class/infiniband/mlx5_3: PF sysfs path is '/sys/devices/pci0000:3d/0000:3d:01.0/0000:3e:00.0/0000:3f:00.0/0000:40:00.0'
[1755364168.314495] [eos0397:1063738:0]            topo.c:552  UCX  DEBUG mlx5_3: bdf_name 0000:40:00.0 sys_dev 16
[1755364168.314506] [eos0397:1063738:0]       ib_device.c:498  UCX  DEBUG mlx5_3: vendor_id 0x15b3 device_id 4129
[1755364168.314974] [eos0397:1063738:0]    ib_mlx5dv_md.c:1875 UCX  DEBUG mlx5_3: cross gvmi alias mkey is supported
[1755364168.314976] [eos0397:1063738:0]    ib_mlx5dv_md.c:1925 UCX  DEBUG mlx5_3: mkey_by_name_reserve is not supported
[1755364168.314988] [eos0397:1063738:0]    ib_mlx5dv_md.c:1910 UCX  DEBUG mlx5_3: dp_ordering support: force=1 ooo_rw_rc=1 ooo_rw_dc=1
[1755364168.315101] [eos0397:1063738:0]    ib_mlx5dv_md.c:1705 UCX  DEBUG mlx5_3: ODP is disabled because version 1 is not supported for DevX QP
[1755364168.315219] [eos0397:1063738:0]           async.c:248  UCX  DEBUG added async handler 0x555556710f00 [id=55 ref 1] uct_ib_async_event_handler() to hash
[1755364168.315225] [eos0397:1063738:0]           async.c:522  UCX  DEBUG listening to async event fd 55 events 0x1 mode thread_spinlock
[1755364168.315226] [eos0397:1063738:0]       ib_device.c:597  UCX  DEBUG initialized device 'mlx5_3' (InfiniBand channel adapter) with 1 ports
[1755364168.315231] [eos0397:1063738:0]           ib_md.c:1177 UCX  DEBUG mlx5_3: cuda GPUDirect RDMA is detected by checking /sys/kernel/mm/memory_peers/nv_mem/version
[1755364168.315234] [eos0397:1063738:0]           ib_md.c:1177 UCX  DEBUG mlx5_3: rocm GPUDirect RDMA is not detected by checking /dev/kfd
[1755364168.315238] [eos0397:1063738:0]           ib_md.c:1202 UCX  DEBUG mlx5_3: dmabuf is supported
[1755364168.315239] [eos0397:1063738:0]           mpool.c:138  UCX  DEBUG mpool devx dbrec: align 64, maxelems 4294967295, elemsize 40
[1755364168.315411] [eos0397:1063738:0]    ib_mlx5dv_md.c:2423 UCX  DEBUG mlx5_3: opened DEVX md log_max_qp=17
[1755364168.315818] [eos0397:1063738:0]    ib_mlx5dv_md.c:126  UCX  DEBUG mlx5_3: KSM dm memory registration status "Success" range 0x7fffca618000..0x7fffca618020 iova 0x0 mkey_index 0x0
[1755364168.316101] [eos0397:1063738:0]    ib_mlx5dv_md.c:96   UCX  DEBUG mlx5_3: mlx5dv_devx_obj_create(CREATE_MKEY, mode=KSM, start_addr=0x7fffca618000 length=32) failed, syndrome 0x45d3a4: Remote I/O error
[1755364168.316103] [eos0397:1063738:0]    ib_mlx5dv_md.c:126  UCX  DEBUG mlx5_3: KSM atomic-key memory registration status "Unsupported operation" range (nil)..0x20 iova 0x7fffca618000 atomic mkey_index 0x0
[1755364168.316464] [eos0397:1063738:0]           ib_md.c:1161 UCX  DEBUG mlx5_3: relaxed order memory access is disabled
[1755364168.316682] [eos0397:1063738:0]    ib_mlx5dv_md.c:126  UCX  DEBUG mlx5_3: KSM flush-mr memory registration status "Success" range 0x5555565af000..0x5555565af008 iova 0x0 mkey_index 0x0
[1755364168.316683] [eos0397:1063738:0]           ib_md.c:1031 UCX  DEBUG mlx5_3: md open by 'uct_ib_mlx5_devx_md_ops' is successful
[1755364168.322141] [eos0397:1063738:0]            topo.c:899  UCX  DEBUG /sys/class/infiniband/mlx5_4: PF sysfs path is '/sys/devices/pci0000:4c/0000:4c:01.0/0000:4d:00.0/0000:4e:00.0/0000:4f:00.0'
[1755364168.322144] [eos0397:1063738:0]            topo.c:552  UCX  DEBUG mlx5_4: bdf_name 0000:4f:00.0 sys_dev 17
[1755364168.322152] [eos0397:1063738:0]       ib_device.c:498  UCX  DEBUG mlx5_4: vendor_id 0x15b3 device_id 4129
[1755364168.322621] [eos0397:1063738:0]    ib_mlx5dv_md.c:1875 UCX  DEBUG mlx5_4: cross gvmi alias mkey is supported
[1755364168.322622] [eos0397:1063738:0]    ib_mlx5dv_md.c:1925 UCX  DEBUG mlx5_4: mkey_by_name_reserve is not supported
[1755364168.322622] [eos0397:1063738:0]    ib_mlx5dv_md.c:1910 UCX  DEBUG mlx5_4: dp_ordering support: force=1 ooo_rw_rc=1 ooo_rw_dc=1
[1755364168.322733] [eos0397:1063738:0]    ib_mlx5dv_md.c:1705 UCX  DEBUG mlx5_4: ODP is disabled because version 1 is not supported for DevX QP
[1755364168.322852] [eos0397:1063738:0]           async.c:248  UCX  DEBUG added async handler 0x55555672e930 [id=57 ref 1] uct_ib_async_event_handler() to hash
[1755364168.322857] [eos0397:1063738:0]           async.c:522  UCX  DEBUG listening to async event fd 57 events 0x1 mode thread_spinlock
[1755364168.322858] [eos0397:1063738:0]       ib_device.c:597  UCX  DEBUG initialized device 'mlx5_4' (InfiniBand channel adapter) with 1 ports
[1755364168.322862] [eos0397:1063738:0]           ib_md.c:1177 UCX  DEBUG mlx5_4: cuda GPUDirect RDMA is detected by checking /sys/kernel/mm/memory_peers/nv_mem/version
[1755364168.322864] [eos0397:1063738:0]           ib_md.c:1177 UCX  DEBUG mlx5_4: rocm GPUDirect RDMA is not detected by checking /dev/kfd
[1755364168.322867] [eos0397:1063738:0]           ib_md.c:1202 UCX  DEBUG mlx5_4: dmabuf is supported
[1755364168.322869] [eos0397:1063738:0]           mpool.c:138  UCX  DEBUG mpool devx dbrec: align 64, maxelems 4294967295, elemsize 40
[1755364168.323039] [eos0397:1063738:0]    ib_mlx5dv_md.c:2423 UCX  DEBUG mlx5_4: opened DEVX md log_max_qp=17
[1755364168.323429] [eos0397:1063738:0]    ib_mlx5dv_md.c:126  UCX  DEBUG mlx5_4: KSM dm memory registration status "Success" range 0x7fffca613000..0x7fffca613020 iova 0x0 mkey_index 0x0
[1755364168.323707] [eos0397:1063738:0]    ib_mlx5dv_md.c:96   UCX  DEBUG mlx5_4: mlx5dv_devx_obj_create(CREATE_MKEY, mode=KSM, start_addr=0x7fffca613000 length=32) failed, syndrome 0x45d3a4: Remote I/O error
[1755364168.323708] [eos0397:1063738:0]    ib_mlx5dv_md.c:126  UCX  DEBUG mlx5_4: KSM atomic-key memory registration status "Unsupported operation" range (nil)..0x20 iova 0x7fffca613000 atomic mkey_index 0x0
[1755364168.324054] [eos0397:1063738:0]           ib_md.c:1161 UCX  DEBUG mlx5_4: relaxed order memory access is disabled
[1755364168.324272] [eos0397:1063738:0]    ib_mlx5dv_md.c:126  UCX  DEBUG mlx5_4: KSM flush-mr memory registration status "Success" range 0x55555664e000..0x55555664e008 iova 0x0 mkey_index 0x0
[1755364168.324273] [eos0397:1063738:0]           ib_md.c:1031 UCX  DEBUG mlx5_4: md open by 'uct_ib_mlx5_devx_md_ops' is successful
[1755364168.329635] [eos0397:1063738:0]            topo.c:899  UCX  DEBUG /sys/class/infiniband/mlx5_5: PF sysfs path is '/sys/devices/pci0000:5b/0000:5b:01.0/0000:5c:00.0/0000:5d:00.0/0000:5e:00.0'
[1755364168.329637] [eos0397:1063738:0]            topo.c:552  UCX  DEBUG mlx5_5: bdf_name 0000:5e:00.0 sys_dev 18
[1755364168.329645] [eos0397:1063738:0]       ib_device.c:498  UCX  DEBUG mlx5_5: vendor_id 0x15b3 device_id 4129
[1755364168.330120] [eos0397:1063738:0]    ib_mlx5dv_md.c:1875 UCX  DEBUG mlx5_5: cross gvmi alias mkey is supported
[1755364168.330121] [eos0397:1063738:0]    ib_mlx5dv_md.c:1925 UCX  DEBUG mlx5_5: mkey_by_name_reserve is not supported
[1755364168.330122] [eos0397:1063738:0]    ib_mlx5dv_md.c:1910 UCX  DEBUG mlx5_5: dp_ordering support: force=1 ooo_rw_rc=1 ooo_rw_dc=1
[1755364168.330234] [eos0397:1063738:0]    ib_mlx5dv_md.c:1705 UCX  DEBUG mlx5_5: ODP is disabled because version 1 is not supported for DevX QP
[1755364168.330356] [eos0397:1063738:0]           async.c:248  UCX  DEBUG added async handler 0x555556854340 [id=59 ref 1] uct_ib_async_event_handler() to hash
[1755364168.330361] [eos0397:1063738:0]           async.c:522  UCX  DEBUG listening to async event fd 59 events 0x1 mode thread_spinlock
[1755364168.330362] [eos0397:1063738:0]       ib_device.c:597  UCX  DEBUG initialized device 'mlx5_5' (InfiniBand channel adapter) with 1 ports
[1755364168.330371] [eos0397:1063738:0]           ib_md.c:1177 UCX  DEBUG mlx5_5: cuda GPUDirect RDMA is detected by checking /sys/kernel/mm/memory_peers/nv_mem/version
[1755364168.330373] [eos0397:1063738:0]           ib_md.c:1177 UCX  DEBUG mlx5_5: rocm GPUDirect RDMA is not detected by checking /dev/kfd
[1755364168.330376] [eos0397:1063738:0]           ib_md.c:1202 UCX  DEBUG mlx5_5: dmabuf is supported
[1755364168.330377] [eos0397:1063738:0]           mpool.c:138  UCX  DEBUG mpool devx dbrec: align 64, maxelems 4294967295, elemsize 40
[1755364168.330550] [eos0397:1063738:0]    ib_mlx5dv_md.c:2423 UCX  DEBUG mlx5_5: opened DEVX md log_max_qp=17
[1755364168.330945] [eos0397:1063738:0]    ib_mlx5dv_md.c:126  UCX  DEBUG mlx5_5: KSM dm memory registration status "Success" range 0x7fffca60e000..0x7fffca60e020 iova 0x0 mkey_index 0x0
[1755364168.331221] [eos0397:1063738:0]    ib_mlx5dv_md.c:96   UCX  DEBUG mlx5_5: mlx5dv_devx_obj_create(CREATE_MKEY, mode=KSM, start_addr=0x7fffca60e000 length=32) failed, syndrome 0x45d3a4: Remote I/O error
[1755364168.331222] [eos0397:1063738:0]    ib_mlx5dv_md.c:126  UCX  DEBUG mlx5_5: KSM atomic-key memory registration status "Unsupported operation" range (nil)..0x20 iova 0x7fffca60e000 atomic mkey_index 0x0
[1755364168.331563] [eos0397:1063738:0]           ib_md.c:1161 UCX  DEBUG mlx5_5: relaxed order memory access is disabled
[1755364168.331790] [eos0397:1063738:0]    ib_mlx5dv_md.c:126  UCX  DEBUG mlx5_5: KSM flush-mr memory registration status "Success" range 0x555556650000..0x555556650008 iova 0x0 mkey_index 0x0
[1755364168.331791] [eos0397:1063738:0]           ib_md.c:1031 UCX  DEBUG mlx5_5: md open by 'uct_ib_mlx5_devx_md_ops' is successful
[1755364168.337117] [eos0397:1063738:0]            topo.c:899  UCX  DEBUG /sys/class/infiniband/mlx5_6: PF sysfs path is '/sys/devices/pci0000:97/0000:97:01.0/0000:98:00.0/0000:99:00.0/0000:9a:00.0'
[1755364168.337119] [eos0397:1063738:0]            topo.c:552  UCX  DEBUG mlx5_6: bdf_name 0000:9a:00.0 sys_dev 9
[1755364168.337126] [eos0397:1063738:0]       ib_device.c:498  UCX  DEBUG mlx5_6: vendor_id 0x15b3 device_id 4129
[1755364168.337619] [eos0397:1063738:0]    ib_mlx5dv_md.c:1875 UCX  DEBUG mlx5_6: cross gvmi alias mkey is supported
[1755364168.337619] [eos0397:1063738:0]    ib_mlx5dv_md.c:1925 UCX  DEBUG mlx5_6: mkey_by_name_reserve is not supported
[1755364168.337620] [eos0397:1063738:0]    ib_mlx5dv_md.c:1910 UCX  DEBUG mlx5_6: dp_ordering support: force=1 ooo_rw_rc=1 ooo_rw_dc=1
[1755364168.337722] [eos0397:1063738:0]    ib_mlx5dv_md.c:1705 UCX  DEBUG mlx5_6: ODP is disabled because version 1 is not supported for DevX QP
[1755364168.337837] [eos0397:1063738:0]           async.c:248  UCX  DEBUG added async handler 0x5555565aa010 [id=61 ref 1] uct_ib_async_event_handler() to hash
[1755364168.337840] [eos0397:1063738:0]           async.c:522  UCX  DEBUG listening to async event fd 61 events 0x1 mode thread_spinlock
[1755364168.337841] [eos0397:1063738:0]       ib_device.c:597  UCX  DEBUG initialized device 'mlx5_6' (InfiniBand channel adapter) with 1 ports
[1755364168.337844] [eos0397:1063738:0]           ib_md.c:1177 UCX  DEBUG mlx5_6: cuda GPUDirect RDMA is detected by checking /sys/kernel/mm/memory_peers/nv_mem/version
[1755364168.337847] [eos0397:1063738:0]           ib_md.c:1177 UCX  DEBUG mlx5_6: rocm GPUDirect RDMA is not detected by checking /dev/kfd
[1755364168.337850] [eos0397:1063738:0]           ib_md.c:1202 UCX  DEBUG mlx5_6: dmabuf is supported
[1755364168.337851] [eos0397:1063738:0]           mpool.c:138  UCX  DEBUG mpool devx dbrec: align 64, maxelems 4294967295, elemsize 40
[1755364168.338021] [eos0397:1063738:0]    ib_mlx5dv_md.c:2423 UCX  DEBUG mlx5_6: opened DEVX md log_max_qp=17
[1755364168.338412] [eos0397:1063738:0]    ib_mlx5dv_md.c:126  UCX  DEBUG mlx5_6: KSM dm memory registration status "Success" range 0x7fffca609000..0x7fffca609020 iova 0x0 mkey_index 0x0
[1755364168.338689] [eos0397:1063738:0]    ib_mlx5dv_md.c:96   UCX  DEBUG mlx5_6: mlx5dv_devx_obj_create(CREATE_MKEY, mode=KSM, start_addr=0x7fffca609000 length=32) failed, syndrome 0x45d3a4: Remote I/O error
[1755364168.338690] [eos0397:1063738:0]    ib_mlx5dv_md.c:126  UCX  DEBUG mlx5_6: KSM atomic-key memory registration status "Unsupported operation" range (nil)..0x20 iova 0x7fffca609000 atomic mkey_index 0x0
[1755364168.339029] [eos0397:1063738:0]           ib_md.c:1161 UCX  DEBUG mlx5_6: relaxed order memory access is disabled
[1755364168.339242] [eos0397:1063738:0]    ib_mlx5dv_md.c:126  UCX  DEBUG mlx5_6: KSM flush-mr memory registration status "Success" range 0x5555565a7000..0x5555565a7008 iova 0x0 mkey_index 0x0
[1755364168.339243] [eos0397:1063738:0]           ib_md.c:1031 UCX  DEBUG mlx5_6: md open by 'uct_ib_mlx5_devx_md_ops' is successful
[1755364168.344586] [eos0397:1063738:0]            topo.c:899  UCX  DEBUG /sys/class/infiniband/mlx5_9: PF sysfs path is '/sys/devices/pci0000:bd/0000:bd:01.0/0000:be:00.0/0000:bf:00.0/0000:c0:00.0'
[1755364168.344588] [eos0397:1063738:0]            topo.c:552  UCX  DEBUG mlx5_9: bdf_name 0000:c0:00.0 sys_dev 11
[1755364168.344596] [eos0397:1063738:0]       ib_device.c:498  UCX  DEBUG mlx5_9: vendor_id 0x15b3 device_id 4129
[1755364168.345077] [eos0397:1063738:0]    ib_mlx5dv_md.c:1875 UCX  DEBUG mlx5_9: cross gvmi alias mkey is supported
[1755364168.345078] [eos0397:1063738:0]    ib_mlx5dv_md.c:1925 UCX  DEBUG mlx5_9: mkey_by_name_reserve is not supported
[1755364168.345078] [eos0397:1063738:0]    ib_mlx5dv_md.c:1910 UCX  DEBUG mlx5_9: dp_ordering support: force=1 ooo_rw_rc=1 ooo_rw_dc=1
[1755364168.345184] [eos0397:1063738:0]    ib_mlx5dv_md.c:1705 UCX  DEBUG mlx5_9: ODP is disabled because version 1 is not supported for DevX QP
[1755364168.345299] [eos0397:1063738:0]           async.c:248  UCX  DEBUG added async handler 0x555556554040 [id=63 ref 1] uct_ib_async_event_handler() to hash
[1755364168.345303] [eos0397:1063738:0]           async.c:522  UCX  DEBUG listening to async event fd 63 events 0x1 mode thread_spinlock
[1755364168.345304] [eos0397:1063738:0]       ib_device.c:597  UCX  DEBUG initialized device 'mlx5_9' (InfiniBand channel adapter) with 1 ports
[1755364168.345307] [eos0397:1063738:0]           ib_md.c:1177 UCX  DEBUG mlx5_9: cuda GPUDirect RDMA is detected by checking /sys/kernel/mm/memory_peers/nv_mem/version
[1755364168.345310] [eos0397:1063738:0]           ib_md.c:1177 UCX  DEBUG mlx5_9: rocm GPUDirect RDMA is not detected by checking /dev/kfd
[1755364168.345313] [eos0397:1063738:0]           ib_md.c:1202 UCX  DEBUG mlx5_9: dmabuf is supported
[1755364168.345314] [eos0397:1063738:0]           mpool.c:138  UCX  DEBUG mpool devx dbrec: align 64, maxelems 4294967295, elemsize 40
[1755364168.345483] [eos0397:1063738:0]    ib_mlx5dv_md.c:2423 UCX  DEBUG mlx5_9: opened DEVX md log_max_qp=17
[1755364168.345881] [eos0397:1063738:0]    ib_mlx5dv_md.c:126  UCX  DEBUG mlx5_9: KSM dm memory registration status "Success" range 0x7fffca604000..0x7fffca604020 iova 0x0 mkey_index 0x0
[1755364168.346152] [eos0397:1063738:0]    ib_mlx5dv_md.c:96   UCX  DEBUG mlx5_9: mlx5dv_devx_obj_create(CREATE_MKEY, mode=KSM, start_addr=0x7fffca604000 length=32) failed, syndrome 0x45d3a4: Remote I/O error
[1755364168.346154] [eos0397:1063738:0]    ib_mlx5dv_md.c:126  UCX  DEBUG mlx5_9: KSM atomic-key memory registration status "Unsupported operation" range (nil)..0x20 iova 0x7fffca604000 atomic mkey_index 0x0
[1755364168.346499] [eos0397:1063738:0]           ib_md.c:1161 UCX  DEBUG mlx5_9: relaxed order memory access is disabled
[1755364168.346718] [eos0397:1063738:0]    ib_mlx5dv_md.c:126  UCX  DEBUG mlx5_9: KSM flush-mr memory registration status "Success" range 0x55555682c000..0x55555682c008 iova 0x0 mkey_index 0x0
[1755364168.346718] [eos0397:1063738:0]           ib_md.c:1031 UCX  DEBUG mlx5_9: md open by 'uct_ib_mlx5_devx_md_ops' is successful
[1755364168.352033] [eos0397:1063738:0]            topo.c:899  UCX  DEBUG /sys/class/infiniband/mlx5_10: PF sysfs path is '/sys/devices/pci0000:cb/0000:cb:01.0/0000:cc:00.0/0000:cd:00.0/0000:ce:00.0'
[1755364168.352035] [eos0397:1063738:0]            topo.c:552  UCX  DEBUG mlx5_10: bdf_name 0000:ce:00.0 sys_dev 12
[1755364168.352043] [eos0397:1063738:0]       ib_device.c:498  UCX  DEBUG mlx5_10: vendor_id 0x15b3 device_id 4129
[1755364168.352528] [eos0397:1063738:0]    ib_mlx5dv_md.c:1875 UCX  DEBUG mlx5_10: cross gvmi alias mkey is supported
[1755364168.352529] [eos0397:1063738:0]    ib_mlx5dv_md.c:1925 UCX  DEBUG mlx5_10: mkey_by_name_reserve is not supported
[1755364168.352529] [eos0397:1063738:0]    ib_mlx5dv_md.c:1910 UCX  DEBUG mlx5_10: dp_ordering support: force=1 ooo_rw_rc=1 ooo_rw_dc=1
[1755364168.352643] [eos0397:1063738:0]    ib_mlx5dv_md.c:1705 UCX  DEBUG mlx5_10: ODP is disabled because version 1 is not supported for DevX QP
[1755364168.352762] [eos0397:1063738:0]           async.c:248  UCX  DEBUG added async handler 0x5555565b0010 [id=65 ref 1] uct_ib_async_event_handler() to hash
[1755364168.352766] [eos0397:1063738:0]           async.c:522  UCX  DEBUG listening to async event fd 65 events 0x1 mode thread_spinlock
[1755364168.352767] [eos0397:1063738:0]       ib_device.c:597  UCX  DEBUG initialized device 'mlx5_10' (InfiniBand channel adapter) with 1 ports
[1755364168.352771] [eos0397:1063738:0]           ib_md.c:1177 UCX  DEBUG mlx5_10: cuda GPUDirect RDMA is detected by checking /sys/kernel/mm/memory_peers/nv_mem/version
[1755364168.352773] [eos0397:1063738:0]           ib_md.c:1177 UCX  DEBUG mlx5_10: rocm GPUDirect RDMA is not detected by checking /dev/kfd
[1755364168.352785] [eos0397:1063738:0]           ib_md.c:1202 UCX  DEBUG mlx5_10: dmabuf is supported
[1755364168.352787] [eos0397:1063738:0]           mpool.c:138  UCX  DEBUG mpool devx dbrec: align 64, maxelems 4294967295, elemsize 40
[1755364168.352959] [eos0397:1063738:0]    ib_mlx5dv_md.c:2423 UCX  DEBUG mlx5_10: opened DEVX md log_max_qp=17
[1755364168.353338] [eos0397:1063738:0]    ib_mlx5dv_md.c:126  UCX  DEBUG mlx5_10: KSM dm memory registration status "Success" range 0x7fffca37d000..0x7fffca37d020 iova 0x0 mkey_index 0x0
[1755364168.353614] [eos0397:1063738:0]    ib_mlx5dv_md.c:96   UCX  DEBUG mlx5_10: mlx5dv_devx_obj_create(CREATE_MKEY, mode=KSM, start_addr=0x7fffca37d000 length=32) failed, syndrome 0x45d3a4: Remote I/O error
[1755364168.353615] [eos0397:1063738:0]    ib_mlx5dv_md.c:126  UCX  DEBUG mlx5_10: KSM atomic-key memory registration status "Unsupported operation" range (nil)..0x20 iova 0x7fffca37d000 atomic mkey_index 0x0
[1755364168.353972] [eos0397:1063738:0]           ib_md.c:1161 UCX  DEBUG mlx5_10: relaxed order memory access is disabled
[1755364168.354196] [eos0397:1063738:0]    ib_mlx5dv_md.c:126  UCX  DEBUG mlx5_10: KSM flush-mr memory registration status "Success" range 0x55555682e000..0x55555682e008 iova 0x0 mkey_index 0x0
[1755364168.354197] [eos0397:1063738:0]           ib_md.c:1031 UCX  DEBUG mlx5_10: md open by 'uct_ib_mlx5_devx_md_ops' is successful
[1755364168.359454] [eos0397:1063738:0]            topo.c:899  UCX  DEBUG /sys/class/infiniband/mlx5_11: PF sysfs path is '/sys/devices/pci0000:d9/0000:d9:01.0/0000:da:00.0/0000:db:00.0/0000:dc:00.0'
[1755364168.359457] [eos0397:1063738:0]            topo.c:552  UCX  DEBUG mlx5_11: bdf_name 0000:dc:00.0 sys_dev 13
[1755364168.359463] [eos0397:1063738:0]       ib_device.c:498  UCX  DEBUG mlx5_11: vendor_id 0x15b3 device_id 4129
[1755364168.359940] [eos0397:1063738:0]    ib_mlx5dv_md.c:1875 UCX  DEBUG mlx5_11: cross gvmi alias mkey is supported
[1755364168.359941] [eos0397:1063738:0]    ib_mlx5dv_md.c:1925 UCX  DEBUG mlx5_11: mkey_by_name_reserve is not supported
[1755364168.359941] [eos0397:1063738:0]    ib_mlx5dv_md.c:1910 UCX  DEBUG mlx5_11: dp_ordering support: force=1 ooo_rw_rc=1 ooo_rw_dc=1
[1755364168.360054] [eos0397:1063738:0]    ib_mlx5dv_md.c:1705 UCX  DEBUG mlx5_11: ODP is disabled because version 1 is not supported for DevX QP
[1755364168.360171] [eos0397:1063738:0]           async.c:248  UCX  DEBUG added async handler 0x555556831010 [id=67 ref 1] uct_ib_async_event_handler() to hash
[1755364168.360175] [eos0397:1063738:0]           async.c:522  UCX  DEBUG listening to async event fd 67 events 0x1 mode thread_spinlock
[1755364168.360176] [eos0397:1063738:0]       ib_device.c:597  UCX  DEBUG initialized device 'mlx5_11' (InfiniBand channel adapter) with 1 ports
[1755364168.360179] [eos0397:1063738:0]           ib_md.c:1177 UCX  DEBUG mlx5_11: cuda GPUDirect RDMA is detected by checking /sys/kernel/mm/memory_peers/nv_mem/version
[1755364168.360182] [eos0397:1063738:0]           ib_md.c:1177 UCX  DEBUG mlx5_11: rocm GPUDirect RDMA is not detected by checking /dev/kfd
[1755364168.360185] [eos0397:1063738:0]           ib_md.c:1202 UCX  DEBUG mlx5_11: dmabuf is supported
[1755364168.360186] [eos0397:1063738:0]           mpool.c:138  UCX  DEBUG mpool devx dbrec: align 64, maxelems 4294967295, elemsize 40
[1755364168.360358] [eos0397:1063738:0]    ib_mlx5dv_md.c:2423 UCX  DEBUG mlx5_11: opened DEVX md log_max_qp=17
[1755364168.360754] [eos0397:1063738:0]    ib_mlx5dv_md.c:126  UCX  DEBUG mlx5_11: KSM dm memory registration status "Success" range 0x7fffca378000..0x7fffca378020 iova 0x0 mkey_index 0x0
[1755364168.361026] [eos0397:1063738:0]    ib_mlx5dv_md.c:96   UCX  DEBUG mlx5_11: mlx5dv_devx_obj_create(CREATE_MKEY, mode=KSM, start_addr=0x7fffca378000 length=32) failed, syndrome 0x45d3a4: Remote I/O error
[1755364168.361027] [eos0397:1063738:0]    ib_mlx5dv_md.c:126  UCX  DEBUG mlx5_11: KSM atomic-key memory registration status "Unsupported operation" range (nil)..0x20 iova 0x7fffca378000 atomic mkey_index 0x0
[1755364168.361370] [eos0397:1063738:0]           ib_md.c:1161 UCX  DEBUG mlx5_11: relaxed order memory access is disabled
[1755364168.361586] [eos0397:1063738:0]    ib_mlx5dv_md.c:126  UCX  DEBUG mlx5_11: KSM flush-mr memory registration status "Success" range 0x5555565a4000..0x5555565a4008 iova 0x0 mkey_index 0x0
[1755364168.361587] [eos0397:1063738:0]           ib_md.c:1031 UCX  DEBUG mlx5_11: md open by 'uct_ib_mlx5_devx_md_ops' is successful
[1755364168.367196] [eos0397:1063738:0]            topo.c:899  UCX  DEBUG /sys/class/infiniband/mlx5_0: PF sysfs path is '/sys/devices/pci0000:15/0000:15:01.0/0000:16:00.0/0000:17:00.0/0000:18:00.0'
[1755364168.367199] [eos0397:1063738:0]            topo.c:552  UCX  DEBUG mlx5_0: bdf_name 0000:18:00.0 sys_dev 14
[1755364168.367207] [eos0397:1063738:0]       ib_device.c:498  UCX  DEBUG mlx5_0: vendor_id 0x15b3 device_id 4129
[1755364168.367704] [eos0397:1063738:0]    ib_mlx5dv_md.c:1875 UCX  DEBUG mlx5_0: cross gvmi alias mkey is supported
[1755364168.367705] [eos0397:1063738:0]    ib_mlx5dv_md.c:1925 UCX  DEBUG mlx5_0: mkey_by_name_reserve is not supported
[1755364168.367706] [eos0397:1063738:0]    ib_mlx5dv_md.c:1910 UCX  DEBUG mlx5_0: dp_ordering support: force=1 ooo_rw_rc=1 ooo_rw_dc=1
[1755364168.367820] [eos0397:1063738:0]    ib_mlx5dv_md.c:1705 UCX  DEBUG mlx5_0: ODP is disabled because version 1 is not supported for DevX QP
[1755364168.367944] [eos0397:1063738:0]           async.c:248  UCX  DEBUG added async handler 0x55555659a010 [id=69 ref 1] uct_ib_async_event_handler() to hash
[1755364168.367948] [eos0397:1063738:0]           async.c:522  UCX  DEBUG listening to async event fd 69 events 0x1 mode thread_spinlock
[1755364168.367949] [eos0397:1063738:0]       ib_device.c:597  UCX  DEBUG initialized device 'mlx5_0' (InfiniBand channel adapter) with 1 ports
[1755364168.367953] [eos0397:1063738:0]           ib_md.c:1177 UCX  DEBUG mlx5_0: cuda GPUDirect RDMA is detected by checking /sys/kernel/mm/memory_peers/nv_mem/version
[1755364168.367955] [eos0397:1063738:0]           ib_md.c:1177 UCX  DEBUG mlx5_0: rocm GPUDirect RDMA is not detected by checking /dev/kfd
[1755364168.367958] [eos0397:1063738:0]           ib_md.c:1202 UCX  DEBUG mlx5_0: dmabuf is supported
[1755364168.367960] [eos0397:1063738:0]           mpool.c:138  UCX  DEBUG mpool devx dbrec: align 64, maxelems 4294967295, elemsize 40
[1755364168.368139] [eos0397:1063738:0]    ib_mlx5dv_md.c:2423 UCX  DEBUG mlx5_0: opened DEVX md log_max_qp=17
[1755364168.368543] [eos0397:1063738:0]    ib_mlx5dv_md.c:126  UCX  DEBUG mlx5_0: KSM dm memory registration status "Success" range 0x7fffca373000..0x7fffca373020 iova 0x0 mkey_index 0x0
[1755364168.368824] [eos0397:1063738:0]    ib_mlx5dv_md.c:96   UCX  DEBUG mlx5_0: mlx5dv_devx_obj_create(CREATE_MKEY, mode=KSM, start_addr=0x7fffca373000 length=32) failed, syndrome 0x45d3a4: Remote I/O error
[1755364168.368825] [eos0397:1063738:0]    ib_mlx5dv_md.c:126  UCX  DEBUG mlx5_0: KSM atomic-key memory registration status "Unsupported operation" range (nil)..0x20 iova 0x7fffca373000 atomic mkey_index 0x0
[1755364168.369170] [eos0397:1063738:0]           ib_md.c:1161 UCX  DEBUG mlx5_0: relaxed order memory access is disabled
[1755364168.369390] [eos0397:1063738:0]    ib_mlx5dv_md.c:126  UCX  DEBUG mlx5_0: KSM flush-mr memory registration status "Success" range 0x555556597000..0x555556597008 iova 0x0 mkey_index 0x0
[1755364168.369408] [eos0397:1063738:0]          uct_md.c:96   UCX  DEBUG failed to query gga_mlx5 resources: No such device
[1755364168.369410] [eos0397:1063738:0]     ucp_context.c:1188 UCX  DEBUG No tl resources found for md mlx5_0
[1755364168.369411] [eos0397:1063738:0]     ucp_context.c:1648 UCX  DEBUG closing md mlx5_0 because it has no selected transport resources
[1755364168.369415] [eos0397:1063738:0]    ib_mlx5dv_md.c:2496 UCX  DEBUG mlx5_0: md=0x555556831860 md->flags=0x3fb3f7f flush_rkey=0x200600
[1755364168.369652] [eos0397:1063738:0]           mpool.c:194  UCX  DEBUG mpool devx dbrec destroyed
[1755364168.369666] [eos0397:1063738:0]       ib_device.c:616  UCX  DEBUG destroying ib device mlx5_0
[1755364168.369669] [eos0397:1063738:0]           async.c:173  UCX  DEBUG removed async handler 0x55555659a010 [id=69 ref 1] uct_ib_async_event_handler() from hash
[1755364168.369670] [eos0397:1063738:0]           async.c:576  UCX  DEBUG removing async handler 0x55555659a010 [id=69 ref 1] uct_ib_async_event_handler()
[1755364168.369673] [eos0397:1063738:0]           async.c:188  UCX  DEBUG release async handler 0x55555659a010 [id=69 ref 0] uct_ib_async_event_handler()
[1755364168.374428] [eos0397:1063738:0]            topo.c:899  UCX  DEBUG /sys/class/infiniband/mlx5_3: PF sysfs path is '/sys/devices/pci0000:3d/0000:3d:01.0/0000:3e:00.0/0000:3f:00.0/0000:40:00.0'
[1755364168.374430] [eos0397:1063738:0]            topo.c:552  UCX  DEBUG mlx5_3: bdf_name 0000:40:00.0 sys_dev 16
[1755364168.374437] [eos0397:1063738:0]       ib_device.c:498  UCX  DEBUG mlx5_3: vendor_id 0x15b3 device_id 4129
[1755364168.374911] [eos0397:1063738:0]    ib_mlx5dv_md.c:1875 UCX  DEBUG mlx5_3: cross gvmi alias mkey is supported
[1755364168.374912] [eos0397:1063738:0]    ib_mlx5dv_md.c:1925 UCX  DEBUG mlx5_3: mkey_by_name_reserve is not supported
[1755364168.374913] [eos0397:1063738:0]    ib_mlx5dv_md.c:1910 UCX  DEBUG mlx5_3: dp_ordering support: force=1 ooo_rw_rc=1 ooo_rw_dc=1
[1755364168.375021] [eos0397:1063738:0]    ib_mlx5dv_md.c:1705 UCX  DEBUG mlx5_3: ODP is disabled because version 1 is not supported for DevX QP
[1755364168.375142] [eos0397:1063738:0]           async.c:248  UCX  DEBUG added async handler 0x55555682d780 [id=69 ref 1] uct_ib_async_event_handler() to hash
[1755364168.375146] [eos0397:1063738:0]           async.c:522  UCX  DEBUG listening to async event fd 69 events 0x1 mode thread_spinlock
[1755364168.375146] [eos0397:1063738:0]       ib_device.c:597  UCX  DEBUG initialized device 'mlx5_3' (InfiniBand channel adapter) with 1 ports
[1755364168.375150] [eos0397:1063738:0]           ib_md.c:1177 UCX  DEBUG mlx5_3: cuda GPUDirect RDMA is detected by checking /sys/kernel/mm/memory_peers/nv_mem/version
[1755364168.375152] [eos0397:1063738:0]           ib_md.c:1177 UCX  DEBUG mlx5_3: rocm GPUDirect RDMA is not detected by checking /dev/kfd
[1755364168.375155] [eos0397:1063738:0]           ib_md.c:1202 UCX  DEBUG mlx5_3: dmabuf is supported
[1755364168.375157] [eos0397:1063738:0]           mpool.c:138  UCX  DEBUG mpool devx dbrec: align 64, maxelems 4294967295, elemsize 40
[1755364168.375333] [eos0397:1063738:0]    ib_mlx5dv_md.c:2423 UCX  DEBUG mlx5_3: opened DEVX md log_max_qp=17
[1755364168.375734] [eos0397:1063738:0]    ib_mlx5dv_md.c:126  UCX  DEBUG mlx5_3: KSM dm memory registration status "Success" range 0x7fffca373000..0x7fffca373020 iova 0x0 mkey_index 0x0
[1755364168.376005] [eos0397:1063738:0]    ib_mlx5dv_md.c:96   UCX  DEBUG mlx5_3: mlx5dv_devx_obj_create(CREATE_MKEY, mode=KSM, start_addr=0x7fffca373000 length=32) failed, syndrome 0x45d3a4: Remote I/O error
[1755364168.376007] [eos0397:1063738:0]    ib_mlx5dv_md.c:126  UCX  DEBUG mlx5_3: KSM atomic-key memory registration status "Unsupported operation" range (nil)..0x20 iova 0x7fffca373000 atomic mkey_index 0x0
[1755364168.376339] [eos0397:1063738:0]           ib_md.c:1161 UCX  DEBUG mlx5_3: relaxed order memory access is disabled
[1755364168.376554] [eos0397:1063738:0]    ib_mlx5dv_md.c:126  UCX  DEBUG mlx5_3: KSM flush-mr memory registration status "Success" range 0x555556597000..0x555556597008 iova 0x0 mkey_index 0x0
[1755364168.376569] [eos0397:1063738:0]          uct_md.c:96   UCX  DEBUG failed to query gga_mlx5 resources: No such device
[1755364168.376570] [eos0397:1063738:0]     ucp_context.c:1188 UCX  DEBUG No tl resources found for md mlx5_3
[1755364168.376571] [eos0397:1063738:0]     ucp_context.c:1648 UCX  DEBUG closing md mlx5_3 because it has no selected transport resources
[1755364168.376574] [eos0397:1063738:0]    ib_mlx5dv_md.c:2496 UCX  DEBUG mlx5_3: md=0x555556831860 md->flags=0x3fb3f7f flush_rkey=0x200700
[1755364168.376811] [eos0397:1063738:0]           mpool.c:194  UCX  DEBUG mpool devx dbrec destroyed
[1755364168.376812] [eos0397:1063738:0]       ib_device.c:616  UCX  DEBUG destroying ib device mlx5_3
[1755364168.376813] [eos0397:1063738:0]           async.c:173  UCX  DEBUG removed async handler 0x55555682d780 [id=69 ref 1] uct_ib_async_event_handler() from hash
[1755364168.376814] [eos0397:1063738:0]           async.c:576  UCX  DEBUG removing async handler 0x55555682d780 [id=69 ref 1] uct_ib_async_event_handler()
[1755364168.376815] [eos0397:1063738:0]           async.c:188  UCX  DEBUG release async handler 0x55555682d780 [id=69 ref 0] uct_ib_async_event_handler()
[1755364168.381647] [eos0397:1063738:0]            topo.c:899  UCX  DEBUG /sys/class/infiniband/mlx5_4: PF sysfs path is '/sys/devices/pci0000:4c/0000:4c:01.0/0000:4d:00.0/0000:4e:00.0/0000:4f:00.0'
[1755364168.381649] [eos0397:1063738:0]            topo.c:552  UCX  DEBUG mlx5_4: bdf_name 0000:4f:00.0 sys_dev 17
[1755364168.381656] [eos0397:1063738:0]       ib_device.c:498  UCX  DEBUG mlx5_4: vendor_id 0x15b3 device_id 4129
[1755364168.382151] [eos0397:1063738:0]    ib_mlx5dv_md.c:1875 UCX  DEBUG mlx5_4: cross gvmi alias mkey is supported
[1755364168.382152] [eos0397:1063738:0]    ib_mlx5dv_md.c:1925 UCX  DEBUG mlx5_4: mkey_by_name_reserve is not supported
[1755364168.382152] [eos0397:1063738:0]    ib_mlx5dv_md.c:1910 UCX  DEBUG mlx5_4: dp_ordering support: force=1 ooo_rw_rc=1 ooo_rw_dc=1
[1755364168.382275] [eos0397:1063738:0]    ib_mlx5dv_md.c:1705 UCX  DEBUG mlx5_4: ODP is disabled because version 1 is not supported for DevX QP
[1755364168.382403] [eos0397:1063738:0]           async.c:248  UCX  DEBUG added async handler 0x5555565a6330 [id=69 ref 1] uct_ib_async_event_handler() to hash
[1755364168.382406] [eos0397:1063738:0]           async.c:522  UCX  DEBUG listening to async event fd 69 events 0x1 mode thread_spinlock
[1755364168.382407] [eos0397:1063738:0]       ib_device.c:597  UCX  DEBUG initialized device 'mlx5_4' (InfiniBand channel adapter) with 1 ports
[1755364168.382410] [eos0397:1063738:0]           ib_md.c:1177 UCX  DEBUG mlx5_4: cuda GPUDirect RDMA is detected by checking /sys/kernel/mm/memory_peers/nv_mem/version
[1755364168.382412] [eos0397:1063738:0]           ib_md.c:1177 UCX  DEBUG mlx5_4: rocm GPUDirect RDMA is not detected by checking /dev/kfd
[1755364168.382415] [eos0397:1063738:0]           ib_md.c:1202 UCX  DEBUG mlx5_4: dmabuf is supported
[1755364168.382416] [eos0397:1063738:0]           mpool.c:138  UCX  DEBUG mpool devx dbrec: align 64, maxelems 4294967295, elemsize 40
[1755364168.382583] [eos0397:1063738:0]    ib_mlx5dv_md.c:2423 UCX  DEBUG mlx5_4: opened DEVX md log_max_qp=17
[1755364168.382977] [eos0397:1063738:0]    ib_mlx5dv_md.c:126  UCX  DEBUG mlx5_4: KSM dm memory registration status "Success" range 0x7fffca373000..0x7fffca373020 iova 0x0 mkey_index 0x0
[1755364168.383253] [eos0397:1063738:0]    ib_mlx5dv_md.c:96   UCX  DEBUG mlx5_4: mlx5dv_devx_obj_create(CREATE_MKEY, mode=KSM, start_addr=0x7fffca373000 length=32) failed, syndrome 0x45d3a4: Remote I/O error
[1755364168.383255] [eos0397:1063738:0]    ib_mlx5dv_md.c:126  UCX  DEBUG mlx5_4: KSM atomic-key memory registration status "Unsupported operation" range (nil)..0x20 iova 0x7fffca373000 atomic mkey_index 0x0
[1755364168.383599] [eos0397:1063738:0]           ib_md.c:1161 UCX  DEBUG mlx5_4: relaxed order memory access is disabled
[1755364168.383819] [eos0397:1063738:0]    ib_mlx5dv_md.c:126  UCX  DEBUG mlx5_4: KSM flush-mr memory registration status "Success" range 0x555556597000..0x555556597008 iova 0x0 mkey_index 0x0
[1755364168.383833] [eos0397:1063738:0]          uct_md.c:96   UCX  DEBUG failed to query gga_mlx5 resources: No such device
[1755364168.383834] [eos0397:1063738:0]     ucp_context.c:1188 UCX  DEBUG No tl resources found for md mlx5_4
[1755364168.383835] [eos0397:1063738:0]     ucp_context.c:1648 UCX  DEBUG closing md mlx5_4 because it has no selected transport resources
[1755364168.383838] [eos0397:1063738:0]    ib_mlx5dv_md.c:2496 UCX  DEBUG mlx5_4: md=0x555556831860 md->flags=0x3fb3f7f flush_rkey=0x200700
[1755364168.384089] [eos0397:1063738:0]           mpool.c:194  UCX  DEBUG mpool devx dbrec destroyed
[1755364168.384090] [eos0397:1063738:0]       ib_device.c:616  UCX  DEBUG destroying ib device mlx5_4
[1755364168.384091] [eos0397:1063738:0]           async.c:173  UCX  DEBUG removed async handler 0x5555565a6330 [id=69 ref 1] uct_ib_async_event_handler() from hash
[1755364168.384092] [eos0397:1063738:0]           async.c:576  UCX  DEBUG removing async handler 0x5555565a6330 [id=69 ref 1] uct_ib_async_event_handler()
[1755364168.384094] [eos0397:1063738:0]           async.c:188  UCX  DEBUG release async handler 0x5555565a6330 [id=69 ref 0] uct_ib_async_event_handler()
[1755364168.388892] [eos0397:1063738:0]            topo.c:899  UCX  DEBUG /sys/class/infiniband/mlx5_5: PF sysfs path is '/sys/devices/pci0000:5b/0000:5b:01.0/0000:5c:00.0/0000:5d:00.0/0000:5e:00.0'
[1755364168.388894] [eos0397:1063738:0]            topo.c:552  UCX  DEBUG mlx5_5: bdf_name 0000:5e:00.0 sys_dev 18
[1755364168.388901] [eos0397:1063738:0]       ib_device.c:498  UCX  DEBUG mlx5_5: vendor_id 0x15b3 device_id 4129
[1755364168.389393] [eos0397:1063738:0]    ib_mlx5dv_md.c:1875 UCX  DEBUG mlx5_5: cross gvmi alias mkey is supported
[1755364168.389393] [eos0397:1063738:0]    ib_mlx5dv_md.c:1925 UCX  DEBUG mlx5_5: mkey_by_name_reserve is not supported
[1755364168.389394] [eos0397:1063738:0]    ib_mlx5dv_md.c:1910 UCX  DEBUG mlx5_5: dp_ordering support: force=1 ooo_rw_rc=1 ooo_rw_dc=1
[1755364168.389508] [eos0397:1063738:0]    ib_mlx5dv_md.c:1705 UCX  DEBUG mlx5_5: ODP is disabled because version 1 is not supported for DevX QP
[1755364168.389634] [eos0397:1063738:0]           async.c:248  UCX  DEBUG added async handler 0x5555565a5d60 [id=69 ref 1] uct_ib_async_event_handler() to hash
[1755364168.389637] [eos0397:1063738:0]           async.c:522  UCX  DEBUG listening to async event fd 69 events 0x1 mode thread_spinlock
[1755364168.389637] [eos0397:1063738:0]       ib_device.c:597  UCX  DEBUG initialized device 'mlx5_5' (InfiniBand channel adapter) with 1 ports
[1755364168.389641] [eos0397:1063738:0]           ib_md.c:1177 UCX  DEBUG mlx5_5: cuda GPUDirect RDMA is detected by checking /sys/kernel/mm/memory_peers/nv_mem/version
[1755364168.389643] [eos0397:1063738:0]           ib_md.c:1177 UCX  DEBUG mlx5_5: rocm GPUDirect RDMA is not detected by checking /dev/kfd
[1755364168.389646] [eos0397:1063738:0]           ib_md.c:1202 UCX  DEBUG mlx5_5: dmabuf is supported
[1755364168.389647] [eos0397:1063738:0]           mpool.c:138  UCX  DEBUG mpool devx dbrec: align 64, maxelems 4294967295, elemsize 40
[1755364168.389833] [eos0397:1063738:0]    ib_mlx5dv_md.c:2423 UCX  DEBUG mlx5_5: opened DEVX md log_max_qp=17
[1755364168.390235] [eos0397:1063738:0]    ib_mlx5dv_md.c:126  UCX  DEBUG mlx5_5: KSM dm memory registration status "Success" range 0x7fffca373000..0x7fffca373020 iova 0x0 mkey_index 0x0
[1755364168.390513] [eos0397:1063738:0]    ib_mlx5dv_md.c:96   UCX  DEBUG mlx5_5: mlx5dv_devx_obj_create(CREATE_MKEY, mode=KSM, start_addr=0x7fffca373000 length=32) failed, syndrome 0x45d3a4: Remote I/O error
[1755364168.390514] [eos0397:1063738:0]    ib_mlx5dv_md.c:126  UCX  DEBUG mlx5_5: KSM atomic-key memory registration status "Unsupported operation" range (nil)..0x20 iova 0x7fffca373000 atomic mkey_index 0x0
[1755364168.390857] [eos0397:1063738:0]           ib_md.c:1161 UCX  DEBUG mlx5_5: relaxed order memory access is disabled
[1755364168.391078] [eos0397:1063738:0]    ib_mlx5dv_md.c:126  UCX  DEBUG mlx5_5: KSM flush-mr memory registration status "Success" range 0x555556597000..0x555556597008 iova 0x0 mkey_index 0x0
[1755364168.391094] [eos0397:1063738:0]          uct_md.c:96   UCX  DEBUG failed to query gga_mlx5 resources: No such device
[1755364168.391095] [eos0397:1063738:0]     ucp_context.c:1188 UCX  DEBUG No tl resources found for md mlx5_5
[1755364168.391095] [eos0397:1063738:0]     ucp_context.c:1648 UCX  DEBUG closing md mlx5_5 because it has no selected transport resources
[1755364168.391099] [eos0397:1063738:0]    ib_mlx5dv_md.c:2496 UCX  DEBUG mlx5_5: md=0x55555682d0e0 md->flags=0x3fb3f7f flush_rkey=0x200700
[1755364168.391341] [eos0397:1063738:0]           mpool.c:194  UCX  DEBUG mpool devx dbrec destroyed
[1755364168.391342] [eos0397:1063738:0]       ib_device.c:616  UCX  DEBUG destroying ib device mlx5_5
[1755364168.391343] [eos0397:1063738:0]           async.c:173  UCX  DEBUG removed async handler 0x5555565a5d60 [id=69 ref 1] uct_ib_async_event_handler() from hash
[1755364168.391344] [eos0397:1063738:0]           async.c:576  UCX  DEBUG removing async handler 0x5555565a5d60 [id=69 ref 1] uct_ib_async_event_handler()
[1755364168.391345] [eos0397:1063738:0]           async.c:188  UCX  DEBUG release async handler 0x5555565a5d60 [id=69 ref 0] uct_ib_async_event_handler()
[1755364168.396098] [eos0397:1063738:0]            topo.c:899  UCX  DEBUG /sys/class/infiniband/mlx5_6: PF sysfs path is '/sys/devices/pci0000:97/0000:97:01.0/0000:98:00.0/0000:99:00.0/0000:9a:00.0'
[1755364168.396101] [eos0397:1063738:0]            topo.c:552  UCX  DEBUG mlx5_6: bdf_name 0000:9a:00.0 sys_dev 9
[1755364168.396108] [eos0397:1063738:0]       ib_device.c:498  UCX  DEBUG mlx5_6: vendor_id 0x15b3 device_id 4129
[1755364168.396581] [eos0397:1063738:0]    ib_mlx5dv_md.c:1875 UCX  DEBUG mlx5_6: cross gvmi alias mkey is supported
[1755364168.396581] [eos0397:1063738:0]    ib_mlx5dv_md.c:1925 UCX  DEBUG mlx5_6: mkey_by_name_reserve is not supported
[1755364168.396582] [eos0397:1063738:0]    ib_mlx5dv_md.c:1910 UCX  DEBUG mlx5_6: dp_ordering support: force=1 ooo_rw_rc=1 ooo_rw_dc=1
[1755364168.396693] [eos0397:1063738:0]    ib_mlx5dv_md.c:1705 UCX  DEBUG mlx5_6: ODP is disabled because version 1 is not supported for DevX QP
[1755364168.396815] [eos0397:1063738:0]           async.c:248  UCX  DEBUG added async handler 0x5555565a6330 [id=69 ref 1] uct_ib_async_event_handler() to hash
[1755364168.396817] [eos0397:1063738:0]           async.c:522  UCX  DEBUG listening to async event fd 69 events 0x1 mode thread_spinlock
[1755364168.396818] [eos0397:1063738:0]       ib_device.c:597  UCX  DEBUG initialized device 'mlx5_6' (InfiniBand channel adapter) with 1 ports
[1755364168.396822] [eos0397:1063738:0]           ib_md.c:1177 UCX  DEBUG mlx5_6: cuda GPUDirect RDMA is detected by checking /sys/kernel/mm/memory_peers/nv_mem/version
[1755364168.396824] [eos0397:1063738:0]           ib_md.c:1177 UCX  DEBUG mlx5_6: rocm GPUDirect RDMA is not detected by checking /dev/kfd
[1755364168.396827] [eos0397:1063738:0]           ib_md.c:1202 UCX  DEBUG mlx5_6: dmabuf is supported
[1755364168.396828] [eos0397:1063738:0]           mpool.c:138  UCX  DEBUG mpool devx dbrec: align 64, maxelems 4294967295, elemsize 40
[1755364168.396995] [eos0397:1063738:0]    ib_mlx5dv_md.c:2423 UCX  DEBUG mlx5_6: opened DEVX md log_max_qp=17
[1755364168.397397] [eos0397:1063738:0]    ib_mlx5dv_md.c:126  UCX  DEBUG mlx5_6: KSM dm memory registration status "Success" range 0x7fffca373000..0x7fffca373020 iova 0x0 mkey_index 0x0
[1755364168.397679] [eos0397:1063738:0]    ib_mlx5dv_md.c:96   UCX  DEBUG mlx5_6: mlx5dv_devx_obj_create(CREATE_MKEY, mode=KSM, start_addr=0x7fffca373000 length=32) failed, syndrome 0x45d3a4: Remote I/O error
[1755364168.397680] [eos0397:1063738:0]    ib_mlx5dv_md.c:126  UCX  DEBUG mlx5_6: KSM atomic-key memory registration status "Unsupported operation" range (nil)..0x20 iova 0x7fffca373000 atomic mkey_index 0x0
[1755364168.398020] [eos0397:1063738:0]           ib_md.c:1161 UCX  DEBUG mlx5_6: relaxed order memory access is disabled
[1755364168.398232] [eos0397:1063738:0]    ib_mlx5dv_md.c:126  UCX  DEBUG mlx5_6: KSM flush-mr memory registration status "Success" range 0x555556597000..0x555556597008 iova 0x0 mkey_index 0x0
[1755364168.398246] [eos0397:1063738:0]          uct_md.c:96   UCX  DEBUG failed to query gga_mlx5 resources: No such device
[1755364168.398247] [eos0397:1063738:0]     ucp_context.c:1188 UCX  DEBUG No tl resources found for md mlx5_6
[1755364168.398247] [eos0397:1063738:0]     ucp_context.c:1648 UCX  DEBUG closing md mlx5_6 because it has no selected transport resources
[1755364168.398257] [eos0397:1063738:0]    ib_mlx5dv_md.c:2496 UCX  DEBUG mlx5_6: md=0x55555682d0e0 md->flags=0x3fb3f7f flush_rkey=0x200700
[1755364168.398492] [eos0397:1063738:0]           mpool.c:194  UCX  DEBUG mpool devx dbrec destroyed
[1755364168.398493] [eos0397:1063738:0]       ib_device.c:616  UCX  DEBUG destroying ib device mlx5_6
[1755364168.398494] [eos0397:1063738:0]           async.c:173  UCX  DEBUG removed async handler 0x5555565a6330 [id=69 ref 1] uct_ib_async_event_handler() from hash
[1755364168.398495] [eos0397:1063738:0]           async.c:576  UCX  DEBUG removing async handler 0x5555565a6330 [id=69 ref 1] uct_ib_async_event_handler()
[1755364168.398496] [eos0397:1063738:0]           async.c:188  UCX  DEBUG release async handler 0x5555565a6330 [id=69 ref 0] uct_ib_async_event_handler()
[1755364168.403261] [eos0397:1063738:0]            topo.c:899  UCX  DEBUG /sys/class/infiniband/mlx5_9: PF sysfs path is '/sys/devices/pci0000:bd/0000:bd:01.0/0000:be:00.0/0000:bf:00.0/0000:c0:00.0'
[1755364168.403264] [eos0397:1063738:0]            topo.c:552  UCX  DEBUG mlx5_9: bdf_name 0000:c0:00.0 sys_dev 11
[1755364168.403271] [eos0397:1063738:0]       ib_device.c:498  UCX  DEBUG mlx5_9: vendor_id 0x15b3 device_id 4129
[1755364168.403760] [eos0397:1063738:0]    ib_mlx5dv_md.c:1875 UCX  DEBUG mlx5_9: cross gvmi alias mkey is supported
[1755364168.403761] [eos0397:1063738:0]    ib_mlx5dv_md.c:1925 UCX  DEBUG mlx5_9: mkey_by_name_reserve is not supported
[1755364168.403762] [eos0397:1063738:0]    ib_mlx5dv_md.c:1910 UCX  DEBUG mlx5_9: dp_ordering support: force=1 ooo_rw_rc=1 ooo_rw_dc=1
[1755364168.403875] [eos0397:1063738:0]    ib_mlx5dv_md.c:1705 UCX  DEBUG mlx5_9: ODP is disabled because version 1 is not supported for DevX QP
[1755364168.404001] [eos0397:1063738:0]           async.c:248  UCX  DEBUG added async handler 0x5555565a3fc0 [id=69 ref 1] uct_ib_async_event_handler() to hash
[1755364168.404004] [eos0397:1063738:0]           async.c:522  UCX  DEBUG listening to async event fd 69 events 0x1 mode thread_spinlock
[1755364168.404005] [eos0397:1063738:0]       ib_device.c:597  UCX  DEBUG initialized device 'mlx5_9' (InfiniBand channel adapter) with 1 ports
[1755364168.404008] [eos0397:1063738:0]           ib_md.c:1177 UCX  DEBUG mlx5_9: cuda GPUDirect RDMA is detected by checking /sys/kernel/mm/memory_peers/nv_mem/version
[1755364168.404010] [eos0397:1063738:0]           ib_md.c:1177 UCX  DEBUG mlx5_9: rocm GPUDirect RDMA is not detected by checking /dev/kfd
[1755364168.404013] [eos0397:1063738:0]           ib_md.c:1202 UCX  DEBUG mlx5_9: dmabuf is supported
[1755364168.404014] [eos0397:1063738:0]           mpool.c:138  UCX  DEBUG mpool devx dbrec: align 64, maxelems 4294967295, elemsize 40
[1755364168.404229] [eos0397:1063738:0]    ib_mlx5dv_md.c:2423 UCX  DEBUG mlx5_9: opened DEVX md log_max_qp=17
[1755364168.404621] [eos0397:1063738:0]    ib_mlx5dv_md.c:126  UCX  DEBUG mlx5_9: KSM dm memory registration status "Success" range 0x7fffca373000..0x7fffca373020 iova 0x0 mkey_index 0x0
[1755364168.404901] [eos0397:1063738:0]    ib_mlx5dv_md.c:96   UCX  DEBUG mlx5_9: mlx5dv_devx_obj_create(CREATE_MKEY, mode=KSM, start_addr=0x7fffca373000 length=32) failed, syndrome 0x45d3a4: Remote I/O error
[1755364168.404903] [eos0397:1063738:0]    ib_mlx5dv_md.c:126  UCX  DEBUG mlx5_9: KSM atomic-key memory registration status "Unsupported operation" range (nil)..0x20 iova 0x7fffca373000 atomic mkey_index 0x0
[1755364168.405242] [eos0397:1063738:0]           ib_md.c:1161 UCX  DEBUG mlx5_9: relaxed order memory access is disabled
[1755364168.405455] [eos0397:1063738:0]    ib_mlx5dv_md.c:126  UCX  DEBUG mlx5_9: KSM flush-mr memory registration status "Success" range 0x555556597000..0x555556597008 iova 0x0 mkey_index 0x0
[1755364168.405470] [eos0397:1063738:0]          uct_md.c:96   UCX  DEBUG failed to query gga_mlx5 resources: No such device
[1755364168.405470] [eos0397:1063738:0]     ucp_context.c:1188 UCX  DEBUG No tl resources found for md mlx5_9
[1755364168.405471] [eos0397:1063738:0]     ucp_context.c:1648 UCX  DEBUG closing md mlx5_9 because it has no selected transport resources
[1755364168.405474] [eos0397:1063738:0]    ib_mlx5dv_md.c:2496 UCX  DEBUG mlx5_9: md=0x55555682d010 md->flags=0x3fb3f7f flush_rkey=0x200700
[1755364168.405709] [eos0397:1063738:0]           mpool.c:194  UCX  DEBUG mpool devx dbrec destroyed
[1755364168.405710] [eos0397:1063738:0]       ib_device.c:616  UCX  DEBUG destroying ib device mlx5_9
[1755364168.405711] [eos0397:1063738:0]           async.c:173  UCX  DEBUG removed async handler 0x5555565a3fc0 [id=69 ref 1] uct_ib_async_event_handler() from hash
[1755364168.405712] [eos0397:1063738:0]           async.c:576  UCX  DEBUG removing async handler 0x5555565a3fc0 [id=69 ref 1] uct_ib_async_event_handler()
[1755364168.405713] [eos0397:1063738:0]           async.c:188  UCX  DEBUG release async handler 0x5555565a3fc0 [id=69 ref 0] uct_ib_async_event_handler()
[1755364168.410568] [eos0397:1063738:0]            topo.c:899  UCX  DEBUG /sys/class/infiniband/mlx5_10: PF sysfs path is '/sys/devices/pci0000:cb/0000:cb:01.0/0000:cc:00.0/0000:cd:00.0/0000:ce:00.0'
[1755364168.410570] [eos0397:1063738:0]            topo.c:552  UCX  DEBUG mlx5_10: bdf_name 0000:ce:00.0 sys_dev 12
[1755364168.410579] [eos0397:1063738:0]       ib_device.c:498  UCX  DEBUG mlx5_10: vendor_id 0x15b3 device_id 4129
[1755364168.411063] [eos0397:1063738:0]    ib_mlx5dv_md.c:1875 UCX  DEBUG mlx5_10: cross gvmi alias mkey is supported
[1755364168.411064] [eos0397:1063738:0]    ib_mlx5dv_md.c:1925 UCX  DEBUG mlx5_10: mkey_by_name_reserve is not supported
[1755364168.411065] [eos0397:1063738:0]    ib_mlx5dv_md.c:1910 UCX  DEBUG mlx5_10: dp_ordering support: force=1 ooo_rw_rc=1 ooo_rw_dc=1
[1755364168.411196] [eos0397:1063738:0]    ib_mlx5dv_md.c:1705 UCX  DEBUG mlx5_10: ODP is disabled because version 1 is not supported for DevX QP
[1755364168.411324] [eos0397:1063738:0]           async.c:248  UCX  DEBUG added async handler 0x55555682d5f0 [id=69 ref 1] uct_ib_async_event_handler() to hash
[1755364168.411327] [eos0397:1063738:0]           async.c:522  UCX  DEBUG listening to async event fd 69 events 0x1 mode thread_spinlock
[1755364168.411328] [eos0397:1063738:0]       ib_device.c:597  UCX  DEBUG initialized device 'mlx5_10' (InfiniBand channel adapter) with 1 ports
[1755364168.411331] [eos0397:1063738:0]           ib_md.c:1177 UCX  DEBUG mlx5_10: cuda GPUDirect RDMA is detected by checking /sys/kernel/mm/memory_peers/nv_mem/version
[1755364168.411334] [eos0397:1063738:0]           ib_md.c:1177 UCX  DEBUG mlx5_10: rocm GPUDirect RDMA is not detected by checking /dev/kfd
[1755364168.411336] [eos0397:1063738:0]           ib_md.c:1202 UCX  DEBUG mlx5_10: dmabuf is supported
[1755364168.411337] [eos0397:1063738:0]           mpool.c:138  UCX  DEBUG mpool devx dbrec: align 64, maxelems 4294967295, elemsize 40
[1755364168.411525] [eos0397:1063738:0]    ib_mlx5dv_md.c:2423 UCX  DEBUG mlx5_10: opened DEVX md log_max_qp=17
[1755364168.411917] [eos0397:1063738:0]    ib_mlx5dv_md.c:126  UCX  DEBUG mlx5_10: KSM dm memory registration status "Success" range 0x7fffca373000..0x7fffca373020 iova 0x0 mkey_index 0x0
[1755364168.412188] [eos0397:1063738:0]    ib_mlx5dv_md.c:96   UCX  DEBUG mlx5_10: mlx5dv_devx_obj_create(CREATE_MKEY, mode=KSM, start_addr=0x7fffca373000 length=32) failed, syndrome 0x45d3a4: Remote I/O error
[1755364168.412189] [eos0397:1063738:0]    ib_mlx5dv_md.c:126  UCX  DEBUG mlx5_10: KSM atomic-key memory registration status "Unsupported operation" range (nil)..0x20 iova 0x7fffca373000 atomic mkey_index 0x0
[1755364168.412516] [eos0397:1063738:0]           ib_md.c:1161 UCX  DEBUG mlx5_10: relaxed order memory access is disabled
[1755364168.412731] [eos0397:1063738:0]    ib_mlx5dv_md.c:126  UCX  DEBUG mlx5_10: KSM flush-mr memory registration status "Success" range 0x555556597000..0x555556597008 iova 0x0 mkey_index 0x0
[1755364168.412746] [eos0397:1063738:0]          uct_md.c:96   UCX  DEBUG failed to query gga_mlx5 resources: No such device
[1755364168.412747] [eos0397:1063738:0]     ucp_context.c:1188 UCX  DEBUG No tl resources found for md mlx5_10
[eos0397.eos.clusters.nvidia.com:1063738] mca: bml: Using vader btl for send to [[50609,13511],0] on node eos0397
[eos0397.eos.clusters.nvidia.com:1063738] mca: bml: Using vader btl for send to [[50609,13511],1] on node eos0397
[eos0397.eos.clusters.nvidia.com:1063738] mca: bml: Using vader btl for send to [[50609,13511],3] on node eos0397
[eos0397.eos.clusters.nvidia.com:1063738] mca: bml: Using vader btl for send to [[50609,13511],4] on node eos0397
[eos0397.eos.clusters.nvidia.com:1063738] mca: bml: Using vader btl for send to [[50609,13511],5] on node eos0397
[eos0397.eos.clusters.nvidia.com:1063738] mca: bml: Using vader btl for send to [[50609,13511],6] on node eos0397
[eos0397.eos.clusters.nvidia.com:1063738] mca: bml: Using vader btl for send to [[50609,13511],7] on node eos0397
[eos0397.eos.clusters.nvidia.com:1063738] mca: bml: Using self btl for send to [[50609,13511],2] on node eos0397
[eos0397.eos.clusters.nvidia.com:1063738] Error: ../../../../../ompi/mca/coll/ucc/coll_ucc_module.c:273 - mca_coll_ucc_init_ctx() UCC library doesn't support MPI_THREAD_MULTIPLE
[1755364168.412748] [eos0397:1063738:0]     ucp_context.c:1648 UCX  DEBUG closing md mlx5_10 because it has no selected transport resources
[1755364168.412757] [eos0397:1063738:0]    ib_mlx5dv_md.c:2496 UCX  DEBUG mlx5_10: md=0x5555565a1fb0 md->flags=0x3fb3f7f flush_rkey=0x200700
[1755364168.412989] [eos0397:1063738:0]           mpool.c:194  UCX  DEBUG mpool devx dbrec destroyed
[1755364168.412990] [eos0397:1063738:0]       ib_device.c:616  UCX  DEBUG destroying ib device mlx5_10
[1755364168.412992] [eos0397:1063738:0]           async.c:173  UCX  DEBUG removed async handler 0x55555682d5f0 [id=69 ref 1] uct_ib_async_event_handler() from hash
[1755364168.412992] [eos0397:1063738:0]           async.c:576  UCX  DEBUG removing async handler 0x55555682d5f0 [id=69 ref 1] uct_ib_async_event_handler()
[1755364168.412994] [eos0397:1063738:0]           async.c:188  UCX  DEBUG release async handler 0x55555682d5f0 [id=69 ref 0] uct_ib_async_event_handler()
[1755364168.417803] [eos0397:1063738:0]            topo.c:899  UCX  DEBUG /sys/class/infiniband/mlx5_11: PF sysfs path is '/sys/devices/pci0000:d9/0000:d9:01.0/0000:da:00.0/0000:db:00.0/0000:dc:00.0'
[1755364168.417805] [eos0397:1063738:0]            topo.c:552  UCX  DEBUG mlx5_11: bdf_name 0000:dc:00.0 sys_dev 13
[1755364168.417812] [eos0397:1063738:0]       ib_device.c:498  UCX  DEBUG mlx5_11: vendor_id 0x15b3 device_id 4129
[1755364168.418291] [eos0397:1063738:0]    ib_mlx5dv_md.c:1875 UCX  DEBUG mlx5_11: cross gvmi alias mkey is supported
[1755364168.418292] [eos0397:1063738:0]    ib_mlx5dv_md.c:1925 UCX  DEBUG mlx5_11: mkey_by_name_reserve is not supported
[1755364168.418293] [eos0397:1063738:0]    ib_mlx5dv_md.c:1910 UCX  DEBUG mlx5_11: dp_ordering support: force=1 ooo_rw_rc=1 ooo_rw_dc=1
[1755364168.418402] [eos0397:1063738:0]    ib_mlx5dv_md.c:1705 UCX  DEBUG mlx5_11: ODP is disabled because version 1 is not supported for DevX QP
[1755364168.418520] [eos0397:1063738:0]           async.c:248  UCX  DEBUG added async handler 0x5555565a5d60 [id=69 ref 1] uct_ib_async_event_handler() to hash
[1755364168.418523] [eos0397:1063738:0]           async.c:522  UCX  DEBUG listening to async event fd 69 events 0x1 mode thread_spinlock
[1755364168.418524] [eos0397:1063738:0]       ib_device.c:597  UCX  DEBUG initialized device 'mlx5_11' (InfiniBand channel adapter) with 1 ports
[1755364168.418528] [eos0397:1063738:0]           ib_md.c:1177 UCX  DEBUG mlx5_11: cuda GPUDirect RDMA is detected by checking /sys/kernel/mm/memory_peers/nv_mem/version
[1755364168.418530] [eos0397:1063738:0]           ib_md.c:1177 UCX  DEBUG mlx5_11: rocm GPUDirect RDMA is not detected by checking /dev/kfd
[1755364168.418533] [eos0397:1063738:0]           ib_md.c:1202 UCX  DEBUG mlx5_11: dmabuf is supported
[1755364168.418534] [eos0397:1063738:0]           mpool.c:138  UCX  DEBUG mpool devx dbrec: align 64, maxelems 4294967295, elemsize 40
[1755364168.418716] [eos0397:1063738:0]    ib_mlx5dv_md.c:2423 UCX  DEBUG mlx5_11: opened DEVX md log_max_qp=17
[1755364168.419120] [eos0397:1063738:0]    ib_mlx5dv_md.c:126  UCX  DEBUG mlx5_11: KSM dm memory registration status "Success" range 0x7fffca373000..0x7fffca373020 iova 0x0 mkey_index 0x0
[1755364168.419399] [eos0397:1063738:0]    ib_mlx5dv_md.c:96   UCX  DEBUG mlx5_11: mlx5dv_devx_obj_create(CREATE_MKEY, mode=KSM, start_addr=0x7fffca373000 length=32) failed, syndrome 0x45d3a4: Remote I/O error
[1755364168.419401] [eos0397:1063738:0]    ib_mlx5dv_md.c:126  UCX  DEBUG mlx5_11: KSM atomic-key memory registration status "Unsupported operation" range (nil)..0x20 iova 0x7fffca373000 atomic mkey_index 0x0
[1755364168.419742] [eos0397:1063738:0]           ib_md.c:1161 UCX  DEBUG mlx5_11: relaxed order memory access is disabled
[1755364168.419959] [eos0397:1063738:0]    ib_mlx5dv_md.c:126  UCX  DEBUG mlx5_11: KSM flush-mr memory registration status "Success" range 0x555556597000..0x555556597008 iova 0x0 mkey_index 0x0
[1755364168.419994] [eos0397:1063738:0]          uct_md.c:96   UCX  DEBUG failed to query gga_mlx5 resources: No such device
[1755364168.419995] [eos0397:1063738:0]     ucp_context.c:1188 UCX  DEBUG No tl resources found for md mlx5_11
[1755364168.419996] [eos0397:1063738:0]     ucp_context.c:1648 UCX  DEBUG closing md mlx5_11 because it has no selected transport resources
[1755364168.419998] [eos0397:1063738:0]    ib_mlx5dv_md.c:2496 UCX  DEBUG mlx5_11: md=0x5555565a1ba0 md->flags=0x3fb3f7f flush_rkey=0x200700
[1755364168.420240] [eos0397:1063738:0]           mpool.c:194  UCX  DEBUG mpool devx dbrec destroyed
[1755364168.420241] [eos0397:1063738:0]       ib_device.c:616  UCX  DEBUG destroying ib device mlx5_11
[1755364168.420242] [eos0397:1063738:0]           async.c:173  UCX  DEBUG removed async handler 0x5555565a5d60 [id=69 ref 1] uct_ib_async_event_handler() from hash
[1755364168.420243] [eos0397:1063738:0]           async.c:576  UCX  DEBUG removing async handler 0x5555565a5d60 [id=69 ref 1] uct_ib_async_event_handler()
[1755364168.420244] [eos0397:1063738:0]           async.c:188  UCX  DEBUG release async handler 0x5555565a5d60 [id=69 ref 0] uct_ib_async_event_handler()
[1755364168.420616] [eos0397:1063738:0]     ucp_context.c:1713 UCX  DEBUG register host memory on: self, tcp, cuda_cpy, mlx5_0, mlx5_3, mlx5_4, mlx5_5, mlx5_6, mlx5_9, mlx5_10, mlx5_11, cma
[1755364168.420618] [eos0397:1063738:0]     ucp_context.c:1713 UCX  DEBUG register cuda memory on: cuda_cpy, cuda_ipc, gdr_copy, mlx5_0, mlx5_3, mlx5_4, mlx5_5, mlx5_6, mlx5_9, mlx5_10, mlx5_11
[1755364168.420619] [eos0397:1063738:0]     ucp_context.c:1713 UCX  DEBUG register cuda-managed memory on: cuda_cpy
[1755364168.420620] [eos0397:1063738:0]     ucp_context.c:1701 UCX  DEBUG no memory domain supports registering rocm memory
[1755364168.420621] [eos0397:1063738:0]     ucp_context.c:1701 UCX  DEBUG no memory domain supports registering rocm-managed memory
[1755364168.420621] [eos0397:1063738:0]     ucp_context.c:1701 UCX  DEBUG no memory domain supports registering rdma memory
[1755364168.420622] [eos0397:1063738:0]     ucp_context.c:1701 UCX  DEBUG no memory domain supports registering ze-host memory
[1755364168.420622] [eos0397:1063738:0]     ucp_context.c:1701 UCX  DEBUG no memory domain supports registering ze-device memory
[1755364168.420623] [eos0397:1063738:0]     ucp_context.c:1701 UCX  DEBUG no memory domain supports registering ze-managed memory
[1755364168.420647] [eos0397:1063738:0]           mpool.c:138  UCX  DEBUG mpool rcache_mp: align 8, maxelems 4294967295, elemsize 144
[1755364168.420714] [eos0397:1063738:0]     ucp_context.c:2332 UCX  DEBUG created ucp context ucp_context_0 0x555556311580 [16 mds 60 tls] features 0xe tl bitmap 0xfffffffffffffff 0x0
[1755364168.489213] [eos0397:1063738:0]           mpool.c:138  UCX  DEBUG mpool ec cpu executors: align 64, maxelems 4294967295, elemsize 24
[1755364168.489218] [eos0397:1063738:0]           mpool.c:138  UCX  DEBUG mpool ec cpu executor tasks: align 64, maxelems 4294967295, elemsize 272
[1755364168.493473] [eos0397:1063738:0]           mpool.c:138  UCX  DEBUG mpool stub_tasks: align 64, maxelems 4294967295, elemsize 456
[1755364168.493491] [eos0397:1063738:0]           mpool.c:194  UCX  DEBUG mpool stub_tasks destroyed
[1755364168.493505] [eos0397:1063738:0]           mpool.c:194  UCX  DEBUG mpool ec cpu executors destroyed
[1755364168.493506] [eos0397:1063738:0]           mpool.c:194  UCX  DEBUG mpool ec cpu executor tasks destroyed
[1755364168.525653] [eos0397:1063738:0]           mpool.c:138  UCX  DEBUG mpool ec cpu executors: align 64, maxelems 4294967295, elemsize 24
[1755364168.525654] [eos0397:1063738:0]           mpool.c:138  UCX  DEBUG mpool ec cpu executor tasks: align 64, maxelems 4294967295, elemsize 272
[1755364168.547357] [eos0397:1063738:0]           mpool.c:138  UCX  DEBUG mpool stub_tasks: align 64, maxelems 4294967295, elemsize 456
[1755364168.547392] [eos0397:1063738:0]           mpool.c:138  UCX  DEBUG mpool tl_mlx5_req_mp: align 64, maxelems 4294967295, elemsize 624
[1755364168.547397] [eos0397:1063738:0]           mpool.c:138  UCX  DEBUG mpool rcache_mp: align 8, maxelems 4294967295, elemsize 144
[1755364168.547540] [eos0397:1063738:0]           mpool.c:138  UCX  DEBUG mpool tl_nccl_req_mp: align 64, maxelems 4294967295, elemsize 496
[1755364169.772995] [eos0397:1063738:0]           mpool.c:138  UCX  DEBUG mpool tl_self_req_mp: align 64, maxelems 4294967295, elemsize 496
[1755364169.773005] [eos0397:1063738:0]           mpool.c:138  UCX  DEBUG mpool tl_shm_req_mp: align 64, maxelems 4294967295, elemsize 568
[1755364169.773079] [eos0397:1063738:0]     ucp_context.c:2257 UCX  INFO  Version 1.18.0 (loaded from /opt/nvidia/hpc_sdk/Linux_x86_64/25.3/comm_libs/12.8/hpcx/hpcx-2.22.1/ucx/lib/libucp.so.0)
[1755364169.773084] [eos0397:1063738:0]     ucp_context.c:2016 UCX  DEBUG estimated number of endpoints is 1
[1755364169.773085] [eos0397:1063738:0]     ucp_context.c:2023 UCX  DEBUG estimated number of endpoints per node is 1
[1755364169.773087] [eos0397:1063738:0]     ucp_context.c:2033 UCX  DEBUG estimated bcopy bandwidth is 7340032000.000000
[1755364169.773089] [eos0397:1063738:0]     ucp_context.c:2092 UCX  DEBUG allocation method[0] is md 'sysv'
[1755364169.773090] [eos0397:1063738:0]     ucp_context.c:2092 UCX  DEBUG allocation method[1] is md 'posix'
[1755364169.773091] [eos0397:1063738:0]     ucp_context.c:2104 UCX  DEBUG allocation method[2] is 'thp'
[1755364169.773092] [eos0397:1063738:0]     ucp_context.c:2092 UCX  DEBUG allocation method[3] is md '*'
[1755364169.773093] [eos0397:1063738:0]     ucp_context.c:2104 UCX  DEBUG allocation method[4] is 'mmap'
[1755364169.773093] [eos0397:1063738:0]     ucp_context.c:2104 UCX  DEBUG allocation method[5] is 'heap'
[1755364169.774683] [eos0397:1063738:0]            topo.c:895  UCX  DEBUG /sys/class/net/bmc-redfish0/lower_enx463c84c17a97: sysfs path undetected
[1755364169.774685] [eos0397:1063738:0]            topo.c:556  UCX  DEBUG bmc-redfish0: system device unknown
[1755364169.805382] [eos0397:1063738:0]            topo.c:899  UCX  DEBUG /sys/class/net/eth3: PF sysfs path is '/sys/devices/pci0000:80/0000:80:05.0/0000:82:00.1'
[1755364169.805385] [eos0397:1063738:0]            topo.c:552  UCX  DEBUG eth3: bdf_name 0000:82:00.1 sys_dev 8
[1755364169.807988] [eos0397:1063738:0]            topo.c:899  UCX  DEBUG /sys/class/net/ibp154s0: PF sysfs path is '/sys/devices/pci0000:97/0000:97:01.0/0000:98:00.0/0000:99:00.0/0000:9a:00.0'
[1755364169.807990] [eos0397:1063738:0]            topo.c:552  UCX  DEBUG ibp154s0: bdf_name 0000:9a:00.0 sys_dev 9
[1755364169.810849] [eos0397:1063738:0]            topo.c:899  UCX  DEBUG /sys/class/net/ibp170s0f0: PF sysfs path is '/sys/devices/pci0000:a5/0000:a5:01.0/0000:a6:00.0/0000:a7:00.0/0000:a8:00.0/0000:a9:00.0/0000:aa:00.0'
[1755364169.810851] [eos0397:1063738:0]            topo.c:552  UCX  DEBUG ibp170s0f0: bdf_name 0000:aa:00.0 sys_dev 10
[1755364169.813244] [eos0397:1063738:0]            topo.c:899  UCX  DEBUG /sys/class/net/ibp192s0: PF sysfs path is '/sys/devices/pci0000:bd/0000:bd:01.0/0000:be:00.0/0000:bf:00.0/0000:c0:00.0'
[1755364169.813246] [eos0397:1063738:0]            topo.c:552  UCX  DEBUG ibp192s0: bdf_name 0000:c0:00.0 sys_dev 11
[1755364169.816059] [eos0397:1063738:0]            topo.c:899  UCX  DEBUG /sys/class/net/ibp206s0: PF sysfs path is '/sys/devices/pci0000:cb/0000:cb:01.0/0000:cc:00.0/0000:cd:00.0/0000:ce:00.0'
[1755364169.816061] [eos0397:1063738:0]            topo.c:552  UCX  DEBUG ibp206s0: bdf_name 0000:ce:00.0 sys_dev 12
[1755364169.818908] [eos0397:1063738:0]            topo.c:899  UCX  DEBUG /sys/class/net/ibp220s0: PF sysfs path is '/sys/devices/pci0000:d9/0000:d9:01.0/0000:da:00.0/0000:db:00.0/0000:dc:00.0'
[1755364169.818910] [eos0397:1063738:0]            topo.c:552  UCX  DEBUG ibp220s0: bdf_name 0000:dc:00.0 sys_dev 13
[1755364169.821387] [eos0397:1063738:0]            topo.c:899  UCX  DEBUG /sys/class/net/ibp24s0: PF sysfs path is '/sys/devices/pci0000:15/0000:15:01.0/0000:16:00.0/0000:17:00.0/0000:18:00.0'
[1755364169.821390] [eos0397:1063738:0]            topo.c:552  UCX  DEBUG ibp24s0: bdf_name 0000:18:00.0 sys_dev 14
[1755364169.824353] [eos0397:1063738:0]            topo.c:899  UCX  DEBUG /sys/class/net/ibp41s0f0: PF sysfs path is '/sys/devices/pci0000:24/0000:24:01.0/0000:25:00.0/0000:26:00.0/0000:27:00.0/0000:28:00.0/0000:29:00.0'
[1755364169.824355] [eos0397:1063738:0]            topo.c:552  UCX  DEBUG ibp41s0f0: bdf_name 0000:29:00.0 sys_dev 15
[1755364169.827168] [eos0397:1063738:0]            topo.c:899  UCX  DEBUG /sys/class/net/ibp64s0: PF sysfs path is '/sys/devices/pci0000:3d/0000:3d:01.0/0000:3e:00.0/0000:3f:00.0/0000:40:00.0'
[1755364169.827170] [eos0397:1063738:0]            topo.c:552  UCX  DEBUG ibp64s0: bdf_name 0000:40:00.0 sys_dev 16
[1755364169.830057] [eos0397:1063738:0]            topo.c:899  UCX  DEBUG /sys/class/net/ibp79s0: PF sysfs path is '/sys/devices/pci0000:4c/0000:4c:01.0/0000:4d:00.0/0000:4e:00.0/0000:4f:00.0'
[1755364169.830059] [eos0397:1063738:0]            topo.c:552  UCX  DEBUG ibp79s0: bdf_name 0000:4f:00.0 sys_dev 17
[1755364169.832567] [eos0397:1063738:0]            topo.c:899  UCX  DEBUG /sys/class/net/ibp94s0: PF sysfs path is '/sys/devices/pci0000:5b/0000:5b:01.0/0000:5c:00.0/0000:5d:00.0/0000:5e:00.0'
[1755364169.832569] [eos0397:1063738:0]            topo.c:552  UCX  DEBUG ibp94s0: bdf_name 0000:5e:00.0 sys_dev 18
[1755364169.834912] [eos0397:1063738:0]            topo.c:895  UCX  DEBUG /sys/class/net/lo: sysfs path undetected
[1755364169.834914] [eos0397:1063738:0]            topo.c:556  UCX  DEBUG lo: system device unknown
[1755364169.834995] [eos0397:1063738:0]    cuda_copy_md.c:104  UCX  DEBUG dmabuf is supported on cuda device 0
[1755364169.840026] [eos0397:1063738:0]            topo.c:899  UCX  DEBUG /sys/class/infiniband/mlx5_0: PF sysfs path is '/sys/devices/pci0000:15/0000:15:01.0/0000:16:00.0/0000:17:00.0/0000:18:00.0'
[1755364169.840032] [eos0397:1063738:0]            topo.c:552  UCX  DEBUG mlx5_0: bdf_name 0000:18:00.0 sys_dev 14
[1755364169.840046] [eos0397:1063738:0]       ib_device.c:498  UCX  DEBUG mlx5_0: vendor_id 0x15b3 device_id 4129
[1755364169.840542] [eos0397:1063738:0]    ib_mlx5dv_md.c:1875 UCX  DEBUG mlx5_0: cross gvmi alias mkey is supported
[1755364169.840543] [eos0397:1063738:0]    ib_mlx5dv_md.c:1925 UCX  DEBUG mlx5_0: mkey_by_name_reserve is not supported
[1755364169.840544] [eos0397:1063738:0]    ib_mlx5dv_md.c:1910 UCX  DEBUG mlx5_0: dp_ordering support: force=1 ooo_rw_rc=1 ooo_rw_dc=1
[1755364169.840662] [eos0397:1063738:0]    ib_mlx5dv_md.c:1705 UCX  DEBUG mlx5_0: ODP is disabled because version 1 is not supported for DevX QP
[1755364169.840795] [eos0397:1063738:0]           async.c:248  UCX  DEBUG added async handler 0x555557525010 [id=89 ref 1] uct_ib_async_event_handler() to hash
[1755364169.840805] [eos0397:1063738:0]           async.c:522  UCX  DEBUG listening to async event fd 89 events 0x1 mode thread_spinlock
[1755364169.840807] [eos0397:1063738:0]       ib_device.c:597  UCX  DEBUG initialized device 'mlx5_0' (InfiniBand channel adapter) with 1 ports
[1755364169.840812] [eos0397:1063738:0]           ib_md.c:1177 UCX  DEBUG mlx5_0: cuda GPUDirect RDMA is detected by checking /sys/kernel/mm/memory_peers/nv_mem/version
[1755364169.840815] [eos0397:1063738:0]           ib_md.c:1177 UCX  DEBUG mlx5_0: rocm GPUDirect RDMA is not detected by checking /dev/kfd
[1755364169.840819] [eos0397:1063738:0]           ib_md.c:1202 UCX  DEBUG mlx5_0: dmabuf is supported
[1755364169.840822] [eos0397:1063738:0]           mpool.c:138  UCX  DEBUG mpool devx dbrec: align 64, maxelems 4294967295, elemsize 40
[1755364169.840989] [eos0397:1063738:0]    ib_mlx5dv_md.c:2423 UCX  DEBUG mlx5_0: opened DEVX md log_max_qp=17
[1755364169.841382] [eos0397:1063738:0]    ib_mlx5dv_md.c:126  UCX  DEBUG mlx5_0: KSM dm memory registration status "Success" range 0x7fffca34e000..0x7fffca34e020 iova 0x0 mkey_index 0x0
[1755364169.841669] [eos0397:1063738:0]    ib_mlx5dv_md.c:96   UCX  DEBUG mlx5_0: mlx5dv_devx_obj_create(CREATE_MKEY, mode=KSM, start_addr=0x7fffca34e000 length=32) failed, syndrome 0x45d3a4: Remote I/O error
[1755364169.841671] [eos0397:1063738:0]    ib_mlx5dv_md.c:126  UCX  DEBUG mlx5_0: KSM atomic-key memory registration status "Unsupported operation" range (nil)..0x20 iova 0x7fffca34e000 atomic mkey_index 0x0
[1755364169.842056] [eos0397:1063738:0]           ib_md.c:1161 UCX  DEBUG mlx5_0: relaxed order memory access is disabled
[1755364169.842296] [eos0397:1063738:0]    ib_mlx5dv_md.c:126  UCX  DEBUG mlx5_0: KSM flush-mr memory registration status "Success" range 0x555557522000..0x555557522008 iova 0x0 mkey_index 0x0
[1755364169.842297] [eos0397:1063738:0]           ib_md.c:1031 UCX  DEBUG mlx5_0: md open by 'uct_ib_mlx5_devx_md_ops' is successful
[1755364169.847718] [eos0397:1063738:0]            topo.c:899  UCX  DEBUG /sys/class/infiniband/mlx5_3: PF sysfs path is '/sys/devices/pci0000:3d/0000:3d:01.0/0000:3e:00.0/0000:3f:00.0/0000:40:00.0'
[1755364169.847721] [eos0397:1063738:0]            topo.c:552  UCX  DEBUG mlx5_3: bdf_name 0000:40:00.0 sys_dev 16
[1755364169.847729] [eos0397:1063738:0]       ib_device.c:498  UCX  DEBUG mlx5_3: vendor_id 0x15b3 device_id 4129
[1755364169.848190] [eos0397:1063738:0]    ib_mlx5dv_md.c:1875 UCX  DEBUG mlx5_3: cross gvmi alias mkey is supported
[1755364169.848191] [eos0397:1063738:0]    ib_mlx5dv_md.c:1925 UCX  DEBUG mlx5_3: mkey_by_name_reserve is not supported
[1755364169.848192] [eos0397:1063738:0]    ib_mlx5dv_md.c:1910 UCX  DEBUG mlx5_3: dp_ordering support: force=1 ooo_rw_rc=1 ooo_rw_dc=1
[1755364169.848303] [eos0397:1063738:0]    ib_mlx5dv_md.c:1705 UCX  DEBUG mlx5_3: ODP is disabled because version 1 is not supported for DevX QP
[1755364169.848423] [eos0397:1063738:0]           async.c:248  UCX  DEBUG added async handler 0x555557521b60 [id=91 ref 1] uct_ib_async_event_handler() to hash
[1755364169.848428] [eos0397:1063738:0]           async.c:522  UCX  DEBUG listening to async event fd 91 events 0x1 mode thread_spinlock
[1755364169.848429] [eos0397:1063738:0]       ib_device.c:597  UCX  DEBUG initialized device 'mlx5_3' (InfiniBand channel adapter) with 1 ports
[1755364169.848433] [eos0397:1063738:0]           ib_md.c:1177 UCX  DEBUG mlx5_3: cuda GPUDirect RDMA is detected by checking /sys/kernel/mm/memory_peers/nv_mem/version
[1755364169.848435] [eos0397:1063738:0]           ib_md.c:1177 UCX  DEBUG mlx5_3: rocm GPUDirect RDMA is not detected by checking /dev/kfd
[1755364169.848439] [eos0397:1063738:0]           ib_md.c:1202 UCX  DEBUG mlx5_3: dmabuf is supported
[1755364169.848440] [eos0397:1063738:0]           mpool.c:138  UCX  DEBUG mpool devx dbrec: align 64, maxelems 4294967295, elemsize 40
[1755364169.848613] [eos0397:1063738:0]    ib_mlx5dv_md.c:2423 UCX  DEBUG mlx5_3: opened DEVX md log_max_qp=17
[1755364169.849015] [eos0397:1063738:0]    ib_mlx5dv_md.c:126  UCX  DEBUG mlx5_3: KSM dm memory registration status "Success" range 0x7fffca349000..0x7fffca349020 iova 0x0 mkey_index 0x0
[1755364169.849296] [eos0397:1063738:0]    ib_mlx5dv_md.c:96   UCX  DEBUG mlx5_3: mlx5dv_devx_obj_create(CREATE_MKEY, mode=KSM, start_addr=0x7fffca349000 length=32) failed, syndrome 0x45d3a4: Remote I/O error
[1755364169.849298] [eos0397:1063738:0]    ib_mlx5dv_md.c:126  UCX  DEBUG mlx5_3: KSM atomic-key memory registration status "Unsupported operation" range (nil)..0x20 iova 0x7fffca349000 atomic mkey_index 0x0
[1755364169.849663] [eos0397:1063738:0]           ib_md.c:1161 UCX  DEBUG mlx5_3: relaxed order memory access is disabled
[1755364169.849896] [eos0397:1063738:0]    ib_mlx5dv_md.c:126  UCX  DEBUG mlx5_3: KSM flush-mr memory registration status "Success" range 0x555557567000..0x555557567008 iova 0x0 mkey_index 0x0
[1755364169.849897] [eos0397:1063738:0]           ib_md.c:1031 UCX  DEBUG mlx5_3: md open by 'uct_ib_mlx5_devx_md_ops' is successful
[1755364169.855258] [eos0397:1063738:0]            topo.c:899  UCX  DEBUG /sys/class/infiniband/mlx5_4: PF sysfs path is '/sys/devices/pci0000:4c/0000:4c:01.0/0000:4d:00.0/0000:4e:00.0/0000:4f:00.0'
[1755364169.855260] [eos0397:1063738:0]            topo.c:552  UCX  DEBUG mlx5_4: bdf_name 0000:4f:00.0 sys_dev 17
[1755364169.855268] [eos0397:1063738:0]       ib_device.c:498  UCX  DEBUG mlx5_4: vendor_id 0x15b3 device_id 4129
[1755364169.855732] [eos0397:1063738:0]    ib_mlx5dv_md.c:1875 UCX  DEBUG mlx5_4: cross gvmi alias mkey is supported
[1755364169.855733] [eos0397:1063738:0]    ib_mlx5dv_md.c:1925 UCX  DEBUG mlx5_4: mkey_by_name_reserve is not supported
[1755364169.855734] [eos0397:1063738:0]    ib_mlx5dv_md.c:1910 UCX  DEBUG mlx5_4: dp_ordering support: force=1 ooo_rw_rc=1 ooo_rw_dc=1
[1755364169.855839] [eos0397:1063738:0]    ib_mlx5dv_md.c:1705 UCX  DEBUG mlx5_4: ODP is disabled because version 1 is not supported for DevX QP
[1755364169.855955] [eos0397:1063738:0]           async.c:248  UCX  DEBUG added async handler 0x555557524fd0 [id=93 ref 1] uct_ib_async_event_handler() to hash
[1755364169.855961] [eos0397:1063738:0]           async.c:522  UCX  DEBUG listening to async event fd 93 events 0x1 mode thread_spinlock
[1755364169.855962] [eos0397:1063738:0]       ib_device.c:597  UCX  DEBUG initialized device 'mlx5_4' (InfiniBand channel adapter) with 1 ports
[1755364169.855966] [eos0397:1063738:0]           ib_md.c:1177 UCX  DEBUG mlx5_4: cuda GPUDirect RDMA is detected by checking /sys/kernel/mm/memory_peers/nv_mem/version
[1755364169.855968] [eos0397:1063738:0]           ib_md.c:1177 UCX  DEBUG mlx5_4: rocm GPUDirect RDMA is not detected by checking /dev/kfd
[1755364169.855971] [eos0397:1063738:0]           ib_md.c:1202 UCX  DEBUG mlx5_4: dmabuf is supported
[1755364169.855972] [eos0397:1063738:0]           mpool.c:138  UCX  DEBUG mpool devx dbrec: align 64, maxelems 4294967295, elemsize 40
[1755364169.856136] [eos0397:1063738:0]    ib_mlx5dv_md.c:2423 UCX  DEBUG mlx5_4: opened DEVX md log_max_qp=17
[1755364169.856531] [eos0397:1063738:0]    ib_mlx5dv_md.c:126  UCX  DEBUG mlx5_4: KSM dm memory registration status "Success" range 0x7fffca344000..0x7fffca344020 iova 0x0 mkey_index 0x0
[1755364169.856813] [eos0397:1063738:0]    ib_mlx5dv_md.c:96   UCX  DEBUG mlx5_4: mlx5dv_devx_obj_create(CREATE_MKEY, mode=KSM, start_addr=0x7fffca344000 length=32) failed, syndrome 0x45d3a4: Remote I/O error
[1755364169.856815] [eos0397:1063738:0]    ib_mlx5dv_md.c:126  UCX  DEBUG mlx5_4: KSM atomic-key memory registration status "Unsupported operation" range (nil)..0x20 iova 0x7fffca344000 atomic mkey_index 0x0
[1755364169.857161] [eos0397:1063738:0]           ib_md.c:1161 UCX  DEBUG mlx5_4: relaxed order memory access is disabled
[1755364169.857379] [eos0397:1063738:0]    ib_mlx5dv_md.c:126  UCX  DEBUG mlx5_4: KSM flush-mr memory registration status "Success" range 0x5555575ac000..0x5555575ac008 iova 0x0 mkey_index 0x0
[1755364169.857381] [eos0397:1063738:0]           ib_md.c:1031 UCX  DEBUG mlx5_4: md open by 'uct_ib_mlx5_devx_md_ops' is successful
[1755364169.862820] [eos0397:1063738:0]            topo.c:899  UCX  DEBUG /sys/class/infiniband/mlx5_5: PF sysfs path is '/sys/devices/pci0000:5b/0000:5b:01.0/0000:5c:00.0/0000:5d:00.0/0000:5e:00.0'
[1755364169.862824] [eos0397:1063738:0]            topo.c:552  UCX  DEBUG mlx5_5: bdf_name 0000:5e:00.0 sys_dev 18
[1755364169.862833] [eos0397:1063738:0]       ib_device.c:498  UCX  DEBUG mlx5_5: vendor_id 0x15b3 device_id 4129
[1755364169.863325] [eos0397:1063738:0]    ib_mlx5dv_md.c:1875 UCX  DEBUG mlx5_5: cross gvmi alias mkey is supported
[1755364169.863326] [eos0397:1063738:0]    ib_mlx5dv_md.c:1925 UCX  DEBUG mlx5_5: mkey_by_name_reserve is not supported
[1755364169.863327] [eos0397:1063738:0]    ib_mlx5dv_md.c:1910 UCX  DEBUG mlx5_5: dp_ordering support: force=1 ooo_rw_rc=1 ooo_rw_dc=1
[1755364169.863435] [eos0397:1063738:0]    ib_mlx5dv_md.c:1705 UCX  DEBUG mlx5_5: ODP is disabled because version 1 is not supported for DevX QP
[1755364169.863556] [eos0397:1063738:0]           async.c:248  UCX  DEBUG added async handler 0x5555575f4010 [id=95 ref 1] uct_ib_async_event_handler() to hash
[1755364169.863562] [eos0397:1063738:0]           async.c:522  UCX  DEBUG listening to async event fd 95 events 0x1 mode thread_spinlock
[1755364169.863563] [eos0397:1063738:0]       ib_device.c:597  UCX  DEBUG initialized device 'mlx5_5' (InfiniBand channel adapter) with 1 ports
[1755364169.863568] [eos0397:1063738:0]           ib_md.c:1177 UCX  DEBUG mlx5_5: cuda GPUDirect RDMA is detected by checking /sys/kernel/mm/memory_peers/nv_mem/version
[1755364169.863579] [eos0397:1063738:0]           ib_md.c:1177 UCX  DEBUG mlx5_5: rocm GPUDirect RDMA is not detected by checking /dev/kfd
[1755364169.863583] [eos0397:1063738:0]           ib_md.c:1202 UCX  DEBUG mlx5_5: dmabuf is supported
[1755364169.863584] [eos0397:1063738:0]           mpool.c:138  UCX  DEBUG mpool devx dbrec: align 64, maxelems 4294967295, elemsize 40
[1755364169.863756] [eos0397:1063738:0]    ib_mlx5dv_md.c:2423 UCX  DEBUG mlx5_5: opened DEVX md log_max_qp=17
[1755364169.864153] [eos0397:1063738:0]    ib_mlx5dv_md.c:126  UCX  DEBUG mlx5_5: KSM dm memory registration status "Success" range 0x7fffca33f000..0x7fffca33f020 iova 0x0 mkey_index 0x0
[1755364169.864433] [eos0397:1063738:0]    ib_mlx5dv_md.c:96   UCX  DEBUG mlx5_5: mlx5dv_devx_obj_create(CREATE_MKEY, mode=KSM, start_addr=0x7fffca33f000 length=32) failed, syndrome 0x45d3a4: Remote I/O error
[1755364169.864435] [eos0397:1063738:0]    ib_mlx5dv_md.c:126  UCX  DEBUG mlx5_5: KSM atomic-key memory registration status "Unsupported operation" range (nil)..0x20 iova 0x7fffca33f000 atomic mkey_index 0x0
[1755364169.864793] [eos0397:1063738:0]           ib_md.c:1161 UCX  DEBUG mlx5_5: relaxed order memory access is disabled
[1755364169.865009] [eos0397:1063738:0]    ib_mlx5dv_md.c:126  UCX  DEBUG mlx5_5: KSM flush-mr memory registration status "Success" range 0x5555575f1000..0x5555575f1008 iova 0x0 mkey_index 0x0
[1755364169.865010] [eos0397:1063738:0]           ib_md.c:1031 UCX  DEBUG mlx5_5: md open by 'uct_ib_mlx5_devx_md_ops' is successful
[1755364169.894460] [eos0397:1063738:0]            topo.c:899  UCX  DEBUG /sys/class/infiniband/mlx5_6: PF sysfs path is '/sys/devices/pci0000:97/0000:97:01.0/0000:98:00.0/0000:99:00.0/0000:9a:00.0'
[1755364169.894463] [eos0397:1063738:0]            topo.c:552  UCX  DEBUG mlx5_6: bdf_name 0000:9a:00.0 sys_dev 9
[1755364169.894471] [eos0397:1063738:0]       ib_device.c:498  UCX  DEBUG mlx5_6: vendor_id 0x15b3 device_id 4129
[1755364169.894947] [eos0397:1063738:0]    ib_mlx5dv_md.c:1875 UCX  DEBUG mlx5_6: cross gvmi alias mkey is supported
[1755364169.894948] [eos0397:1063738:0]    ib_mlx5dv_md.c:1925 UCX  DEBUG mlx5_6: mkey_by_name_reserve is not supported
[1755364169.894949] [eos0397:1063738:0]    ib_mlx5dv_md.c:1910 UCX  DEBUG mlx5_6: dp_ordering support: force=1 ooo_rw_rc=1 ooo_rw_dc=1
[1755364169.895064] [eos0397:1063738:0]    ib_mlx5dv_md.c:1705 UCX  DEBUG mlx5_6: ODP is disabled because version 1 is not supported for DevX QP
[1755364169.895188] [eos0397:1063738:0]           async.c:248  UCX  DEBUG added async handler 0x5555575f0990 [id=97 ref 1] uct_ib_async_event_handler() to hash
[1755364169.895194] [eos0397:1063738:0]           async.c:522  UCX  DEBUG listening to async event fd 97 events 0x1 mode thread_spinlock
[1755364169.895195] [eos0397:1063738:0]       ib_device.c:597  UCX  DEBUG initialized device 'mlx5_6' (InfiniBand channel adapter) with 1 ports
[1755364169.895198] [eos0397:1063738:0]           ib_md.c:1177 UCX  DEBUG mlx5_6: cuda GPUDirect RDMA is detected by checking /sys/kernel/mm/memory_peers/nv_mem/version
[1755364169.895201] [eos0397:1063738:0]           ib_md.c:1177 UCX  DEBUG mlx5_6: rocm GPUDirect RDMA is not detected by checking /dev/kfd
[1755364169.895204] [eos0397:1063738:0]           ib_md.c:1202 UCX  DEBUG mlx5_6: dmabuf is supported
[1755364169.895206] [eos0397:1063738:0]           mpool.c:138  UCX  DEBUG mpool devx dbrec: align 64, maxelems 4294967295, elemsize 40
[1755364169.895376] [eos0397:1063738:0]    ib_mlx5dv_md.c:2423 UCX  DEBUG mlx5_6: opened DEVX md log_max_qp=17
[1755364169.895776] [eos0397:1063738:0]    ib_mlx5dv_md.c:126  UCX  DEBUG mlx5_6: KSM dm memory registration status "Success" range 0x7fffca33a000..0x7fffca33a020 iova 0x0 mkey_index 0x0
[1755364169.896054] [eos0397:1063738:0]    ib_mlx5dv_md.c:96   UCX  DEBUG mlx5_6: mlx5dv_devx_obj_create(CREATE_MKEY, mode=KSM, start_addr=0x7fffca33a000 length=32) failed, syndrome 0x45d3a4: Remote I/O error
[1755364169.896055] [eos0397:1063738:0]    ib_mlx5dv_md.c:126  UCX  DEBUG mlx5_6: KSM atomic-key memory registration status "Unsupported operation" range (nil)..0x20 iova 0x7fffca33a000 atomic mkey_index 0x0
[1755364169.896407] [eos0397:1063738:0]           ib_md.c:1161 UCX  DEBUG mlx5_6: relaxed order memory access is disabled
[1755364169.896631] [eos0397:1063738:0]    ib_mlx5dv_md.c:126  UCX  DEBUG mlx5_6: KSM flush-mr memory registration status "Success" range 0x555557636000..0x555557636008 iova 0x0 mkey_index 0x0
[1755364169.896631] [eos0397:1063738:0]           ib_md.c:1031 UCX  DEBUG mlx5_6: md open by 'uct_ib_mlx5_devx_md_ops' is successful
[1755364169.902152] [eos0397:1063738:0]            topo.c:899  UCX  DEBUG /sys/class/infiniband/mlx5_9: PF sysfs path is '/sys/devices/pci0000:bd/0000:bd:01.0/0000:be:00.0/0000:bf:00.0/0000:c0:00.0'
[1755364169.902155] [eos0397:1063738:0]            topo.c:552  UCX  DEBUG mlx5_9: bdf_name 0000:c0:00.0 sys_dev 11
[1755364169.902162] [eos0397:1063738:0]       ib_device.c:498  UCX  DEBUG mlx5_9: vendor_id 0x15b3 device_id 4129
[1755364169.902651] [eos0397:1063738:0]    ib_mlx5dv_md.c:1875 UCX  DEBUG mlx5_9: cross gvmi alias mkey is supported
[1755364169.902652] [eos0397:1063738:0]    ib_mlx5dv_md.c:1925 UCX  DEBUG mlx5_9: mkey_by_name_reserve is not supported
[1755364169.902652] [eos0397:1063738:0]    ib_mlx5dv_md.c:1910 UCX  DEBUG mlx5_9: dp_ordering support: force=1 ooo_rw_rc=1 ooo_rw_dc=1
[1755364169.902764] [eos0397:1063738:0]    ib_mlx5dv_md.c:1705 UCX  DEBUG mlx5_9: ODP is disabled because version 1 is not supported for DevX QP
[1755364169.902885] [eos0397:1063738:0]           async.c:248  UCX  DEBUG added async handler 0x5555575686e0 [id=99 ref 1] uct_ib_async_event_handler() to hash
[1755364169.902890] [eos0397:1063738:0]           async.c:522  UCX  DEBUG listening to async event fd 99 events 0x1 mode thread_spinlock
[1755364169.902891] [eos0397:1063738:0]       ib_device.c:597  UCX  DEBUG initialized device 'mlx5_9' (InfiniBand channel adapter) with 1 ports
[1755364169.902895] [eos0397:1063738:0]           ib_md.c:1177 UCX  DEBUG mlx5_9: cuda GPUDirect RDMA is detected by checking /sys/kernel/mm/memory_peers/nv_mem/version
[1755364169.902897] [eos0397:1063738:0]           ib_md.c:1177 UCX  DEBUG mlx5_9: rocm GPUDirect RDMA is not detected by checking /dev/kfd
[1755364169.902900] [eos0397:1063738:0]           ib_md.c:1202 UCX  DEBUG mlx5_9: dmabuf is supported
[1755364169.902902] [eos0397:1063738:0]           mpool.c:138  UCX  DEBUG mpool devx dbrec: align 64, maxelems 4294967295, elemsize 40
[1755364169.903073] [eos0397:1063738:0]    ib_mlx5dv_md.c:2423 UCX  DEBUG mlx5_9: opened DEVX md log_max_qp=17
[1755364169.903469] [eos0397:1063738:0]    ib_mlx5dv_md.c:126  UCX  DEBUG mlx5_9: KSM dm memory registration status "Success" range 0x7fffca335000..0x7fffca335020 iova 0x0 mkey_index 0x0
[1755364169.903747] [eos0397:1063738:0]    ib_mlx5dv_md.c:96   UCX  DEBUG mlx5_9: mlx5dv_devx_obj_create(CREATE_MKEY, mode=KSM, start_addr=0x7fffca335000 length=32) failed, syndrome 0x45d3a4: Remote I/O error
[1755364169.903749] [eos0397:1063738:0]    ib_mlx5dv_md.c:126  UCX  DEBUG mlx5_9: KSM atomic-key memory registration status "Unsupported operation" range (nil)..0x20 iova 0x7fffca335000 atomic mkey_index 0x0
[1755364169.904104] [eos0397:1063738:0]           ib_md.c:1161 UCX  DEBUG mlx5_9: relaxed order memory access is disabled
[1755364169.904327] [eos0397:1063738:0]    ib_mlx5dv_md.c:126  UCX  DEBUG mlx5_9: KSM flush-mr memory registration status "Success" range 0x555557679000..0x555557679008 iova 0x0 mkey_index 0x0
[1755364169.904328] [eos0397:1063738:0]           ib_md.c:1031 UCX  DEBUG mlx5_9: md open by 'uct_ib_mlx5_devx_md_ops' is successful
[1755364169.909749] [eos0397:1063738:0]            topo.c:899  UCX  DEBUG /sys/class/infiniband/mlx5_10: PF sysfs path is '/sys/devices/pci0000:cb/0000:cb:01.0/0000:cc:00.0/0000:cd:00.0/0000:ce:00.0'
[1755364169.909752] [eos0397:1063738:0]            topo.c:552  UCX  DEBUG mlx5_10: bdf_name 0000:ce:00.0 sys_dev 12
[1755364169.909759] [eos0397:1063738:0]       ib_device.c:498  UCX  DEBUG mlx5_10: vendor_id 0x15b3 device_id 4129
[1755364169.910249] [eos0397:1063738:0]    ib_mlx5dv_md.c:1875 UCX  DEBUG mlx5_10: cross gvmi alias mkey is supported
[1755364169.910259] [eos0397:1063738:0]    ib_mlx5dv_md.c:1925 UCX  DEBUG mlx5_10: mkey_by_name_reserve is not supported
[1755364169.910260] [eos0397:1063738:0]    ib_mlx5dv_md.c:1910 UCX  DEBUG mlx5_10: dp_ordering support: force=1 ooo_rw_rc=1 ooo_rw_dc=1
[1755364169.910395] [eos0397:1063738:0]    ib_mlx5dv_md.c:1705 UCX  DEBUG mlx5_10: ODP is disabled because version 1 is not supported for DevX QP
[1755364169.910513] [eos0397:1063738:0]           async.c:248  UCX  DEBUG added async handler 0x55555756a010 [id=101 ref 1] uct_ib_async_event_handler() to hash
[1755364169.910519] [eos0397:1063738:0]           async.c:522  UCX  DEBUG listening to async event fd 101 events 0x1 mode thread_spinlock
[1755364169.910519] [eos0397:1063738:0]       ib_device.c:597  UCX  DEBUG initialized device 'mlx5_10' (InfiniBand channel adapter) with 1 ports
[1755364169.910523] [eos0397:1063738:0]           ib_md.c:1177 UCX  DEBUG mlx5_10: cuda GPUDirect RDMA is detected by checking /sys/kernel/mm/memory_peers/nv_mem/version
[1755364169.910525] [eos0397:1063738:0]           ib_md.c:1177 UCX  DEBUG mlx5_10: rocm GPUDirect RDMA is not detected by checking /dev/kfd
[1755364169.910528] [eos0397:1063738:0]           ib_md.c:1202 UCX  DEBUG mlx5_10: dmabuf is supported
[1755364169.910529] [eos0397:1063738:0]           mpool.c:138  UCX  DEBUG mpool devx dbrec: align 64, maxelems 4294967295, elemsize 40
[1755364169.910704] [eos0397:1063738:0]    ib_mlx5dv_md.c:2423 UCX  DEBUG mlx5_10: opened DEVX md log_max_qp=17
[1755364169.911105] [eos0397:1063738:0]    ib_mlx5dv_md.c:126  UCX  DEBUG mlx5_10: KSM dm memory registration status "Success" range 0x7fffca330000..0x7fffca330020 iova 0x0 mkey_index 0x0
[1755364169.911387] [eos0397:1063738:0]    ib_mlx5dv_md.c:96   UCX  DEBUG mlx5_10: mlx5dv_devx_obj_create(CREATE_MKEY, mode=KSM, start_addr=0x7fffca330000 length=32) failed, syndrome 0x45d3a4: Remote I/O error
[1755364169.911388] [eos0397:1063738:0]    ib_mlx5dv_md.c:126  UCX  DEBUG mlx5_10: KSM atomic-key memory registration status "Unsupported operation" range (nil)..0x20 iova 0x7fffca330000 atomic mkey_index 0x0
[1755364169.911739] [eos0397:1063738:0]           ib_md.c:1161 UCX  DEBUG mlx5_10: relaxed order memory access is disabled
[1755364169.911964] [eos0397:1063738:0]    ib_mlx5dv_md.c:126  UCX  DEBUG mlx5_10: KSM flush-mr memory registration status "Success" range 0x5555576be000..0x5555576be008 iova 0x0 mkey_index 0x0
[1755364169.911965] [eos0397:1063738:0]           ib_md.c:1031 UCX  DEBUG mlx5_10: md open by 'uct_ib_mlx5_devx_md_ops' is successful
[1755364169.938432] [eos0397:1063738:0]            topo.c:899  UCX  DEBUG /sys/class/infiniband/mlx5_11: PF sysfs path is '/sys/devices/pci0000:d9/0000:d9:01.0/0000:da:00.0/0000:db:00.0/0000:dc:00.0'
[1755364169.938435] [eos0397:1063738:0]            topo.c:552  UCX  DEBUG mlx5_11: bdf_name 0000:dc:00.0 sys_dev 13
[1755364169.938442] [eos0397:1063738:0]       ib_device.c:498  UCX  DEBUG mlx5_11: vendor_id 0x15b3 device_id 4129
[1755364169.938940] [eos0397:1063738:0]    ib_mlx5dv_md.c:1875 UCX  DEBUG mlx5_11: cross gvmi alias mkey is supported
[1755364169.938941] [eos0397:1063738:0]    ib_mlx5dv_md.c:1925 UCX  DEBUG mlx5_11: mkey_by_name_reserve is not supported
[1755364169.938942] [eos0397:1063738:0]    ib_mlx5dv_md.c:1910 UCX  DEBUG mlx5_11: dp_ordering support: force=1 ooo_rw_rc=1 ooo_rw_dc=1
[1755364169.939057] [eos0397:1063738:0]    ib_mlx5dv_md.c:1705 UCX  DEBUG mlx5_11: ODP is disabled because version 1 is not supported for DevX QP
[1755364169.939196] [eos0397:1063738:0]           async.c:248  UCX  DEBUG added async handler 0x5555575f3a10 [id=103 ref 1] uct_ib_async_event_handler() to hash
[1755364169.939201] [eos0397:1063738:0]           async.c:522  UCX  DEBUG listening to async event fd 103 events 0x1 mode thread_spinlock
[1755364169.939202] [eos0397:1063738:0]       ib_device.c:597  UCX  DEBUG initialized device 'mlx5_11' (InfiniBand channel adapter) with 1 ports
[1755364169.939206] [eos0397:1063738:0]           ib_md.c:1177 UCX  DEBUG mlx5_11: cuda GPUDirect RDMA is detected by checking /sys/kernel/mm/memory_peers/nv_mem/version
[1755364169.939208] [eos0397:1063738:0]           ib_md.c:1177 UCX  DEBUG mlx5_11: rocm GPUDirect RDMA is not detected by checking /dev/kfd
[1755364169.939211] [eos0397:1063738:0]           ib_md.c:1202 UCX  DEBUG mlx5_11: dmabuf is supported
[1755364169.939213] [eos0397:1063738:0]           mpool.c:138  UCX  DEBUG mpool devx dbrec: align 64, maxelems 4294967295, elemsize 40
[1755364169.939391] [eos0397:1063738:0]    ib_mlx5dv_md.c:2423 UCX  DEBUG mlx5_11: opened DEVX md log_max_qp=17
[1755364169.939794] [eos0397:1063738:0]    ib_mlx5dv_md.c:126  UCX  DEBUG mlx5_11: KSM dm memory registration status "Success" range 0x7fffca32b000..0x7fffca32b020 iova 0x0 mkey_index 0x0
[1755364169.940084] [eos0397:1063738:0]    ib_mlx5dv_md.c:96   UCX  DEBUG mlx5_11: mlx5dv_devx_obj_create(CREATE_MKEY, mode=KSM, start_addr=0x7fffca32b000 length=32) failed, syndrome 0x45d3a4: Remote I/O error
[1755364169.940085] [eos0397:1063738:0]    ib_mlx5dv_md.c:126  UCX  DEBUG mlx5_11: KSM atomic-key memory registration status "Unsupported operation" range (nil)..0x20 iova 0x7fffca32b000 atomic mkey_index 0x0
[1755364169.940442] [eos0397:1063738:0]           ib_md.c:1161 UCX  DEBUG mlx5_11: relaxed order memory access is disabled
[1755364169.940672] [eos0397:1063738:0]    ib_mlx5dv_md.c:126  UCX  DEBUG mlx5_11: KSM flush-mr memory registration status "Success" range 0x555557703000..0x555557703008 iova 0x0 mkey_index 0x0
[1755364169.940673] [eos0397:1063738:0]           ib_md.c:1031 UCX  DEBUG mlx5_11: md open by 'uct_ib_mlx5_devx_md_ops' is successful
[1755364169.946296] [eos0397:1063738:0]            topo.c:899  UCX  DEBUG /sys/class/infiniband/mlx5_0: PF sysfs path is '/sys/devices/pci0000:15/0000:15:01.0/0000:16:00.0/0000:17:00.0/0000:18:00.0'
[1755364169.946298] [eos0397:1063738:0]            topo.c:552  UCX  DEBUG mlx5_0: bdf_name 0000:18:00.0 sys_dev 14
[1755364169.946305] [eos0397:1063738:0]       ib_device.c:498  UCX  DEBUG mlx5_0: vendor_id 0x15b3 device_id 4129
[1755364169.946778] [eos0397:1063738:0]    ib_mlx5dv_md.c:1875 UCX  DEBUG mlx5_0: cross gvmi alias mkey is supported
[1755364169.946779] [eos0397:1063738:0]    ib_mlx5dv_md.c:1925 UCX  DEBUG mlx5_0: mkey_by_name_reserve is not supported
[1755364169.946780] [eos0397:1063738:0]    ib_mlx5dv_md.c:1910 UCX  DEBUG mlx5_0: dp_ordering support: force=1 ooo_rw_rc=1 ooo_rw_dc=1
[1755364169.946891] [eos0397:1063738:0]    ib_mlx5dv_md.c:1705 UCX  DEBUG mlx5_0: ODP is disabled because version 1 is not supported for DevX QP
[1755364169.947015] [eos0397:1063738:0]           async.c:248  UCX  DEBUG added async handler 0x5555575f3530 [id=105 ref 1] uct_ib_async_event_handler() to hash
[1755364169.947021] [eos0397:1063738:0]           async.c:522  UCX  DEBUG listening to async event fd 105 events 0x1 mode thread_spinlock
[1755364169.947021] [eos0397:1063738:0]       ib_device.c:597  UCX  DEBUG initialized device 'mlx5_0' (InfiniBand channel adapter) with 1 ports
[1755364169.947025] [eos0397:1063738:0]           ib_md.c:1177 UCX  DEBUG mlx5_0: cuda GPUDirect RDMA is detected by checking /sys/kernel/mm/memory_peers/nv_mem/version
[1755364169.947027] [eos0397:1063738:0]           ib_md.c:1177 UCX  DEBUG mlx5_0: rocm GPUDirect RDMA is not detected by checking /dev/kfd
[1755364169.947030] [eos0397:1063738:0]           ib_md.c:1202 UCX  DEBUG mlx5_0: dmabuf is supported
[1755364169.947031] [eos0397:1063738:0]           mpool.c:138  UCX  DEBUG mpool devx dbrec: align 64, maxelems 4294967295, elemsize 40
[1755364169.947232] [eos0397:1063738:0]    ib_mlx5dv_md.c:2423 UCX  DEBUG mlx5_0: opened DEVX md log_max_qp=17
[1755364169.947632] [eos0397:1063738:0]    ib_mlx5dv_md.c:126  UCX  DEBUG mlx5_0: KSM dm memory registration status "Success" range 0x7fffca326000..0x7fffca326020 iova 0x0 mkey_index 0x0
[1755364169.947923] [eos0397:1063738:0]    ib_mlx5dv_md.c:96   UCX  DEBUG mlx5_0: mlx5dv_devx_obj_create(CREATE_MKEY, mode=KSM, start_addr=0x7fffca326000 length=32) failed, syndrome 0x45d3a4: Remote I/O error
[1755364169.947933] [eos0397:1063738:0]    ib_mlx5dv_md.c:126  UCX  DEBUG mlx5_0: KSM atomic-key memory registration status "Unsupported operation" range (nil)..0x20 iova 0x7fffca326000 atomic mkey_index 0x0
[1755364169.948296] [eos0397:1063738:0]           ib_md.c:1161 UCX  DEBUG mlx5_0: relaxed order memory access is disabled
[1755364169.948523] [eos0397:1063738:0]    ib_mlx5dv_md.c:126  UCX  DEBUG mlx5_0: KSM flush-mr memory registration status "Success" range 0x555557746000..0x555557746008 iova 0x0 mkey_index 0x0
[1755364169.948542] [eos0397:1063738:0]          uct_md.c:96   UCX  DEBUG failed to query gga_mlx5 resources: No such device
[1755364169.948543] [eos0397:1063738:0]     ucp_context.c:1188 UCX  DEBUG No tl resources found for md mlx5_0
[1755364169.948543] [eos0397:1063738:0]     ucp_context.c:1648 UCX  DEBUG closing md mlx5_0 because it has no selected transport resources
[1755364169.948547] [eos0397:1063738:0]    ib_mlx5dv_md.c:2496 UCX  DEBUG mlx5_0: md=0x55555767b600 md->flags=0x3fb3f7f flush_rkey=0x200f00
[1755364169.948818] [eos0397:1063738:0]           mpool.c:194  UCX  DEBUG mpool devx dbrec destroyed
[1755364169.948819] [eos0397:1063738:0]       ib_device.c:616  UCX  DEBUG destroying ib device mlx5_0
[1755364169.948821] [eos0397:1063738:0]           async.c:173  UCX  DEBUG removed async handler 0x5555575f3530 [id=105 ref 1] uct_ib_async_event_handler() from hash
[1755364169.948822] [eos0397:1063738:0]           async.c:576  UCX  DEBUG removing async handler 0x5555575f3530 [id=105 ref 1] uct_ib_async_event_handler()
[1755364169.948825] [eos0397:1063738:0]           async.c:188  UCX  DEBUG release async handler 0x5555575f3530 [id=105 ref 0] uct_ib_async_event_handler()
[1755364169.953722] [eos0397:1063738:0]            topo.c:899  UCX  DEBUG /sys/class/infiniband/mlx5_3: PF sysfs path is '/sys/devices/pci0000:3d/0000:3d:01.0/0000:3e:00.0/0000:3f:00.0/0000:40:00.0'
[1755364169.953724] [eos0397:1063738:0]            topo.c:552  UCX  DEBUG mlx5_3: bdf_name 0000:40:00.0 sys_dev 16
[1755364169.953731] [eos0397:1063738:0]       ib_device.c:498  UCX  DEBUG mlx5_3: vendor_id 0x15b3 device_id 4129
[1755364169.954210] [eos0397:1063738:0]    ib_mlx5dv_md.c:1875 UCX  DEBUG mlx5_3: cross gvmi alias mkey is supported
[1755364169.954211] [eos0397:1063738:0]    ib_mlx5dv_md.c:1925 UCX  DEBUG mlx5_3: mkey_by_name_reserve is not supported
[1755364169.954212] [eos0397:1063738:0]    ib_mlx5dv_md.c:1910 UCX  DEBUG mlx5_3: dp_ordering support: force=1 ooo_rw_rc=1 ooo_rw_dc=1
[1755364169.954328] [eos0397:1063738:0]    ib_mlx5dv_md.c:1705 UCX  DEBUG mlx5_3: ODP is disabled because version 1 is not supported for DevX QP
[1755364169.954463] [eos0397:1063738:0]           async.c:248  UCX  DEBUG added async handler 0x5555575ad8b0 [id=105 ref 1] uct_ib_async_event_handler() to hash
[1755364169.954468] [eos0397:1063738:0]           async.c:522  UCX  DEBUG listening to async event fd 105 events 0x1 mode thread_spinlock
[1755364169.954469] [eos0397:1063738:0]       ib_device.c:597  UCX  DEBUG initialized device 'mlx5_3' (InfiniBand channel adapter) with 1 ports
[1755364169.954472] [eos0397:1063738:0]           ib_md.c:1177 UCX  DEBUG mlx5_3: cuda GPUDirect RDMA is detected by checking /sys/kernel/mm/memory_peers/nv_mem/version
[1755364169.954475] [eos0397:1063738:0]           ib_md.c:1177 UCX  DEBUG mlx5_3: rocm GPUDirect RDMA is not detected by checking /dev/kfd
[1755364169.954477] [eos0397:1063738:0]           ib_md.c:1202 UCX  DEBUG mlx5_3: dmabuf is supported
[1755364169.954479] [eos0397:1063738:0]           mpool.c:138  UCX  DEBUG mpool devx dbrec: align 64, maxelems 4294967295, elemsize 40
[1755364169.954686] [eos0397:1063738:0]    ib_mlx5dv_md.c:2423 UCX  DEBUG mlx5_3: opened DEVX md log_max_qp=17
[1755364169.955084] [eos0397:1063738:0]    ib_mlx5dv_md.c:126  UCX  DEBUG mlx5_3: KSM dm memory registration status "Success" range 0x7fffca326000..0x7fffca326020 iova 0x0 mkey_index 0x0
[1755364169.955373] [eos0397:1063738:0]    ib_mlx5dv_md.c:96   UCX  DEBUG mlx5_3: mlx5dv_devx_obj_create(CREATE_MKEY, mode=KSM, start_addr=0x7fffca326000 length=32) failed, syndrome 0x45d3a4: Remote I/O error
[1755364169.955374] [eos0397:1063738:0]    ib_mlx5dv_md.c:126  UCX  DEBUG mlx5_3: KSM atomic-key memory registration status "Unsupported operation" range (nil)..0x20 iova 0x7fffca326000 atomic mkey_index 0x0
[1755364169.955739] [eos0397:1063738:0]           ib_md.c:1161 UCX  DEBUG mlx5_3: relaxed order memory access is disabled
[1755364169.955960] [eos0397:1063738:0]    ib_mlx5dv_md.c:126  UCX  DEBUG mlx5_3: KSM flush-mr memory registration status "Success" range 0x555557746000..0x555557746008 iova 0x0 mkey_index 0x0
[1755364169.955975] [eos0397:1063738:0]          uct_md.c:96   UCX  DEBUG failed to query gga_mlx5 resources: No such device
[1755364169.955976] [eos0397:1063738:0]     ucp_context.c:1188 UCX  DEBUG No tl resources found for md mlx5_3
[1755364169.955977] [eos0397:1063738:0]     ucp_context.c:1648 UCX  DEBUG closing md mlx5_3 because it has no selected transport resources
[1755364169.955980] [eos0397:1063738:0]    ib_mlx5dv_md.c:2496 UCX  DEBUG mlx5_3: md=0x55555767b600 md->flags=0x3fb3f7f flush_rkey=0x200f00
[1755364169.956259] [eos0397:1063738:0]           mpool.c:194  UCX  DEBUG mpool devx dbrec destroyed
[1755364169.956259] [eos0397:1063738:0]       ib_device.c:616  UCX  DEBUG destroying ib device mlx5_3
[1755364169.956261] [eos0397:1063738:0]           async.c:173  UCX  DEBUG removed async handler 0x5555575ad8b0 [id=105 ref 1] uct_ib_async_event_handler() from hash
[1755364169.956262] [eos0397:1063738:0]           async.c:576  UCX  DEBUG removing async handler 0x5555575ad8b0 [id=105 ref 1] uct_ib_async_event_handler()
[1755364169.956264] [eos0397:1063738:0]           async.c:188  UCX  DEBUG release async handler 0x5555575ad8b0 [id=105 ref 0] uct_ib_async_event_handler()
[1755364169.978590] [eos0397:1063738:0]            topo.c:899  UCX  DEBUG /sys/class/infiniband/mlx5_4: PF sysfs path is '/sys/devices/pci0000:4c/0000:4c:01.0/0000:4d:00.0/0000:4e:00.0/0000:4f:00.0'
[1755364169.978596] [eos0397:1063738:0]            topo.c:552  UCX  DEBUG mlx5_4: bdf_name 0000:4f:00.0 sys_dev 17
[1755364169.978608] [eos0397:1063738:0]       ib_device.c:498  UCX  DEBUG mlx5_4: vendor_id 0x15b3 device_id 4129
[1755364169.979088] [eos0397:1063738:0]    ib_mlx5dv_md.c:1875 UCX  DEBUG mlx5_4: cross gvmi alias mkey is supported
[1755364169.979089] [eos0397:1063738:0]    ib_mlx5dv_md.c:1925 UCX  DEBUG mlx5_4: mkey_by_name_reserve is not supported
[1755364169.979090] [eos0397:1063738:0]    ib_mlx5dv_md.c:1910 UCX  DEBUG mlx5_4: dp_ordering support: force=1 ooo_rw_rc=1 ooo_rw_dc=1
[1755364169.979195] [eos0397:1063738:0]    ib_mlx5dv_md.c:1705 UCX  DEBUG mlx5_4: ODP is disabled because version 1 is not supported for DevX QP
[1755364169.979316] [eos0397:1063738:0]           async.c:248  UCX  DEBUG added async handler 0x5555575ada30 [id=105 ref 1] uct_ib_async_event_handler() to hash
[1755364169.979324] [eos0397:1063738:0]           async.c:522  UCX  DEBUG listening to async event fd 105 events 0x1 mode thread_spinlock
[1755364169.979326] [eos0397:1063738:0]       ib_device.c:597  UCX  DEBUG initialized device 'mlx5_4' (InfiniBand channel adapter) with 1 ports
[1755364169.979331] [eos0397:1063738:0]           ib_md.c:1177 UCX  DEBUG mlx5_4: cuda GPUDirect RDMA is detected by checking /sys/kernel/mm/memory_peers/nv_mem/version
[1755364169.979335] [eos0397:1063738:0]           ib_md.c:1177 UCX  DEBUG mlx5_4: rocm GPUDirect RDMA is not detected by checking /dev/kfd
[1755364169.979339] [eos0397:1063738:0]           ib_md.c:1202 UCX  DEBUG mlx5_4: dmabuf is supported
[1755364169.979342] [eos0397:1063738:0]           mpool.c:138  UCX  DEBUG mpool devx dbrec: align 64, maxelems 4294967295, elemsize 40
[1755364169.979546] [eos0397:1063738:0]    ib_mlx5dv_md.c:2423 UCX  DEBUG mlx5_4: opened DEVX md log_max_qp=17
[1755364169.979943] [eos0397:1063738:0]    ib_mlx5dv_md.c:126  UCX  DEBUG mlx5_4: KSM dm memory registration status "Success" range 0x7fffca326000..0x7fffca326020 iova 0x0 mkey_index 0x0
[1755364169.980221] [eos0397:1063738:0]    ib_mlx5dv_md.c:96   UCX  DEBUG mlx5_4: mlx5dv_devx_obj_create(CREATE_MKEY, mode=KSM, start_addr=0x7fffca326000 length=32) failed, syndrome 0x45d3a4: Remote I/O error
[1755364169.980235] [eos0397:1063738:0]    ib_mlx5dv_md.c:126  UCX  DEBUG mlx5_4: KSM atomic-key memory registration status "Unsupported operation" range (nil)..0x20 iova 0x7fffca326000 atomic mkey_index 0x0
[1755364169.980589] [eos0397:1063738:0]           ib_md.c:1161 UCX  DEBUG mlx5_4: relaxed order memory access is disabled
[1755364169.980808] [eos0397:1063738:0]    ib_mlx5dv_md.c:126  UCX  DEBUG mlx5_4: KSM flush-mr memory registration status "Success" range 0x555557746000..0x555557746008 iova 0x0 mkey_index 0x0
[1755364169.980830] [eos0397:1063738:0]          uct_md.c:96   UCX  DEBUG failed to query gga_mlx5 resources: No such device
[1755364169.980831] [eos0397:1063738:0]     ucp_context.c:1188 UCX  DEBUG No tl resources found for md mlx5_4
[1755364169.980832] [eos0397:1063738:0]     ucp_context.c:1648 UCX  DEBUG closing md mlx5_4 because it has no selected transport resources
[1755364169.980835] [eos0397:1063738:0]    ib_mlx5dv_md.c:2496 UCX  DEBUG mlx5_4: md=0x55555767b600 md->flags=0x3fb3f7f flush_rkey=0x200f00
[1755364169.981103] [eos0397:1063738:0]           mpool.c:194  UCX  DEBUG mpool devx dbrec destroyed
[1755364169.981105] [eos0397:1063738:0]       ib_device.c:616  UCX  DEBUG destroying ib device mlx5_4
[1755364169.981107] [eos0397:1063738:0]           async.c:173  UCX  DEBUG removed async handler 0x5555575ada30 [id=105 ref 1] uct_ib_async_event_handler() from hash
[1755364169.981108] [eos0397:1063738:0]           async.c:576  UCX  DEBUG removing async handler 0x5555575ada30 [id=105 ref 1] uct_ib_async_event_handler()
[1755364169.981110] [eos0397:1063738:0]           async.c:188  UCX  DEBUG release async handler 0x5555575ada30 [id=105 ref 0] uct_ib_async_event_handler()
[1755364169.985909] [eos0397:1063738:0]            topo.c:899  UCX  DEBUG /sys/class/infiniband/mlx5_5: PF sysfs path is '/sys/devices/pci0000:5b/0000:5b:01.0/0000:5c:00.0/0000:5d:00.0/0000:5e:00.0'
[1755364169.985911] [eos0397:1063738:0]            topo.c:552  UCX  DEBUG mlx5_5: bdf_name 0000:5e:00.0 sys_dev 18
[1755364169.985919] [eos0397:1063738:0]       ib_device.c:498  UCX  DEBUG mlx5_5: vendor_id 0x15b3 device_id 4129
[1755364169.986398] [eos0397:1063738:0]    ib_mlx5dv_md.c:1875 UCX  DEBUG mlx5_5: cross gvmi alias mkey is supported
[1755364169.986398] [eos0397:1063738:0]    ib_mlx5dv_md.c:1925 UCX  DEBUG mlx5_5: mkey_by_name_reserve is not supported
[1755364169.986399] [eos0397:1063738:0]    ib_mlx5dv_md.c:1910 UCX  DEBUG mlx5_5: dp_ordering support: force=1 ooo_rw_rc=1 ooo_rw_dc=1
[1755364169.986507] [eos0397:1063738:0]    ib_mlx5dv_md.c:1705 UCX  DEBUG mlx5_5: ODP is disabled because version 1 is not supported for DevX QP
[1755364169.986625] [eos0397:1063738:0]           async.c:248  UCX  DEBUG added async handler 0x555557745820 [id=105 ref 1] uct_ib_async_event_handler() to hash
[1755364169.986630] [eos0397:1063738:0]           async.c:522  UCX  DEBUG listening to async event fd 105 events 0x1 mode thread_spinlock
[1755364169.986630] [eos0397:1063738:0]       ib_device.c:597  UCX  DEBUG initialized device 'mlx5_5' (InfiniBand channel adapter) with 1 ports
[1755364169.986634] [eos0397:1063738:0]           ib_md.c:1177 UCX  DEBUG mlx5_5: cuda GPUDirect RDMA is detected by checking /sys/kernel/mm/memory_peers/nv_mem/version
[1755364169.986636] [eos0397:1063738:0]           ib_md.c:1177 UCX  DEBUG mlx5_5: rocm GPUDirect RDMA is not detected by checking /dev/kfd
[1755364169.986639] [eos0397:1063738:0]           ib_md.c:1202 UCX  DEBUG mlx5_5: dmabuf is supported
[1755364169.986641] [eos0397:1063738:0]           mpool.c:138  UCX  DEBUG mpool devx dbrec: align 64, maxelems 4294967295, elemsize 40
[1755364169.986840] [eos0397:1063738:0]    ib_mlx5dv_md.c:2423 UCX  DEBUG mlx5_5: opened DEVX md log_max_qp=17
[1755364169.987225] [eos0397:1063738:0]    ib_mlx5dv_md.c:126  UCX  DEBUG mlx5_5: KSM dm memory registration status "Success" range 0x7fffca326000..0x7fffca326020 iova 0x0 mkey_index 0x0
[1755364169.987500] [eos0397:1063738:0]    ib_mlx5dv_md.c:96   UCX  DEBUG mlx5_5: mlx5dv_devx_obj_create(CREATE_MKEY, mode=KSM, start_addr=0x7fffca326000 length=32) failed, syndrome 0x45d3a4: Remote I/O error
[1755364169.987501] [eos0397:1063738:0]    ib_mlx5dv_md.c:126  UCX  DEBUG mlx5_5: KSM atomic-key memory registration status "Unsupported operation" range (nil)..0x20 iova 0x7fffca326000 atomic mkey_index 0x0
[1755364169.987845] [eos0397:1063738:0]           ib_md.c:1161 UCX  DEBUG mlx5_5: relaxed order memory access is disabled
[1755364169.988057] [eos0397:1063738:0]    ib_mlx5dv_md.c:126  UCX  DEBUG mlx5_5: KSM flush-mr memory registration status "Success" range 0x555557746000..0x555557746008 iova 0x0 mkey_index 0x0
[1755364169.988074] [eos0397:1063738:0]          uct_md.c:96   UCX  DEBUG failed to query gga_mlx5 resources: No such device
[1755364169.988075] [eos0397:1063738:0]     ucp_context.c:1188 UCX  DEBUG No tl resources found for md mlx5_5
[1755364169.988076] [eos0397:1063738:0]     ucp_context.c:1648 UCX  DEBUG closing md mlx5_5 because it has no selected transport resources
[1755364169.988079] [eos0397:1063738:0]    ib_mlx5dv_md.c:2496 UCX  DEBUG mlx5_5: md=0x55555767b930 md->flags=0x3fb3f7f flush_rkey=0x200f00
[1755364169.988332] [eos0397:1063738:0]           mpool.c:194  UCX  DEBUG mpool devx dbrec destroyed
[1755364169.988333] [eos0397:1063738:0]       ib_device.c:616  UCX  DEBUG destroying ib device mlx5_5
[1755364169.988334] [eos0397:1063738:0]           async.c:173  UCX  DEBUG removed async handler 0x555557745820 [id=105 ref 1] uct_ib_async_event_handler() from hash
[1755364169.988335] [eos0397:1063738:0]           async.c:576  UCX  DEBUG removing async handler 0x555557745820 [id=105 ref 1] uct_ib_async_event_handler()
[1755364169.988337] [eos0397:1063738:0]           async.c:188  UCX  DEBUG release async handler 0x555557745820 [id=105 ref 0] uct_ib_async_event_handler()
[1755364169.993041] [eos0397:1063738:0]            topo.c:899  UCX  DEBUG /sys/class/infiniband/mlx5_6: PF sysfs path is '/sys/devices/pci0000:97/0000:97:01.0/0000:98:00.0/0000:99:00.0/0000:9a:00.0'
[1755364169.993043] [eos0397:1063738:0]            topo.c:552  UCX  DEBUG mlx5_6: bdf_name 0000:9a:00.0 sys_dev 9
[1755364169.993051] [eos0397:1063738:0]       ib_device.c:498  UCX  DEBUG mlx5_6: vendor_id 0x15b3 device_id 4129
[1755364169.993531] [eos0397:1063738:0]    ib_mlx5dv_md.c:1875 UCX  DEBUG mlx5_6: cross gvmi alias mkey is supported
[1755364169.993532] [eos0397:1063738:0]    ib_mlx5dv_md.c:1925 UCX  DEBUG mlx5_6: mkey_by_name_reserve is not supported
[1755364169.993533] [eos0397:1063738:0]    ib_mlx5dv_md.c:1910 UCX  DEBUG mlx5_6: dp_ordering support: force=1 ooo_rw_rc=1 ooo_rw_dc=1
[1755364169.993644] [eos0397:1063738:0]    ib_mlx5dv_md.c:1705 UCX  DEBUG mlx5_6: ODP is disabled because version 1 is not supported for DevX QP
[1755364169.993768] [eos0397:1063738:0]           async.c:248  UCX  DEBUG added async handler 0x5555575ad970 [id=105 ref 1] uct_ib_async_event_handler() to hash
[1755364169.993772] [eos0397:1063738:0]           async.c:522  UCX  DEBUG listening to async event fd 105 events 0x1 mode thread_spinlock
[1755364169.993773] [eos0397:1063738:0]       ib_device.c:597  UCX  DEBUG initialized device 'mlx5_6' (InfiniBand channel adapter) with 1 ports
[1755364169.993777] [eos0397:1063738:0]           ib_md.c:1177 UCX  DEBUG mlx5_6: cuda GPUDirect RDMA is detected by checking /sys/kernel/mm/memory_peers/nv_mem/version
[1755364169.993779] [eos0397:1063738:0]           ib_md.c:1177 UCX  DEBUG mlx5_6: rocm GPUDirect RDMA is not detected by checking /dev/kfd
[1755364169.993782] [eos0397:1063738:0]           ib_md.c:1202 UCX  DEBUG mlx5_6: dmabuf is supported
[1755364169.993783] [eos0397:1063738:0]           mpool.c:138  UCX  DEBUG mpool devx dbrec: align 64, maxelems 4294967295, elemsize 40
[1755364169.993985] [eos0397:1063738:0]    ib_mlx5dv_md.c:2423 UCX  DEBUG mlx5_6: opened DEVX md log_max_qp=17
[1755364169.994374] [eos0397:1063738:0]    ib_mlx5dv_md.c:126  UCX  DEBUG mlx5_6: KSM dm memory registration status "Success" range 0x7fffca326000..0x7fffca326020 iova 0x0 mkey_index 0x0
[1755364169.994658] [eos0397:1063738:0]    ib_mlx5dv_md.c:96   UCX  DEBUG mlx5_6: mlx5dv_devx_obj_create(CREATE_MKEY, mode=KSM, start_addr=0x7fffca326000 length=32) failed, syndrome 0x45d3a4: Remote I/O error
[1755364169.994660] [eos0397:1063738:0]    ib_mlx5dv_md.c:126  UCX  DEBUG mlx5_6: KSM atomic-key memory registration status "Unsupported operation" range (nil)..0x20 iova 0x7fffca326000 atomic mkey_index 0x0
[1755364169.995002] [eos0397:1063738:0]           ib_md.c:1161 UCX  DEBUG mlx5_6: relaxed order memory access is disabled
[1755364169.995221] [eos0397:1063738:0]    ib_mlx5dv_md.c:126  UCX  DEBUG mlx5_6: KSM flush-mr memory registration status "Success" range 0x555557746000..0x555557746008 iova 0x0 mkey_index 0x0
[1755364169.995236] [eos0397:1063738:0]          uct_md.c:96   UCX  DEBUG failed to query gga_mlx5 resources: No such device
[1755364169.995237] [eos0397:1063738:0]     ucp_context.c:1188 UCX  DEBUG No tl resources found for md mlx5_6
[1755364169.995238] [eos0397:1063738:0]     ucp_context.c:1648 UCX  DEBUG closing md mlx5_6 because it has no selected transport resources
[1755364169.995241] [eos0397:1063738:0]    ib_mlx5dv_md.c:2496 UCX  DEBUG mlx5_6: md=0x55555767b930 md->flags=0x3fb3f7f flush_rkey=0x200f00
[1755364169.995509] [eos0397:1063738:0]           mpool.c:194  UCX  DEBUG mpool devx dbrec destroyed
[1755364169.995510] [eos0397:1063738:0]       ib_device.c:616  UCX  DEBUG destroying ib device mlx5_6
[1755364169.995511] [eos0397:1063738:0]           async.c:173  UCX  DEBUG removed async handler 0x5555575ad970 [id=105 ref 1] uct_ib_async_event_handler() from hash
[1755364169.995512] [eos0397:1063738:0]           async.c:576  UCX  DEBUG removing async handler 0x5555575ad970 [id=105 ref 1] uct_ib_async_event_handler()
[1755364169.995513] [eos0397:1063738:0]           async.c:188  UCX  DEBUG release async handler 0x5555575ad970 [id=105 ref 0] uct_ib_async_event_handler()
[1755364170.000331] [eos0397:1063738:0]            topo.c:899  UCX  DEBUG /sys/class/infiniband/mlx5_9: PF sysfs path is '/sys/devices/pci0000:bd/0000:bd:01.0/0000:be:00.0/0000:bf:00.0/0000:c0:00.0'
[1755364170.000334] [eos0397:1063738:0]            topo.c:552  UCX  DEBUG mlx5_9: bdf_name 0000:c0:00.0 sys_dev 11
[1755364170.000341] [eos0397:1063738:0]       ib_device.c:498  UCX  DEBUG mlx5_9: vendor_id 0x15b3 device_id 4129
[1755364170.000824] [eos0397:1063738:0]    ib_mlx5dv_md.c:1875 UCX  DEBUG mlx5_9: cross gvmi alias mkey is supported
[1755364170.000825] [eos0397:1063738:0]    ib_mlx5dv_md.c:1925 UCX  DEBUG mlx5_9: mkey_by_name_reserve is not supported
[1755364170.000825] [eos0397:1063738:0]    ib_mlx5dv_md.c:1910 UCX  DEBUG mlx5_9: dp_ordering support: force=1 ooo_rw_rc=1 ooo_rw_dc=1
[1755364170.000939] [eos0397:1063738:0]    ib_mlx5dv_md.c:1705 UCX  DEBUG mlx5_9: ODP is disabled because version 1 is not supported for DevX QP
[1755364170.001060] [eos0397:1063738:0]           async.c:248  UCX  DEBUG added async handler 0x555557702e60 [id=105 ref 1] uct_ib_async_event_handler() to hash
[1755364170.001065] [eos0397:1063738:0]           async.c:522  UCX  DEBUG listening to async event fd 105 events 0x1 mode thread_spinlock
[1755364170.001066] [eos0397:1063738:0]       ib_device.c:597  UCX  DEBUG initialized device 'mlx5_9' (InfiniBand channel adapter) with 1 ports
[1755364170.001070] [eos0397:1063738:0]           ib_md.c:1177 UCX  DEBUG mlx5_9: cuda GPUDirect RDMA is detected by checking /sys/kernel/mm/memory_peers/nv_mem/version
[1755364170.001072] [eos0397:1063738:0]           ib_md.c:1177 UCX  DEBUG mlx5_9: rocm GPUDirect RDMA is not detected by checking /dev/kfd
[1755364170.001075] [eos0397:1063738:0]           ib_md.c:1202 UCX  DEBUG mlx5_9: dmabuf is supported
[1755364170.001077] [eos0397:1063738:0]           mpool.c:138  UCX  DEBUG mpool devx dbrec: align 64, maxelems 4294967295, elemsize 40
[1755364170.001276] [eos0397:1063738:0]    ib_mlx5dv_md.c:2423 UCX  DEBUG mlx5_9: opened DEVX md log_max_qp=17
[1755364170.001673] [eos0397:1063738:0]    ib_mlx5dv_md.c:126  UCX  DEBUG mlx5_9: KSM dm memory registration status "Success" range 0x7fffca326000..0x7fffca326020 iova 0x0 mkey_index 0x0
[1755364170.001952] [eos0397:1063738:0]    ib_mlx5dv_md.c:96   UCX  DEBUG mlx5_9: mlx5dv_devx_obj_create(CREATE_MKEY, mode=KSM, start_addr=0x7fffca326000 length=32) failed, syndrome 0x45d3a4: Remote I/O error
[1755364170.001953] [eos0397:1063738:0]    ib_mlx5dv_md.c:126  UCX  DEBUG mlx5_9: KSM atomic-key memory registration status "Unsupported operation" range (nil)..0x20 iova 0x7fffca326000 atomic mkey_index 0x0
[1755364170.002310] [eos0397:1063738:0]           ib_md.c:1161 UCX  DEBUG mlx5_9: relaxed order memory access is disabled
[1755364170.002531] [eos0397:1063738:0]    ib_mlx5dv_md.c:126  UCX  DEBUG mlx5_9: KSM flush-mr memory registration status "Success" range 0x555557707000..0x555557707008 iova 0x0 mkey_index 0x0
[1755364170.002547] [eos0397:1063738:0]          uct_md.c:96   UCX  DEBUG failed to query gga_mlx5 resources: No such device
[1755364170.002548] [eos0397:1063738:0]     ucp_context.c:1188 UCX  DEBUG No tl resources found for md mlx5_9
[1755364170.002549] [eos0397:1063738:0]     ucp_context.c:1648 UCX  DEBUG closing md mlx5_9 because it has no selected transport resources
[1755364170.002552] [eos0397:1063738:0]    ib_mlx5dv_md.c:2496 UCX  DEBUG mlx5_9: md=0x55555767b600 md->flags=0x3fb3f7f flush_rkey=0x200f00
[1755364170.002820] [eos0397:1063738:0]           mpool.c:194  UCX  DEBUG mpool devx dbrec destroyed
[1755364170.002821] [eos0397:1063738:0]       ib_device.c:616  UCX  DEBUG destroying ib device mlx5_9
[1755364170.002822] [eos0397:1063738:0]           async.c:173  UCX  DEBUG removed async handler 0x555557702e60 [id=105 ref 1] uct_ib_async_event_handler() from hash
[1755364170.002823] [eos0397:1063738:0]           async.c:576  UCX  DEBUG removing async handler 0x555557702e60 [id=105 ref 1] uct_ib_async_event_handler()
[1755364170.002825] [eos0397:1063738:0]           async.c:188  UCX  DEBUG release async handler 0x555557702e60 [id=105 ref 0] uct_ib_async_event_handler()
[1755364170.007582] [eos0397:1063738:0]            topo.c:899  UCX  DEBUG /sys/class/infiniband/mlx5_10: PF sysfs path is '/sys/devices/pci0000:cb/0000:cb:01.0/0000:cc:00.0/0000:cd:00.0/0000:ce:00.0'
[1755364170.007584] [eos0397:1063738:0]            topo.c:552  UCX  DEBUG mlx5_10: bdf_name 0000:ce:00.0 sys_dev 12
[1755364170.007594] [eos0397:1063738:0]       ib_device.c:498  UCX  DEBUG mlx5_10: vendor_id 0x15b3 device_id 4129
[1755364170.008073] [eos0397:1063738:0]    ib_mlx5dv_md.c:1875 UCX  DEBUG mlx5_10: cross gvmi alias mkey is supported
[1755364170.008073] [eos0397:1063738:0]    ib_mlx5dv_md.c:1925 UCX  DEBUG mlx5_10: mkey_by_name_reserve is not supported
[1755364170.008074] [eos0397:1063738:0]    ib_mlx5dv_md.c:1910 UCX  DEBUG mlx5_10: dp_ordering support: force=1 ooo_rw_rc=1 ooo_rw_dc=1
[1755364170.008186] [eos0397:1063738:0]    ib_mlx5dv_md.c:1705 UCX  DEBUG mlx5_10: ODP is disabled because version 1 is not supported for DevX QP
[1755364170.008308] [eos0397:1063738:0]           async.c:248  UCX  DEBUG added async handler 0x5555575ad970 [id=105 ref 1] uct_ib_async_event_handler() to hash
[1755364170.008313] [eos0397:1063738:0]           async.c:522  UCX  DEBUG listening to async event fd 105 events 0x1 mode thread_spinlock
[1755364170.008314] [eos0397:1063738:0]       ib_device.c:597  UCX  DEBUG initialized device 'mlx5_10' (InfiniBand channel adapter) with 1 ports
[1755364170.008316] [eos0397:1063738:0]           ib_md.c:1177 UCX  DEBUG mlx5_10: cuda GPUDirect RDMA is detected by checking /sys/kernel/mm/memory_peers/nv_mem/version
[1755364170.008318] [eos0397:1063738:0]           ib_md.c:1177 UCX  DEBUG mlx5_10: rocm GPUDirect RDMA is not detected by checking /dev/kfd
[1755364170.008321] [eos0397:1063738:0]           ib_md.c:1202 UCX  DEBUG mlx5_10: dmabuf is supported
[1755364170.008322] [eos0397:1063738:0]           mpool.c:138  UCX  DEBUG mpool devx dbrec: align 64, maxelems 4294967295, elemsize 40
[1755364170.008525] [eos0397:1063738:0]    ib_mlx5dv_md.c:2423 UCX  DEBUG mlx5_10: opened DEVX md log_max_qp=17
[1755364170.008926] [eos0397:1063738:0]    ib_mlx5dv_md.c:126  UCX  DEBUG mlx5_10: KSM dm memory registration status "Success" range 0x7fffca326000..0x7fffca326020 iova 0x0 mkey_index 0x0
[1755364170.009204] [eos0397:1063738:0]    ib_mlx5dv_md.c:96   UCX  DEBUG mlx5_10: mlx5dv_devx_obj_create(CREATE_MKEY, mode=KSM, start_addr=0x7fffca326000 length=32) failed, syndrome 0x45d3a4: Remote I/O error
[1755364170.009205] [eos0397:1063738:0]    ib_mlx5dv_md.c:126  UCX  DEBUG mlx5_10: KSM atomic-key memory registration status "Unsupported operation" range (nil)..0x20 iova 0x7fffca326000 atomic mkey_index 0x0
[1755364170.009556] [eos0397:1063738:0]           ib_md.c:1161 UCX  DEBUG mlx5_10: relaxed order memory access is disabled
[1755364170.009778] [eos0397:1063738:0]    ib_mlx5dv_md.c:126  UCX  DEBUG mlx5_10: KSM flush-mr memory registration status "Success" range 0x555557707000..0x555557707008 iova 0x0 mkey_index 0x0
[1755364170.009794] [eos0397:1063738:0]          uct_md.c:96   UCX  DEBUG failed to query gga_mlx5 resources: No such device
[1755364170.009794] [eos0397:1063738:0]     ucp_context.c:1188 UCX  DEBUG No tl resources found for md mlx5_10
[1755364170.009795] [eos0397:1063738:0]     ucp_context.c:1648 UCX  DEBUG closing md mlx5_10 because it has no selected transport resources
[1755364170.009798] [eos0397:1063738:0]    ib_mlx5dv_md.c:2496 UCX  DEBUG mlx5_10: md=0x55555767b600 md->flags=0x3fb3f7f flush_rkey=0x200f00
[1755364170.010067] [eos0397:1063738:0]           mpool.c:194  UCX  DEBUG mpool devx dbrec destroyed
[1755364170.010067] [eos0397:1063738:0]       ib_device.c:616  UCX  DEBUG destroying ib device mlx5_10
[1755364170.010069] [eos0397:1063738:0]           async.c:173  UCX  DEBUG removed async handler 0x5555575ad970 [id=105 ref 1] uct_ib_async_event_handler() from hash
[1755364170.010070] [eos0397:1063738:0]           async.c:576  UCX  DEBUG removing async handler 0x5555575ad970 [id=105 ref 1] uct_ib_async_event_handler()
[1755364170.010071] [eos0397:1063738:0]           async.c:188  UCX  DEBUG release async handler 0x5555575ad970 [id=105 ref 0] uct_ib_async_event_handler()
[1755364170.014815] [eos0397:1063738:0]            topo.c:899  UCX  DEBUG /sys/class/infiniband/mlx5_11: PF sysfs path is '/sys/devices/pci0000:d9/0000:d9:01.0/0000:da:00.0/0000:db:00.0/0000:dc:00.0'
[1755364170.014817] [eos0397:1063738:0]            topo.c:552  UCX  DEBUG mlx5_11: bdf_name 0000:dc:00.0 sys_dev 13
[1755364170.014829] [eos0397:1063738:0]       ib_device.c:498  UCX  DEBUG mlx5_11: vendor_id 0x15b3 device_id 4129
[1755364170.015317] [eos0397:1063738:0]    ib_mlx5dv_md.c:1875 UCX  DEBUG mlx5_11: cross gvmi alias mkey is supported
[1755364170.015318] [eos0397:1063738:0]    ib_mlx5dv_md.c:1925 UCX  DEBUG mlx5_11: mkey_by_name_reserve is not supported
[1755364170.015319] [eos0397:1063738:0]    ib_mlx5dv_md.c:1910 UCX  DEBUG mlx5_11: dp_ordering support: force=1 ooo_rw_rc=1 ooo_rw_dc=1
[1755364170.015431] [eos0397:1063738:0]    ib_mlx5dv_md.c:1705 UCX  DEBUG mlx5_11: ODP is disabled because version 1 is not supported for DevX QP
[1755364170.015551] [eos0397:1063738:0]           async.c:248  UCX  DEBUG added async handler 0x5555575f3530 [id=105 ref 1] uct_ib_async_event_handler() to hash
[1755364170.015555] [eos0397:1063738:0]           async.c:522  UCX  DEBUG listening to async event fd 105 events 0x1 mode thread_spinlock
[1755364170.015556] [eos0397:1063738:0]       ib_device.c:597  UCX  DEBUG initialized device 'mlx5_11' (InfiniBand channel adapter) with 1 ports
[1755364170.015559] [eos0397:1063738:0]           ib_md.c:1177 UCX  DEBUG mlx5_11: cuda GPUDirect RDMA is detected by checking /sys/kernel/mm/memory_peers/nv_mem/version
[1755364170.015561] [eos0397:1063738:0]           ib_md.c:1177 UCX  DEBUG mlx5_11: rocm GPUDirect RDMA is not detected by checking /dev/kfd
[1755364170.015563] [eos0397:1063738:0]           ib_md.c:1202 UCX  DEBUG mlx5_11: dmabuf is supported
[1755364170.015565] [eos0397:1063738:0]           mpool.c:138  UCX  DEBUG mpool devx dbrec: align 64, maxelems 4294967295, elemsize 40
[1755364170.015766] [eos0397:1063738:0]    ib_mlx5dv_md.c:2423 UCX  DEBUG mlx5_11: opened DEVX md log_max_qp=17
[1755364170.016378] [eos0397:1063738:0]    ib_mlx5dv_md.c:126  UCX  DEBUG mlx5_11: KSM dm memory registration status "Success" range 0x7fffca326000..0x7fffca326020 iova 0x0 mkey_index 0x0
[1755364170.016655] [eos0397:1063738:0]    ib_mlx5dv_md.c:96   UCX  DEBUG mlx5_11: mlx5dv_devx_obj_create(CREATE_MKEY, mode=KSM, start_addr=0x7fffca326000 length=32) failed, syndrome 0x45d3a4: Remote I/O error
[1755364170.016656] [eos0397:1063738:0]    ib_mlx5dv_md.c:126  UCX  DEBUG mlx5_11: KSM atomic-key memory registration status "Unsupported operation" range (nil)..0x20 iova 0x7fffca326000 atomic mkey_index 0x0
[1755364170.017006] [eos0397:1063738:0]           ib_md.c:1161 UCX  DEBUG mlx5_11: relaxed order memory access is disabled
[1755364170.017229] [eos0397:1063738:0]    ib_mlx5dv_md.c:126  UCX  DEBUG mlx5_11: KSM flush-mr memory registration status "Success" range 0x555557707000..0x555557707008 iova 0x0 mkey_index 0x0
[1755364170.017245] [eos0397:1063738:0]          uct_md.c:96   UCX  DEBUG failed to query gga_mlx5 resources: No such device
[1755364170.017246] [eos0397:1063738:0]     ucp_context.c:1188 UCX  DEBUG No tl resources found for md mlx5_11
[1755364170.017246] [eos0397:1063738:0]     ucp_context.c:1648 UCX  DEBUG closing md mlx5_11 because it has no selected transport resources
[1755364170.017250] [eos0397:1063738:0]    ib_mlx5dv_md.c:2496 UCX  DEBUG mlx5_11: md=0x55555767b930 md->flags=0x3fb3f7f flush_rkey=0x200f00
[1755364170.017514] [eos0397:1063738:0]           mpool.c:194  UCX  DEBUG mpool devx dbrec destroyed
[1755364170.017514] [eos0397:1063738:0]       ib_device.c:616  UCX  DEBUG destroying ib device mlx5_11
[1755364170.017516] [eos0397:1063738:0]           async.c:173  UCX  DEBUG removed async handler 0x5555575f3530 [id=105 ref 1] uct_ib_async_event_handler() from hash
[1755364170.017516] [eos0397:1063738:0]           async.c:576  UCX  DEBUG removing async handler 0x5555575f3530 [id=105 ref 1] uct_ib_async_event_handler()
[1755364170.017518] [eos0397:1063738:0]           async.c:188  UCX  DEBUG release async handler 0x5555575f3530 [id=105 ref 0] uct_ib_async_event_handler()
[1755364170.017893] [eos0397:1063738:0]     ucp_context.c:1713 UCX  DEBUG register host memory on: self, tcp, cuda_cpy, mlx5_0, mlx5_3, mlx5_4, mlx5_5, mlx5_6, mlx5_9, mlx5_10, mlx5_11, cma
[1755364170.017894] [eos0397:1063738:0]     ucp_context.c:1713 UCX  DEBUG register cuda memory on: cuda_cpy, cuda_ipc, gdr_copy, mlx5_0, mlx5_3, mlx5_4, mlx5_5, mlx5_6, mlx5_9, mlx5_10, mlx5_11
[1755364170.017895] [eos0397:1063738:0]     ucp_context.c:1713 UCX  DEBUG register cuda-managed memory on: cuda_cpy
[1755364170.017896] [eos0397:1063738:0]     ucp_context.c:1701 UCX  DEBUG no memory domain supports registering rocm memory
[1755364170.017896] [eos0397:1063738:0]     ucp_context.c:1701 UCX  DEBUG no memory domain supports registering rocm-managed memory
[1755364170.017897] [eos0397:1063738:0]     ucp_context.c:1701 UCX  DEBUG no memory domain supports registering rdma memory
[1755364170.017897] [eos0397:1063738:0]     ucp_context.c:1701 UCX  DEBUG no memory domain supports registering ze-host memory
[1755364170.017898] [eos0397:1063738:0]     ucp_context.c:1701 UCX  DEBUG no memory domain supports registering ze-device memory
[1755364170.017899] [eos0397:1063738:0]     ucp_context.c:1701 UCX  DEBUG no memory domain supports registering ze-managed memory
[1755364170.017911] [eos0397:1063738:0]           mpool.c:138  UCX  DEBUG mpool rcache_mp: align 8, maxelems 4294967295, elemsize 144
[1755364170.017975] [eos0397:1063738:0]     ucp_context.c:2332 UCX  DEBUG created ucp context UCC_UCP_CONTEXT 0x5555574d2be0 [16 mds 60 tls] features 0x41 tl bitmap 0xfffffffffffffff 0x0
[1755364170.018016] [eos0397:1063738:0]           mpool.c:138  UCX  DEBUG mpool self_msg_desc: align 64, maxelems 4294967295, elemsize 8200
[1755364170.018019] [eos0397:1063738:0]            self.c:245  UCX  DEBUG created self iface id 0x6f3abd65b7a6f5be send_size 8192
[1755364170.018026] [eos0397:1063738:0]      ucp_worker.c:1436 UCX  DEBUG created interface[0]=0x5555574cfc60 using self/memory on worker 0x555557704010
[1755364170.018050] [eos0397:1063738:0]           mpool.c:138  UCX  DEBUG mpool uct_tcp_iface_tx_buf_mp: align 64, maxelems 4294967295, elemsize 8205
[1755364170.018050] [eos0397:1063738:0]           mpool.c:138  UCX  DEBUG mpool uct_tcp_iface_rx_buf_mp: align 64, maxelems 4294967295, elemsize 131090
[1755364170.021369] [eos0397:1063738:0]           async.c:248  UCX  DEBUG added async handler 0x5555574da960 [id=105 ref 1] uct_tcp_iface_connect_handler() to hash
[1755364170.021378] [eos0397:1063738:0]           async.c:522  UCX  DEBUG listening to async event fd 105 events 0x5 mode thread_spinlock
[1755364170.021385] [eos0397:1063738:0]       tcp_iface.c:596  UCX  DEBUG tcp_iface 0x5555576bffa0: listening for connections (fd=105) on 169.254.0.18:51129 netif bmc-redfish0
[1755364170.021404] [eos0397:1063738:0]         tcp_net.c:61   UCX  DEBUG speed of bmc-redfish0 is UNKNOWN, assuming 100 Mbps
[1755364170.021457] [eos0397:1063738:0]            topo.c:895  UCX  DEBUG /sys/class/net/bmc-redfish0/lower_enx463c84c17a97: sysfs path undetected
[1755364170.021458] [eos0397:1063738:0]            topo.c:848  UCX  DEBUG bmc-redfish0: pci bandwidth undetected, using maximal value
[1755364170.021492] [eos0397:1063738:0]      ucp_worker.c:1436 UCX  DEBUG created interface[1]=0x5555576bffa0 using tcp/bmc-redfish0 on worker 0x555557704010
[1755364170.021510] [eos0397:1063738:0]           mpool.c:138  UCX  DEBUG mpool uct_tcp_iface_tx_buf_mp: align 64, maxelems 4294967295, elemsize 8205
[1755364170.021511] [eos0397:1063738:0]           mpool.c:138  UCX  DEBUG mpool uct_tcp_iface_rx_buf_mp: align 64, maxelems 4294967295, elemsize 131090
[1755364170.022048] [eos0397:1063738:0]           async.c:248  UCX  DEBUG added async handler 0x5555578f3eb0 [id=107 ref 1] uct_tcp_iface_connect_handler() to hash
[1755364170.022054] [eos0397:1063738:0]           async.c:522  UCX  DEBUG listening to async event fd 107 events 0x5 mode thread_spinlock
[1755364170.022056] [eos0397:1063738:0]       tcp_iface.c:596  UCX  DEBUG tcp_iface 0x5555578f06e0: listening for connections (fd=107) on 10.52.52.142:38747 netif eth3
[1755364170.022301] [eos0397:1063738:0]            topo.c:899  UCX  DEBUG /sys/class/net/eth3: PF sysfs path is '/sys/devices/pci0000:80/0000:80:05.0/0000:82:00.1'
[1755364170.023402] [eos0397:1063738:0]      ucp_worker.c:1436 UCX  DEBUG created interface[2]=0x5555578f06e0 using tcp/eth3 on worker 0x555557704010
[1755364170.023418] [eos0397:1063738:0]           mpool.c:138  UCX  DEBUG mpool uct_tcp_iface_tx_buf_mp: align 64, maxelems 4294967295, elemsize 8205
[1755364170.023418] [eos0397:1063738:0]           mpool.c:138  UCX  DEBUG mpool uct_tcp_iface_rx_buf_mp: align 64, maxelems 4294967295, elemsize 131090
[1755364170.023932] [eos0397:1063738:0]           async.c:248  UCX  DEBUG added async handler 0x5555578f3f30 [id=109 ref 1] uct_tcp_iface_connect_handler() to hash
[1755364170.023938] [eos0397:1063738:0]           async.c:522  UCX  DEBUG listening to async event fd 109 events 0x5 mode thread_spinlock
[1755364170.023940] [eos0397:1063738:0]       tcp_iface.c:596  UCX  DEBUG tcp_iface 0x5555574d1130: listening for connections (fd=109) on 172.16.129.153:54497 netif ibp154s0
[1755364170.024137] [eos0397:1063738:0]            topo.c:899  UCX  DEBUG /sys/class/net/ibp154s0: PF sysfs path is '/sys/devices/pci0000:97/0000:97:01.0/0000:98:00.0/0000:99:00.0/0000:9a:00.0'
[1755364170.024208] [eos0397:1063738:0]      ucp_worker.c:1436 UCX  DEBUG created interface[3]=0x5555574d1130 using tcp/ibp154s0 on worker 0x555557704010
[1755364170.024221] [eos0397:1063738:0]           mpool.c:138  UCX  DEBUG mpool uct_tcp_iface_tx_buf_mp: align 64, maxelems 4294967295, elemsize 8205
[1755364170.024222] [eos0397:1063738:0]           mpool.c:138  UCX  DEBUG mpool uct_tcp_iface_rx_buf_mp: align 64, maxelems 4294967295, elemsize 131090
[1755364170.024698] [eos0397:1063738:0]           async.c:248  UCX  DEBUG added async handler 0x5555578f3ef0 [id=111 ref 1] uct_tcp_iface_connect_handler() to hash
[1755364170.024704] [eos0397:1063738:0]           async.c:522  UCX  DEBUG listening to async event fd 111 events 0x5 mode thread_spinlock
[1755364170.024705] [eos0397:1063738:0]       tcp_iface.c:596  UCX  DEBUG tcp_iface 0x5555574d18b0: listening for connections (fd=111) on 172.16.18.91:44849 netif ibp170s0f0
[1755364170.024905] [eos0397:1063738:0]            topo.c:899  UCX  DEBUG /sys/class/net/ibp170s0f0: PF sysfs path is '/sys/devices/pci0000:a5/0000:a5:01.0/0000:a6:00.0/0000:a7:00.0/0000:a8:00.0/0000:a9:00.0/0000:aa:00.0'
[1755364170.024969] [eos0397:1063738:0]      ucp_worker.c:1436 UCX  DEBUG created interface[4]=0x5555574d18b0 using tcp/ibp170s0f0 on worker 0x555557704010
[1755364170.024981] [eos0397:1063738:0]           mpool.c:138  UCX  DEBUG mpool uct_tcp_iface_tx_buf_mp: align 64, maxelems 4294967295, elemsize 8205
[1755364170.024982] [eos0397:1063738:0]           mpool.c:138  UCX  DEBUG mpool uct_tcp_iface_rx_buf_mp: align 64, maxelems 4294967295, elemsize 131090
[1755364170.025447] [eos0397:1063738:0]           async.c:248  UCX  DEBUG added async handler 0x5555578f3f70 [id=113 ref 1] uct_tcp_iface_connect_handler() to hash
[1755364170.025452] [eos0397:1063738:0]           async.c:522  UCX  DEBUG listening to async event fd 113 events 0x5 mode thread_spinlock
[1755364170.025454] [eos0397:1063738:0]       tcp_iface.c:596  UCX  DEBUG tcp_iface 0x5555578f3ff0: listening for connections (fd=113) on 172.16.145.153:45453 netif ibp192s0
[1755364170.025644] [eos0397:1063738:0]            topo.c:899  UCX  DEBUG /sys/class/net/ibp192s0: PF sysfs path is '/sys/devices/pci0000:bd/0000:bd:01.0/0000:be:00.0/0000:bf:00.0/0000:c0:00.0'
[1755364170.025706] [eos0397:1063738:0]      ucp_worker.c:1436 UCX  DEBUG created interface[5]=0x5555578f3ff0 using tcp/ibp192s0 on worker 0x555557704010
[1755364170.025718] [eos0397:1063738:0]           mpool.c:138  UCX  DEBUG mpool uct_tcp_iface_tx_buf_mp: align 64, maxelems 4294967295, elemsize 8205
[1755364170.025719] [eos0397:1063738:0]           mpool.c:138  UCX  DEBUG mpool uct_tcp_iface_rx_buf_mp: align 64, maxelems 4294967295, elemsize 131090
[1755364170.026183] [eos0397:1063738:0]           async.c:248  UCX  DEBUG added async handler 0x5555578f3fb0 [id=115 ref 1] uct_tcp_iface_connect_handler() to hash
[1755364170.026188] [eos0397:1063738:0]           async.c:522  UCX  DEBUG listening to async event fd 115 events 0x5 mode thread_spinlock
[1755364170.026189] [eos0397:1063738:0]       tcp_iface.c:596  UCX  DEBUG tcp_iface 0x5555578f4770: listening for connections (fd=115) on 172.16.161.153:57089 netif ibp206s0
[1755364170.026389] [eos0397:1063738:0]            topo.c:899  UCX  DEBUG /sys/class/net/ibp206s0: PF sysfs path is '/sys/devices/pci0000:cb/0000:cb:01.0/0000:cc:00.0/0000:cd:00.0/0000:ce:00.0'
[1755364170.026451] [eos0397:1063738:0]      ucp_worker.c:1436 UCX  DEBUG created interface[6]=0x5555578f4770 using tcp/ibp206s0 on worker 0x555557704010
[1755364170.026463] [eos0397:1063738:0]           mpool.c:138  UCX  DEBUG mpool uct_tcp_iface_tx_buf_mp: align 64, maxelems 4294967295, elemsize 8205
[1755364170.026464] [eos0397:1063738:0]           mpool.c:138  UCX  DEBUG mpool uct_tcp_iface_rx_buf_mp: align 64, maxelems 4294967295, elemsize 131090
[1755364170.026922] [eos0397:1063738:0]           async.c:248  UCX  DEBUG added async handler 0x5555578f5bc0 [id=117 ref 1] uct_tcp_iface_connect_handler() to hash
[1755364170.026927] [eos0397:1063738:0]           async.c:522  UCX  DEBUG listening to async event fd 117 events 0x5 mode thread_spinlock
[1755364170.026929] [eos0397:1063738:0]       tcp_iface.c:596  UCX  DEBUG tcp_iface 0x5555578f4ef0: listening for connections (fd=117) on 172.16.177.153:43627 netif ibp220s0
[1755364170.027028] [eos0397:1063738:0]            topo.c:899  UCX  DEBUG /sys/class/net/ibp220s0: PF sysfs path is '/sys/devices/pci0000:d9/0000:d9:01.0/0000:da:00.0/0000:db:00.0/0000:dc:00.0'
[1755364170.027091] [eos0397:1063738:0]      ucp_worker.c:1436 UCX  DEBUG created interface[7]=0x5555578f4ef0 using tcp/ibp220s0 on worker 0x555557704010
[1755364170.027113] [eos0397:1063738:0]           mpool.c:138  UCX  DEBUG mpool uct_tcp_iface_tx_buf_mp: align 64, maxelems 4294967295, elemsize 8205
[1755364170.027114] [eos0397:1063738:0]           mpool.c:138  UCX  DEBUG mpool uct_tcp_iface_rx_buf_mp: align 64, maxelems 4294967295, elemsize 131090
[1755364170.027577] [eos0397:1063738:0]           async.c:248  UCX  DEBUG added async handler 0x555557845de0 [id=119 ref 1] uct_tcp_iface_connect_handler() to hash
[1755364170.027582] [eos0397:1063738:0]           async.c:522  UCX  DEBUG listening to async event fd 119 events 0x5 mode thread_spinlock
[1755364170.027584] [eos0397:1063738:0]       tcp_iface.c:596  UCX  DEBUG tcp_iface 0x5555578eea70: listening for connections (fd=119) on 172.16.65.153:41833 netif ibp24s0
[1755364170.027784] [eos0397:1063738:0]            topo.c:899  UCX  DEBUG /sys/class/net/ibp24s0: PF sysfs path is '/sys/devices/pci0000:15/0000:15:01.0/0000:16:00.0/0000:17:00.0/0000:18:00.0'
[1755364170.027854] [eos0397:1063738:0]      ucp_worker.c:1436 UCX  DEBUG created interface[8]=0x5555578eea70 using tcp/ibp24s0 on worker 0x555557704010
[1755364170.027866] [eos0397:1063738:0]           mpool.c:138  UCX  DEBUG mpool uct_tcp_iface_tx_buf_mp: align 64, maxelems 4294967295, elemsize 8205
[1755364170.027867] [eos0397:1063738:0]           mpool.c:138  UCX  DEBUG mpool uct_tcp_iface_rx_buf_mp: align 64, maxelems 4294967295, elemsize 131090
[1755364170.028326] [eos0397:1063738:0]           async.c:248  UCX  DEBUG added async handler 0x5555574d8950 [id=121 ref 1] uct_tcp_iface_connect_handler() to hash
[1755364170.028333] [eos0397:1063738:0]           async.c:522  UCX  DEBUG listening to async event fd 121 events 0x5 mode thread_spinlock
[1755364170.028334] [eos0397:1063738:0]       tcp_iface.c:596  UCX  DEBUG tcp_iface 0x5555578ef1f0: listening for connections (fd=121) on 172.16.2.91:60675 netif ibp41s0f0
[1755364170.028535] [eos0397:1063738:0]            topo.c:899  UCX  DEBUG /sys/class/net/ibp41s0f0: PF sysfs path is '/sys/devices/pci0000:24/0000:24:01.0/0000:25:00.0/0000:26:00.0/0000:27:00.0/0000:28:00.0/0000:29:00.0'
[1755364170.028595] [eos0397:1063738:0]      ucp_worker.c:1436 UCX  DEBUG created interface[9]=0x5555578ef1f0 using tcp/ibp41s0f0 on worker 0x555557704010
[1755364170.028607] [eos0397:1063738:0]           mpool.c:138  UCX  DEBUG mpool uct_tcp_iface_tx_buf_mp: align 64, maxelems 4294967295, elemsize 8205
[1755364170.028608] [eos0397:1063738:0]           mpool.c:138  UCX  DEBUG mpool uct_tcp_iface_rx_buf_mp: align 64, maxelems 4294967295, elemsize 131090
[1755364170.029066] [eos0397:1063738:0]           async.c:248  UCX  DEBUG added async handler 0x5555574cf7f0 [id=123 ref 1] uct_tcp_iface_connect_handler() to hash
[1755364170.029072] [eos0397:1063738:0]           async.c:522  UCX  DEBUG listening to async event fd 123 events 0x5 mode thread_spinlock
[1755364170.029073] [eos0397:1063738:0]       tcp_iface.c:596  UCX  DEBUG tcp_iface 0x5555578ef970: listening for connections (fd=123) on 172.16.81.153:33461 netif ibp64s0
[1755364170.029168] [eos0397:1063738:0]            topo.c:899  UCX  DEBUG /sys/class/net/ibp64s0: PF sysfs path is '/sys/devices/pci0000:3d/0000:3d:01.0/0000:3e:00.0/0000:3f:00.0/0000:40:00.0'
[1755364170.029229] [eos0397:1063738:0]      ucp_worker.c:1436 UCX  DEBUG created interface[10]=0x5555578ef970 using tcp/ibp64s0 on worker 0x555557704010
[1755364170.029241] [eos0397:1063738:0]           mpool.c:138  UCX  DEBUG mpool uct_tcp_iface_tx_buf_mp: align 64, maxelems 4294967295, elemsize 8205
[1755364170.029242] [eos0397:1063738:0]           mpool.c:138  UCX  DEBUG mpool uct_tcp_iface_rx_buf_mp: align 64, maxelems 4294967295, elemsize 131090
[1755364170.029696] [eos0397:1063738:0]           async.c:248  UCX  DEBUG added async handler 0x5555575f3530 [id=125 ref 1] uct_tcp_iface_connect_handler() to hash
[1755364170.029701] [eos0397:1063738:0]           async.c:522  UCX  DEBUG listening to async event fd 125 events 0x5 mode thread_spinlock
[1755364170.029702] [eos0397:1063738:0]       tcp_iface.c:596  UCX  DEBUG tcp_iface 0x5555578f0fb0: listening for connections (fd=125) on 172.16.97.153:44545 netif ibp79s0
[1755364170.029901] [eos0397:1063738:0]            topo.c:899  UCX  DEBUG /sys/class/net/ibp79s0: PF sysfs path is '/sys/devices/pci0000:4c/0000:4c:01.0/0000:4d:00.0/0000:4e:00.0/0000:4f:00.0'
[1755364170.029963] [eos0397:1063738:0]      ucp_worker.c:1436 UCX  DEBUG created interface[11]=0x5555578f0fb0 using tcp/ibp79s0 on worker 0x555557704010
[1755364170.029974] [eos0397:1063738:0]           mpool.c:138  UCX  DEBUG mpool uct_tcp_iface_tx_buf_mp: align 64, maxelems 4294967295, elemsize 8205
[1755364170.029976] [eos0397:1063738:0]           mpool.c:138  UCX  DEBUG mpool uct_tcp_iface_rx_buf_mp: align 64, maxelems 4294967295, elemsize 131090
[1755364170.030434] [eos0397:1063738:0]           async.c:248  UCX  DEBUG added async handler 0x5555574d8a60 [id=127 ref 1] uct_tcp_iface_connect_handler() to hash
[1755364170.030439] [eos0397:1063738:0]           async.c:522  UCX  DEBUG listening to async event fd 127 events 0x5 mode thread_spinlock
[1755364170.030441] [eos0397:1063738:0]       tcp_iface.c:596  UCX  DEBUG tcp_iface 0x5555578f1730: listening for connections (fd=127) on 172.16.113.153:35827 netif ibp94s0
[1755364170.030532] [eos0397:1063738:0]            topo.c:899  UCX  DEBUG /sys/class/net/ibp94s0: PF sysfs path is '/sys/devices/pci0000:5b/0000:5b:01.0/0000:5c:00.0/0000:5d:00.0/0000:5e:00.0'
[1755364170.030593] [eos0397:1063738:0]      ucp_worker.c:1436 UCX  DEBUG created interface[12]=0x5555578f1730 using tcp/ibp94s0 on worker 0x555557704010
[1755364170.030605] [eos0397:1063738:0]           mpool.c:138  UCX  DEBUG mpool uct_tcp_iface_tx_buf_mp: align 64, maxelems 4294967295, elemsize 8205
[1755364170.030606] [eos0397:1063738:0]           mpool.c:138  UCX  DEBUG mpool uct_tcp_iface_rx_buf_mp: align 64, maxelems 4294967295, elemsize 131090
[1755364170.031060] [eos0397:1063738:0]           async.c:248  UCX  DEBUG added async handler 0x555557702e60 [id=129 ref 1] uct_tcp_iface_connect_handler() to hash
[1755364170.031065] [eos0397:1063738:0]           async.c:522  UCX  DEBUG listening to async event fd 129 events 0x5 mode thread_spinlock
[1755364170.031067] [eos0397:1063738:0]       tcp_iface.c:596  UCX  DEBUG tcp_iface 0x5555578f1eb0: listening for connections (fd=129) on 127.0.0.1:46391 netif lo
[1755364170.031076] [eos0397:1063738:0]            sock.c:90   UCX  DEBUG ioctl(req=35142, ifr_name=lo) failed: Operation not supported
[1755364170.031078] [eos0397:1063738:0]         tcp_net.c:61   UCX  DEBUG speed of lo is UNKNOWN, assuming 100 Mbps
[1755364170.031101] [eos0397:1063738:0]            topo.c:895  UCX  DEBUG /sys/class/net/lo: sysfs path undetected
[1755364170.031102] [eos0397:1063738:0]            topo.c:848  UCX  DEBUG lo: pci bandwidth undetected, using maximal value
[1755364170.031121] [eos0397:1063738:0]      ucp_worker.c:1436 UCX  DEBUG created interface[13]=0x5555578f1eb0 using tcp/lo on worker 0x555557704010
[1755364170.031164] [eos0397:1063738:0]         mm_sysv.c:97   UCX  DEBUG   mm failed to allocate 33023 bytes with hugetlb
[1755364170.031191] [eos0397:1063738:0]           mpool.c:138  UCX  DEBUG mpool mm_recv_desc: align 64, maxelems 4294967295, elemsize 8368
[1755364170.031200] [eos0397:1063738:0]         mm_sysv.c:97   UCX  DEBUG   mm failed to allocate 4292720 bytes with hugetlb
[1755364170.031211] [eos0397:1063738:0]           mpool.c:282  UCX  DEBUG mpool mm_recv_desc: allocated chunk 0x7ffda2145018 of 4296680 bytes with 512 elements
[1755364170.031971] [eos0397:1063738:0]        mm_iface.c:730  UCX  DEBUG created mm iface 0x5555578f2630 FIFO id 0x80038 va 0x7fffca323000 size 36864 (128 x 256 elems)
[1755364170.032090] [eos0397:1063738:0]      ucp_worker.c:1436 UCX  DEBUG created interface[14]=0x5555578f2630 using sysv/memory on worker 0x555557704010
[1755364170.032150] [eos0397:1063738:0]        mm_posix.c:572  UCX  DEBUG   allocated posix shared memory at 0x7fffca31a000 length 36864
[1755364170.032159] [eos0397:1063738:0]           mpool.c:138  UCX  DEBUG mpool mm_recv_desc: align 64, maxelems 4294967295, elemsize 8368
[1755364170.033216] [eos0397:1063738:0]        mm_posix.c:338  UCX  DEBUG   shared memory mmap(addr=(nil), length=6291456, flags= HUGETLB, fd=133) failed: Invalid argument
[1755364170.033220] [eos0397:1063738:0]        mm_posix.c:572  UCX  DEBUG   allocated posix shared memory at 0x7ffda1d2c000 length 4296704
[1755364170.033224] [eos0397:1063738:0]           mpool.c:282  UCX  DEBUG mpool mm_recv_desc: allocated chunk 0x7ffda1d2c018 of 4296680 bytes with 512 elements
[1755364170.033587] [eos0397:1063738:0]        mm_iface.c:730  UCX  DEBUG created mm iface 0x555556598010 FIFO id 0xc0000020c0103b3a va 0x7fffca31a000 size 36864 (128 x 256 elems)
[1755364170.033593] [eos0397:1063738:0]      ucp_worker.c:1436 UCX  DEBUG created interface[15]=0x555556598010 using posix/memory on worker 0x555557704010
[1755364170.033610] [eos0397:1063738:0]           mpool.c:138  UCX  DEBUG mpool CUDA EVENT objects: align 64, maxelems 4294967295, elemsize 32
[1755364170.033619] [eos0397:1063738:0]      ucp_worker.c:1436 UCX  DEBUG created interface[16]=0x555556598600 using cuda_copy/cuda on worker 0x555557704010
[1755364170.033628] [eos0397:1063738:0]           mpool.c:138  UCX  DEBUG mpool CUDA_IPC EVENT objects: align 64, maxelems 4294967295, elemsize 72
[1755364170.640532] [eos0397:1063738:0]      ucp_worker.c:1436 UCX  DEBUG created interface[17]=0x555556593fc0 using cuda_ipc/cuda on worker 0x555557704010
[1755364170.640566] [eos0397:1063738:0]      ucp_worker.c:1436 UCX  DEBUG created interface[18]=0x555556594d20 using gdr_copy/cuda on worker 0x555557704010
[1755364170.640733] [eos0397:1063738:0]        ib_iface.c:1078 UCX  DEBUG using pkey[0] 0xffff on mlx5_0:1/IB
[1755364170.641277] [eos0397:1063738:0]        ib_iface.c:1666 UCX  DEBUG created uct_ib_iface_t headroom_ofs 12 payload_ofs 92 hdr_ofs 91 data_sz 8256
[1755364170.641289] [eos0397:1063738:0]           mpool.c:138  UCX  DEBUG mpool rc_recv_desc: align 64, maxelems 4294967295, elemsize 8355
[1755364170.641290] [eos0397:1063738:0]           mpool.c:138  UCX  DEBUG mpool rc_send_desc: align 64, maxelems 4294967295, elemsize 8320
[1755364170.641313] [eos0397:1063738:0]           mpool.c:138  UCX  DEBUG mpool send-ops-mpool: align 64, maxelems 4294967295, elemsize 48
[1755364170.641601] [eos0397:1063738:0]           mpool.c:138  UCX  DEBUG mpool pending-ops: align 1, maxelems 4294967295, elemsize 64
[1755364170.641604] [eos0397:1063738:0]           mpool.c:138  UCX  DEBUG mpool rc_verbs_short_desc: align 64, maxelems 4294967295, elemsize 192
[1755364170.641820] [eos0397:1063738:0]        ib_iface.c:1203 UCX  DEBUG mlx5_0: iface 0x5555578e47a0 created RC QP 0x948 on mlx5_0:1 TX wr:409 sge:5 inl:124 resp:64 RX wr:0 sge:0 resp:64
[1755364170.642152] [eos0397:1063738:0]      ucp_worker.c:1436 UCX  DEBUG created interface[19]=0x5555578e47a0 using rc_verbs/mlx5_0:1 on worker 0x555557704010
[1755364170.642252] [eos0397:1063738:0]        ib_iface.c:1078 UCX  DEBUG using pkey[0] 0xffff on mlx5_0:1/IB
[1755364170.642873] [eos0397:1063738:0]        ib_iface.c:1666 UCX  DEBUG created uct_ib_iface_t headroom_ofs 12 payload_ofs 92 hdr_ofs 44 data_sz 4136
[1755364170.643222] [eos0397:1063738:0]        ib_iface.c:1203 UCX  DEBUG mlx5_0: iface 0x5555578ed040 created UD QP 0x1e09 on mlx5_0:1 TX wr:341 sge:6 inl:124 resp:0 RX wr:4096 sge:1 resp:0
[1755364170.643530] [eos0397:1063738:0]           mpool.c:138  UCX  DEBUG mpool ud_recv_skb: align 64, maxelems 4294967295, elemsize 4188
[1755364170.643691] [eos0397:1063738:0]           mpool.c:282  UCX  DEBUG mpool ud_recv_skb: allocated chunk 0x7fffca295018 of 544744 bytes with 128 elements
[1755364170.643693] [eos0397:1063738:0]           mpool.c:138  UCX  DEBUG mpool ud_tx_skb: align 64, maxelems 4294967295, elemsize 4208
[1755364170.643710] [eos0397:1063738:0]        ud_iface.c:383  UCX  DEBUG iface 0x5555578ed040: adding gid fe80::946d:ae03:f:7bd6 to hash on device mlx5_0 port 1 index 0)
[1755364170.643717] [eos0397:1063738:0]        ud_iface.c:383  UCX  DEBUG iface 0x5555578ed040: adding gid fe80:: to hash on device mlx5_0 port 1 index 1)
[1755364170.643722] [eos0397:1063738:0]        ud_iface.c:383  UCX  DEBUG iface 0x5555578ed040: adding gid fe80:: to hash on device mlx5_0 port 1 index 2)
[1755364170.643727] [eos0397:1063738:0]        ud_iface.c:383  UCX  DEBUG iface 0x5555578ed040: adding gid fe80:: to hash on device mlx5_0 port 1 index 3)
[1755364170.643731] [eos0397:1063738:0]        ud_iface.c:383  UCX  DEBUG iface 0x5555578ed040: adding gid fe80:: to hash on device mlx5_0 port 1 index 4)
[1755364170.643736] [eos0397:1063738:0]        ud_iface.c:383  UCX  DEBUG iface 0x5555578ed040: adding gid fe80:: to hash on device mlx5_0 port 1 index 5)
[1755364170.643741] [eos0397:1063738:0]        ud_iface.c:383  UCX  DEBUG iface 0x5555578ed040: adding gid fe80:: to hash on device mlx5_0 port 1 index 6)
[1755364170.643745] [eos0397:1063738:0]        ud_iface.c:383  UCX  DEBUG iface 0x5555578ed040: adding gid fe80:: to hash on device mlx5_0 port 1 index 7)
[1755364170.643822] [eos0397:1063738:0]     timer_wheel.c:41   UCX  DEBUG high res timer created log=23 resolution=4240.642659 usec wanted: 2499.999678 usec
[1755364170.649603] [eos0397:1063738:0]           async.c:248  UCX  DEBUG added async handler 0x5555579b7010 [id=135 ref 1] uct_ud_verbs_iface_async_handler() to hash
[1755364170.649614] [eos0397:1063738:0]           async.c:522  UCX  DEBUG listening to async event fd 135 events 0x5 mode thread_spinlock
[1755364170.649660] [eos0397:1063738:0]      ucp_worker.c:1436 UCX  DEBUG created interface[20]=0x5555578ed040 using ud_verbs/mlx5_0:1 on worker 0x555557704010
[1755364170.649839] [eos0397:1063738:0]        ib_iface.c:1078 UCX  DEBUG using pkey[0] 0xffff on mlx5_0:1/IB
[1755364170.649858] [eos0397:1063738:0]       ib_device.c:1432 UCX  DEBUG max IB CQE size is 128
[1755364170.650038] [eos0397:1063738:0]           mpool.c:282  UCX  DEBUG mpool devx dbrec: allocated chunk 0x5555578a4010 of 8176 bytes with 127 elements
[1755364170.652453] [eos0397:1063738:0]        ib_iface.c:1666 UCX  DEBUG created uct_ib_iface_t headroom_ofs 12 payload_ofs 92 hdr_ofs 90 data_sz 8256
[1755364170.652459] [eos0397:1063738:0]           mpool.c:138  UCX  DEBUG mpool rc_recv_desc: align 64, maxelems 4294967295, elemsize 8354
[1755364170.652460] [eos0397:1063738:0]           mpool.c:138  UCX  DEBUG mpool rc_send_desc: align 64, maxelems 4294967295, elemsize 8320
[1755364170.652889] [eos0397:1063738:0]           mpool.c:138  UCX  DEBUG mpool send-ops-mpool: align 64, maxelems 4294967295, elemsize 48
[1755364170.653205] [eos0397:1063738:0]           mpool.c:138  UCX  DEBUG mpool pending-ops: align 1, maxelems 4294967295, elemsize 112
[1755364170.653322] [eos0397:1063738:0]         ib_mlx5.c:1083 UCX  DEBUG SL=0 (AR support - no) was selected on mlx5_0:1, SLs with AR support = { 1, 2, 3, 4, 5, 6, 7, 8, 9, 10, 11, 12, 13, 14, 15 }, SLs without AR support = { 0 }
[1755364170.653737] [eos0397:1063738:0]           mpool.c:138  UCX  DEBUG mpool mlx5_dm_desc: align 64, maxelems 1, elemsize 64
[1755364170.653739] [eos0397:1063738:0]           mpool.c:138  UCX  DEBUG mpool rc_mlx5_atomic_desc: align 64, maxelems 4294967295, elemsize 72
[1755364170.659836] [eos0397:1063738:0]           async.c:248  UCX  DEBUG added async handler 0x555557bbb790 [id=137 ref 1] uct_rc_mlx5_devx_iface_event_handler() to hash
[1755364170.659845] [eos0397:1063738:0]           async.c:522  UCX  DEBUG listening to async event fd 137 events 0x1 mode thread_spinlock
[1755364170.660886] [eos0397:1063738:0]    ib_mlx5dv_md.c:2616 UCX  DEBUG counter_set_id on mlx5_0:1 is 0x1
[1755364170.661468] [eos0397:1063738:0]         dc_mlx5.c:407  UCX  DEBUG created DevX DCI 0x952, rdma_wr_disabled=0
[1755364170.661780] [eos0397:1063738:0]         dc_mlx5.c:1729 UCX  DEBUG dc iface 0x5555578d3490: using 'dcs_quota' policy with 32 dcis and 32768 cqes, dct 0x1e21
[1755364170.661788] [eos0397:1063738:0]         dc_mlx5.c:822  UCX  DEBUG creating dci pool 0 with 32 QPs
[1755364170.661789] [eos0397:1063738:0]         dc_mlx5.c:805  UCX  DEBUG dci pool config: (path_index=0, max_rd_atomic=64)
[1755364170.668513] [eos0397:1063738:0]           mpool.c:282  UCX  DEBUG mpool rc_recv_desc: allocated chunk 0x7ffd89400018 of 39845864 bytes with 4752 elements
[1755364170.668650] [eos0397:1063738:0]         dc_mlx5.c:1749 UCX  DEBUG created dc iface 0x5555578d3490
[1755364170.668699] [eos0397:1063738:0]      ucp_worker.c:1436 UCX  DEBUG created interface[21]=0x5555578d3490 using dc_mlx5/mlx5_0:1 on worker 0x555557704010
[1755364170.668855] [eos0397:1063738:0]        ib_iface.c:1078 UCX  DEBUG using pkey[0] 0xffff on mlx5_0:1/IB
[1755364170.669680] [eos0397:1063738:0]        ib_iface.c:1666 UCX  DEBUG created uct_ib_iface_t headroom_ofs 12 payload_ofs 92 hdr_ofs 90 data_sz 8256
[1755364170.669684] [eos0397:1063738:0]           mpool.c:138  UCX  DEBUG mpool rc_recv_desc: align 64, maxelems 4294967295, elemsize 8354
[1755364170.669685] [eos0397:1063738:0]           mpool.c:138  UCX  DEBUG mpool rc_send_desc: align 64, maxelems 4294967295, elemsize 8320
[1755364170.669701] [eos0397:1063738:0]           mpool.c:138  UCX  DEBUG mpool send-ops-mpool: align 64, maxelems 4294967295, elemsize 48
[1755364170.669998] [eos0397:1063738:0]           mpool.c:138  UCX  DEBUG mpool pending-ops: align 1, maxelems 4294967295, elemsize 64
[1755364170.670087] [eos0397:1063738:0]         ib_mlx5.c:1083 UCX  DEBUG SL=0 (AR support - no) was selected on mlx5_0:1, SLs with AR support = { 1, 2, 3, 4, 5, 6, 7, 8, 9, 10, 11, 12, 13, 14, 15 }, SLs without AR support = { 0 }
[1755364170.670088] [eos0397:1063738:0]           mpool.c:138  UCX  DEBUG mpool rc_mlx5_atomic_desc: align 64, maxelems 4294967295, elemsize 72
[1755364170.670093] [eos0397:1063738:0]           async.c:248  UCX  DEBUG added async handler 0x55555773d100 [id=140 ref 1] uct_rc_mlx5_devx_iface_event_handler() to hash
[1755364170.670099] [eos0397:1063738:0]           async.c:522  UCX  DEBUG listening to async event fd 140 events 0x1 mode thread_spinlock
[1755364170.670138] [eos0397:1063738:0]      ucp_worker.c:1436 UCX  DEBUG created interface[22]=0x555557bd97a0 using rc_mlx5/mlx5_0:1 on worker 0x555557704010
[1755364170.671090] [eos0397:1063738:0]        ib_iface.c:1078 UCX  DEBUG using pkey[0] 0xffff on mlx5_0:1/IB
[1755364170.671562] [eos0397:1063738:0]        ib_iface.c:1666 UCX  DEBUG created uct_ib_iface_t headroom_ofs 12 payload_ofs 92 hdr_ofs 44 data_sz 4136
[1755364170.671864] [eos0397:1063738:0]        ib_iface.c:1203 UCX  DEBUG mlx5_0: iface 0x5555578a6010 created UD QP 0x1e2f on mlx5_0:1 TX wr:256 sge:2 inl:60 resp:0 RX wr:4096 sge:1 resp:0
[1755364170.671866] [eos0397:1063738:0]         ib_mlx5.c:776  UCX  DEBUG tx wq 32768 bytes [bb=64, nwqe=512] mmio_mode bf_post
[1755364170.672131] [eos0397:1063738:0]           mpool.c:138  UCX  DEBUG mpool ud_recv_skb: align 64, maxelems 4294967295, elemsize 4188
[1755364170.672283] [eos0397:1063738:0]           mpool.c:282  UCX  DEBUG mpool ud_recv_skb: allocated chunk 0x7fffca20f018 of 544744 bytes with 128 elements
[1755364170.672287] [eos0397:1063738:0]           mpool.c:138  UCX  DEBUG mpool ud_tx_skb: align 64, maxelems 4294967295, elemsize 4208
[1755364170.672297] [eos0397:1063738:0]        ud_iface.c:383  UCX  DEBUG iface 0x5555578a6010: adding gid fe80::946d:ae03:f:7bd6 to hash on device mlx5_0 port 1 index 0)
[1755364170.672302] [eos0397:1063738:0]        ud_iface.c:383  UCX  DEBUG iface 0x5555578a6010: adding gid fe80:: to hash on device mlx5_0 port 1 index 1)
[1755364170.672307] [eos0397:1063738:0]        ud_iface.c:383  UCX  DEBUG iface 0x5555578a6010: adding gid fe80:: to hash on device mlx5_0 port 1 index 2)
[1755364170.672312] [eos0397:1063738:0]        ud_iface.c:383  UCX  DEBUG iface 0x5555578a6010: adding gid fe80:: to hash on device mlx5_0 port 1 index 3)
[1755364170.672317] [eos0397:1063738:0]        ud_iface.c:383  UCX  DEBUG iface 0x5555578a6010: adding gid fe80:: to hash on device mlx5_0 port 1 index 4)
[1755364170.672321] [eos0397:1063738:0]        ud_iface.c:383  UCX  DEBUG iface 0x5555578a6010: adding gid fe80:: to hash on device mlx5_0 port 1 index 5)
[1755364170.672326] [eos0397:1063738:0]        ud_iface.c:383  UCX  DEBUG iface 0x5555578a6010: adding gid fe80:: to hash on device mlx5_0 port 1 index 6)
[1755364170.672330] [eos0397:1063738:0]        ud_iface.c:383  UCX  DEBUG iface 0x5555578a6010: adding gid fe80:: to hash on device mlx5_0 port 1 index 7)
[1755364170.672435] [eos0397:1063738:0]         ib_mlx5.c:1083 UCX  DEBUG SL=0 (AR support - no) was selected on mlx5_0:1, SLs with AR support = { 1, 2, 3, 4, 5, 6, 7, 8, 9, 10, 11, 12, 13, 14, 15 }, SLs without AR support = { 0 }
[1755364170.672448] [eos0397:1063738:0]     timer_wheel.c:41   UCX  DEBUG high res timer created log=23 resolution=4240.642659 usec wanted: 2499.999678 usec
[1755364170.682889] [eos0397:1063738:0]           async.c:248  UCX  DEBUG added async handler 0x555557738910 [id=142 ref 1] uct_ud_mlx5_iface_async_handler() to hash
[1755364170.682898] [eos0397:1063738:0]           async.c:522  UCX  DEBUG listening to async event fd 142 events 0x5 mode thread_spinlock
[1755364170.682945] [eos0397:1063738:0]      ucp_worker.c:1436 UCX  DEBUG created interface[23]=0x5555578a6010 using ud_mlx5/mlx5_0:1 on worker 0x555557704010
[1755364170.683100] [eos0397:1063738:0]        ib_iface.c:1078 UCX  DEBUG using pkey[0] 0xffff on mlx5_3:1/IB
[1755364170.683643] [eos0397:1063738:0]        ib_iface.c:1666 UCX  DEBUG created uct_ib_iface_t headroom_ofs 12 payload_ofs 92 hdr_ofs 91 data_sz 8256
[1755364170.683647] [eos0397:1063738:0]           mpool.c:138  UCX  DEBUG mpool rc_recv_desc: align 64, maxelems 4294967295, elemsize 8355
[1755364170.683648] [eos0397:1063738:0]           mpool.c:138  UCX  DEBUG mpool rc_send_desc: align 64, maxelems 4294967295, elemsize 8320
[1755364170.683664] [eos0397:1063738:0]           mpool.c:138  UCX  DEBUG mpool send-ops-mpool: align 64, maxelems 4294967295, elemsize 48
[1755364170.683881] [eos0397:1063738:0]           mpool.c:138  UCX  DEBUG mpool pending-ops: align 1, maxelems 4294967295, elemsize 64
[1755364170.683883] [eos0397:1063738:0]           mpool.c:138  UCX  DEBUG mpool rc_verbs_short_desc: align 64, maxelems 4294967295, elemsize 192
[1755364170.684088] [eos0397:1063738:0]        ib_iface.c:1203 UCX  DEBUG mlx5_3: iface 0x5555581d32c0 created RC QP 0x8b0 on mlx5_3:1 TX wr:409 sge:5 inl:124 resp:64 RX wr:0 sge:0 resp:64
[1755364170.684446] [eos0397:1063738:0]      ucp_worker.c:1436 UCX  DEBUG created interface[24]=0x5555581d32c0 using rc_verbs/mlx5_3:1 on worker 0x555557704010
[1755364170.684550] [eos0397:1063738:0]        ib_iface.c:1078 UCX  DEBUG using pkey[0] 0xffff on mlx5_3:1/IB
[1755364170.685049] [eos0397:1063738:0]        ib_iface.c:1666 UCX  DEBUG created uct_ib_iface_t headroom_ofs 12 payload_ofs 92 hdr_ofs 44 data_sz 4136
[1755364170.685321] [eos0397:1063738:0]        ib_iface.c:1203 UCX  DEBUG mlx5_3: iface 0x555557a77130 created UD QP 0x1d73 on mlx5_3:1 TX wr:341 sge:6 inl:124 resp:0 RX wr:4096 sge:1 resp:0
[1755364170.685591] [eos0397:1063738:0]           mpool.c:138  UCX  DEBUG mpool ud_recv_skb: align 64, maxelems 4294967295, elemsize 4188
[1755364170.685746] [eos0397:1063738:0]           mpool.c:282  UCX  DEBUG mpool ud_recv_skb: allocated chunk 0x7fffc9f7b018 of 544744 bytes with 128 elements
[1755364170.685749] [eos0397:1063738:0]           mpool.c:138  UCX  DEBUG mpool ud_tx_skb: align 64, maxelems 4294967295, elemsize 4208
[1755364170.685759] [eos0397:1063738:0]        ud_iface.c:383  UCX  DEBUG iface 0x555557a77130: adding gid fe80::946d:ae03:f:7bde to hash on device mlx5_3 port 1 index 0)
[1755364170.685765] [eos0397:1063738:0]        ud_iface.c:383  UCX  DEBUG iface 0x555557a77130: adding gid fe80:: to hash on device mlx5_3 port 1 index 1)
[1755364170.685770] [eos0397:1063738:0]        ud_iface.c:383  UCX  DEBUG iface 0x555557a77130: adding gid fe80:: to hash on device mlx5_3 port 1 index 2)
[1755364170.685775] [eos0397:1063738:0]        ud_iface.c:383  UCX  DEBUG iface 0x555557a77130: adding gid fe80:: to hash on device mlx5_3 port 1 index 3)
[1755364170.685779] [eos0397:1063738:0]        ud_iface.c:383  UCX  DEBUG iface 0x555557a77130: adding gid fe80:: to hash on device mlx5_3 port 1 index 4)
[1755364170.685784] [eos0397:1063738:0]        ud_iface.c:383  UCX  DEBUG iface 0x555557a77130: adding gid fe80:: to hash on device mlx5_3 port 1 index 5)
[1755364170.685800] [eos0397:1063738:0]        ud_iface.c:383  UCX  DEBUG iface 0x555557a77130: adding gid fe80:: to hash on device mlx5_3 port 1 index 6)
[1755364170.685805] [eos0397:1063738:0]        ud_iface.c:383  UCX  DEBUG iface 0x555557a77130: adding gid fe80:: to hash on device mlx5_3 port 1 index 7)
[1755364170.685881] [eos0397:1063738:0]     timer_wheel.c:41   UCX  DEBUG high res timer created log=23 resolution=4240.642659 usec wanted: 2499.999678 usec
[1755364170.685885] [eos0397:1063738:0]           async.c:248  UCX  DEBUG added async handler 0x555558176b20 [id=144 ref 1] uct_ud_verbs_iface_async_handler() to hash
[1755364170.685891] [eos0397:1063738:0]           async.c:522  UCX  DEBUG listening to async event fd 144 events 0x5 mode thread_spinlock
[1755364170.685920] [eos0397:1063738:0]      ucp_worker.c:1436 UCX  DEBUG created interface[25]=0x555557a77130 using ud_verbs/mlx5_3:1 on worker 0x555557704010
[1755364170.686076] [eos0397:1063738:0]        ib_iface.c:1078 UCX  DEBUG using pkey[0] 0xffff on mlx5_3:1/IB
[1755364170.686281] [eos0397:1063738:0]           mpool.c:282  UCX  DEBUG mpool devx dbrec: allocated chunk 0x555557ea9010 of 8176 bytes with 127 elements
[1755364170.688766] [eos0397:1063738:0]        ib_iface.c:1666 UCX  DEBUG created uct_ib_iface_t headroom_ofs 12 payload_ofs 92 hdr_ofs 90 data_sz 8256
[1755364170.688770] [eos0397:1063738:0]           mpool.c:138  UCX  DEBUG mpool rc_recv_desc: align 64, maxelems 4294967295, elemsize 8354
[1755364170.688771] [eos0397:1063738:0]           mpool.c:138  UCX  DEBUG mpool rc_send_desc: align 64, maxelems 4294967295, elemsize 8320
[1755364170.688913] [eos0397:1063738:0]           mpool.c:138  UCX  DEBUG mpool send-ops-mpool: align 64, maxelems 4294967295, elemsize 48
[1755364170.689268] [eos0397:1063738:0]           mpool.c:138  UCX  DEBUG mpool pending-ops: align 1, maxelems 4294967295, elemsize 112
[1755364170.689374] [eos0397:1063738:0]         ib_mlx5.c:1083 UCX  DEBUG SL=0 (AR support - no) was selected on mlx5_3:1, SLs with AR support = { 1, 2, 3, 4, 5, 6, 7, 8, 9, 10, 11, 12, 13, 14, 15 }, SLs without AR support = { 0 }
[1755364170.689797] [eos0397:1063738:0]           mpool.c:138  UCX  DEBUG mpool mlx5_dm_desc: align 64, maxelems 1, elemsize 64
[1755364170.689798] [eos0397:1063738:0]           mpool.c:138  UCX  DEBUG mpool rc_mlx5_atomic_desc: align 64, maxelems 4294967295, elemsize 72
[1755364170.689803] [eos0397:1063738:0]           async.c:248  UCX  DEBUG added async handler 0x555558033010 [id=146 ref 1] uct_rc_mlx5_devx_iface_event_handler() to hash
[1755364170.689809] [eos0397:1063738:0]           async.c:522  UCX  DEBUG listening to async event fd 146 events 0x1 mode thread_spinlock
[1755364170.690886] [eos0397:1063738:0]    ib_mlx5dv_md.c:2616 UCX  DEBUG counter_set_id on mlx5_3:1 is 0x1
[1755364170.691499] [eos0397:1063738:0]         dc_mlx5.c:407  UCX  DEBUG created DevX DCI 0x8b6, rdma_wr_disabled=0
[1755364170.691842] [eos0397:1063738:0]         dc_mlx5.c:1729 UCX  DEBUG dc iface 0x555557bac010: using 'dcs_quota' policy with 32 dcis and 32768 cqes, dct 0x1d7f
[1755364170.691843] [eos0397:1063738:0]         dc_mlx5.c:822  UCX  DEBUG creating dci pool 0 with 32 QPs
[1755364170.691844] [eos0397:1063738:0]         dc_mlx5.c:805  UCX  DEBUG dci pool config: (path_index=0, max_rd_atomic=64)
[1755364170.698714] [eos0397:1063738:0]           mpool.c:282  UCX  DEBUG mpool rc_recv_desc: allocated chunk 0x7ffd5d800018 of 39845864 bytes with 4752 elements
[1755364170.698861] [eos0397:1063738:0]         dc_mlx5.c:1749 UCX  DEBUG created dc iface 0x555557bac010
[1755364170.698899] [eos0397:1063738:0]      ucp_worker.c:1436 UCX  DEBUG created interface[26]=0x555557bac010 using dc_mlx5/mlx5_3:1 on worker 0x555557704010
[1755364170.699050] [eos0397:1063738:0]        ib_iface.c:1078 UCX  DEBUG using pkey[0] 0xffff on mlx5_3:1/IB
[1755364170.700050] [eos0397:1063738:0]        ib_iface.c:1666 UCX  DEBUG created uct_ib_iface_t headroom_ofs 12 payload_ofs 92 hdr_ofs 90 data_sz 8256
[1755364170.700054] [eos0397:1063738:0]           mpool.c:138  UCX  DEBUG mpool rc_recv_desc: align 64, maxelems 4294967295, elemsize 8354
[1755364170.700055] [eos0397:1063738:0]           mpool.c:138  UCX  DEBUG mpool rc_send_desc: align 64, maxelems 4294967295, elemsize 8320
[1755364170.700122] [eos0397:1063738:0]           mpool.c:138  UCX  DEBUG mpool send-ops-mpool: align 64, maxelems 4294967295, elemsize 48
[1755364170.700449] [eos0397:1063738:0]           mpool.c:138  UCX  DEBUG mpool pending-ops: align 1, maxelems 4294967295, elemsize 64
[1755364170.700545] [eos0397:1063738:0]         ib_mlx5.c:1083 UCX  DEBUG SL=0 (AR support - no) was selected on mlx5_3:1, SLs with AR support = { 1, 2, 3, 4, 5, 6, 7, 8, 9, 10, 11, 12, 13, 14, 15 }, SLs without AR support = { 0 }
[1755364170.700547] [eos0397:1063738:0]           mpool.c:138  UCX  DEBUG mpool rc_mlx5_atomic_desc: align 64, maxelems 4294967295, elemsize 72
[1755364170.700552] [eos0397:1063738:0]           async.c:248  UCX  DEBUG added async handler 0x55555827f010 [id=149 ref 1] uct_rc_mlx5_devx_iface_event_handler() to hash
[1755364170.700557] [eos0397:1063738:0]           async.c:522  UCX  DEBUG listening to async event fd 149 events 0x1 mode thread_spinlock
[1755364170.700597] [eos0397:1063738:0]      ucp_worker.c:1436 UCX  DEBUG created interface[27]=0x555557a98170 using rc_mlx5/mlx5_3:1 on worker 0x555557704010
[1755364170.701450] [eos0397:1063738:0]        ib_iface.c:1078 UCX  DEBUG using pkey[0] 0xffff on mlx5_3:1/IB
[1755364170.702106] [eos0397:1063738:0]        ib_iface.c:1666 UCX  DEBUG created uct_ib_iface_t headroom_ofs 12 payload_ofs 92 hdr_ofs 44 data_sz 4136
[1755364170.702430] [eos0397:1063738:0]        ib_iface.c:1203 UCX  DEBUG mlx5_3: iface 0x555557ac6c20 created UD QP 0x1d92 on mlx5_3:1 TX wr:256 sge:2 inl:60 resp:0 RX wr:4096 sge:1 resp:0
[1755364170.702432] [eos0397:1063738:0]         ib_mlx5.c:776  UCX  DEBUG tx wq 32768 bytes [bb=64, nwqe=512] mmio_mode bf_post
[1755364170.702699] [eos0397:1063738:0]           mpool.c:138  UCX  DEBUG mpool ud_recv_skb: align 64, maxelems 4294967295, elemsize 4188
[1755364170.702846] [eos0397:1063738:0]           mpool.c:282  UCX  DEBUG mpool ud_recv_skb: allocated chunk 0x7fffc9ef6018 of 544744 bytes with 128 elements
[1755364170.702848] [eos0397:1063738:0]           mpool.c:138  UCX  DEBUG mpool ud_tx_skb: align 64, maxelems 4294967295, elemsize 4208
[1755364170.702859] [eos0397:1063738:0]        ud_iface.c:383  UCX  DEBUG iface 0x555557ac6c20: adding gid fe80::946d:ae03:f:7bde to hash on device mlx5_3 port 1 index 0)
[1755364170.702864] [eos0397:1063738:0]        ud_iface.c:383  UCX  DEBUG iface 0x555557ac6c20: adding gid fe80:: to hash on device mlx5_3 port 1 index 1)
[1755364170.702869] [eos0397:1063738:0]        ud_iface.c:383  UCX  DEBUG iface 0x555557ac6c20: adding gid fe80:: to hash on device mlx5_3 port 1 index 2)
[1755364170.702875] [eos0397:1063738:0]        ud_iface.c:383  UCX  DEBUG iface 0x555557ac6c20: adding gid fe80:: to hash on device mlx5_3 port 1 index 3)
[1755364170.702879] [eos0397:1063738:0]        ud_iface.c:383  UCX  DEBUG iface 0x555557ac6c20: adding gid fe80:: to hash on device mlx5_3 port 1 index 4)
[1755364170.702884] [eos0397:1063738:0]        ud_iface.c:383  UCX  DEBUG iface 0x555557ac6c20: adding gid fe80:: to hash on device mlx5_3 port 1 index 5)
[1755364170.702889] [eos0397:1063738:0]        ud_iface.c:383  UCX  DEBUG iface 0x555557ac6c20: adding gid fe80:: to hash on device mlx5_3 port 1 index 6)
[1755364170.702894] [eos0397:1063738:0]        ud_iface.c:383  UCX  DEBUG iface 0x555557ac6c20: adding gid fe80:: to hash on device mlx5_3 port 1 index 7)
[1755364170.702991] [eos0397:1063738:0]         ib_mlx5.c:1083 UCX  DEBUG SL=0 (AR support - no) was selected on mlx5_3:1, SLs with AR support = { 1, 2, 3, 4, 5, 6, 7, 8, 9, 10, 11, 12, 13, 14, 15 }, SLs without AR support = { 0 }
[1755364170.703002] [eos0397:1063738:0]     timer_wheel.c:41   UCX  DEBUG high res timer created log=23 resolution=4240.642659 usec wanted: 2499.999678 usec
[1755364170.703013] [eos0397:1063738:0]           async.c:248  UCX  DEBUG added async handler 0x5555583ca010 [id=151 ref 1] uct_ud_mlx5_iface_async_handler() to hash
[1755364170.703019] [eos0397:1063738:0]           async.c:522  UCX  DEBUG listening to async event fd 151 events 0x5 mode thread_spinlock
[1755364170.703049] [eos0397:1063738:0]      ucp_worker.c:1436 UCX  DEBUG created interface[28]=0x555557ac6c20 using ud_mlx5/mlx5_3:1 on worker 0x555557704010
[1755364170.703190] [eos0397:1063738:0]        ib_iface.c:1078 UCX  DEBUG using pkey[0] 0xffff on mlx5_4:1/IB
[1755364170.703918] [eos0397:1063738:0]        ib_iface.c:1666 UCX  DEBUG created uct_ib_iface_t headroom_ofs 12 payload_ofs 92 hdr_ofs 91 data_sz 8256
[1755364170.703930] [eos0397:1063738:0]           mpool.c:138  UCX  DEBUG mpool rc_recv_desc: align 64, maxelems 4294967295, elemsize 8355
[1755364170.703931] [eos0397:1063738:0]           mpool.c:138  UCX  DEBUG mpool rc_send_desc: align 64, maxelems 4294967295, elemsize 8320
[1755364170.703995] [eos0397:1063738:0]           mpool.c:138  UCX  DEBUG mpool send-ops-mpool: align 64, maxelems 4294967295, elemsize 48
[1755364170.704298] [eos0397:1063738:0]           mpool.c:138  UCX  DEBUG mpool pending-ops: align 1, maxelems 4294967295, elemsize 64
[1755364170.704299] [eos0397:1063738:0]           mpool.c:138  UCX  DEBUG mpool rc_verbs_short_desc: align 64, maxelems 4294967295, elemsize 192
[1755364170.704557] [eos0397:1063738:0]        ib_iface.c:1203 UCX  DEBUG mlx5_4: iface 0x5555583eb010 created RC QP 0x8e4 on mlx5_4:1 TX wr:409 sge:5 inl:124 resp:64 RX wr:0 sge:0 resp:64
[1755364170.704872] [eos0397:1063738:0]      ucp_worker.c:1436 UCX  DEBUG created interface[29]=0x5555583eb010 using rc_verbs/mlx5_4:1 on worker 0x555557704010
[1755364170.704970] [eos0397:1063738:0]        ib_iface.c:1078 UCX  DEBUG using pkey[0] 0xffff on mlx5_4:1/IB
[1755364170.705564] [eos0397:1063738:0]        ib_iface.c:1666 UCX  DEBUG created uct_ib_iface_t headroom_ofs 12 payload_ofs 92 hdr_ofs 44 data_sz 4136
[1755364170.705891] [eos0397:1063738:0]        ib_iface.c:1203 UCX  DEBUG mlx5_4: iface 0x5555581dd420 created UD QP 0x1da4 on mlx5_4:1 TX wr:341 sge:6 inl:124 resp:0 RX wr:4096 sge:1 resp:0
[1755364170.706176] [eos0397:1063738:0]           mpool.c:138  UCX  DEBUG mpool ud_recv_skb: align 64, maxelems 4294967295, elemsize 4188
[1755364170.706330] [eos0397:1063738:0]           mpool.c:282  UCX  DEBUG mpool ud_recv_skb: allocated chunk 0x7fffc9e71018 of 544744 bytes with 128 elements
[1755364170.706332] [eos0397:1063738:0]           mpool.c:138  UCX  DEBUG mpool ud_tx_skb: align 64, maxelems 4294967295, elemsize 4208
[1755364170.706342] [eos0397:1063738:0]        ud_iface.c:383  UCX  DEBUG iface 0x5555581dd420: adding gid fe80::946d:ae03:f:7bda to hash on device mlx5_4 port 1 index 0)
[1755364170.706348] [eos0397:1063738:0]        ud_iface.c:383  UCX  DEBUG iface 0x5555581dd420: adding gid fe80:: to hash on device mlx5_4 port 1 index 1)
[1755364170.706353] [eos0397:1063738:0]        ud_iface.c:383  UCX  DEBUG iface 0x5555581dd420: adding gid fe80:: to hash on device mlx5_4 port 1 index 2)
[1755364170.706358] [eos0397:1063738:0]        ud_iface.c:383  UCX  DEBUG iface 0x5555581dd420: adding gid fe80:: to hash on device mlx5_4 port 1 index 3)
[1755364170.706371] [eos0397:1063738:0]        ud_iface.c:383  UCX  DEBUG iface 0x5555581dd420: adding gid fe80:: to hash on device mlx5_4 port 1 index 4)
[1755364170.706377] [eos0397:1063738:0]        ud_iface.c:383  UCX  DEBUG iface 0x5555581dd420: adding gid fe80:: to hash on device mlx5_4 port 1 index 5)
[1755364170.706382] [eos0397:1063738:0]        ud_iface.c:383  UCX  DEBUG iface 0x5555581dd420: adding gid fe80:: to hash on device mlx5_4 port 1 index 6)
[1755364170.706387] [eos0397:1063738:0]        ud_iface.c:383  UCX  DEBUG iface 0x5555581dd420: adding gid fe80:: to hash on device mlx5_4 port 1 index 7)
[1755364170.706492] [eos0397:1063738:0]     timer_wheel.c:41   UCX  DEBUG high res timer created log=23 resolution=4240.642659 usec wanted: 2499.999678 usec
[1755364170.706493] [eos0397:1063738:0]           async.c:248  UCX  DEBUG added async handler 0x5555584b5010 [id=153 ref 1] uct_ud_verbs_iface_async_handler() to hash
[1755364170.706499] [eos0397:1063738:0]           async.c:522  UCX  DEBUG listening to async event fd 153 events 0x5 mode thread_spinlock
[1755364170.706528] [eos0397:1063738:0]      ucp_worker.c:1436 UCX  DEBUG created interface[30]=0x5555581dd420 using ud_verbs/mlx5_4:1 on worker 0x555557704010
[1755364170.706683] [eos0397:1063738:0]        ib_iface.c:1078 UCX  DEBUG using pkey[0] 0xffff on mlx5_4:1/IB
[1755364170.706917] [eos0397:1063738:0]           mpool.c:282  UCX  DEBUG mpool devx dbrec: allocated chunk 0x555558174010 of 8176 bytes with 127 elements
[1755364170.709486] [eos0397:1063738:0]        ib_iface.c:1666 UCX  DEBUG created uct_ib_iface_t headroom_ofs 12 payload_ofs 92 hdr_ofs 90 data_sz 8256
[1755364170.709500] [eos0397:1063738:0]           mpool.c:138  UCX  DEBUG mpool rc_recv_desc: align 64, maxelems 4294967295, elemsize 8354
[1755364170.709501] [eos0397:1063738:0]           mpool.c:138  UCX  DEBUG mpool rc_send_desc: align 64, maxelems 4294967295, elemsize 8320
[1755364170.709927] [eos0397:1063738:0]           mpool.c:138  UCX  DEBUG mpool send-ops-mpool: align 64, maxelems 4294967295, elemsize 48
[1755364170.710263] [eos0397:1063738:0]           mpool.c:138  UCX  DEBUG mpool pending-ops: align 1, maxelems 4294967295, elemsize 112
[1755364170.710369] [eos0397:1063738:0]         ib_mlx5.c:1083 UCX  DEBUG SL=0 (AR support - no) was selected on mlx5_4:1, SLs with AR support = { 1, 2, 3, 4, 5, 6, 7, 8, 9, 10, 11, 12, 13, 14, 15 }, SLs without AR support = { 0 }
[1755364170.710783] [eos0397:1063738:0]           mpool.c:138  UCX  DEBUG mpool mlx5_dm_desc: align 64, maxelems 1, elemsize 64
[1755364170.710784] [eos0397:1063738:0]           mpool.c:138  UCX  DEBUG mpool rc_mlx5_atomic_desc: align 64, maxelems 4294967295, elemsize 72
[1755364170.710788] [eos0397:1063738:0]           async.c:248  UCX  DEBUG added async handler 0x555557a766d0 [id=155 ref 1] uct_rc_mlx5_devx_iface_event_handler() to hash
[1755364170.710794] [eos0397:1063738:0]           async.c:522  UCX  DEBUG listening to async event fd 155 events 0x1 mode thread_spinlock
[1755364170.711818] [eos0397:1063738:0]    ib_mlx5dv_md.c:2616 UCX  DEBUG counter_set_id on mlx5_4:1 is 0x1
[1755364170.712471] [eos0397:1063738:0]         dc_mlx5.c:407  UCX  DEBUG created DevX DCI 0x8e9, rdma_wr_disabled=0
[1755364170.712817] [eos0397:1063738:0]         dc_mlx5.c:1729 UCX  DEBUG dc iface 0x5555585f90f0: using 'dcs_quota' policy with 32 dcis and 32768 cqes, dct 0x1db2
[1755364170.712819] [eos0397:1063738:0]         dc_mlx5.c:822  UCX  DEBUG creating dci pool 0 with 32 QPs
[1755364170.712820] [eos0397:1063738:0]         dc_mlx5.c:805  UCX  DEBUG dci pool config: (path_index=0, max_rd_atomic=64)
[1755364170.719663] [eos0397:1063738:0]           mpool.c:282  UCX  DEBUG mpool rc_recv_desc: allocated chunk 0x7ffd5b000018 of 39845864 bytes with 4752 elements
[1755364170.719808] [eos0397:1063738:0]         dc_mlx5.c:1749 UCX  DEBUG created dc iface 0x5555585f90f0
[1755364170.719846] [eos0397:1063738:0]      ucp_worker.c:1436 UCX  DEBUG created interface[31]=0x5555585f90f0 using dc_mlx5/mlx5_4:1 on worker 0x555557704010
[1755364170.719996] [eos0397:1063738:0]        ib_iface.c:1078 UCX  DEBUG using pkey[0] 0xffff on mlx5_4:1/IB
[1755364170.721041] [eos0397:1063738:0]        ib_iface.c:1666 UCX  DEBUG created uct_ib_iface_t headroom_ofs 12 payload_ofs 92 hdr_ofs 90 data_sz 8256
[1755364170.721046] [eos0397:1063738:0]           mpool.c:138  UCX  DEBUG mpool rc_recv_desc: align 64, maxelems 4294967295, elemsize 8354
[1755364170.721047] [eos0397:1063738:0]           mpool.c:138  UCX  DEBUG mpool rc_send_desc: align 64, maxelems 4294967295, elemsize 8320
[1755364170.721114] [eos0397:1063738:0]           mpool.c:138  UCX  DEBUG mpool send-ops-mpool: align 64, maxelems 4294967295, elemsize 48
[1755364170.721487] [eos0397:1063738:0]           mpool.c:138  UCX  DEBUG mpool pending-ops: align 1, maxelems 4294967295, elemsize 64
[1755364170.721579] [eos0397:1063738:0]         ib_mlx5.c:1083 UCX  DEBUG SL=0 (AR support - no) was selected on mlx5_4:1, SLs with AR support = { 1, 2, 3, 4, 5, 6, 7, 8, 9, 10, 11, 12, 13, 14, 15 }, SLs without AR support = { 0 }
[1755364170.721590] [eos0397:1063738:0]           mpool.c:138  UCX  DEBUG mpool rc_mlx5_atomic_desc: align 64, maxelems 4294967295, elemsize 72
[1755364170.721595] [eos0397:1063738:0]           async.c:248  UCX  DEBUG added async handler 0x555558900010 [id=158 ref 1] uct_rc_mlx5_devx_iface_event_handler() to hash
[1755364170.721599] [eos0397:1063738:0]           async.c:522  UCX  DEBUG listening to async event fd 158 events 0x1 mode thread_spinlock
[1755364170.721636] [eos0397:1063738:0]      ucp_worker.c:1436 UCX  DEBUG created interface[32]=0x5555587f6020 using rc_mlx5/mlx5_4:1 on worker 0x555557704010
[1755364170.722475] [eos0397:1063738:0]        ib_iface.c:1078 UCX  DEBUG using pkey[0] 0xffff on mlx5_4:1/IB
[1755364170.723115] [eos0397:1063738:0]        ib_iface.c:1666 UCX  DEBUG created uct_ib_iface_t headroom_ofs 12 payload_ofs 92 hdr_ofs 44 data_sz 4136
[1755364170.723453] [eos0397:1063738:0]        ib_iface.c:1203 UCX  DEBUG mlx5_4: iface 0x555557ead3e0 created UD QP 0x1dc6 on mlx5_4:1 TX wr:256 sge:2 inl:60 resp:0 RX wr:4096 sge:1 resp:0
[1755364170.723454] [eos0397:1063738:0]         ib_mlx5.c:776  UCX  DEBUG tx wq 32768 bytes [bb=64, nwqe=512] mmio_mode bf_post
[1755364170.723737] [eos0397:1063738:0]           mpool.c:138  UCX  DEBUG mpool ud_recv_skb: align 64, maxelems 4294967295, elemsize 4188
[1755364170.723886] [eos0397:1063738:0]           mpool.c:282  UCX  DEBUG mpool ud_recv_skb: allocated chunk 0x7fffc9b7b018 of 544744 bytes with 128 elements
[1755364170.723890] [eos0397:1063738:0]           mpool.c:138  UCX  DEBUG mpool ud_tx_skb: align 64, maxelems 4294967295, elemsize 4208
[1755364170.723900] [eos0397:1063738:0]        ud_iface.c:383  UCX  DEBUG iface 0x555557ead3e0: adding gid fe80::946d:ae03:f:7bda to hash on device mlx5_4 port 1 index 0)
[1755364170.723906] [eos0397:1063738:0]        ud_iface.c:383  UCX  DEBUG iface 0x555557ead3e0: adding gid fe80:: to hash on device mlx5_4 port 1 index 1)
[1755364170.723911] [eos0397:1063738:0]        ud_iface.c:383  UCX  DEBUG iface 0x555557ead3e0: adding gid fe80:: to hash on device mlx5_4 port 1 index 2)
[1755364170.723915] [eos0397:1063738:0]        ud_iface.c:383  UCX  DEBUG iface 0x555557ead3e0: adding gid fe80:: to hash on device mlx5_4 port 1 index 3)
[1755364170.723920] [eos0397:1063738:0]        ud_iface.c:383  UCX  DEBUG iface 0x555557ead3e0: adding gid fe80:: to hash on device mlx5_4 port 1 index 4)
[1755364170.723925] [eos0397:1063738:0]        ud_iface.c:383  UCX  DEBUG iface 0x555557ead3e0: adding gid fe80:: to hash on device mlx5_4 port 1 index 5)
[1755364170.723930] [eos0397:1063738:0]        ud_iface.c:383  UCX  DEBUG iface 0x555557ead3e0: adding gid fe80:: to hash on device mlx5_4 port 1 index 6)
[1755364170.723935] [eos0397:1063738:0]        ud_iface.c:383  UCX  DEBUG iface 0x555557ead3e0: adding gid fe80:: to hash on device mlx5_4 port 1 index 7)
[1755364170.724031] [eos0397:1063738:0]         ib_mlx5.c:1083 UCX  DEBUG SL=0 (AR support - no) was selected on mlx5_4:1, SLs with AR support = { 1, 2, 3, 4, 5, 6, 7, 8, 9, 10, 11, 12, 13, 14, 15 }, SLs without AR support = { 0 }
[1755364170.724040] [eos0397:1063738:0]     timer_wheel.c:41   UCX  DEBUG high res timer created log=23 resolution=4240.642659 usec wanted: 2499.999678 usec
[1755364170.724042] [eos0397:1063738:0]           async.c:248  UCX  DEBUG added async handler 0x55555895a010 [id=160 ref 1] uct_ud_mlx5_iface_async_handler() to hash
[1755364170.724047] [eos0397:1063738:0]           async.c:522  UCX  DEBUG listening to async event fd 160 events 0x5 mode thread_spinlock
[1755364170.724077] [eos0397:1063738:0]      ucp_worker.c:1436 UCX  DEBUG created interface[33]=0x555557ead3e0 using ud_mlx5/mlx5_4:1 on worker 0x555557704010
[1755364170.724218] [eos0397:1063738:0]        ib_iface.c:1078 UCX  DEBUG using pkey[0] 0xffff on mlx5_5:1/IB
[1755364170.724941] [eos0397:1063738:0]        ib_iface.c:1666 UCX  DEBUG created uct_ib_iface_t headroom_ofs 12 payload_ofs 92 hdr_ofs 91 data_sz 8256
[1755364170.724953] [eos0397:1063738:0]           mpool.c:138  UCX  DEBUG mpool rc_recv_desc: align 64, maxelems 4294967295, elemsize 8355
[1755364170.724954] [eos0397:1063738:0]           mpool.c:138  UCX  DEBUG mpool rc_send_desc: align 64, maxelems 4294967295, elemsize 8320
[1755364170.725019] [eos0397:1063738:0]           mpool.c:138  UCX  DEBUG mpool send-ops-mpool: align 64, maxelems 4294967295, elemsize 48
[1755364170.725305] [eos0397:1063738:0]           mpool.c:138  UCX  DEBUG mpool pending-ops: align 1, maxelems 4294967295, elemsize 64
[1755364170.725307] [eos0397:1063738:0]           mpool.c:138  UCX  DEBUG mpool rc_verbs_short_desc: align 64, maxelems 4294967295, elemsize 192
[1755364170.725570] [eos0397:1063738:0]        ib_iface.c:1203 UCX  DEBUG mlx5_5: iface 0x5555589fc0e0 created RC QP 0x8ae on mlx5_5:1 TX wr:409 sge:5 inl:124 resp:64 RX wr:0 sge:0 resp:64
[1755364170.725892] [eos0397:1063738:0]      ucp_worker.c:1436 UCX  DEBUG created interface[34]=0x5555589fc0e0 using rc_verbs/mlx5_5:1 on worker 0x555557704010
[1755364170.725990] [eos0397:1063738:0]        ib_iface.c:1078 UCX  DEBUG using pkey[0] 0xffff on mlx5_5:1/IB
[1755364170.726640] [eos0397:1063738:0]        ib_iface.c:1666 UCX  DEBUG created uct_ib_iface_t headroom_ofs 12 payload_ofs 92 hdr_ofs 44 data_sz 4136
[1755364170.726996] [eos0397:1063738:0]        ib_iface.c:1203 UCX  DEBUG mlx5_5: iface 0x555557e831d0 created UD QP 0x1d70 on mlx5_5:1 TX wr:341 sge:6 inl:124 resp:0 RX wr:4096 sge:1 resp:0
[1755364170.727273] [eos0397:1063738:0]           mpool.c:138  UCX  DEBUG mpool ud_recv_skb: align 64, maxelems 4294967295, elemsize 4188
[1755364170.727423] [eos0397:1063738:0]           mpool.c:282  UCX  DEBUG mpool ud_recv_skb: allocated chunk 0x7fffc9af6018 of 544744 bytes with 128 elements
[1755364170.727425] [eos0397:1063738:0]           mpool.c:138  UCX  DEBUG mpool ud_tx_skb: align 64, maxelems 4294967295, elemsize 4208
[1755364170.727434] [eos0397:1063738:0]        ud_iface.c:383  UCX  DEBUG iface 0x555557e831d0: adding gid fe80::946d:ae03:f:7bd2 to hash on device mlx5_5 port 1 index 0)
[1755364170.727439] [eos0397:1063738:0]        ud_iface.c:383  UCX  DEBUG iface 0x555557e831d0: adding gid fe80:: to hash on device mlx5_5 port 1 index 1)
[1755364170.727444] [eos0397:1063738:0]        ud_iface.c:383  UCX  DEBUG iface 0x555557e831d0: adding gid fe80:: to hash on device mlx5_5 port 1 index 2)
[1755364170.727450] [eos0397:1063738:0]        ud_iface.c:383  UCX  DEBUG iface 0x555557e831d0: adding gid fe80:: to hash on device mlx5_5 port 1 index 3)
[1755364170.727455] [eos0397:1063738:0]        ud_iface.c:383  UCX  DEBUG iface 0x555557e831d0: adding gid fe80:: to hash on device mlx5_5 port 1 index 4)
[1755364170.727460] [eos0397:1063738:0]        ud_iface.c:383  UCX  DEBUG iface 0x555557e831d0: adding gid fe80:: to hash on device mlx5_5 port 1 index 5)
[1755364170.727466] [eos0397:1063738:0]        ud_iface.c:383  UCX  DEBUG iface 0x555557e831d0: adding gid fe80:: to hash on device mlx5_5 port 1 index 6)
[1755364170.727471] [eos0397:1063738:0]        ud_iface.c:383  UCX  DEBUG iface 0x555557e831d0: adding gid fe80:: to hash on device mlx5_5 port 1 index 7)
[1755364170.727543] [eos0397:1063738:0]     timer_wheel.c:41   UCX  DEBUG high res timer created log=23 resolution=4240.642659 usec wanted: 2499.999678 usec
[1755364170.727545] [eos0397:1063738:0]           async.c:248  UCX  DEBUG added async handler 0x555558ac6010 [id=162 ref 1] uct_ud_verbs_iface_async_handler() to hash
[1755364170.727550] [eos0397:1063738:0]           async.c:522  UCX  DEBUG listening to async event fd 162 events 0x5 mode thread_spinlock
[1755364170.727579] [eos0397:1063738:0]      ucp_worker.c:1436 UCX  DEBUG created interface[35]=0x555557e831d0 using ud_verbs/mlx5_5:1 on worker 0x555557704010
[1755364170.727742] [eos0397:1063738:0]        ib_iface.c:1078 UCX  DEBUG using pkey[0] 0xffff on mlx5_5:1/IB
[1755364170.727932] [eos0397:1063738:0]           mpool.c:282  UCX  DEBUG mpool devx dbrec: allocated chunk 0x555557bb9010 of 8176 bytes with 127 elements
[1755364170.730605] [eos0397:1063738:0]        ib_iface.c:1666 UCX  DEBUG created uct_ib_iface_t headroom_ofs 12 payload_ofs 92 hdr_ofs 90 data_sz 8256
[1755364170.730619] [eos0397:1063738:0]           mpool.c:138  UCX  DEBUG mpool rc_recv_desc: align 64, maxelems 4294967295, elemsize 8354
[1755364170.730620] [eos0397:1063738:0]           mpool.c:138  UCX  DEBUG mpool rc_send_desc: align 64, maxelems 4294967295, elemsize 8320
[1755364170.731037] [eos0397:1063738:0]           mpool.c:138  UCX  DEBUG mpool send-ops-mpool: align 64, maxelems 4294967295, elemsize 48
[1755364170.731416] [eos0397:1063738:0]           mpool.c:138  UCX  DEBUG mpool pending-ops: align 1, maxelems 4294967295, elemsize 112
[1755364170.731511] [eos0397:1063738:0]         ib_mlx5.c:1083 UCX  DEBUG SL=0 (AR support - no) was selected on mlx5_5:1, SLs with AR support = { 1, 2, 3, 4, 5, 6, 7, 8, 9, 10, 11, 12, 13, 14, 15 }, SLs without AR support = { 0 }
[1755364170.731919] [eos0397:1063738:0]           mpool.c:138  UCX  DEBUG mpool mlx5_dm_desc: align 64, maxelems 1, elemsize 64
[1755364170.731920] [eos0397:1063738:0]           mpool.c:138  UCX  DEBUG mpool rc_mlx5_atomic_desc: align 64, maxelems 4294967295, elemsize 72
[1755364170.731925] [eos0397:1063738:0]           async.c:248  UCX  DEBUG added async handler 0x555557a74360 [id=164 ref 1] uct_rc_mlx5_devx_iface_event_handler() to hash
[1755364170.731930] [eos0397:1063738:0]           async.c:522  UCX  DEBUG listening to async event fd 164 events 0x1 mode thread_spinlock
[1755364170.732960] [eos0397:1063738:0]    ib_mlx5dv_md.c:2616 UCX  DEBUG counter_set_id on mlx5_5:1 is 0x1
[1755364170.733548] [eos0397:1063738:0]         dc_mlx5.c:407  UCX  DEBUG created DevX DCI 0x8b5, rdma_wr_disabled=0
[1755364170.733875] [eos0397:1063738:0]         dc_mlx5.c:1729 UCX  DEBUG dc iface 0x555558c0a0f0: using 'dcs_quota' policy with 32 dcis and 32768 cqes, dct 0x1d7e
[1755364170.733876] [eos0397:1063738:0]         dc_mlx5.c:822  UCX  DEBUG creating dci pool 0 with 32 QPs
[1755364170.733877] [eos0397:1063738:0]         dc_mlx5.c:805  UCX  DEBUG dci pool config: (path_index=0, max_rd_atomic=64)
[1755364170.740584] [eos0397:1063738:0]           mpool.c:282  UCX  DEBUG mpool rc_recv_desc: allocated chunk 0x7ffd58800018 of 39845864 bytes with 4752 elements
[1755364170.740721] [eos0397:1063738:0]         dc_mlx5.c:1749 UCX  DEBUG created dc iface 0x555558c0a0f0
[1755364170.740760] [eos0397:1063738:0]      ucp_worker.c:1436 UCX  DEBUG created interface[36]=0x555558c0a0f0 using dc_mlx5/mlx5_5:1 on worker 0x555557704010
[1755364170.740908] [eos0397:1063738:0]        ib_iface.c:1078 UCX  DEBUG using pkey[0] 0xffff on mlx5_5:1/IB
[1755364170.741836] [eos0397:1063738:0]        ib_iface.c:1666 UCX  DEBUG created uct_ib_iface_t headroom_ofs 12 payload_ofs 92 hdr_ofs 90 data_sz 8256
[1755364170.741841] [eos0397:1063738:0]           mpool.c:138  UCX  DEBUG mpool rc_recv_desc: align 64, maxelems 4294967295, elemsize 8354
[1755364170.741842] [eos0397:1063738:0]           mpool.c:138  UCX  DEBUG mpool rc_send_desc: align 64, maxelems 4294967295, elemsize 8320
[1755364170.741905] [eos0397:1063738:0]           mpool.c:138  UCX  DEBUG mpool send-ops-mpool: align 64, maxelems 4294967295, elemsize 48
[1755364170.742225] [eos0397:1063738:0]           mpool.c:138  UCX  DEBUG mpool pending-ops: align 1, maxelems 4294967295, elemsize 64
[1755364170.742318] [eos0397:1063738:0]         ib_mlx5.c:1083 UCX  DEBUG SL=0 (AR support - no) was selected on mlx5_5:1, SLs with AR support = { 1, 2, 3, 4, 5, 6, 7, 8, 9, 10, 11, 12, 13, 14, 15 }, SLs without AR support = { 0 }
[1755364170.742319] [eos0397:1063738:0]           mpool.c:138  UCX  DEBUG mpool rc_mlx5_atomic_desc: align 64, maxelems 4294967295, elemsize 72
[1755364170.742323] [eos0397:1063738:0]           async.c:248  UCX  DEBUG added async handler 0x555558f12010 [id=167 ref 1] uct_rc_mlx5_devx_iface_event_handler() to hash
[1755364170.742328] [eos0397:1063738:0]           async.c:522  UCX  DEBUG listening to async event fd 167 events 0x1 mode thread_spinlock
[1755364170.742363] [eos0397:1063738:0]      ucp_worker.c:1436 UCX  DEBUG created interface[37]=0x555558e07020 using rc_mlx5/mlx5_5:1 on worker 0x555557704010
[1755364170.743232] [eos0397:1063738:0]        ib_iface.c:1078 UCX  DEBUG using pkey[0] 0xffff on mlx5_5:1/IB
[1755364170.743875] [eos0397:1063738:0]        ib_iface.c:1666 UCX  DEBUG created uct_ib_iface_t headroom_ofs 12 payload_ofs 92 hdr_ofs 44 data_sz 4136
[1755364170.744174] [eos0397:1063738:0]        ib_iface.c:1203 UCX  DEBUG mlx5_5: iface 0x555557aa11b0 created UD QP 0x1d92 on mlx5_5:1 TX wr:256 sge:2 inl:60 resp:0 RX wr:4096 sge:1 resp:0
[1755364170.744175] [eos0397:1063738:0]         ib_mlx5.c:776  UCX  DEBUG tx wq 32768 bytes [bb=64, nwqe=512] mmio_mode bf_post
[1755364170.744442] [eos0397:1063738:0]           mpool.c:138  UCX  DEBUG mpool ud_recv_skb: align 64, maxelems 4294967295, elemsize 4188
[1755364170.744589] [eos0397:1063738:0]           mpool.c:282  UCX  DEBUG mpool ud_recv_skb: allocated chunk 0x7fffc9a71018 of 544744 bytes with 128 elements
[1755364170.744595] [eos0397:1063738:0]           mpool.c:138  UCX  DEBUG mpool ud_tx_skb: align 64, maxelems 4294967295, elemsize 4208
[1755364170.744604] [eos0397:1063738:0]        ud_iface.c:383  UCX  DEBUG iface 0x555557aa11b0: adding gid fe80::946d:ae03:f:7bd2 to hash on device mlx5_5 port 1 index 0)
[1755364170.744610] [eos0397:1063738:0]        ud_iface.c:383  UCX  DEBUG iface 0x555557aa11b0: adding gid fe80:: to hash on device mlx5_5 port 1 index 1)
[1755364170.744615] [eos0397:1063738:0]        ud_iface.c:383  UCX  DEBUG iface 0x555557aa11b0: adding gid fe80:: to hash on device mlx5_5 port 1 index 2)
[1755364170.744620] [eos0397:1063738:0]        ud_iface.c:383  UCX  DEBUG iface 0x555557aa11b0: adding gid fe80:: to hash on device mlx5_5 port 1 index 3)
[1755364170.744625] [eos0397:1063738:0]        ud_iface.c:383  UCX  DEBUG iface 0x555557aa11b0: adding gid fe80:: to hash on device mlx5_5 port 1 index 4)
[1755364170.744630] [eos0397:1063738:0]        ud_iface.c:383  UCX  DEBUG iface 0x555557aa11b0: adding gid fe80:: to hash on device mlx5_5 port 1 index 5)
[1755364170.744638] [eos0397:1063738:0]        ud_iface.c:383  UCX  DEBUG iface 0x555557aa11b0: adding gid fe80:: to hash on device mlx5_5 port 1 index 6)
[1755364170.744645] [eos0397:1063738:0]        ud_iface.c:383  UCX  DEBUG iface 0x555557aa11b0: adding gid fe80:: to hash on device mlx5_5 port 1 index 7)
[1755364170.744735] [eos0397:1063738:0]         ib_mlx5.c:1083 UCX  DEBUG SL=0 (AR support - no) was selected on mlx5_5:1, SLs with AR support = { 1, 2, 3, 4, 5, 6, 7, 8, 9, 10, 11, 12, 13, 14, 15 }, SLs without AR support = { 0 }
[1755364170.744745] [eos0397:1063738:0]     timer_wheel.c:41   UCX  DEBUG high res timer created log=23 resolution=4240.642659 usec wanted: 2499.999678 usec
[1755364170.744746] [eos0397:1063738:0]           async.c:248  UCX  DEBUG added async handler 0x555558f6c010 [id=169 ref 1] uct_ud_mlx5_iface_async_handler() to hash
[1755364170.744752] [eos0397:1063738:0]           async.c:522  UCX  DEBUG listening to async event fd 169 events 0x5 mode thread_spinlock
[1755364170.744787] [eos0397:1063738:0]      ucp_worker.c:1436 UCX  DEBUG created interface[38]=0x555557aa11b0 using ud_mlx5/mlx5_5:1 on worker 0x555557704010
[1755364170.744929] [eos0397:1063738:0]        ib_iface.c:1078 UCX  DEBUG using pkey[0] 0xffff on mlx5_6:1/IB
[1755364170.745697] [eos0397:1063738:0]        ib_iface.c:1666 UCX  DEBUG created uct_ib_iface_t headroom_ofs 12 payload_ofs 92 hdr_ofs 91 data_sz 8256
[1755364170.745709] [eos0397:1063738:0]           mpool.c:138  UCX  DEBUG mpool rc_recv_desc: align 64, maxelems 4294967295, elemsize 8355
[1755364170.745710] [eos0397:1063738:0]           mpool.c:138  UCX  DEBUG mpool rc_send_desc: align 64, maxelems 4294967295, elemsize 8320
[1755364170.745775] [eos0397:1063738:0]           mpool.c:138  UCX  DEBUG mpool send-ops-mpool: align 64, maxelems 4294967295, elemsize 48
[1755364170.746057] [eos0397:1063738:0]           mpool.c:138  UCX  DEBUG mpool pending-ops: align 1, maxelems 4294967295, elemsize 64
[1755364170.746067] [eos0397:1063738:0]           mpool.c:138  UCX  DEBUG mpool rc_verbs_short_desc: align 64, maxelems 4294967295, elemsize 192
[1755364170.746333] [eos0397:1063738:0]        ib_iface.c:1203 UCX  DEBUG mlx5_6: iface 0x55555900e0e0 created RC QP 0x984 on mlx5_6:1 TX wr:409 sge:5 inl:124 resp:64 RX wr:0 sge:0 resp:64
[1755364170.746719] [eos0397:1063738:0]      ucp_worker.c:1436 UCX  DEBUG created interface[39]=0x55555900e0e0 using rc_verbs/mlx5_6:1 on worker 0x555557704010
[1755364170.746815] [eos0397:1063738:0]        ib_iface.c:1078 UCX  DEBUG using pkey[0] 0xffff on mlx5_6:1/IB
[1755364170.747395] [eos0397:1063738:0]        ib_iface.c:1666 UCX  DEBUG created uct_ib_iface_t headroom_ofs 12 payload_ofs 92 hdr_ofs 44 data_sz 4136
[1755364170.747779] [eos0397:1063738:0]        ib_iface.c:1203 UCX  DEBUG mlx5_6: iface 0x555557c10010 created UD QP 0x1e45 on mlx5_6:1 TX wr:341 sge:6 inl:124 resp:0 RX wr:4096 sge:1 resp:0
[1755364170.748066] [eos0397:1063738:0]           mpool.c:138  UCX  DEBUG mpool ud_recv_skb: align 64, maxelems 4294967295, elemsize 4188
[1755364170.748218] [eos0397:1063738:0]           mpool.c:282  UCX  DEBUG mpool ud_recv_skb: allocated chunk 0x7fffc977b018 of 544744 bytes with 128 elements
[1755364170.748220] [eos0397:1063738:0]           mpool.c:138  UCX  DEBUG mpool ud_tx_skb: align 64, maxelems 4294967295, elemsize 4208
[1755364170.748227] [eos0397:1063738:0]        ud_iface.c:383  UCX  DEBUG iface 0x555557c10010: adding gid fe80::946d:ae03:f:7336 to hash on device mlx5_6 port 1 index 0)
[1755364170.748232] [eos0397:1063738:0]        ud_iface.c:383  UCX  DEBUG iface 0x555557c10010: adding gid fe80:: to hash on device mlx5_6 port 1 index 1)
[1755364170.748237] [eos0397:1063738:0]        ud_iface.c:383  UCX  DEBUG iface 0x555557c10010: adding gid fe80:: to hash on device mlx5_6 port 1 index 2)
[1755364170.748243] [eos0397:1063738:0]        ud_iface.c:383  UCX  DEBUG iface 0x555557c10010: adding gid fe80:: to hash on device mlx5_6 port 1 index 3)
[1755364170.748248] [eos0397:1063738:0]        ud_iface.c:383  UCX  DEBUG iface 0x555557c10010: adding gid fe80:: to hash on device mlx5_6 port 1 index 4)
[1755364170.748253] [eos0397:1063738:0]        ud_iface.c:383  UCX  DEBUG iface 0x555557c10010: adding gid fe80:: to hash on device mlx5_6 port 1 index 5)
[1755364170.748257] [eos0397:1063738:0]        ud_iface.c:383  UCX  DEBUG iface 0x555557c10010: adding gid fe80:: to hash on device mlx5_6 port 1 index 6)
[1755364170.748262] [eos0397:1063738:0]        ud_iface.c:383  UCX  DEBUG iface 0x555557c10010: adding gid fe80:: to hash on device mlx5_6 port 1 index 7)
[1755364170.748344] [eos0397:1063738:0]     timer_wheel.c:41   UCX  DEBUG high res timer created log=23 resolution=4240.642659 usec wanted: 2499.999678 usec
[1755364170.748345] [eos0397:1063738:0]           async.c:248  UCX  DEBUG added async handler 0x5555590d8010 [id=171 ref 1] uct_ud_verbs_iface_async_handler() to hash
[1755364170.748351] [eos0397:1063738:0]           async.c:522  UCX  DEBUG listening to async event fd 171 events 0x5 mode thread_spinlock
[1755364170.748380] [eos0397:1063738:0]      ucp_worker.c:1436 UCX  DEBUG created interface[40]=0x555557c10010 using ud_verbs/mlx5_6:1 on worker 0x555557704010
[1755364170.748536] [eos0397:1063738:0]        ib_iface.c:1078 UCX  DEBUG using pkey[0] 0xffff on mlx5_6:1/IB
[1755364170.748725] [eos0397:1063738:0]           mpool.c:282  UCX  DEBUG mpool devx dbrec: allocated chunk 0x555558552010 of 8176 bytes with 127 elements
[1755364170.751326] [eos0397:1063738:0]        ib_iface.c:1666 UCX  DEBUG created uct_ib_iface_t headroom_ofs 12 payload_ofs 92 hdr_ofs 90 data_sz 8256
[1755364170.751341] [eos0397:1063738:0]           mpool.c:138  UCX  DEBUG mpool rc_recv_desc: align 64, maxelems 4294967295, elemsize 8354
[1755364170.751342] [eos0397:1063738:0]           mpool.c:138  UCX  DEBUG mpool rc_send_desc: align 64, maxelems 4294967295, elemsize 8320
[1755364170.751766] [eos0397:1063738:0]           mpool.c:138  UCX  DEBUG mpool send-ops-mpool: align 64, maxelems 4294967295, elemsize 48
[1755364170.752131] [eos0397:1063738:0]           mpool.c:138  UCX  DEBUG mpool pending-ops: align 1, maxelems 4294967295, elemsize 112
[1755364170.752235] [eos0397:1063738:0]         ib_mlx5.c:1083 UCX  DEBUG SL=0 (AR support - no) was selected on mlx5_6:1, SLs with AR support = { 1, 2, 3, 4, 5, 6, 7, 8, 9, 10, 11, 12, 13, 14, 15 }, SLs without AR support = { 0 }
[1755364170.752645] [eos0397:1063738:0]           mpool.c:138  UCX  DEBUG mpool mlx5_dm_desc: align 64, maxelems 1, elemsize 64
[1755364170.752646] [eos0397:1063738:0]           mpool.c:138  UCX  DEBUG mpool rc_mlx5_atomic_desc: align 64, maxelems 4294967295, elemsize 72
[1755364170.752650] [eos0397:1063738:0]           async.c:248  UCX  DEBUG added async handler 0x5555581d0dd0 [id=173 ref 1] uct_rc_mlx5_devx_iface_event_handler() to hash
[1755364170.752656] [eos0397:1063738:0]           async.c:522  UCX  DEBUG listening to async event fd 173 events 0x1 mode thread_spinlock
[1755364170.753682] [eos0397:1063738:0]    ib_mlx5dv_md.c:2616 UCX  DEBUG counter_set_id on mlx5_6:1 is 0x1
[1755364170.754291] [eos0397:1063738:0]         dc_mlx5.c:407  UCX  DEBUG created DevX DCI 0x98d, rdma_wr_disabled=0
[1755364170.754605] [eos0397:1063738:0]         dc_mlx5.c:1729 UCX  DEBUG dc iface 0x555559218030: using 'dcs_quota' policy with 32 dcis and 32768 cqes, dct 0x1e54
[1755364170.754607] [eos0397:1063738:0]         dc_mlx5.c:822  UCX  DEBUG creating dci pool 0 with 32 QPs
[1755364170.754608] [eos0397:1063738:0]         dc_mlx5.c:805  UCX  DEBUG dci pool config: (path_index=0, max_rd_atomic=64)
[1755364170.761300] [eos0397:1063738:0]           mpool.c:282  UCX  DEBUG mpool rc_recv_desc: allocated chunk 0x7ffd56000018 of 39845864 bytes with 4752 elements
[1755364170.761430] [eos0397:1063738:0]         dc_mlx5.c:1749 UCX  DEBUG created dc iface 0x555559218030
[1755364170.761470] [eos0397:1063738:0]      ucp_worker.c:1436 UCX  DEBUG created interface[41]=0x555559218030 using dc_mlx5/mlx5_6:1 on worker 0x555557704010
[1755364170.761623] [eos0397:1063738:0]        ib_iface.c:1078 UCX  DEBUG using pkey[0] 0xffff on mlx5_6:1/IB
[1755364170.762686] [eos0397:1063738:0]        ib_iface.c:1666 UCX  DEBUG created uct_ib_iface_t headroom_ofs 12 payload_ofs 92 hdr_ofs 90 data_sz 8256
[1755364170.762691] [eos0397:1063738:0]           mpool.c:138  UCX  DEBUG mpool rc_recv_desc: align 64, maxelems 4294967295, elemsize 8354
[1755364170.762692] [eos0397:1063738:0]           mpool.c:138  UCX  DEBUG mpool rc_send_desc: align 64, maxelems 4294967295, elemsize 8320
[1755364170.762756] [eos0397:1063738:0]           mpool.c:138  UCX  DEBUG mpool send-ops-mpool: align 64, maxelems 4294967295, elemsize 48
[1755364170.763083] [eos0397:1063738:0]           mpool.c:138  UCX  DEBUG mpool pending-ops: align 1, maxelems 4294967295, elemsize 64
[1755364170.763172] [eos0397:1063738:0]         ib_mlx5.c:1083 UCX  DEBUG SL=0 (AR support - no) was selected on mlx5_6:1, SLs with AR support = { 1, 2, 3, 4, 5, 6, 7, 8, 9, 10, 11, 12, 13, 14, 15 }, SLs without AR support = { 0 }
[1755364170.763174] [eos0397:1063738:0]           mpool.c:138  UCX  DEBUG mpool rc_mlx5_atomic_desc: align 64, maxelems 4294967295, elemsize 72
[1755364170.763178] [eos0397:1063738:0]           async.c:248  UCX  DEBUG added async handler 0x555559522010 [id=176 ref 1] uct_rc_mlx5_devx_iface_event_handler() to hash
[1755364170.763184] [eos0397:1063738:0]           async.c:522  UCX  DEBUG listening to async event fd 176 events 0x1 mode thread_spinlock
[1755364170.763218] [eos0397:1063738:0]      ucp_worker.c:1436 UCX  DEBUG created interface[42]=0x555559418060 using rc_mlx5/mlx5_6:1 on worker 0x555557704010
[1755364170.764075] [eos0397:1063738:0]        ib_iface.c:1078 UCX  DEBUG using pkey[0] 0xffff on mlx5_6:1/IB
[1755364170.764710] [eos0397:1063738:0]        ib_iface.c:1666 UCX  DEBUG created uct_ib_iface_t headroom_ofs 12 payload_ofs 92 hdr_ofs 44 data_sz 4136
[1755364170.765009] [eos0397:1063738:0]        ib_iface.c:1203 UCX  DEBUG mlx5_6: iface 0x555557c0e0f0 created UD QP 0x1e69 on mlx5_6:1 TX wr:256 sge:2 inl:60 resp:0 RX wr:4096 sge:1 resp:0
[1755364170.765021] [eos0397:1063738:0]         ib_mlx5.c:776  UCX  DEBUG tx wq 32768 bytes [bb=64, nwqe=512] mmio_mode bf_post
[1755364170.765277] [eos0397:1063738:0]           mpool.c:138  UCX  DEBUG mpool ud_recv_skb: align 64, maxelems 4294967295, elemsize 4188
[1755364170.765428] [eos0397:1063738:0]           mpool.c:282  UCX  DEBUG mpool ud_recv_skb: allocated chunk 0x7fffc96f6018 of 544744 bytes with 128 elements
[1755364170.765430] [eos0397:1063738:0]           mpool.c:138  UCX  DEBUG mpool ud_tx_skb: align 64, maxelems 4294967295, elemsize 4208
[1755364170.765442] [eos0397:1063738:0]        ud_iface.c:383  UCX  DEBUG iface 0x555557c0e0f0: adding gid fe80::946d:ae03:f:7336 to hash on device mlx5_6 port 1 index 0)
[1755364170.765449] [eos0397:1063738:0]        ud_iface.c:383  UCX  DEBUG iface 0x555557c0e0f0: adding gid fe80:: to hash on device mlx5_6 port 1 index 1)
[1755364170.765459] [eos0397:1063738:0]        ud_iface.c:383  UCX  DEBUG iface 0x555557c0e0f0: adding gid fe80:: to hash on device mlx5_6 port 1 index 2)
[1755364170.765465] [eos0397:1063738:0]        ud_iface.c:383  UCX  DEBUG iface 0x555557c0e0f0: adding gid fe80:: to hash on device mlx5_6 port 1 index 3)
[1755364170.765470] [eos0397:1063738:0]        ud_iface.c:383  UCX  DEBUG iface 0x555557c0e0f0: adding gid fe80:: to hash on device mlx5_6 port 1 index 4)
[1755364170.765476] [eos0397:1063738:0]        ud_iface.c:383  UCX  DEBUG iface 0x555557c0e0f0: adding gid fe80:: to hash on device mlx5_6 port 1 index 5)
[1755364170.765482] [eos0397:1063738:0]        ud_iface.c:383  UCX  DEBUG iface 0x555557c0e0f0: adding gid fe80:: to hash on device mlx5_6 port 1 index 6)
[1755364170.765491] [eos0397:1063738:0]        ud_iface.c:383  UCX  DEBUG iface 0x555557c0e0f0: adding gid fe80:: to hash on device mlx5_6 port 1 index 7)
[1755364170.765580] [eos0397:1063738:0]         ib_mlx5.c:1083 UCX  DEBUG SL=0 (AR support - no) was selected on mlx5_6:1, SLs with AR support = { 1, 2, 3, 4, 5, 6, 7, 8, 9, 10, 11, 12, 13, 14, 15 }, SLs without AR support = { 0 }
[1755364170.765591] [eos0397:1063738:0]     timer_wheel.c:41   UCX  DEBUG high res timer created log=23 resolution=4240.642659 usec wanted: 2499.999678 usec
[1755364170.765595] [eos0397:1063738:0]           async.c:248  UCX  DEBUG added async handler 0x555559603010 [id=178 ref 1] uct_ud_mlx5_iface_async_handler() to hash
[1755364170.765600] [eos0397:1063738:0]           async.c:522  UCX  DEBUG listening to async event fd 178 events 0x5 mode thread_spinlock
[1755364170.765638] [eos0397:1063738:0]      ucp_worker.c:1436 UCX  DEBUG created interface[43]=0x555557c0e0f0 using ud_mlx5/mlx5_6:1 on worker 0x555557704010
[1755364170.765780] [eos0397:1063738:0]        ib_iface.c:1078 UCX  DEBUG using pkey[0] 0xffff on mlx5_9:1/IB
[1755364170.766559] [eos0397:1063738:0]        ib_iface.c:1666 UCX  DEBUG created uct_ib_iface_t headroom_ofs 12 payload_ofs 92 hdr_ofs 91 data_sz 8256
[1755364170.766572] [eos0397:1063738:0]           mpool.c:138  UCX  DEBUG mpool rc_recv_desc: align 64, maxelems 4294967295, elemsize 8355
[1755364170.766573] [eos0397:1063738:0]           mpool.c:138  UCX  DEBUG mpool rc_send_desc: align 64, maxelems 4294967295, elemsize 8320
[1755364170.766638] [eos0397:1063738:0]           mpool.c:138  UCX  DEBUG mpool send-ops-mpool: align 64, maxelems 4294967295, elemsize 48
[1755364170.766920] [eos0397:1063738:0]           mpool.c:138  UCX  DEBUG mpool pending-ops: align 1, maxelems 4294967295, elemsize 64
[1755364170.766922] [eos0397:1063738:0]           mpool.c:138  UCX  DEBUG mpool rc_verbs_short_desc: align 64, maxelems 4294967295, elemsize 192
[1755364170.767208] [eos0397:1063738:0]        ib_iface.c:1203 UCX  DEBUG mlx5_9: iface 0x555559624010 created RC QP 0x8dc on mlx5_9:1 TX wr:409 sge:5 inl:124 resp:64 RX wr:0 sge:0 resp:64
[1755364170.767542] [eos0397:1063738:0]      ucp_worker.c:1436 UCX  DEBUG created interface[44]=0x555559624010 using rc_verbs/mlx5_9:1 on worker 0x555557704010
[1755364170.767641] [eos0397:1063738:0]        ib_iface.c:1078 UCX  DEBUG using pkey[0] 0xffff on mlx5_9:1/IB
[1755364170.768231] [eos0397:1063738:0]        ib_iface.c:1666 UCX  DEBUG created uct_ib_iface_t headroom_ofs 12 payload_ofs 92 hdr_ofs 44 data_sz 4136
[1755364170.768568] [eos0397:1063738:0]        ib_iface.c:1203 UCX  DEBUG mlx5_9: iface 0x5555591eb4d0 created UD QP 0x1d9a on mlx5_9:1 TX wr:341 sge:6 inl:124 resp:0 RX wr:4096 sge:1 resp:0
[1755364170.768839] [eos0397:1063738:0]           mpool.c:138  UCX  DEBUG mpool ud_recv_skb: align 64, maxelems 4294967295, elemsize 4188
[1755364170.768990] [eos0397:1063738:0]           mpool.c:282  UCX  DEBUG mpool ud_recv_skb: allocated chunk 0x7fffc9671018 of 544744 bytes with 128 elements
[1755364170.768991] [eos0397:1063738:0]           mpool.c:138  UCX  DEBUG mpool ud_tx_skb: align 64, maxelems 4294967295, elemsize 4208
[1755364170.768999] [eos0397:1063738:0]        ud_iface.c:383  UCX  DEBUG iface 0x5555591eb4d0: adding gid fe80::946d:ae03:f:733e to hash on device mlx5_9 port 1 index 0)
[1755364170.769005] [eos0397:1063738:0]        ud_iface.c:383  UCX  DEBUG iface 0x5555591eb4d0: adding gid fe80:: to hash on device mlx5_9 port 1 index 1)
[1755364170.769010] [eos0397:1063738:0]        ud_iface.c:383  UCX  DEBUG iface 0x5555591eb4d0: adding gid fe80:: to hash on device mlx5_9 port 1 index 2)
[1755364170.769015] [eos0397:1063738:0]        ud_iface.c:383  UCX  DEBUG iface 0x5555591eb4d0: adding gid fe80:: to hash on device mlx5_9 port 1 index 3)
[1755364170.769020] [eos0397:1063738:0]        ud_iface.c:383  UCX  DEBUG iface 0x5555591eb4d0: adding gid fe80:: to hash on device mlx5_9 port 1 index 4)
[1755364170.769025] [eos0397:1063738:0]        ud_iface.c:383  UCX  DEBUG iface 0x5555591eb4d0: adding gid fe80:: to hash on device mlx5_9 port 1 index 5)
[1755364170.769031] [eos0397:1063738:0]        ud_iface.c:383  UCX  DEBUG iface 0x5555591eb4d0: adding gid fe80:: to hash on device mlx5_9 port 1 index 6)
[1755364170.769042] [eos0397:1063738:0]        ud_iface.c:383  UCX  DEBUG iface 0x5555591eb4d0: adding gid fe80:: to hash on device mlx5_9 port 1 index 7)
[1755364170.769119] [eos0397:1063738:0]     timer_wheel.c:41   UCX  DEBUG high res timer created log=23 resolution=4240.642659 usec wanted: 2499.999678 usec
[1755364170.769121] [eos0397:1063738:0]           async.c:248  UCX  DEBUG added async handler 0x5555596ee010 [id=180 ref 1] uct_ud_verbs_iface_async_handler() to hash
[1755364170.769126] [eos0397:1063738:0]           async.c:522  UCX  DEBUG listening to async event fd 180 events 0x5 mode thread_spinlock
[1755364170.769153] [eos0397:1063738:0]      ucp_worker.c:1436 UCX  DEBUG created interface[45]=0x5555591eb4d0 using ud_verbs/mlx5_9:1 on worker 0x555557704010
[1755364170.769308] [eos0397:1063738:0]        ib_iface.c:1078 UCX  DEBUG using pkey[0] 0xffff on mlx5_9:1/IB
[1755364170.769503] [eos0397:1063738:0]           mpool.c:282  UCX  DEBUG mpool devx dbrec: allocated chunk 0x555559839010 of 8176 bytes with 127 elements
[1755364170.772042] [eos0397:1063738:0]        ib_iface.c:1666 UCX  DEBUG created uct_ib_iface_t headroom_ofs 12 payload_ofs 92 hdr_ofs 90 data_sz 8256
[1755364170.772055] [eos0397:1063738:0]           mpool.c:138  UCX  DEBUG mpool rc_recv_desc: align 64, maxelems 4294967295, elemsize 8354
[1755364170.772056] [eos0397:1063738:0]           mpool.c:138  UCX  DEBUG mpool rc_send_desc: align 64, maxelems 4294967295, elemsize 8320
[1755364170.772462] [eos0397:1063738:0]           mpool.c:138  UCX  DEBUG mpool send-ops-mpool: align 64, maxelems 4294967295, elemsize 48
[1755364170.772803] [eos0397:1063738:0]           mpool.c:138  UCX  DEBUG mpool pending-ops: align 1, maxelems 4294967295, elemsize 112
[1755364170.772899] [eos0397:1063738:0]         ib_mlx5.c:1083 UCX  DEBUG SL=0 (AR support - no) was selected on mlx5_9:1, SLs with AR support = { 1, 2, 3, 4, 5, 6, 7, 8, 9, 10, 11, 12, 13, 14, 15 }, SLs without AR support = { 0 }
[1755364170.773336] [eos0397:1063738:0]           mpool.c:138  UCX  DEBUG mpool mlx5_dm_desc: align 64, maxelems 1, elemsize 64
[1755364170.773338] [eos0397:1063738:0]           mpool.c:138  UCX  DEBUG mpool rc_mlx5_atomic_desc: align 64, maxelems 4294967295, elemsize 72
[1755364170.773351] [eos0397:1063738:0]           async.c:248  UCX  DEBUG added async handler 0x5555598bc010 [id=182 ref 1] uct_rc_mlx5_devx_iface_event_handler() to hash
[1755364170.773356] [eos0397:1063738:0]           async.c:522  UCX  DEBUG listening to async event fd 182 events 0x1 mode thread_spinlock
[1755364170.774352] [eos0397:1063738:0]    ib_mlx5dv_md.c:2616 UCX  DEBUG counter_set_id on mlx5_9:1 is 0x1
[1755364170.774927] [eos0397:1063738:0]         dc_mlx5.c:407  UCX  DEBUG created DevX DCI 0x8e4, rdma_wr_disabled=0
[1755364170.775255] [eos0397:1063738:0]         dc_mlx5.c:1729 UCX  DEBUG dc iface 0x555559830030: using 'dcs_quota' policy with 32 dcis and 32768 cqes, dct 0x1da8
[1755364170.775257] [eos0397:1063738:0]         dc_mlx5.c:822  UCX  DEBUG creating dci pool 0 with 32 QPs
[1755364170.775258] [eos0397:1063738:0]         dc_mlx5.c:805  UCX  DEBUG dci pool config: (path_index=0, max_rd_atomic=64)
[1755364170.781738] [eos0397:1063738:0]           mpool.c:282  UCX  DEBUG mpool rc_recv_desc: allocated chunk 0x7ffd53800018 of 39845864 bytes with 4752 elements
[1755364170.781863] [eos0397:1063738:0]         dc_mlx5.c:1749 UCX  DEBUG created dc iface 0x555559830030
[1755364170.781902] [eos0397:1063738:0]      ucp_worker.c:1436 UCX  DEBUG created interface[46]=0x555559830030 using dc_mlx5/mlx5_9:1 on worker 0x555557704010
[1755364170.782057] [eos0397:1063738:0]        ib_iface.c:1078 UCX  DEBUG using pkey[0] 0xffff on mlx5_9:1/IB
[1755364170.783148] [eos0397:1063738:0]        ib_iface.c:1666 UCX  DEBUG created uct_ib_iface_t headroom_ofs 12 payload_ofs 92 hdr_ofs 90 data_sz 8256
[1755364170.783153] [eos0397:1063738:0]           mpool.c:138  UCX  DEBUG mpool rc_recv_desc: align 64, maxelems 4294967295, elemsize 8354
[1755364170.783154] [eos0397:1063738:0]           mpool.c:138  UCX  DEBUG mpool rc_send_desc: align 64, maxelems 4294967295, elemsize 8320
[1755364170.783217] [eos0397:1063738:0]           mpool.c:138  UCX  DEBUG mpool send-ops-mpool: align 64, maxelems 4294967295, elemsize 48
[1755364170.783549] [eos0397:1063738:0]           mpool.c:138  UCX  DEBUG mpool pending-ops: align 1, maxelems 4294967295, elemsize 64
[1755364170.783644] [eos0397:1063738:0]         ib_mlx5.c:1083 UCX  DEBUG SL=0 (AR support - no) was selected on mlx5_9:1, SLs with AR support = { 1, 2, 3, 4, 5, 6, 7, 8, 9, 10, 11, 12, 13, 14, 15 }, SLs without AR support = { 0 }
[1755364170.783646] [eos0397:1063738:0]           mpool.c:138  UCX  DEBUG mpool rc_mlx5_atomic_desc: align 64, maxelems 4294967295, elemsize 72
[1755364170.783650] [eos0397:1063738:0]           async.c:248  UCX  DEBUG added async handler 0x555559b3b010 [id=185 ref 1] uct_rc_mlx5_devx_iface_event_handler() to hash
[1755364170.783655] [eos0397:1063738:0]           async.c:522  UCX  DEBUG listening to async event fd 185 events 0x1 mode thread_spinlock
[1755364170.783708] [eos0397:1063738:0]      ucp_worker.c:1436 UCX  DEBUG created interface[47]=0x555559a31060 using rc_mlx5/mlx5_9:1 on worker 0x555557704010
[1755364170.784577] [eos0397:1063738:0]        ib_iface.c:1078 UCX  DEBUG using pkey[0] 0xffff on mlx5_9:1/IB
[1755364170.785320] [eos0397:1063738:0]        ib_iface.c:1666 UCX  DEBUG created uct_ib_iface_t headroom_ofs 12 payload_ofs 92 hdr_ofs 44 data_sz 4136
[1755364170.785583] [eos0397:1063738:0]        ib_iface.c:1203 UCX  DEBUG mlx5_9: iface 0x5555585560e0 created UD QP 0x1dc1 on mlx5_9:1 TX wr:256 sge:2 inl:60 resp:0 RX wr:4096 sge:1 resp:0
[1755364170.785584] [eos0397:1063738:0]         ib_mlx5.c:776  UCX  DEBUG tx wq 32768 bytes [bb=64, nwqe=512] mmio_mode bf_post
[1755364170.785845] [eos0397:1063738:0]           mpool.c:138  UCX  DEBUG mpool ud_recv_skb: align 64, maxelems 4294967295, elemsize 4188
[1755364170.785999] [eos0397:1063738:0]           mpool.c:282  UCX  DEBUG mpool ud_recv_skb: allocated chunk 0x7fffc937b018 of 544744 bytes with 128 elements
[1755364170.786001] [eos0397:1063738:0]           mpool.c:138  UCX  DEBUG mpool ud_tx_skb: align 64, maxelems 4294967295, elemsize 4208
[1755364170.786011] [eos0397:1063738:0]        ud_iface.c:383  UCX  DEBUG iface 0x5555585560e0: adding gid fe80::946d:ae03:f:733e to hash on device mlx5_9 port 1 index 0)
[1755364170.786017] [eos0397:1063738:0]        ud_iface.c:383  UCX  DEBUG iface 0x5555585560e0: adding gid fe80:: to hash on device mlx5_9 port 1 index 1)
[1755364170.786021] [eos0397:1063738:0]        ud_iface.c:383  UCX  DEBUG iface 0x5555585560e0: adding gid fe80:: to hash on device mlx5_9 port 1 index 2)
[1755364170.786026] [eos0397:1063738:0]        ud_iface.c:383  UCX  DEBUG iface 0x5555585560e0: adding gid fe80:: to hash on device mlx5_9 port 1 index 3)
[1755364170.786031] [eos0397:1063738:0]        ud_iface.c:383  UCX  DEBUG iface 0x5555585560e0: adding gid fe80:: to hash on device mlx5_9 port 1 index 4)
[1755364170.786036] [eos0397:1063738:0]        ud_iface.c:383  UCX  DEBUG iface 0x5555585560e0: adding gid fe80:: to hash on device mlx5_9 port 1 index 5)
[1755364170.786048] [eos0397:1063738:0]        ud_iface.c:383  UCX  DEBUG iface 0x5555585560e0: adding gid fe80:: to hash on device mlx5_9 port 1 index 6)
[1755364170.786057] [eos0397:1063738:0]        ud_iface.c:383  UCX  DEBUG iface 0x5555585560e0: adding gid fe80:: to hash on device mlx5_9 port 1 index 7)
[1755364170.786145] [eos0397:1063738:0]         ib_mlx5.c:1083 UCX  DEBUG SL=0 (AR support - no) was selected on mlx5_9:1, SLs with AR support = { 1, 2, 3, 4, 5, 6, 7, 8, 9, 10, 11, 12, 13, 14, 15 }, SLs without AR support = { 0 }
[1755364170.786159] [eos0397:1063738:0]     timer_wheel.c:41   UCX  DEBUG high res timer created log=23 resolution=4240.642659 usec wanted: 2499.999678 usec
[1755364170.786161] [eos0397:1063738:0]           async.c:248  UCX  DEBUG added async handler 0x555559b86010 [id=187 ref 1] uct_ud_mlx5_iface_async_handler() to hash
[1755364170.786166] [eos0397:1063738:0]           async.c:522  UCX  DEBUG listening to async event fd 187 events 0x5 mode thread_spinlock
[1755364170.786205] [eos0397:1063738:0]      ucp_worker.c:1436 UCX  DEBUG created interface[48]=0x5555585560e0 using ud_mlx5/mlx5_9:1 on worker 0x555557704010
[1755364170.786347] [eos0397:1063738:0]        ib_iface.c:1078 UCX  DEBUG using pkey[0] 0xffff on mlx5_10:1/IB
[1755364170.787087] [eos0397:1063738:0]        ib_iface.c:1666 UCX  DEBUG created uct_ib_iface_t headroom_ofs 12 payload_ofs 92 hdr_ofs 91 data_sz 8256
[1755364170.787100] [eos0397:1063738:0]           mpool.c:138  UCX  DEBUG mpool rc_recv_desc: align 64, maxelems 4294967295, elemsize 8355
[1755364170.787101] [eos0397:1063738:0]           mpool.c:138  UCX  DEBUG mpool rc_send_desc: align 64, maxelems 4294967295, elemsize 8320
[1755364170.787168] [eos0397:1063738:0]           mpool.c:138  UCX  DEBUG mpool send-ops-mpool: align 64, maxelems 4294967295, elemsize 48
[1755364170.787460] [eos0397:1063738:0]           mpool.c:138  UCX  DEBUG mpool pending-ops: align 1, maxelems 4294967295, elemsize 64
[1755364170.787461] [eos0397:1063738:0]           mpool.c:138  UCX  DEBUG mpool rc_verbs_short_desc: align 64, maxelems 4294967295, elemsize 192
[1755364170.787771] [eos0397:1063738:0]        ib_iface.c:1203 UCX  DEBUG mlx5_10: iface 0x555559c3d070 created RC QP 0x13b2 on mlx5_10:1 TX wr:409 sge:5 inl:124 resp:64 RX wr:0 sge:0 resp:64
[1755364170.788088] [eos0397:1063738:0]      ucp_worker.c:1436 UCX  DEBUG created interface[49]=0x555559c3d070 using rc_verbs/mlx5_10:1 on worker 0x555557704010
[1755364170.788186] [eos0397:1063738:0]        ib_iface.c:1078 UCX  DEBUG using pkey[0] 0xffff on mlx5_10:1/IB
[1755364170.788811] [eos0397:1063738:0]        ib_iface.c:1666 UCX  DEBUG created uct_ib_iface_t headroom_ofs 12 payload_ofs 92 hdr_ofs 44 data_sz 4136
[1755364170.789131] [eos0397:1063738:0]        ib_iface.c:1203 UCX  DEBUG mlx5_10: iface 0x5555585514b0 created UD QP 0x1dbe on mlx5_10:1 TX wr:341 sge:6 inl:124 resp:0 RX wr:4096 sge:1 resp:0
[1755364170.789389] [eos0397:1063738:0]           mpool.c:138  UCX  DEBUG mpool ud_recv_skb: align 64, maxelems 4294967295, elemsize 4188
[1755364170.789537] [eos0397:1063738:0]           mpool.c:282  UCX  DEBUG mpool ud_recv_skb: allocated chunk 0x7fffc92f6018 of 544744 bytes with 128 elements
[1755364170.789548] [eos0397:1063738:0]           mpool.c:138  UCX  DEBUG mpool ud_tx_skb: align 64, maxelems 4294967295, elemsize 4208
[1755364170.789557] [eos0397:1063738:0]        ud_iface.c:383  UCX  DEBUG iface 0x5555585514b0: adding gid fe80::946d:ae03:f:733a to hash on device mlx5_10 port 1 index 0)
[1755364170.789562] [eos0397:1063738:0]        ud_iface.c:383  UCX  DEBUG iface 0x5555585514b0: adding gid fe80:: to hash on device mlx5_10 port 1 index 1)
[1755364170.789567] [eos0397:1063738:0]        ud_iface.c:383  UCX  DEBUG iface 0x5555585514b0: adding gid fe80:: to hash on device mlx5_10 port 1 index 2)
[1755364170.789572] [eos0397:1063738:0]        ud_iface.c:383  UCX  DEBUG iface 0x5555585514b0: adding gid fe80:: to hash on device mlx5_10 port 1 index 3)
[1755364170.789577] [eos0397:1063738:0]        ud_iface.c:383  UCX  DEBUG iface 0x5555585514b0: adding gid fe80:: to hash on device mlx5_10 port 1 index 4)
[1755364170.789582] [eos0397:1063738:0]        ud_iface.c:383  UCX  DEBUG iface 0x5555585514b0: adding gid fe80:: to hash on device mlx5_10 port 1 index 5)
[1755364170.789587] [eos0397:1063738:0]        ud_iface.c:383  UCX  DEBUG iface 0x5555585514b0: adding gid fe80:: to hash on device mlx5_10 port 1 index 6)
[1755364170.789592] [eos0397:1063738:0]        ud_iface.c:383  UCX  DEBUG iface 0x5555585514b0: adding gid fe80:: to hash on device mlx5_10 port 1 index 7)
[1755364170.789668] [eos0397:1063738:0]     timer_wheel.c:41   UCX  DEBUG high res timer created log=23 resolution=4240.642659 usec wanted: 2499.999678 usec
[1755364170.789669] [eos0397:1063738:0]           async.c:248  UCX  DEBUG added async handler 0x555559cc8010 [id=189 ref 1] uct_ud_verbs_iface_async_handler() to hash
[1755364170.789675] [eos0397:1063738:0]           async.c:522  UCX  DEBUG listening to async event fd 189 events 0x5 mode thread_spinlock
[1755364170.789714] [eos0397:1063738:0]      ucp_worker.c:1436 UCX  DEBUG created interface[50]=0x5555585514b0 using ud_verbs/mlx5_10:1 on worker 0x555557704010
[1755364170.789871] [eos0397:1063738:0]        ib_iface.c:1078 UCX  DEBUG using pkey[0] 0xffff on mlx5_10:1/IB
[1755364170.790054] [eos0397:1063738:0]           mpool.c:282  UCX  DEBUG mpool devx dbrec: allocated chunk 0x555559e56010 of 8176 bytes with 127 elements
[1755364170.792638] [eos0397:1063738:0]        ib_iface.c:1666 UCX  DEBUG created uct_ib_iface_t headroom_ofs 12 payload_ofs 92 hdr_ofs 90 data_sz 8256
[1755364170.792643] [eos0397:1063738:0]           mpool.c:138  UCX  DEBUG mpool rc_recv_desc: align 64, maxelems 4294967295, elemsize 8354
[1755364170.792644] [eos0397:1063738:0]           mpool.c:138  UCX  DEBUG mpool rc_send_desc: align 64, maxelems 4294967295, elemsize 8320
[1755364170.793185] [eos0397:1063738:0]           mpool.c:138  UCX  DEBUG mpool send-ops-mpool: align 64, maxelems 4294967295, elemsize 48
[1755364170.793526] [eos0397:1063738:0]           mpool.c:138  UCX  DEBUG mpool pending-ops: align 1, maxelems 4294967295, elemsize 112
[1755364170.793636] [eos0397:1063738:0]         ib_mlx5.c:1083 UCX  DEBUG SL=0 (AR support - no) was selected on mlx5_10:1, SLs with AR support = { 1, 2, 3, 4, 5, 6, 7, 8, 9, 10, 11, 12, 13, 14, 15 }, SLs without AR support = { 0 }
[1755364170.794169] [eos0397:1063738:0]           mpool.c:138  UCX  DEBUG mpool mlx5_dm_desc: align 64, maxelems 1, elemsize 64
[1755364170.794170] [eos0397:1063738:0]           mpool.c:138  UCX  DEBUG mpool rc_mlx5_atomic_desc: align 64, maxelems 4294967295, elemsize 72
[1755364170.794177] [eos0397:1063738:0]           async.c:248  UCX  DEBUG added async handler 0x555559a1f010 [id=191 ref 1] uct_rc_mlx5_devx_iface_event_handler() to hash
[1755364170.794182] [eos0397:1063738:0]           async.c:522  UCX  DEBUG listening to async event fd 191 events 0x1 mode thread_spinlock
[1755364170.795272] [eos0397:1063738:0]    ib_mlx5dv_md.c:2616 UCX  DEBUG counter_set_id on mlx5_10:1 is 0x1
[1755364170.795886] [eos0397:1063738:0]         dc_mlx5.c:407  UCX  DEBUG created DevX DCI 0x13ba, rdma_wr_disabled=0
[1755364170.796219] [eos0397:1063738:0]         dc_mlx5.c:1729 UCX  DEBUG dc iface 0x555559da9050: using 'dcs_quota' policy with 32 dcis and 32768 cqes, dct 0x1dce
[1755364170.796223] [eos0397:1063738:0]         dc_mlx5.c:822  UCX  DEBUG creating dci pool 0 with 32 QPs
[1755364170.796224] [eos0397:1063738:0]         dc_mlx5.c:805  UCX  DEBUG dci pool config: (path_index=0, max_rd_atomic=64)
[1755364170.803954] [eos0397:1063738:0]           mpool.c:282  UCX  DEBUG mpool rc_recv_desc: allocated chunk 0x7ffd51000018 of 39845864 bytes with 4752 elements
[1755364170.804403] [eos0397:1063738:0]         dc_mlx5.c:1749 UCX  DEBUG created dc iface 0x555559da9050
[1755364170.804464] [eos0397:1063738:0]      ucp_worker.c:1436 UCX  DEBUG created interface[51]=0x555559da9050 using dc_mlx5/mlx5_10:1 on worker 0x555557704010
[1755364170.804652] [eos0397:1063738:0]        ib_iface.c:1078 UCX  DEBUG using pkey[0] 0xffff on mlx5_10:1/IB
[1755364170.805767] [eos0397:1063738:0]        ib_iface.c:1666 UCX  DEBUG created uct_ib_iface_t headroom_ofs 12 payload_ofs 92 hdr_ofs 90 data_sz 8256
[1755364170.805773] [eos0397:1063738:0]           mpool.c:138  UCX  DEBUG mpool rc_recv_desc: align 64, maxelems 4294967295, elemsize 8354
[1755364170.805774] [eos0397:1063738:0]           mpool.c:138  UCX  DEBUG mpool rc_send_desc: align 64, maxelems 4294967295, elemsize 8320
[1755364170.805847] [eos0397:1063738:0]           mpool.c:138  UCX  DEBUG mpool send-ops-mpool: align 64, maxelems 4294967295, elemsize 48
[1755364170.806188] [eos0397:1063738:0]           mpool.c:138  UCX  DEBUG mpool pending-ops: align 1, maxelems 4294967295, elemsize 64
[1755364170.806285] [eos0397:1063738:0]         ib_mlx5.c:1083 UCX  DEBUG SL=0 (AR support - no) was selected on mlx5_10:1, SLs with AR support = { 1, 2, 3, 4, 5, 6, 7, 8, 9, 10, 11, 12, 13, 14, 15 }, SLs without AR support = { 0 }
[1755364170.806291] [eos0397:1063738:0]           mpool.c:138  UCX  DEBUG mpool rc_mlx5_atomic_desc: align 64, maxelems 4294967295, elemsize 72
[1755364170.806298] [eos0397:1063738:0]           async.c:248  UCX  DEBUG added async handler 0x55555a03e010 [id=194 ref 1] uct_rc_mlx5_devx_iface_event_handler() to hash
[1755364170.806306] [eos0397:1063738:0]           async.c:522  UCX  DEBUG listening to async event fd 194 events 0x1 mode thread_spinlock
[1755364170.806354] [eos0397:1063738:0]      ucp_worker.c:1436 UCX  DEBUG created interface[52]=0x55555a050060 using rc_mlx5/mlx5_10:1 on worker 0x555557704010
[1755364170.807397] [eos0397:1063738:0]        ib_iface.c:1078 UCX  DEBUG using pkey[0] 0xffff on mlx5_10:1/IB
[1755364170.808121] [eos0397:1063738:0]        ib_iface.c:1666 UCX  DEBUG created uct_ib_iface_t headroom_ofs 12 payload_ofs 92 hdr_ofs 44 data_sz 4136
[1755364170.808464] [eos0397:1063738:0]        ib_iface.c:1203 UCX  DEBUG mlx5_10: iface 0x555558dd4080 created UD QP 0x1de8 on mlx5_10:1 TX wr:256 sge:2 inl:60 resp:0 RX wr:4096 sge:1 resp:0
[1755364170.808466] [eos0397:1063738:0]         ib_mlx5.c:776  UCX  DEBUG tx wq 32768 bytes [bb=64, nwqe=512] mmio_mode bf_post
[1755364170.808739] [eos0397:1063738:0]           mpool.c:138  UCX  DEBUG mpool ud_recv_skb: align 64, maxelems 4294967295, elemsize 4188
[1755364170.808916] [eos0397:1063738:0]           mpool.c:282  UCX  DEBUG mpool ud_recv_skb: allocated chunk 0x7fffc9271018 of 544744 bytes with 128 elements
[1755364170.808918] [eos0397:1063738:0]           mpool.c:138  UCX  DEBUG mpool ud_tx_skb: align 64, maxelems 4294967295, elemsize 4208
[1755364170.808933] [eos0397:1063738:0]        ud_iface.c:383  UCX  DEBUG iface 0x555558dd4080: adding gid fe80::946d:ae03:f:733a to hash on device mlx5_10 port 1 index 0)
[1755364170.808939] [eos0397:1063738:0]        ud_iface.c:383  UCX  DEBUG iface 0x555558dd4080: adding gid fe80:: to hash on device mlx5_10 port 1 index 1)
[1755364170.808945] [eos0397:1063738:0]        ud_iface.c:383  UCX  DEBUG iface 0x555558dd4080: adding gid fe80:: to hash on device mlx5_10 port 1 index 2)
[1755364170.808951] [eos0397:1063738:0]        ud_iface.c:383  UCX  DEBUG iface 0x555558dd4080: adding gid fe80:: to hash on device mlx5_10 port 1 index 3)
[1755364170.808976] [eos0397:1063738:0]        ud_iface.c:383  UCX  DEBUG iface 0x555558dd4080: adding gid fe80:: to hash on device mlx5_10 port 1 index 4)
[1755364170.808982] [eos0397:1063738:0]        ud_iface.c:383  UCX  DEBUG iface 0x555558dd4080: adding gid fe80:: to hash on device mlx5_10 port 1 index 5)
[1755364170.808988] [eos0397:1063738:0]        ud_iface.c:383  UCX  DEBUG iface 0x555558dd4080: adding gid fe80:: to hash on device mlx5_10 port 1 index 6)
[1755364170.808994] [eos0397:1063738:0]        ud_iface.c:383  UCX  DEBUG iface 0x555558dd4080: adding gid fe80:: to hash on device mlx5_10 port 1 index 7)
[1755364170.809084] [eos0397:1063738:0]         ib_mlx5.c:1083 UCX  DEBUG SL=0 (AR support - no) was selected on mlx5_10:1, SLs with AR support = { 1, 2, 3, 4, 5, 6, 7, 8, 9, 10, 11, 12, 13, 14, 15 }, SLs without AR support = { 0 }
[1755364170.809096] [eos0397:1063738:0]     timer_wheel.c:41   UCX  DEBUG high res timer created log=23 resolution=4240.642659 usec wanted: 2499.999678 usec
[1755364170.809099] [eos0397:1063738:0]           async.c:248  UCX  DEBUG added async handler 0x55555a1a9010 [id=196 ref 1] uct_ud_mlx5_iface_async_handler() to hash
[1755364170.809105] [eos0397:1063738:0]           async.c:522  UCX  DEBUG listening to async event fd 196 events 0x5 mode thread_spinlock
[1755364170.809153] [eos0397:1063738:0]      ucp_worker.c:1436 UCX  DEBUG created interface[53]=0x555558dd4080 using ud_mlx5/mlx5_10:1 on worker 0x555557704010
[1755364170.809301] [eos0397:1063738:0]        ib_iface.c:1078 UCX  DEBUG using pkey[0] 0xffff on mlx5_11:1/IB
[1755364170.810112] [eos0397:1063738:0]        ib_iface.c:1666 UCX  DEBUG created uct_ib_iface_t headroom_ofs 12 payload_ofs 92 hdr_ofs 91 data_sz 8256
[1755364170.810125] [eos0397:1063738:0]           mpool.c:138  UCX  DEBUG mpool rc_recv_desc: align 64, maxelems 4294967295, elemsize 8355
[1755364170.810127] [eos0397:1063738:0]           mpool.c:138  UCX  DEBUG mpool rc_send_desc: align 64, maxelems 4294967295, elemsize 8320
[1755364170.810195] [eos0397:1063738:0]           mpool.c:138  UCX  DEBUG mpool send-ops-mpool: align 64, maxelems 4294967295, elemsize 48
[1755364170.810492] [eos0397:1063738:0]           mpool.c:138  UCX  DEBUG mpool pending-ops: align 1, maxelems 4294967295, elemsize 64
[1755364170.810495] [eos0397:1063738:0]           mpool.c:138  UCX  DEBUG mpool rc_verbs_short_desc: align 64, maxelems 4294967295, elemsize 192
[1755364170.810808] [eos0397:1063738:0]        ib_iface.c:1203 UCX  DEBUG mlx5_11: iface 0x55555a25c060 created RC QP 0x8e0 on mlx5_11:1 TX wr:409 sge:5 inl:124 resp:64 RX wr:0 sge:0 resp:64
[1755364170.811143] [eos0397:1063738:0]      ucp_worker.c:1436 UCX  DEBUG created interface[54]=0x55555a25c060 using rc_verbs/mlx5_11:1 on worker 0x555557704010
[1755364170.811248] [eos0397:1063738:0]        ib_iface.c:1078 UCX  DEBUG using pkey[0] 0xffff on mlx5_11:1/IB
[1755364170.811830] [eos0397:1063738:0]        ib_iface.c:1666 UCX  DEBUG created uct_ib_iface_t headroom_ofs 12 payload_ofs 92 hdr_ofs 44 data_sz 4136
[1755364170.812206] [eos0397:1063738:0]        ib_iface.c:1203 UCX  DEBUG mlx5_11: iface 0x555558b68070 created UD QP 0x1d9b on mlx5_11:1 TX wr:341 sge:6 inl:124 resp:0 RX wr:4096 sge:1 resp:0
[1755364170.812463] [eos0397:1063738:0]           mpool.c:138  UCX  DEBUG mpool ud_recv_skb: align 64, maxelems 4294967295, elemsize 4188
[1755364170.812634] [eos0397:1063738:0]           mpool.c:282  UCX  DEBUG mpool ud_recv_skb: allocated chunk 0x7fffc8f7b018 of 544744 bytes with 128 elements
[1755364170.812636] [eos0397:1063738:0]           mpool.c:138  UCX  DEBUG mpool ud_tx_skb: align 64, maxelems 4294967295, elemsize 4208
[1755364170.812648] [eos0397:1063738:0]        ud_iface.c:383  UCX  DEBUG iface 0x555558b68070: adding gid fe80::946d:ae03:f:7332 to hash on device mlx5_11 port 1 index 0)
[1755364170.812654] [eos0397:1063738:0]        ud_iface.c:383  UCX  DEBUG iface 0x555558b68070: adding gid fe80:: to hash on device mlx5_11 port 1 index 1)
[1755364170.812660] [eos0397:1063738:0]        ud_iface.c:383  UCX  DEBUG iface 0x555558b68070: adding gid fe80:: to hash on device mlx5_11 port 1 index 2)
[1755364170.812666] [eos0397:1063738:0]        ud_iface.c:383  UCX  DEBUG iface 0x555558b68070: adding gid fe80:: to hash on device mlx5_11 port 1 index 3)
[1755364170.812672] [eos0397:1063738:0]        ud_iface.c:383  UCX  DEBUG iface 0x555558b68070: adding gid fe80:: to hash on device mlx5_11 port 1 index 4)
[1755364170.812689] [eos0397:1063738:0]        ud_iface.c:383  UCX  DEBUG iface 0x555558b68070: adding gid fe80:: to hash on device mlx5_11 port 1 index 5)
[1755364170.812696] [eos0397:1063738:0]        ud_iface.c:383  UCX  DEBUG iface 0x555558b68070: adding gid fe80:: to hash on device mlx5_11 port 1 index 6)
[1755364170.812702] [eos0397:1063738:0]        ud_iface.c:383  UCX  DEBUG iface 0x555558b68070: adding gid fe80:: to hash on device mlx5_11 port 1 index 7)
[1755364170.812781] [eos0397:1063738:0]     timer_wheel.c:41   UCX  DEBUG high res timer created log=23 resolution=4240.642659 usec wanted: 2499.999678 usec
[1755364170.812784] [eos0397:1063738:0]           async.c:248  UCX  DEBUG added async handler 0x55555a326010 [id=198 ref 1] uct_ud_verbs_iface_async_handler() to hash
[1755364170.812790] [eos0397:1063738:0]           async.c:522  UCX  DEBUG listening to async event fd 198 events 0x5 mode thread_spinlock
[1755364170.812831] [eos0397:1063738:0]      ucp_worker.c:1436 UCX  DEBUG created interface[55]=0x555558b68070 using ud_verbs/mlx5_11:1 on worker 0x555557704010
[1755364170.813010] [eos0397:1063738:0]        ib_iface.c:1078 UCX  DEBUG using pkey[0] 0xffff on mlx5_11:1/IB
[1755364170.813225] [eos0397:1063738:0]           mpool.c:282  UCX  DEBUG mpool devx dbrec: allocated chunk 0x55555a471010 of 8176 bytes with 127 elements
[1755364170.815871] [eos0397:1063738:0]        ib_iface.c:1666 UCX  DEBUG created uct_ib_iface_t headroom_ofs 12 payload_ofs 92 hdr_ofs 90 data_sz 8256
[1755364170.815884] [eos0397:1063738:0]           mpool.c:138  UCX  DEBUG mpool rc_recv_desc: align 64, maxelems 4294967295, elemsize 8354
[1755364170.815885] [eos0397:1063738:0]           mpool.c:138  UCX  DEBUG mpool rc_send_desc: align 64, maxelems 4294967295, elemsize 8320
[1755364170.816319] [eos0397:1063738:0]           mpool.c:138  UCX  DEBUG mpool send-ops-mpool: align 64, maxelems 4294967295, elemsize 48
[1755364170.816651] [eos0397:1063738:0]           mpool.c:138  UCX  DEBUG mpool pending-ops: align 1, maxelems 4294967295, elemsize 112
[1755364170.816739] [eos0397:1063738:0]         ib_mlx5.c:1083 UCX  DEBUG SL=0 (AR support - no) was selected on mlx5_11:1, SLs with AR support = { 1, 2, 3, 4, 5, 6, 7, 8, 9, 10, 11, 12, 13, 14, 15 }, SLs without AR support = { 0 }
[1755364170.817169] [eos0397:1063738:0]           mpool.c:138  UCX  DEBUG mpool mlx5_dm_desc: align 64, maxelems 1, elemsize 64
[1755364170.817170] [eos0397:1063738:0]           mpool.c:138  UCX  DEBUG mpool rc_mlx5_atomic_desc: align 64, maxelems 4294967295, elemsize 72
[1755364170.817176] [eos0397:1063738:0]           async.c:248  UCX  DEBUG added async handler 0x55555a4f4010 [id=200 ref 1] uct_rc_mlx5_devx_iface_event_handler() to hash
[1755364170.817183] [eos0397:1063738:0]           async.c:522  UCX  DEBUG listening to async event fd 200 events 0x1 mode thread_spinlock
[1755364170.818194] [eos0397:1063738:0]    ib_mlx5dv_md.c:2616 UCX  DEBUG counter_set_id on mlx5_11:1 is 0x1
[1755364170.818821] [eos0397:1063738:0]         dc_mlx5.c:407  UCX  DEBUG created DevX DCI 0x8e6, rdma_wr_disabled=0
[1755364170.819139] [eos0397:1063738:0]         dc_mlx5.c:1729 UCX  DEBUG dc iface 0x55555a468030: using 'dcs_quota' policy with 32 dcis and 32768 cqes, dct 0x1da9
[1755364170.819141] [eos0397:1063738:0]         dc_mlx5.c:822  UCX  DEBUG creating dci pool 0 with 32 QPs
[1755364170.819141] [eos0397:1063738:0]         dc_mlx5.c:805  UCX  DEBUG dci pool config: (path_index=0, max_rd_atomic=64)
[1755364170.826705] [eos0397:1063738:0]           mpool.c:282  UCX  DEBUG mpool rc_recv_desc: allocated chunk 0x7ffd4e800018 of 39845864 bytes with 4752 elements
[1755364170.827353] [eos0397:1063738:0]         dc_mlx5.c:1749 UCX  DEBUG created dc iface 0x55555a468030
[1755364170.827397] [eos0397:1063738:0]      ucp_worker.c:1436 UCX  DEBUG created interface[56]=0x55555a468030 using dc_mlx5/mlx5_11:1 on worker 0x555557704010
[1755364170.827553] [eos0397:1063738:0]        ib_iface.c:1078 UCX  DEBUG using pkey[0] 0xffff on mlx5_11:1/IB
[1755364170.828574] [eos0397:1063738:0]        ib_iface.c:1666 UCX  DEBUG created uct_ib_iface_t headroom_ofs 12 payload_ofs 92 hdr_ofs 90 data_sz 8256
[1755364170.828579] [eos0397:1063738:0]           mpool.c:138  UCX  DEBUG mpool rc_recv_desc: align 64, maxelems 4294967295, elemsize 8354
[1755364170.828580] [eos0397:1063738:0]           mpool.c:138  UCX  DEBUG mpool rc_send_desc: align 64, maxelems 4294967295, elemsize 8320
[1755364170.828655] [eos0397:1063738:0]           mpool.c:138  UCX  DEBUG mpool send-ops-mpool: align 64, maxelems 4294967295, elemsize 48
[1755364170.828981] [eos0397:1063738:0]           mpool.c:138  UCX  DEBUG mpool pending-ops: align 1, maxelems 4294967295, elemsize 64
[1755364170.829077] [eos0397:1063738:0]         ib_mlx5.c:1083 UCX  DEBUG SL=0 (AR support - no) was selected on mlx5_11:1, SLs with AR support = { 1, 2, 3, 4, 5, 6, 7, 8, 9, 10, 11, 12, 13, 14, 15 }, SLs without AR support = { 0 }
[1755364170.829079] [eos0397:1063738:0]           mpool.c:138  UCX  DEBUG mpool rc_mlx5_atomic_desc: align 64, maxelems 4294967295, elemsize 72
[1755364170.829084] [eos0397:1063738:0]           async.c:248  UCX  DEBUG added async handler 0x55555a657010 [id=203 ref 1] uct_rc_mlx5_devx_iface_event_handler() to hash
[1755364170.829090] [eos0397:1063738:0]           async.c:522  UCX  DEBUG listening to async event fd 203 events 0x1 mode thread_spinlock
[1755364170.829131] [eos0397:1063738:0]      ucp_worker.c:1436 UCX  DEBUG created interface[57]=0x55555a669060 using rc_mlx5/mlx5_11:1 on worker 0x555557704010
[1755364170.830584] [eos0397:1063738:0]        ib_iface.c:1078 UCX  DEBUG using pkey[0] 0xffff on mlx5_11:1/IB
[1755364170.831334] [eos0397:1063738:0]        ib_iface.c:1666 UCX  DEBUG created uct_ib_iface_t headroom_ofs 12 payload_ofs 92 hdr_ofs 44 data_sz 4136
[1755364170.831671] [eos0397:1063738:0]        ib_iface.c:1203 UCX  DEBUG mlx5_11: iface 0x55555a43b260 created UD QP 0x1dc4 on mlx5_11:1 TX wr:256 sge:2 inl:60 resp:0 RX wr:4096 sge:1 resp:0
[1755364170.831672] [eos0397:1063738:0]         ib_mlx5.c:776  UCX  DEBUG tx wq 32768 bytes [bb=64, nwqe=512] mmio_mode bf_post
[1755364170.831934] [eos0397:1063738:0]           mpool.c:138  UCX  DEBUG mpool ud_recv_skb: align 64, maxelems 4294967295, elemsize 4188
[1755364170.832098] [eos0397:1063738:0]           mpool.c:282  UCX  DEBUG mpool ud_recv_skb: allocated chunk 0x7fffc8ef6018 of 544744 bytes with 128 elements
[1755364170.832101] [eos0397:1063738:0]           mpool.c:138  UCX  DEBUG mpool ud_tx_skb: align 64, maxelems 4294967295, elemsize 4208
[1755364170.832113] [eos0397:1063738:0]        ud_iface.c:383  UCX  DEBUG iface 0x55555a43b260: adding gid fe80::946d:ae03:f:7332 to hash on device mlx5_11 port 1 index 0)
[1755364170.832119] [eos0397:1063738:0]        ud_iface.c:383  UCX  DEBUG iface 0x55555a43b260: adding gid fe80:: to hash on device mlx5_11 port 1 index 1)
[1755364170.832124] [eos0397:1063738:0]        ud_iface.c:383  UCX  DEBUG iface 0x55555a43b260: adding gid fe80:: to hash on device mlx5_11 port 1 index 2)
[1755364170.832130] [eos0397:1063738:0]        ud_iface.c:383  UCX  DEBUG iface 0x55555a43b260: adding gid fe80:: to hash on device mlx5_11 port 1 index 3)
[1755364170.832135] [eos0397:1063738:0]        ud_iface.c:383  UCX  DEBUG iface 0x55555a43b260: adding gid fe80:: to hash on device mlx5_11 port 1 index 4)
[1755364170.832141] [eos0397:1063738:0]        ud_iface.c:383  UCX  DEBUG iface 0x55555a43b260: adding gid fe80:: to hash on device mlx5_11 port 1 index 5)
[1755364170.832163] [eos0397:1063738:0]        ud_iface.c:383  UCX  DEBUG iface 0x55555a43b260: adding gid fe80:: to hash on device mlx5_11 port 1 index 6)
[1755364170.832172] [eos0397:1063738:0]        ud_iface.c:383  UCX  DEBUG iface 0x55555a43b260: adding gid fe80:: to hash on device mlx5_11 port 1 index 7)
[1755364170.832260] [eos0397:1063738:0]         ib_mlx5.c:1083 UCX  DEBUG SL=0 (AR support - no) was selected on mlx5_11:1, SLs with AR support = { 1, 2, 3, 4, 5, 6, 7, 8, 9, 10, 11, 12, 13, 14, 15 }, SLs without AR support = { 0 }
[1755364170.832273] [eos0397:1063738:0]     timer_wheel.c:41   UCX  DEBUG high res timer created log=23 resolution=4240.642659 usec wanted: 2499.999678 usec
[1755364170.832275] [eos0397:1063738:0]           async.c:248  UCX  DEBUG added async handler 0x55555a7be010 [id=205 ref 1] uct_ud_mlx5_iface_async_handler() to hash
[1755364170.832280] [eos0397:1063738:0]           async.c:522  UCX  DEBUG listening to async event fd 205 events 0x5 mode thread_spinlock
[1755364170.832315] [eos0397:1063738:0]      ucp_worker.c:1436 UCX  DEBUG created interface[58]=0x55555a43b260 using ud_mlx5/mlx5_11:1 on worker 0x555557704010
[1755364170.832344] [eos0397:1063738:0]           mpool.c:138  UCX  DEBUG mpool uct_scopy_iface_tx_mp: align 64, maxelems 4294967295, elemsize 736
[1755364170.832350] [eos0397:1063738:0]      ucp_worker.c:1436 UCX  DEBUG created interface[59]=0x555558557880 using cma/memory on worker 0x555557704010
[1755364170.832356] [eos0397:1063738:0]      ucp_worker.c:1153 UCX  DEBUG selected scalable tl bitmap: 0xfffffffffffffff 0x0 (60 tls)
[1755364170.854311] [eos0397:1063738:0]           async.c:248  UCX  DEBUG added async handler 0x55555a43be90 [id=104 ref 1] ucp_worker_iface_async_fd_event() to hash
[1755364170.854323] [eos0397:1063738:0]           async.c:522  UCX  DEBUG listening to async event fd 104 events 0x0 mode thread_spinlock
[1755364170.854548] [eos0397:1063738:0]         tcp_net.c:61   UCX  DEBUG speed of bmc-redfish0 is UNKNOWN, assuming 100 Mbps
[1755364170.854651] [eos0397:1063738:0]            topo.c:895  UCX  DEBUG /sys/class/net/bmc-redfish0/lower_enx463c84c17a97: sysfs path undetected
[1755364170.854652] [eos0397:1063738:0]            topo.c:848  UCX  DEBUG bmc-redfish0: pci bandwidth undetected, using maximal value
[1755364170.855266] [eos0397:1063738:0]         tcp_net.c:61   UCX  DEBUG speed of bmc-redfish0 is UNKNOWN, assuming 100 Mbps
[1755364170.855331] [eos0397:1063738:0]            topo.c:895  UCX  DEBUG /sys/class/net/bmc-redfish0/lower_enx463c84c17a97: sysfs path undetected
[1755364170.855332] [eos0397:1063738:0]            topo.c:848  UCX  DEBUG bmc-redfish0: pci bandwidth undetected, using maximal value
[1755364170.855928] [eos0397:1063738:0]         tcp_net.c:61   UCX  DEBUG speed of bmc-redfish0 is UNKNOWN, assuming 100 Mbps
[1755364170.855993] [eos0397:1063738:0]            topo.c:895  UCX  DEBUG /sys/class/net/bmc-redfish0/lower_enx463c84c17a97: sysfs path undetected
[1755364170.855994] [eos0397:1063738:0]            topo.c:848  UCX  DEBUG bmc-redfish0: pci bandwidth undetected, using maximal value
[1755364170.856719] [eos0397:1063738:0]         tcp_net.c:61   UCX  DEBUG speed of bmc-redfish0 is UNKNOWN, assuming 100 Mbps
[1755364170.856782] [eos0397:1063738:0]            topo.c:895  UCX  DEBUG /sys/class/net/bmc-redfish0/lower_enx463c84c17a97: sysfs path undetected
[1755364170.856783] [eos0397:1063738:0]            topo.c:848  UCX  DEBUG bmc-redfish0: pci bandwidth undetected, using maximal value
[1755364170.857333] [eos0397:1063738:0]         tcp_net.c:61   UCX  DEBUG speed of bmc-redfish0 is UNKNOWN, assuming 100 Mbps
[1755364170.857398] [eos0397:1063738:0]            topo.c:895  UCX  DEBUG /sys/class/net/bmc-redfish0/lower_enx463c84c17a97: sysfs path undetected
[1755364170.857399] [eos0397:1063738:0]            topo.c:848  UCX  DEBUG bmc-redfish0: pci bandwidth undetected, using maximal value
[1755364170.858004] [eos0397:1063738:0]         tcp_net.c:61   UCX  DEBUG speed of bmc-redfish0 is UNKNOWN, assuming 100 Mbps
[1755364170.858074] [eos0397:1063738:0]            topo.c:895  UCX  DEBUG /sys/class/net/bmc-redfish0/lower_enx463c84c17a97: sysfs path undetected
[1755364170.858075] [eos0397:1063738:0]            topo.c:848  UCX  DEBUG bmc-redfish0: pci bandwidth undetected, using maximal value
[1755364170.858568] [eos0397:1063738:0]         tcp_net.c:61   UCX  DEBUG speed of bmc-redfish0 is UNKNOWN, assuming 100 Mbps
[1755364170.858631] [eos0397:1063738:0]            topo.c:895  UCX  DEBUG /sys/class/net/bmc-redfish0/lower_enx463c84c17a97: sysfs path undetected
[1755364170.858632] [eos0397:1063738:0]            topo.c:848  UCX  DEBUG bmc-redfish0: pci bandwidth undetected, using maximal value
[1755364170.858991] [eos0397:1063738:0]         tcp_net.c:61   UCX  DEBUG speed of bmc-redfish0 is UNKNOWN, assuming 100 Mbps
[1755364170.859096] [eos0397:1063738:0]            topo.c:895  UCX  DEBUG /sys/class/net/bmc-redfish0/lower_enx463c84c17a97: sysfs path undetected
[1755364170.859097] [eos0397:1063738:0]            topo.c:848  UCX  DEBUG bmc-redfish0: pci bandwidth undetected, using maximal value
[1755364170.859648] [eos0397:1063738:0]         tcp_net.c:61   UCX  DEBUG speed of bmc-redfish0 is UNKNOWN, assuming 100 Mbps
[1755364170.859749] [eos0397:1063738:0]            topo.c:895  UCX  DEBUG /sys/class/net/bmc-redfish0/lower_enx463c84c17a97: sysfs path undetected
[1755364170.859750] [eos0397:1063738:0]            topo.c:848  UCX  DEBUG bmc-redfish0: pci bandwidth undetected, using maximal value
[1755364170.860314] [eos0397:1063738:0]         tcp_net.c:61   UCX  DEBUG speed of bmc-redfish0 is UNKNOWN, assuming 100 Mbps
[1755364170.860408] [eos0397:1063738:0]            topo.c:895  UCX  DEBUG /sys/class/net/bmc-redfish0/lower_enx463c84c17a97: sysfs path undetected
[1755364170.860409] [eos0397:1063738:0]            topo.c:848  UCX  DEBUG bmc-redfish0: pci bandwidth undetected, using maximal value
[1755364170.860982] [eos0397:1063738:0]         tcp_net.c:61   UCX  DEBUG speed of bmc-redfish0 is UNKNOWN, assuming 100 Mbps
[1755364170.861080] [eos0397:1063738:0]            topo.c:895  UCX  DEBUG /sys/class/net/bmc-redfish0/lower_enx463c84c17a97: sysfs path undetected
[1755364170.861081] [eos0397:1063738:0]            topo.c:848  UCX  DEBUG bmc-redfish0: pci bandwidth undetected, using maximal value
[1755364170.861651] [eos0397:1063738:0]         tcp_net.c:61   UCX  DEBUG speed of bmc-redfish0 is UNKNOWN, assuming 100 Mbps
[1755364170.861751] [eos0397:1063738:0]            topo.c:895  UCX  DEBUG /sys/class/net/bmc-redfish0/lower_enx463c84c17a97: sysfs path undetected
[1755364170.861751] [eos0397:1063738:0]            topo.c:848  UCX  DEBUG bmc-redfish0: pci bandwidth undetected, using maximal value
[1755364170.862324] [eos0397:1063738:0]         tcp_net.c:61   UCX  DEBUG speed of bmc-redfish0 is UNKNOWN, assuming 100 Mbps
[1755364170.862427] [eos0397:1063738:0]            topo.c:895  UCX  DEBUG /sys/class/net/bmc-redfish0/lower_enx463c84c17a97: sysfs path undetected
[1755364170.862428] [eos0397:1063738:0]            topo.c:848  UCX  DEBUG bmc-redfish0: pci bandwidth undetected, using maximal value
[1755364170.865986] [eos0397:1063738:0]         tcp_net.c:61   UCX  DEBUG speed of bmc-redfish0 is UNKNOWN, assuming 100 Mbps
[1755364170.866107] [eos0397:1063738:0]            topo.c:895  UCX  DEBUG /sys/class/net/bmc-redfish0/lower_enx463c84c17a97: sysfs path undetected
[1755364170.866108] [eos0397:1063738:0]            topo.c:848  UCX  DEBUG bmc-redfish0: pci bandwidth undetected, using maximal value
[1755364170.866699] [eos0397:1063738:0]         tcp_net.c:61   UCX  DEBUG speed of bmc-redfish0 is UNKNOWN, assuming 100 Mbps
[1755364170.866793] [eos0397:1063738:0]            topo.c:895  UCX  DEBUG /sys/class/net/bmc-redfish0/lower_enx463c84c17a97: sysfs path undetected
[1755364170.866793] [eos0397:1063738:0]            topo.c:848  UCX  DEBUG bmc-redfish0: pci bandwidth undetected, using maximal value
[1755364170.867209] [eos0397:1063738:0]         tcp_net.c:61   UCX  DEBUG speed of bmc-redfish0 is UNKNOWN, assuming 100 Mbps
[1755364170.867335] [eos0397:1063738:0]            topo.c:895  UCX  DEBUG /sys/class/net/bmc-redfish0/lower_enx463c84c17a97: sysfs path undetected
[1755364170.867336] [eos0397:1063738:0]            topo.c:848  UCX  DEBUG bmc-redfish0: pci bandwidth undetected, using maximal value
[1755364170.867680] [eos0397:1063738:0]         tcp_net.c:61   UCX  DEBUG speed of bmc-redfish0 is UNKNOWN, assuming 100 Mbps
[1755364170.867785] [eos0397:1063738:0]            topo.c:895  UCX  DEBUG /sys/class/net/bmc-redfish0/lower_enx463c84c17a97: sysfs path undetected
[1755364170.867786] [eos0397:1063738:0]            topo.c:848  UCX  DEBUG bmc-redfish0: pci bandwidth undetected, using maximal value
[1755364170.867812] [eos0397:1063738:0]           async.c:248  UCX  DEBUG added async handler 0x555558aeefc0 [id=106 ref 1] ucp_worker_iface_async_fd_event() to hash
[1755364170.867816] [eos0397:1063738:0]           async.c:522  UCX  DEBUG listening to async event fd 106 events 0x0 mode thread_spinlock
[1755364170.868506] [eos0397:1063738:0]            topo.c:899  UCX  DEBUG /sys/class/net/eth3: PF sysfs path is '/sys/devices/pci0000:80/0000:80:05.0/0000:82:00.1'
[1755364170.868974] [eos0397:1063738:0]            topo.c:899  UCX  DEBUG /sys/class/net/eth3: PF sysfs path is '/sys/devices/pci0000:80/0000:80:05.0/0000:82:00.1'
[1755364170.869753] [eos0397:1063738:0]            topo.c:899  UCX  DEBUG /sys/class/net/eth3: PF sysfs path is '/sys/devices/pci0000:80/0000:80:05.0/0000:82:00.1'
[1755364170.870545] [eos0397:1063738:0]            topo.c:899  UCX  DEBUG /sys/class/net/eth3: PF sysfs path is '/sys/devices/pci0000:80/0000:80:05.0/0000:82:00.1'
[1755364170.871350] [eos0397:1063738:0]            topo.c:899  UCX  DEBUG /sys/class/net/eth3: PF sysfs path is '/sys/devices/pci0000:80/0000:80:05.0/0000:82:00.1'
[1755364170.871793] [eos0397:1063738:0]            topo.c:899  UCX  DEBUG /sys/class/net/eth3: PF sysfs path is '/sys/devices/pci0000:80/0000:80:05.0/0000:82:00.1'
[1755364170.872818] [eos0397:1063738:0]            topo.c:899  UCX  DEBUG /sys/class/net/eth3: PF sysfs path is '/sys/devices/pci0000:80/0000:80:05.0/0000:82:00.1'
[1755364170.873627] [eos0397:1063738:0]            topo.c:899  UCX  DEBUG /sys/class/net/eth3: PF sysfs path is '/sys/devices/pci0000:80/0000:80:05.0/0000:82:00.1'
[1755364170.874077] [eos0397:1063738:0]            topo.c:899  UCX  DEBUG /sys/class/net/eth3: PF sysfs path is '/sys/devices/pci0000:80/0000:80:05.0/0000:82:00.1'
[1755364170.874940] [eos0397:1063738:0]            topo.c:899  UCX  DEBUG /sys/class/net/eth3: PF sysfs path is '/sys/devices/pci0000:80/0000:80:05.0/0000:82:00.1'
[1755364170.875738] [eos0397:1063738:0]            topo.c:899  UCX  DEBUG /sys/class/net/eth3: PF sysfs path is '/sys/devices/pci0000:80/0000:80:05.0/0000:82:00.1'
[1755364170.876920] [eos0397:1063738:0]            topo.c:899  UCX  DEBUG /sys/class/net/eth3: PF sysfs path is '/sys/devices/pci0000:80/0000:80:05.0/0000:82:00.1'
[1755364170.878049] [eos0397:1063738:0]            topo.c:899  UCX  DEBUG /sys/class/net/eth3: PF sysfs path is '/sys/devices/pci0000:80/0000:80:05.0/0000:82:00.1'
[1755364170.879165] [eos0397:1063738:0]            topo.c:899  UCX  DEBUG /sys/class/net/eth3: PF sysfs path is '/sys/devices/pci0000:80/0000:80:05.0/0000:82:00.1'
[1755364170.880259] [eos0397:1063738:0]            topo.c:899  UCX  DEBUG /sys/class/net/eth3: PF sysfs path is '/sys/devices/pci0000:80/0000:80:05.0/0000:82:00.1'
[1755364170.881317] [eos0397:1063738:0]            topo.c:899  UCX  DEBUG /sys/class/net/eth3: PF sysfs path is '/sys/devices/pci0000:80/0000:80:05.0/0000:82:00.1'
[1755364170.882829] [eos0397:1063738:0]            topo.c:899  UCX  DEBUG /sys/class/net/eth3: PF sysfs path is '/sys/devices/pci0000:80/0000:80:05.0/0000:82:00.1'
[1755364170.882847] [eos0397:1063738:0]           async.c:248  UCX  DEBUG added async handler 0x555559803c90 [id=108 ref 1] ucp_worker_iface_async_fd_event() to hash
[1755364170.882851] [eos0397:1063738:0]           async.c:522  UCX  DEBUG listening to async event fd 108 events 0x0 mode thread_spinlock
[1755364170.883612] [eos0397:1063738:0]            topo.c:899  UCX  DEBUG /sys/class/net/ibp154s0: PF sysfs path is '/sys/devices/pci0000:97/0000:97:01.0/0000:98:00.0/0000:99:00.0/0000:9a:00.0'
[1755364170.884312] [eos0397:1063738:0]            topo.c:899  UCX  DEBUG /sys/class/net/ibp154s0: PF sysfs path is '/sys/devices/pci0000:97/0000:97:01.0/0000:98:00.0/0000:99:00.0/0000:9a:00.0'
[1755364170.884637] [eos0397:1063738:0]            topo.c:899  UCX  DEBUG /sys/class/net/ibp154s0: PF sysfs path is '/sys/devices/pci0000:97/0000:97:01.0/0000:98:00.0/0000:99:00.0/0000:9a:00.0'
[1755364170.884760] [eos0397:1063738:0]            topo.c:899  UCX  DEBUG /sys/class/net/ibp154s0: PF sysfs path is '/sys/devices/pci0000:97/0000:97:01.0/0000:98:00.0/0000:99:00.0/0000:9a:00.0'
[1755364170.884883] [eos0397:1063738:0]            topo.c:899  UCX  DEBUG /sys/class/net/ibp154s0: PF sysfs path is '/sys/devices/pci0000:97/0000:97:01.0/0000:98:00.0/0000:99:00.0/0000:9a:00.0'
[1755364170.885008] [eos0397:1063738:0]            topo.c:899  UCX  DEBUG /sys/class/net/ibp154s0: PF sysfs path is '/sys/devices/pci0000:97/0000:97:01.0/0000:98:00.0/0000:99:00.0/0000:9a:00.0'
[1755364170.885142] [eos0397:1063738:0]            topo.c:899  UCX  DEBUG /sys/class/net/ibp154s0: PF sysfs path is '/sys/devices/pci0000:97/0000:97:01.0/0000:98:00.0/0000:99:00.0/0000:9a:00.0'
[1755364170.885468] [eos0397:1063738:0]            topo.c:899  UCX  DEBUG /sys/class/net/ibp154s0: PF sysfs path is '/sys/devices/pci0000:97/0000:97:01.0/0000:98:00.0/0000:99:00.0/0000:9a:00.0'
[1755364170.885595] [eos0397:1063738:0]            topo.c:899  UCX  DEBUG /sys/class/net/ibp154s0: PF sysfs path is '/sys/devices/pci0000:97/0000:97:01.0/0000:98:00.0/0000:99:00.0/0000:9a:00.0'
[1755364170.885715] [eos0397:1063738:0]            topo.c:899  UCX  DEBUG /sys/class/net/ibp154s0: PF sysfs path is '/sys/devices/pci0000:97/0000:97:01.0/0000:98:00.0/0000:99:00.0/0000:9a:00.0'
[1755364170.886439] [eos0397:1063738:0]            topo.c:899  UCX  DEBUG /sys/class/net/ibp154s0: PF sysfs path is '/sys/devices/pci0000:97/0000:97:01.0/0000:98:00.0/0000:99:00.0/0000:9a:00.0'
[1755364170.887096] [eos0397:1063738:0]            topo.c:899  UCX  DEBUG /sys/class/net/ibp154s0: PF sysfs path is '/sys/devices/pci0000:97/0000:97:01.0/0000:98:00.0/0000:99:00.0/0000:9a:00.0'
[1755364170.887419] [eos0397:1063738:0]            topo.c:899  UCX  DEBUG /sys/class/net/ibp154s0: PF sysfs path is '/sys/devices/pci0000:97/0000:97:01.0/0000:98:00.0/0000:99:00.0/0000:9a:00.0'
[1755364170.888296] [eos0397:1063738:0]            topo.c:899  UCX  DEBUG /sys/class/net/ibp154s0: PF sysfs path is '/sys/devices/pci0000:97/0000:97:01.0/0000:98:00.0/0000:99:00.0/0000:9a:00.0'
[1755364170.888999] [eos0397:1063738:0]            topo.c:899  UCX  DEBUG /sys/class/net/ibp154s0: PF sysfs path is '/sys/devices/pci0000:97/0000:97:01.0/0000:98:00.0/0000:99:00.0/0000:9a:00.0'
[1755364170.889761] [eos0397:1063738:0]            topo.c:899  UCX  DEBUG /sys/class/net/ibp154s0: PF sysfs path is '/sys/devices/pci0000:97/0000:97:01.0/0000:98:00.0/0000:99:00.0/0000:9a:00.0'
[1755364170.890520] [eos0397:1063738:0]            topo.c:899  UCX  DEBUG /sys/class/net/ibp154s0: PF sysfs path is '/sys/devices/pci0000:97/0000:97:01.0/0000:98:00.0/0000:99:00.0/0000:9a:00.0'
[1755364170.890560] [eos0397:1063738:0]           async.c:248  UCX  DEBUG added async handler 0x555559406010 [id=110 ref 1] ucp_worker_iface_async_fd_event() to hash
[1755364170.890564] [eos0397:1063738:0]           async.c:522  UCX  DEBUG listening to async event fd 110 events 0x0 mode thread_spinlock
[1755364170.891038] [eos0397:1063738:0]            topo.c:899  UCX  DEBUG /sys/class/net/ibp170s0f0: PF sysfs path is '/sys/devices/pci0000:a5/0000:a5:01.0/0000:a6:00.0/0000:a7:00.0/0000:a8:00.0/0000:a9:00.0/0000:aa:00.0'
[1755364170.891624] [eos0397:1063738:0]            topo.c:899  UCX  DEBUG /sys/class/net/ibp170s0f0: PF sysfs path is '/sys/devices/pci0000:a5/0000:a5:01.0/0000:a6:00.0/0000:a7:00.0/0000:a8:00.0/0000:a9:00.0/0000:aa:00.0'
[1755364170.891748] [eos0397:1063738:0]            topo.c:899  UCX  DEBUG /sys/class/net/ibp170s0f0: PF sysfs path is '/sys/devices/pci0000:a5/0000:a5:01.0/0000:a6:00.0/0000:a7:00.0/0000:a8:00.0/0000:a9:00.0/0000:aa:00.0'
[1755364170.891871] [eos0397:1063738:0]            topo.c:899  UCX  DEBUG /sys/class/net/ibp170s0f0: PF sysfs path is '/sys/devices/pci0000:a5/0000:a5:01.0/0000:a6:00.0/0000:a7:00.0/0000:a8:00.0/0000:a9:00.0/0000:aa:00.0'
[1755364170.891997] [eos0397:1063738:0]            topo.c:899  UCX  DEBUG /sys/class/net/ibp170s0f0: PF sysfs path is '/sys/devices/pci0000:a5/0000:a5:01.0/0000:a6:00.0/0000:a7:00.0/0000:a8:00.0/0000:a9:00.0/0000:aa:00.0'
[1755364170.892546] [eos0397:1063738:0]            topo.c:899  UCX  DEBUG /sys/class/net/ibp170s0f0: PF sysfs path is '/sys/devices/pci0000:a5/0000:a5:01.0/0000:a6:00.0/0000:a7:00.0/0000:a8:00.0/0000:a9:00.0/0000:aa:00.0'
[1755364170.893101] [eos0397:1063738:0]            topo.c:899  UCX  DEBUG /sys/class/net/ibp170s0f0: PF sysfs path is '/sys/devices/pci0000:a5/0000:a5:01.0/0000:a6:00.0/0000:a7:00.0/0000:a8:00.0/0000:a9:00.0/0000:aa:00.0'
[1755364170.893668] [eos0397:1063738:0]            topo.c:899  UCX  DEBUG /sys/class/net/ibp170s0f0: PF sysfs path is '/sys/devices/pci0000:a5/0000:a5:01.0/0000:a6:00.0/0000:a7:00.0/0000:a8:00.0/0000:a9:00.0/0000:aa:00.0'
[1755364170.894250] [eos0397:1063738:0]            topo.c:899  UCX  DEBUG /sys/class/net/ibp170s0f0: PF sysfs path is '/sys/devices/pci0000:a5/0000:a5:01.0/0000:a6:00.0/0000:a7:00.0/0000:a8:00.0/0000:a9:00.0/0000:aa:00.0'
[1755364170.894796] [eos0397:1063738:0]            topo.c:899  UCX  DEBUG /sys/class/net/ibp170s0f0: PF sysfs path is '/sys/devices/pci0000:a5/0000:a5:01.0/0000:a6:00.0/0000:a7:00.0/0000:a8:00.0/0000:a9:00.0/0000:aa:00.0'
[1755364170.895359] [eos0397:1063738:0]            topo.c:899  UCX  DEBUG /sys/class/net/ibp170s0f0: PF sysfs path is '/sys/devices/pci0000:a5/0000:a5:01.0/0000:a6:00.0/0000:a7:00.0/0000:a8:00.0/0000:a9:00.0/0000:aa:00.0'
[1755364170.895929] [eos0397:1063738:0]            topo.c:899  UCX  DEBUG /sys/class/net/ibp170s0f0: PF sysfs path is '/sys/devices/pci0000:a5/0000:a5:01.0/0000:a6:00.0/0000:a7:00.0/0000:a8:00.0/0000:a9:00.0/0000:aa:00.0'
[1755364170.896441] [eos0397:1063738:0]            topo.c:899  UCX  DEBUG /sys/class/net/ibp170s0f0: PF sysfs path is '/sys/devices/pci0000:a5/0000:a5:01.0/0000:a6:00.0/0000:a7:00.0/0000:a8:00.0/0000:a9:00.0/0000:aa:00.0'
[1755364170.896945] [eos0397:1063738:0]            topo.c:899  UCX  DEBUG /sys/class/net/ibp170s0f0: PF sysfs path is '/sys/devices/pci0000:a5/0000:a5:01.0/0000:a6:00.0/0000:a7:00.0/0000:a8:00.0/0000:a9:00.0/0000:aa:00.0'
[1755364170.897396] [eos0397:1063738:0]            topo.c:899  UCX  DEBUG /sys/class/net/ibp170s0f0: PF sysfs path is '/sys/devices/pci0000:a5/0000:a5:01.0/0000:a6:00.0/0000:a7:00.0/0000:a8:00.0/0000:a9:00.0/0000:aa:00.0'
[1755364170.897969] [eos0397:1063738:0]            topo.c:899  UCX  DEBUG /sys/class/net/ibp170s0f0: PF sysfs path is '/sys/devices/pci0000:a5/0000:a5:01.0/0000:a6:00.0/0000:a7:00.0/0000:a8:00.0/0000:a9:00.0/0000:aa:00.0'
[1755364170.898484] [eos0397:1063738:0]            topo.c:899  UCX  DEBUG /sys/class/net/ibp170s0f0: PF sysfs path is '/sys/devices/pci0000:a5/0000:a5:01.0/0000:a6:00.0/0000:a7:00.0/0000:a8:00.0/0000:a9:00.0/0000:aa:00.0'
[1755364170.898519] [eos0397:1063738:0]           async.c:248  UCX  DEBUG added async handler 0x555557e8d250 [id=112 ref 1] ucp_worker_iface_async_fd_event() to hash
[1755364170.898523] [eos0397:1063738:0]           async.c:522  UCX  DEBUG listening to async event fd 112 events 0x0 mode thread_spinlock
[1755364170.898988] [eos0397:1063738:0]            topo.c:899  UCX  DEBUG /sys/class/net/ibp192s0: PF sysfs path is '/sys/devices/pci0000:bd/0000:bd:01.0/0000:be:00.0/0000:bf:00.0/0000:c0:00.0'
[1755364170.899538] [eos0397:1063738:0]            topo.c:899  UCX  DEBUG /sys/class/net/ibp192s0: PF sysfs path is '/sys/devices/pci0000:bd/0000:bd:01.0/0000:be:00.0/0000:bf:00.0/0000:c0:00.0'
[1755364170.900031] [eos0397:1063738:0]            topo.c:899  UCX  DEBUG /sys/class/net/ibp192s0: PF sysfs path is '/sys/devices/pci0000:bd/0000:bd:01.0/0000:be:00.0/0000:bf:00.0/0000:c0:00.0'
[1755364170.900153] [eos0397:1063738:0]            topo.c:899  UCX  DEBUG /sys/class/net/ibp192s0: PF sysfs path is '/sys/devices/pci0000:bd/0000:bd:01.0/0000:be:00.0/0000:bf:00.0/0000:c0:00.0'
[1755364170.900657] [eos0397:1063738:0]            topo.c:899  UCX  DEBUG /sys/class/net/ibp192s0: PF sysfs path is '/sys/devices/pci0000:bd/0000:bd:01.0/0000:be:00.0/0000:bf:00.0/0000:c0:00.0'
[1755364170.901330] [eos0397:1063738:0]            topo.c:899  UCX  DEBUG /sys/class/net/ibp192s0: PF sysfs path is '/sys/devices/pci0000:bd/0000:bd:01.0/0000:be:00.0/0000:bf:00.0/0000:c0:00.0'
[1755364170.901450] [eos0397:1063738:0]            topo.c:899  UCX  DEBUG /sys/class/net/ibp192s0: PF sysfs path is '/sys/devices/pci0000:bd/0000:bd:01.0/0000:be:00.0/0000:bf:00.0/0000:c0:00.0'
[1755364170.901956] [eos0397:1063738:0]            topo.c:899  UCX  DEBUG /sys/class/net/ibp192s0: PF sysfs path is '/sys/devices/pci0000:bd/0000:bd:01.0/0000:be:00.0/0000:bf:00.0/0000:c0:00.0'
[1755364170.902456] [eos0397:1063738:0]            topo.c:899  UCX  DEBUG /sys/class/net/ibp192s0: PF sysfs path is '/sys/devices/pci0000:bd/0000:bd:01.0/0000:be:00.0/0000:bf:00.0/0000:c0:00.0'
[1755364170.902578] [eos0397:1063738:0]            topo.c:899  UCX  DEBUG /sys/class/net/ibp192s0: PF sysfs path is '/sys/devices/pci0000:bd/0000:bd:01.0/0000:be:00.0/0000:bf:00.0/0000:c0:00.0'
[1755364170.903092] [eos0397:1063738:0]            topo.c:899  UCX  DEBUG /sys/class/net/ibp192s0: PF sysfs path is '/sys/devices/pci0000:bd/0000:bd:01.0/0000:be:00.0/0000:bf:00.0/0000:c0:00.0'
[1755364170.903528] [eos0397:1063738:0]            topo.c:899  UCX  DEBUG /sys/class/net/ibp192s0: PF sysfs path is '/sys/devices/pci0000:bd/0000:bd:01.0/0000:be:00.0/0000:bf:00.0/0000:c0:00.0'
[1755364170.903957] [eos0397:1063738:0]            topo.c:899  UCX  DEBUG /sys/class/net/ibp192s0: PF sysfs path is '/sys/devices/pci0000:bd/0000:bd:01.0/0000:be:00.0/0000:bf:00.0/0000:c0:00.0'
[1755364170.904452] [eos0397:1063738:0]            topo.c:899  UCX  DEBUG /sys/class/net/ibp192s0: PF sysfs path is '/sys/devices/pci0000:bd/0000:bd:01.0/0000:be:00.0/0000:bf:00.0/0000:c0:00.0'
[1755364170.904886] [eos0397:1063738:0]            topo.c:899  UCX  DEBUG /sys/class/net/ibp192s0: PF sysfs path is '/sys/devices/pci0000:bd/0000:bd:01.0/0000:be:00.0/0000:bf:00.0/0000:c0:00.0'
[1755364170.905017] [eos0397:1063738:0]            topo.c:899  UCX  DEBUG /sys/class/net/ibp192s0: PF sysfs path is '/sys/devices/pci0000:bd/0000:bd:01.0/0000:be:00.0/0000:bf:00.0/0000:c0:00.0'
[1755364170.905512] [eos0397:1063738:0]            topo.c:899  UCX  DEBUG /sys/class/net/ibp192s0: PF sysfs path is '/sys/devices/pci0000:bd/0000:bd:01.0/0000:be:00.0/0000:bf:00.0/0000:c0:00.0'
[1755364170.905551] [eos0397:1063738:0]           async.c:248  UCX  DEBUG added async handler 0x555558176c60 [id=114 ref 1] ucp_worker_iface_async_fd_event() to hash
[1755364170.905555] [eos0397:1063738:0]           async.c:522  UCX  DEBUG listening to async event fd 114 events 0x0 mode thread_spinlock
[1755364170.906137] [eos0397:1063738:0]            topo.c:899  UCX  DEBUG /sys/class/net/ibp206s0: PF sysfs path is '/sys/devices/pci0000:cb/0000:cb:01.0/0000:cc:00.0/0000:cd:00.0/0000:ce:00.0'
[1755364170.906553] [eos0397:1063738:0]            topo.c:899  UCX  DEBUG /sys/class/net/ibp206s0: PF sysfs path is '/sys/devices/pci0000:cb/0000:cb:01.0/0000:cc:00.0/0000:cd:00.0/0000:ce:00.0'
[1755364170.906984] [eos0397:1063738:0]            topo.c:899  UCX  DEBUG /sys/class/net/ibp206s0: PF sysfs path is '/sys/devices/pci0000:cb/0000:cb:01.0/0000:cc:00.0/0000:cd:00.0/0000:ce:00.0'
[1755364170.907106] [eos0397:1063738:0]            topo.c:899  UCX  DEBUG /sys/class/net/ibp206s0: PF sysfs path is '/sys/devices/pci0000:cb/0000:cb:01.0/0000:cc:00.0/0000:cd:00.0/0000:ce:00.0'
[1755364170.907235] [eos0397:1063738:0]            topo.c:899  UCX  DEBUG /sys/class/net/ibp206s0: PF sysfs path is '/sys/devices/pci0000:cb/0000:cb:01.0/0000:cc:00.0/0000:cd:00.0/0000:ce:00.0'
[1755364170.907357] [eos0397:1063738:0]            topo.c:899  UCX  DEBUG /sys/class/net/ibp206s0: PF sysfs path is '/sys/devices/pci0000:cb/0000:cb:01.0/0000:cc:00.0/0000:cd:00.0/0000:ce:00.0'
[1755364170.907477] [eos0397:1063738:0]            topo.c:899  UCX  DEBUG /sys/class/net/ibp206s0: PF sysfs path is '/sys/devices/pci0000:cb/0000:cb:01.0/0000:cc:00.0/0000:cd:00.0/0000:ce:00.0'
[1755364170.907597] [eos0397:1063738:0]            topo.c:899  UCX  DEBUG /sys/class/net/ibp206s0: PF sysfs path is '/sys/devices/pci0000:cb/0000:cb:01.0/0000:cc:00.0/0000:cd:00.0/0000:ce:00.0'
[1755364170.907717] [eos0397:1063738:0]            topo.c:899  UCX  DEBUG /sys/class/net/ibp206s0: PF sysfs path is '/sys/devices/pci0000:cb/0000:cb:01.0/0000:cc:00.0/0000:cd:00.0/0000:ce:00.0'
[1755364170.908383] [eos0397:1063738:0]            topo.c:899  UCX  DEBUG /sys/class/net/ibp206s0: PF sysfs path is '/sys/devices/pci0000:cb/0000:cb:01.0/0000:cc:00.0/0000:cd:00.0/0000:ce:00.0'
[1755364170.908988] [eos0397:1063738:0]            topo.c:899  UCX  DEBUG /sys/class/net/ibp206s0: PF sysfs path is '/sys/devices/pci0000:cb/0000:cb:01.0/0000:cc:00.0/0000:cd:00.0/0000:ce:00.0'
[1755364170.909435] [eos0397:1063738:0]            topo.c:899  UCX  DEBUG /sys/class/net/ibp206s0: PF sysfs path is '/sys/devices/pci0000:cb/0000:cb:01.0/0000:cc:00.0/0000:cd:00.0/0000:ce:00.0'
[1755364170.909931] [eos0397:1063738:0]            topo.c:899  UCX  DEBUG /sys/class/net/ibp206s0: PF sysfs path is '/sys/devices/pci0000:cb/0000:cb:01.0/0000:cc:00.0/0000:cd:00.0/0000:ce:00.0'
[1755364170.910445] [eos0397:1063738:0]            topo.c:899  UCX  DEBUG /sys/class/net/ibp206s0: PF sysfs path is '/sys/devices/pci0000:cb/0000:cb:01.0/0000:cc:00.0/0000:cd:00.0/0000:ce:00.0'
[1755364170.910997] [eos0397:1063738:0]            topo.c:899  UCX  DEBUG /sys/class/net/ibp206s0: PF sysfs path is '/sys/devices/pci0000:cb/0000:cb:01.0/0000:cc:00.0/0000:cd:00.0/0000:ce:00.0'
[1755364170.911491] [eos0397:1063738:0]            topo.c:899  UCX  DEBUG /sys/class/net/ibp206s0: PF sysfs path is '/sys/devices/pci0000:cb/0000:cb:01.0/0000:cc:00.0/0000:cd:00.0/0000:ce:00.0'
[1755364170.912100] [eos0397:1063738:0]            topo.c:899  UCX  DEBUG /sys/class/net/ibp206s0: PF sysfs path is '/sys/devices/pci0000:cb/0000:cb:01.0/0000:cc:00.0/0000:cd:00.0/0000:ce:00.0'
[1755364170.912139] [eos0397:1063738:0]           async.c:248  UCX  DEBUG added async handler 0x555558176ca0 [id=116 ref 1] ucp_worker_iface_async_fd_event() to hash
[1755364170.912143] [eos0397:1063738:0]           async.c:522  UCX  DEBUG listening to async event fd 116 events 0x0 mode thread_spinlock
[1755364170.912665] [eos0397:1063738:0]            topo.c:899  UCX  DEBUG /sys/class/net/ibp220s0: PF sysfs path is '/sys/devices/pci0000:d9/0000:d9:01.0/0000:da:00.0/0000:db:00.0/0000:dc:00.0'
[1755364170.913155] [eos0397:1063738:0]            topo.c:899  UCX  DEBUG /sys/class/net/ibp220s0: PF sysfs path is '/sys/devices/pci0000:d9/0000:d9:01.0/0000:da:00.0/0000:db:00.0/0000:dc:00.0'
[1755364170.913759] [eos0397:1063738:0]            topo.c:899  UCX  DEBUG /sys/class/net/ibp220s0: PF sysfs path is '/sys/devices/pci0000:d9/0000:d9:01.0/0000:da:00.0/0000:db:00.0/0000:dc:00.0'
[1755364170.913877] [eos0397:1063738:0]            topo.c:899  UCX  DEBUG /sys/class/net/ibp220s0: PF sysfs path is '/sys/devices/pci0000:d9/0000:d9:01.0/0000:da:00.0/0000:db:00.0/0000:dc:00.0'
[1755364170.914444] [eos0397:1063738:0]            topo.c:899  UCX  DEBUG /sys/class/net/ibp220s0: PF sysfs path is '/sys/devices/pci0000:d9/0000:d9:01.0/0000:da:00.0/0000:db:00.0/0000:dc:00.0'
[1755364170.914945] [eos0397:1063738:0]            topo.c:899  UCX  DEBUG /sys/class/net/ibp220s0: PF sysfs path is '/sys/devices/pci0000:d9/0000:d9:01.0/0000:da:00.0/0000:db:00.0/0000:dc:00.0'
[1755364170.915440] [eos0397:1063738:0]            topo.c:899  UCX  DEBUG /sys/class/net/ibp220s0: PF sysfs path is '/sys/devices/pci0000:d9/0000:d9:01.0/0000:da:00.0/0000:db:00.0/0000:dc:00.0'
[1755364170.915559] [eos0397:1063738:0]            topo.c:899  UCX  DEBUG /sys/class/net/ibp220s0: PF sysfs path is '/sys/devices/pci0000:d9/0000:d9:01.0/0000:da:00.0/0000:db:00.0/0000:dc:00.0'
[1755364170.916054] [eos0397:1063738:0]            topo.c:899  UCX  DEBUG /sys/class/net/ibp220s0: PF sysfs path is '/sys/devices/pci0000:d9/0000:d9:01.0/0000:da:00.0/0000:db:00.0/0000:dc:00.0'
[1755364170.916621] [eos0397:1063738:0]            topo.c:899  UCX  DEBUG /sys/class/net/ibp220s0: PF sysfs path is '/sys/devices/pci0000:d9/0000:d9:01.0/0000:da:00.0/0000:db:00.0/0000:dc:00.0'
[1755364170.917122] [eos0397:1063738:0]            topo.c:899  UCX  DEBUG /sys/class/net/ibp220s0: PF sysfs path is '/sys/devices/pci0000:d9/0000:d9:01.0/0000:da:00.0/0000:db:00.0/0000:dc:00.0'
[1755364170.917611] [eos0397:1063738:0]            topo.c:899  UCX  DEBUG /sys/class/net/ibp220s0: PF sysfs path is '/sys/devices/pci0000:d9/0000:d9:01.0/0000:da:00.0/0000:db:00.0/0000:dc:00.0'
[1755364170.918163] [eos0397:1063738:0]            topo.c:899  UCX  DEBUG /sys/class/net/ibp220s0: PF sysfs path is '/sys/devices/pci0000:d9/0000:d9:01.0/0000:da:00.0/0000:db:00.0/0000:dc:00.0'
[1755364170.918666] [eos0397:1063738:0]            topo.c:899  UCX  DEBUG /sys/class/net/ibp220s0: PF sysfs path is '/sys/devices/pci0000:d9/0000:d9:01.0/0000:da:00.0/0000:db:00.0/0000:dc:00.0'
[1755364170.919164] [eos0397:1063738:0]            topo.c:899  UCX  DEBUG /sys/class/net/ibp220s0: PF sysfs path is '/sys/devices/pci0000:d9/0000:d9:01.0/0000:da:00.0/0000:db:00.0/0000:dc:00.0'
[1755364170.919660] [eos0397:1063738:0]            topo.c:899  UCX  DEBUG /sys/class/net/ibp220s0: PF sysfs path is '/sys/devices/pci0000:d9/0000:d9:01.0/0000:da:00.0/0000:db:00.0/0000:dc:00.0'
[1755364170.920150] [eos0397:1063738:0]            topo.c:899  UCX  DEBUG /sys/class/net/ibp220s0: PF sysfs path is '/sys/devices/pci0000:d9/0000:d9:01.0/0000:da:00.0/0000:db:00.0/0000:dc:00.0'
[1755364170.920189] [eos0397:1063738:0]           async.c:248  UCX  DEBUG added async handler 0x555557a74400 [id=118 ref 1] ucp_worker_iface_async_fd_event() to hash
[1755364170.920192] [eos0397:1063738:0]           async.c:522  UCX  DEBUG listening to async event fd 118 events 0x0 mode thread_spinlock
[1755364170.920656] [eos0397:1063738:0]            topo.c:899  UCX  DEBUG /sys/class/net/ibp24s0: PF sysfs path is '/sys/devices/pci0000:15/0000:15:01.0/0000:16:00.0/0000:17:00.0/0000:18:00.0'
[1755364170.921199] [eos0397:1063738:0]            topo.c:899  UCX  DEBUG /sys/class/net/ibp24s0: PF sysfs path is '/sys/devices/pci0000:15/0000:15:01.0/0000:16:00.0/0000:17:00.0/0000:18:00.0'
[1755364170.921700] [eos0397:1063738:0]            topo.c:899  UCX  DEBUG /sys/class/net/ibp24s0: PF sysfs path is '/sys/devices/pci0000:15/0000:15:01.0/0000:16:00.0/0000:17:00.0/0000:18:00.0'
[1755364170.921821] [eos0397:1063738:0]            topo.c:899  UCX  DEBUG /sys/class/net/ibp24s0: PF sysfs path is '/sys/devices/pci0000:15/0000:15:01.0/0000:16:00.0/0000:17:00.0/0000:18:00.0'
[1755364170.921945] [eos0397:1063738:0]            topo.c:899  UCX  DEBUG /sys/class/net/ibp24s0: PF sysfs path is '/sys/devices/pci0000:15/0000:15:01.0/0000:16:00.0/0000:17:00.0/0000:18:00.0'
[1755364170.922391] [eos0397:1063738:0]            topo.c:899  UCX  DEBUG /sys/class/net/ibp24s0: PF sysfs path is '/sys/devices/pci0000:15/0000:15:01.0/0000:16:00.0/0000:17:00.0/0000:18:00.0'
[1755364170.922823] [eos0397:1063738:0]            topo.c:899  UCX  DEBUG /sys/class/net/ibp24s0: PF sysfs path is '/sys/devices/pci0000:15/0000:15:01.0/0000:16:00.0/0000:17:00.0/0000:18:00.0'
[1755364170.922953] [eos0397:1063738:0]            topo.c:899  UCX  DEBUG /sys/class/net/ibp24s0: PF sysfs path is '/sys/devices/pci0000:15/0000:15:01.0/0000:16:00.0/0000:17:00.0/0000:18:00.0'
[1755364170.923453] [eos0397:1063738:0]            topo.c:899  UCX  DEBUG /sys/class/net/ibp24s0: PF sysfs path is '/sys/devices/pci0000:15/0000:15:01.0/0000:16:00.0/0000:17:00.0/0000:18:00.0'
[1755364170.924000] [eos0397:1063738:0]            topo.c:899  UCX  DEBUG /sys/class/net/ibp24s0: PF sysfs path is '/sys/devices/pci0000:15/0000:15:01.0/0000:16:00.0/0000:17:00.0/0000:18:00.0'
[1755364170.924467] [eos0397:1063738:0]            topo.c:899  UCX  DEBUG /sys/class/net/ibp24s0: PF sysfs path is '/sys/devices/pci0000:15/0000:15:01.0/0000:16:00.0/0000:17:00.0/0000:18:00.0'
[1755364170.924961] [eos0397:1063738:0]            topo.c:899  UCX  DEBUG /sys/class/net/ibp24s0: PF sysfs path is '/sys/devices/pci0000:15/0000:15:01.0/0000:16:00.0/0000:17:00.0/0000:18:00.0'
[1755364170.925396] [eos0397:1063738:0]            topo.c:899  UCX  DEBUG /sys/class/net/ibp24s0: PF sysfs path is '/sys/devices/pci0000:15/0000:15:01.0/0000:16:00.0/0000:17:00.0/0000:18:00.0'
[1755364170.926007] [eos0397:1063738:0]            topo.c:899  UCX  DEBUG /sys/class/net/ibp24s0: PF sysfs path is '/sys/devices/pci0000:15/0000:15:01.0/0000:16:00.0/0000:17:00.0/0000:18:00.0'
[1755364170.926443] [eos0397:1063738:0]            topo.c:899  UCX  DEBUG /sys/class/net/ibp24s0: PF sysfs path is '/sys/devices/pci0000:15/0000:15:01.0/0000:16:00.0/0000:17:00.0/0000:18:00.0'
[1755364170.926757] [eos0397:1063738:0]            topo.c:899  UCX  DEBUG /sys/class/net/ibp24s0: PF sysfs path is '/sys/devices/pci0000:15/0000:15:01.0/0000:16:00.0/0000:17:00.0/0000:18:00.0'
[1755364170.927121] [eos0397:1063738:0]            topo.c:899  UCX  DEBUG /sys/class/net/ibp24s0: PF sysfs path is '/sys/devices/pci0000:15/0000:15:01.0/0000:16:00.0/0000:17:00.0/0000:18:00.0'
[1755364170.927160] [eos0397:1063738:0]           async.c:248  UCX  DEBUG added async handler 0x555557ab6930 [id=120 ref 1] ucp_worker_iface_async_fd_event() to hash
[1755364170.927164] [eos0397:1063738:0]           async.c:522  UCX  DEBUG listening to async event fd 120 events 0x0 mode thread_spinlock
[1755364170.927502] [eos0397:1063738:0]            topo.c:899  UCX  DEBUG /sys/class/net/ibp41s0f0: PF sysfs path is '/sys/devices/pci0000:24/0000:24:01.0/0000:25:00.0/0000:26:00.0/0000:27:00.0/0000:28:00.0/0000:29:00.0'
[1755364170.927911] [eos0397:1063738:0]            topo.c:899  UCX  DEBUG /sys/class/net/ibp41s0f0: PF sysfs path is '/sys/devices/pci0000:24/0000:24:01.0/0000:25:00.0/0000:26:00.0/0000:27:00.0/0000:28:00.0/0000:29:00.0'
[1755364170.928392] [eos0397:1063738:0]            topo.c:899  UCX  DEBUG /sys/class/net/ibp41s0f0: PF sysfs path is '/sys/devices/pci0000:24/0000:24:01.0/0000:25:00.0/0000:26:00.0/0000:27:00.0/0000:28:00.0/0000:29:00.0'
[1755364170.928877] [eos0397:1063738:0]            topo.c:899  UCX  DEBUG /sys/class/net/ibp41s0f0: PF sysfs path is '/sys/devices/pci0000:24/0000:24:01.0/0000:25:00.0/0000:26:00.0/0000:27:00.0/0000:28:00.0/0000:29:00.0'
[1755364170.929306] [eos0397:1063738:0]            topo.c:899  UCX  DEBUG /sys/class/net/ibp41s0f0: PF sysfs path is '/sys/devices/pci0000:24/0000:24:01.0/0000:25:00.0/0000:26:00.0/0000:27:00.0/0000:28:00.0/0000:29:00.0'
[1755364170.929798] [eos0397:1063738:0]            topo.c:899  UCX  DEBUG /sys/class/net/ibp41s0f0: PF sysfs path is '/sys/devices/pci0000:24/0000:24:01.0/0000:25:00.0/0000:26:00.0/0000:27:00.0/0000:28:00.0/0000:29:00.0'
[1755364170.930244] [eos0397:1063738:0]            topo.c:899  UCX  DEBUG /sys/class/net/ibp41s0f0: PF sysfs path is '/sys/devices/pci0000:24/0000:24:01.0/0000:25:00.0/0000:26:00.0/0000:27:00.0/0000:28:00.0/0000:29:00.0'
[1755364170.930682] [eos0397:1063738:0]            topo.c:899  UCX  DEBUG /sys/class/net/ibp41s0f0: PF sysfs path is '/sys/devices/pci0000:24/0000:24:01.0/0000:25:00.0/0000:26:00.0/0000:27:00.0/0000:28:00.0/0000:29:00.0'
[1755364170.931114] [eos0397:1063738:0]            topo.c:899  UCX  DEBUG /sys/class/net/ibp41s0f0: PF sysfs path is '/sys/devices/pci0000:24/0000:24:01.0/0000:25:00.0/0000:26:00.0/0000:27:00.0/0000:28:00.0/0000:29:00.0'
[1755364170.931540] [eos0397:1063738:0]            topo.c:899  UCX  DEBUG /sys/class/net/ibp41s0f0: PF sysfs path is '/sys/devices/pci0000:24/0000:24:01.0/0000:25:00.0/0000:26:00.0/0000:27:00.0/0000:28:00.0/0000:29:00.0'
[1755364170.931932] [eos0397:1063738:0]            topo.c:899  UCX  DEBUG /sys/class/net/ibp41s0f0: PF sysfs path is '/sys/devices/pci0000:24/0000:24:01.0/0000:25:00.0/0000:26:00.0/0000:27:00.0/0000:28:00.0/0000:29:00.0'
[1755364170.932304] [eos0397:1063738:0]            topo.c:899  UCX  DEBUG /sys/class/net/ibp41s0f0: PF sysfs path is '/sys/devices/pci0000:24/0000:24:01.0/0000:25:00.0/0000:26:00.0/0000:27:00.0/0000:28:00.0/0000:29:00.0'
[1755364170.932674] [eos0397:1063738:0]            topo.c:899  UCX  DEBUG /sys/class/net/ibp41s0f0: PF sysfs path is '/sys/devices/pci0000:24/0000:24:01.0/0000:25:00.0/0000:26:00.0/0000:27:00.0/0000:28:00.0/0000:29:00.0'
[1755364170.932997] [eos0397:1063738:0]            topo.c:899  UCX  DEBUG /sys/class/net/ibp41s0f0: PF sysfs path is '/sys/devices/pci0000:24/0000:24:01.0/0000:25:00.0/0000:26:00.0/0000:27:00.0/0000:28:00.0/0000:29:00.0'
[1755364170.933369] [eos0397:1063738:0]            topo.c:899  UCX  DEBUG /sys/class/net/ibp41s0f0: PF sysfs path is '/sys/devices/pci0000:24/0000:24:01.0/0000:25:00.0/0000:26:00.0/0000:27:00.0/0000:28:00.0/0000:29:00.0'
[1755364170.933753] [eos0397:1063738:0]            topo.c:899  UCX  DEBUG /sys/class/net/ibp41s0f0: PF sysfs path is '/sys/devices/pci0000:24/0000:24:01.0/0000:25:00.0/0000:26:00.0/0000:27:00.0/0000:28:00.0/0000:29:00.0'
[1755364170.934126] [eos0397:1063738:0]            topo.c:899  UCX  DEBUG /sys/class/net/ibp41s0f0: PF sysfs path is '/sys/devices/pci0000:24/0000:24:01.0/0000:25:00.0/0000:26:00.0/0000:27:00.0/0000:28:00.0/0000:29:00.0'
[1755364170.934163] [eos0397:1063738:0]           async.c:248  UCX  DEBUG added async handler 0x555557a744e0 [id=122 ref 1] ucp_worker_iface_async_fd_event() to hash
[1755364170.934166] [eos0397:1063738:0]           async.c:522  UCX  DEBUG listening to async event fd 122 events 0x0 mode thread_spinlock
[1755364170.934555] [eos0397:1063738:0]            topo.c:899  UCX  DEBUG /sys/class/net/ibp64s0: PF sysfs path is '/sys/devices/pci0000:3d/0000:3d:01.0/0000:3e:00.0/0000:3f:00.0/0000:40:00.0'
[1755364170.934875] [eos0397:1063738:0]            topo.c:899  UCX  DEBUG /sys/class/net/ibp64s0: PF sysfs path is '/sys/devices/pci0000:3d/0000:3d:01.0/0000:3e:00.0/0000:3f:00.0/0000:40:00.0'
[1755364170.935290] [eos0397:1063738:0]            topo.c:899  UCX  DEBUG /sys/class/net/ibp64s0: PF sysfs path is '/sys/devices/pci0000:3d/0000:3d:01.0/0000:3e:00.0/0000:3f:00.0/0000:40:00.0'
[1755364170.935693] [eos0397:1063738:0]            topo.c:899  UCX  DEBUG /sys/class/net/ibp64s0: PF sysfs path is '/sys/devices/pci0000:3d/0000:3d:01.0/0000:3e:00.0/0000:3f:00.0/0000:40:00.0'
[1755364170.935941] [eos0397:1063738:0]            topo.c:899  UCX  DEBUG /sys/class/net/ibp64s0: PF sysfs path is '/sys/devices/pci0000:3d/0000:3d:01.0/0000:3e:00.0/0000:3f:00.0/0000:40:00.0'
[1755364170.936274] [eos0397:1063738:0]            topo.c:899  UCX  DEBUG /sys/class/net/ibp64s0: PF sysfs path is '/sys/devices/pci0000:3d/0000:3d:01.0/0000:3e:00.0/0000:3f:00.0/0000:40:00.0'
[1755364170.936525] [eos0397:1063738:0]            topo.c:899  UCX  DEBUG /sys/class/net/ibp64s0: PF sysfs path is '/sys/devices/pci0000:3d/0000:3d:01.0/0000:3e:00.0/0000:3f:00.0/0000:40:00.0'
[1755364170.936833] [eos0397:1063738:0]            topo.c:899  UCX  DEBUG /sys/class/net/ibp64s0: PF sysfs path is '/sys/devices/pci0000:3d/0000:3d:01.0/0000:3e:00.0/0000:3f:00.0/0000:40:00.0'
[1755364170.937147] [eos0397:1063738:0]            topo.c:899  UCX  DEBUG /sys/class/net/ibp64s0: PF sysfs path is '/sys/devices/pci0000:3d/0000:3d:01.0/0000:3e:00.0/0000:3f:00.0/0000:40:00.0'
[1755364170.937462] [eos0397:1063738:0]            topo.c:899  UCX  DEBUG /sys/class/net/ibp64s0: PF sysfs path is '/sys/devices/pci0000:3d/0000:3d:01.0/0000:3e:00.0/0000:3f:00.0/0000:40:00.0'
[1755364170.937728] [eos0397:1063738:0]            topo.c:899  UCX  DEBUG /sys/class/net/ibp64s0: PF sysfs path is '/sys/devices/pci0000:3d/0000:3d:01.0/0000:3e:00.0/0000:3f:00.0/0000:40:00.0'
[1755364170.938038] [eos0397:1063738:0]            topo.c:899  UCX  DEBUG /sys/class/net/ibp64s0: PF sysfs path is '/sys/devices/pci0000:3d/0000:3d:01.0/0000:3e:00.0/0000:3f:00.0/0000:40:00.0'
[1755364170.938349] [eos0397:1063738:0]            topo.c:899  UCX  DEBUG /sys/class/net/ibp64s0: PF sysfs path is '/sys/devices/pci0000:3d/0000:3d:01.0/0000:3e:00.0/0000:3f:00.0/0000:40:00.0'
[1755364170.938663] [eos0397:1063738:0]            topo.c:899  UCX  DEBUG /sys/class/net/ibp64s0: PF sysfs path is '/sys/devices/pci0000:3d/0000:3d:01.0/0000:3e:00.0/0000:3f:00.0/0000:40:00.0'
[1755364170.938975] [eos0397:1063738:0]            topo.c:899  UCX  DEBUG /sys/class/net/ibp64s0: PF sysfs path is '/sys/devices/pci0000:3d/0000:3d:01.0/0000:3e:00.0/0000:3f:00.0/0000:40:00.0'
[1755364170.939299] [eos0397:1063738:0]            topo.c:899  UCX  DEBUG /sys/class/net/ibp64s0: PF sysfs path is '/sys/devices/pci0000:3d/0000:3d:01.0/0000:3e:00.0/0000:3f:00.0/0000:40:00.0'
[1755364170.939605] [eos0397:1063738:0]            topo.c:899  UCX  DEBUG /sys/class/net/ibp64s0: PF sysfs path is '/sys/devices/pci0000:3d/0000:3d:01.0/0000:3e:00.0/0000:3f:00.0/0000:40:00.0'
[1755364170.939650] [eos0397:1063738:0]           async.c:248  UCX  DEBUG added async handler 0x55555a3b0a70 [id=124 ref 1] ucp_worker_iface_async_fd_event() to hash
[1755364170.939654] [eos0397:1063738:0]           async.c:522  UCX  DEBUG listening to async event fd 124 events 0x0 mode thread_spinlock
[1755364170.939759] [eos0397:1063738:0]            topo.c:899  UCX  DEBUG /sys/class/net/ibp79s0: PF sysfs path is '/sys/devices/pci0000:4c/0000:4c:01.0/0000:4d:00.0/0000:4e:00.0/0000:4f:00.0'
[1755364170.939962] [eos0397:1063738:0]            topo.c:899  UCX  DEBUG /sys/class/net/ibp79s0: PF sysfs path is '/sys/devices/pci0000:4c/0000:4c:01.0/0000:4d:00.0/0000:4e:00.0/0000:4f:00.0'
[1755364170.940153] [eos0397:1063738:0]            topo.c:899  UCX  DEBUG /sys/class/net/ibp79s0: PF sysfs path is '/sys/devices/pci0000:4c/0000:4c:01.0/0000:4d:00.0/0000:4e:00.0/0000:4f:00.0'
[1755364170.940416] [eos0397:1063738:0]            topo.c:899  UCX  DEBUG /sys/class/net/ibp79s0: PF sysfs path is '/sys/devices/pci0000:4c/0000:4c:01.0/0000:4d:00.0/0000:4e:00.0/0000:4f:00.0'
[1755364170.940679] [eos0397:1063738:0]            topo.c:899  UCX  DEBUG /sys/class/net/ibp79s0: PF sysfs path is '/sys/devices/pci0000:4c/0000:4c:01.0/0000:4d:00.0/0000:4e:00.0/0000:4f:00.0'
[1755364170.940931] [eos0397:1063738:0]            topo.c:899  UCX  DEBUG /sys/class/net/ibp79s0: PF sysfs path is '/sys/devices/pci0000:4c/0000:4c:01.0/0000:4d:00.0/0000:4e:00.0/0000:4f:00.0'
[1755364170.941141] [eos0397:1063738:0]            topo.c:899  UCX  DEBUG /sys/class/net/ibp79s0: PF sysfs path is '/sys/devices/pci0000:4c/0000:4c:01.0/0000:4d:00.0/0000:4e:00.0/0000:4f:00.0'
[1755364170.941396] [eos0397:1063738:0]            topo.c:899  UCX  DEBUG /sys/class/net/ibp79s0: PF sysfs path is '/sys/devices/pci0000:4c/0000:4c:01.0/0000:4d:00.0/0000:4e:00.0/0000:4f:00.0'
[1755364170.941648] [eos0397:1063738:0]            topo.c:899  UCX  DEBUG /sys/class/net/ibp79s0: PF sysfs path is '/sys/devices/pci0000:4c/0000:4c:01.0/0000:4d:00.0/0000:4e:00.0/0000:4f:00.0'
[1755364170.941844] [eos0397:1063738:0]            topo.c:899  UCX  DEBUG /sys/class/net/ibp79s0: PF sysfs path is '/sys/devices/pci0000:4c/0000:4c:01.0/0000:4d:00.0/0000:4e:00.0/0000:4f:00.0'
[1755364170.942037] [eos0397:1063738:0]            topo.c:899  UCX  DEBUG /sys/class/net/ibp79s0: PF sysfs path is '/sys/devices/pci0000:4c/0000:4c:01.0/0000:4d:00.0/0000:4e:00.0/0000:4f:00.0'
[1755364170.942226] [eos0397:1063738:0]            topo.c:899  UCX  DEBUG /sys/class/net/ibp79s0: PF sysfs path is '/sys/devices/pci0000:4c/0000:4c:01.0/0000:4d:00.0/0000:4e:00.0/0000:4f:00.0'
[1755364170.942511] [eos0397:1063738:0]            topo.c:899  UCX  DEBUG /sys/class/net/ibp79s0: PF sysfs path is '/sys/devices/pci0000:4c/0000:4c:01.0/0000:4d:00.0/0000:4e:00.0/0000:4f:00.0'
[1755364170.942694] [eos0397:1063738:0]            topo.c:899  UCX  DEBUG /sys/class/net/ibp79s0: PF sysfs path is '/sys/devices/pci0000:4c/0000:4c:01.0/0000:4d:00.0/0000:4e:00.0/0000:4f:00.0'
[1755364170.942880] [eos0397:1063738:0]            topo.c:899  UCX  DEBUG /sys/class/net/ibp79s0: PF sysfs path is '/sys/devices/pci0000:4c/0000:4c:01.0/0000:4d:00.0/0000:4e:00.0/0000:4f:00.0'
[1755364170.943117] [eos0397:1063738:0]            topo.c:899  UCX  DEBUG /sys/class/net/ibp79s0: PF sysfs path is '/sys/devices/pci0000:4c/0000:4c:01.0/0000:4d:00.0/0000:4e:00.0/0000:4f:00.0'
[1755364170.943356] [eos0397:1063738:0]            topo.c:899  UCX  DEBUG /sys/class/net/ibp79s0: PF sysfs path is '/sys/devices/pci0000:4c/0000:4c:01.0/0000:4d:00.0/0000:4e:00.0/0000:4f:00.0'
[1755364170.943396] [eos0397:1063738:0]           async.c:248  UCX  DEBUG added async handler 0x555558557e40 [id=126 ref 1] ucp_worker_iface_async_fd_event() to hash
[1755364170.943410] [eos0397:1063738:0]           async.c:522  UCX  DEBUG listening to async event fd 126 events 0x0 mode thread_spinlock
[1755364170.943558] [eos0397:1063738:0]            topo.c:899  UCX  DEBUG /sys/class/net/ibp94s0: PF sysfs path is '/sys/devices/pci0000:5b/0000:5b:01.0/0000:5c:00.0/0000:5d:00.0/0000:5e:00.0'
[1755364170.943746] [eos0397:1063738:0]            topo.c:899  UCX  DEBUG /sys/class/net/ibp94s0: PF sysfs path is '/sys/devices/pci0000:5b/0000:5b:01.0/0000:5c:00.0/0000:5d:00.0/0000:5e:00.0'
[1755364170.943935] [eos0397:1063738:0]            topo.c:899  UCX  DEBUG /sys/class/net/ibp94s0: PF sysfs path is '/sys/devices/pci0000:5b/0000:5b:01.0/0000:5c:00.0/0000:5d:00.0/0000:5e:00.0'
[1755364170.944120] [eos0397:1063738:0]            topo.c:899  UCX  DEBUG /sys/class/net/ibp94s0: PF sysfs path is '/sys/devices/pci0000:5b/0000:5b:01.0/0000:5c:00.0/0000:5d:00.0/0000:5e:00.0'
[1755364170.944308] [eos0397:1063738:0]            topo.c:899  UCX  DEBUG /sys/class/net/ibp94s0: PF sysfs path is '/sys/devices/pci0000:5b/0000:5b:01.0/0000:5c:00.0/0000:5d:00.0/0000:5e:00.0'
[1755364170.944497] [eos0397:1063738:0]            topo.c:899  UCX  DEBUG /sys/class/net/ibp94s0: PF sysfs path is '/sys/devices/pci0000:5b/0000:5b:01.0/0000:5c:00.0/0000:5d:00.0/0000:5e:00.0'
[1755364170.944688] [eos0397:1063738:0]            topo.c:899  UCX  DEBUG /sys/class/net/ibp94s0: PF sysfs path is '/sys/devices/pci0000:5b/0000:5b:01.0/0000:5c:00.0/0000:5d:00.0/0000:5e:00.0'
[1755364170.944875] [eos0397:1063738:0]            topo.c:899  UCX  DEBUG /sys/class/net/ibp94s0: PF sysfs path is '/sys/devices/pci0000:5b/0000:5b:01.0/0000:5c:00.0/0000:5d:00.0/0000:5e:00.0'
[1755364170.945063] [eos0397:1063738:0]            topo.c:899  UCX  DEBUG /sys/class/net/ibp94s0: PF sysfs path is '/sys/devices/pci0000:5b/0000:5b:01.0/0000:5c:00.0/0000:5d:00.0/0000:5e:00.0'
[1755364170.945250] [eos0397:1063738:0]            topo.c:899  UCX  DEBUG /sys/class/net/ibp94s0: PF sysfs path is '/sys/devices/pci0000:5b/0000:5b:01.0/0000:5c:00.0/0000:5d:00.0/0000:5e:00.0'
[1755364170.945445] [eos0397:1063738:0]            topo.c:899  UCX  DEBUG /sys/class/net/ibp94s0: PF sysfs path is '/sys/devices/pci0000:5b/0000:5b:01.0/0000:5c:00.0/0000:5d:00.0/0000:5e:00.0'
[1755364170.945653] [eos0397:1063738:0]            topo.c:899  UCX  DEBUG /sys/class/net/ibp94s0: PF sysfs path is '/sys/devices/pci0000:5b/0000:5b:01.0/0000:5c:00.0/0000:5d:00.0/0000:5e:00.0'
[1755364170.945813] [eos0397:1063738:0]            topo.c:899  UCX  DEBUG /sys/class/net/ibp94s0: PF sysfs path is '/sys/devices/pci0000:5b/0000:5b:01.0/0000:5c:00.0/0000:5d:00.0/0000:5e:00.0'
[1755364170.945987] [eos0397:1063738:0]            topo.c:899  UCX  DEBUG /sys/class/net/ibp94s0: PF sysfs path is '/sys/devices/pci0000:5b/0000:5b:01.0/0000:5c:00.0/0000:5d:00.0/0000:5e:00.0'
[1755364170.946157] [eos0397:1063738:0]            topo.c:899  UCX  DEBUG /sys/class/net/ibp94s0: PF sysfs path is '/sys/devices/pci0000:5b/0000:5b:01.0/0000:5c:00.0/0000:5d:00.0/0000:5e:00.0'
[1755364170.946312] [eos0397:1063738:0]            topo.c:899  UCX  DEBUG /sys/class/net/ibp94s0: PF sysfs path is '/sys/devices/pci0000:5b/0000:5b:01.0/0000:5c:00.0/0000:5d:00.0/0000:5e:00.0'
[1755364170.946463] [eos0397:1063738:0]            topo.c:899  UCX  DEBUG /sys/class/net/ibp94s0: PF sysfs path is '/sys/devices/pci0000:5b/0000:5b:01.0/0000:5c:00.0/0000:5d:00.0/0000:5e:00.0'
[1755364170.946511] [eos0397:1063738:0]           async.c:248  UCX  DEBUG added async handler 0x555558557e80 [id=128 ref 1] ucp_worker_iface_async_fd_event() to hash
[1755364170.946514] [eos0397:1063738:0]           async.c:522  UCX  DEBUG listening to async event fd 128 events 0x0 mode thread_spinlock
[1755364170.946521] [eos0397:1063738:0]            sock.c:90   UCX  DEBUG ioctl(req=35142, ifr_name=lo) failed: Operation not supported
[1755364170.946523] [eos0397:1063738:0]         tcp_net.c:61   UCX  DEBUG speed of lo is UNKNOWN, assuming 100 Mbps
[1755364170.946568] [eos0397:1063738:0]            topo.c:895  UCX  DEBUG /sys/class/net/lo: sysfs path undetected
[1755364170.946569] [eos0397:1063738:0]            topo.c:848  UCX  DEBUG lo: pci bandwidth undetected, using maximal value
[1755364170.946591] [eos0397:1063738:0]            sock.c:90   UCX  DEBUG ioctl(req=35142, ifr_name=lo) failed: Operation not supported
[1755364170.946593] [eos0397:1063738:0]         tcp_net.c:61   UCX  DEBUG speed of lo is UNKNOWN, assuming 100 Mbps
[1755364170.946637] [eos0397:1063738:0]            topo.c:895  UCX  DEBUG /sys/class/net/lo: sysfs path undetected
[1755364170.946638] [eos0397:1063738:0]            topo.c:848  UCX  DEBUG lo: pci bandwidth undetected, using maximal value
[1755364170.946656] [eos0397:1063738:0]            sock.c:90   UCX  DEBUG ioctl(req=35142, ifr_name=lo) failed: Operation not supported
[1755364170.946658] [eos0397:1063738:0]         tcp_net.c:61   UCX  DEBUG speed of lo is UNKNOWN, assuming 100 Mbps
[1755364170.946700] [eos0397:1063738:0]            topo.c:895  UCX  DEBUG /sys/class/net/lo: sysfs path undetected
[1755364170.946700] [eos0397:1063738:0]            topo.c:848  UCX  DEBUG lo: pci bandwidth undetected, using maximal value
[1755364170.946719] [eos0397:1063738:0]            sock.c:90   UCX  DEBUG ioctl(req=35142, ifr_name=lo) failed: Operation not supported
[1755364170.946720] [eos0397:1063738:0]         tcp_net.c:61   UCX  DEBUG speed of lo is UNKNOWN, assuming 100 Mbps
[1755364170.946758] [eos0397:1063738:0]            topo.c:895  UCX  DEBUG /sys/class/net/lo: sysfs path undetected
[1755364170.946759] [eos0397:1063738:0]            topo.c:848  UCX  DEBUG lo: pci bandwidth undetected, using maximal value
[1755364170.946775] [eos0397:1063738:0]            sock.c:90   UCX  DEBUG ioctl(req=35142, ifr_name=lo) failed: Operation not supported
[1755364170.946776] [eos0397:1063738:0]         tcp_net.c:61   UCX  DEBUG speed of lo is UNKNOWN, assuming 100 Mbps
[1755364170.946816] [eos0397:1063738:0]            topo.c:895  UCX  DEBUG /sys/class/net/lo: sysfs path undetected
[1755364170.946817] [eos0397:1063738:0]            topo.c:848  UCX  DEBUG lo: pci bandwidth undetected, using maximal value
[1755364170.946832] [eos0397:1063738:0]            sock.c:90   UCX  DEBUG ioctl(req=35142, ifr_name=lo) failed: Operation not supported
[1755364170.946834] [eos0397:1063738:0]         tcp_net.c:61   UCX  DEBUG speed of lo is UNKNOWN, assuming 100 Mbps
[1755364170.946878] [eos0397:1063738:0]            topo.c:895  UCX  DEBUG /sys/class/net/lo: sysfs path undetected
[1755364170.946878] [eos0397:1063738:0]            topo.c:848  UCX  DEBUG lo: pci bandwidth undetected, using maximal value
[1755364170.946896] [eos0397:1063738:0]            sock.c:90   UCX  DEBUG ioctl(req=35142, ifr_name=lo) failed: Operation not supported
[1755364170.946898] [eos0397:1063738:0]         tcp_net.c:61   UCX  DEBUG speed of lo is UNKNOWN, assuming 100 Mbps
[1755364170.946935] [eos0397:1063738:0]            topo.c:895  UCX  DEBUG /sys/class/net/lo: sysfs path undetected
[1755364170.946935] [eos0397:1063738:0]            topo.c:848  UCX  DEBUG lo: pci bandwidth undetected, using maximal value
[1755364170.946953] [eos0397:1063738:0]            sock.c:90   UCX  DEBUG ioctl(req=35142, ifr_name=lo) failed: Operation not supported
[1755364170.946955] [eos0397:1063738:0]         tcp_net.c:61   UCX  DEBUG speed of lo is UNKNOWN, assuming 100 Mbps
[1755364170.947005] [eos0397:1063738:0]            topo.c:895  UCX  DEBUG /sys/class/net/lo: sysfs path undetected
[1755364170.947006] [eos0397:1063738:0]            topo.c:848  UCX  DEBUG lo: pci bandwidth undetected, using maximal value
[1755364170.947023] [eos0397:1063738:0]            sock.c:90   UCX  DEBUG ioctl(req=35142, ifr_name=lo) failed: Operation not supported
[1755364170.947025] [eos0397:1063738:0]         tcp_net.c:61   UCX  DEBUG speed of lo is UNKNOWN, assuming 100 Mbps
[1755364170.947057] [eos0397:1063738:0]            topo.c:895  UCX  DEBUG /sys/class/net/lo: sysfs path undetected
[1755364170.947058] [eos0397:1063738:0]            topo.c:848  UCX  DEBUG lo: pci bandwidth undetected, using maximal value
[1755364170.947080] [eos0397:1063738:0]            sock.c:90   UCX  DEBUG ioctl(req=35142, ifr_name=lo) failed: Operation not supported
[1755364170.947082] [eos0397:1063738:0]         tcp_net.c:61   UCX  DEBUG speed of lo is UNKNOWN, assuming 100 Mbps
[1755364170.947118] [eos0397:1063738:0]            topo.c:895  UCX  DEBUG /sys/class/net/lo: sysfs path undetected
[1755364170.947119] [eos0397:1063738:0]            topo.c:848  UCX  DEBUG lo: pci bandwidth undetected, using maximal value
[1755364170.947137] [eos0397:1063738:0]            sock.c:90   UCX  DEBUG ioctl(req=35142, ifr_name=lo) failed: Operation not supported
[1755364170.947139] [eos0397:1063738:0]         tcp_net.c:61   UCX  DEBUG speed of lo is UNKNOWN, assuming 100 Mbps
[1755364170.947175] [eos0397:1063738:0]            topo.c:895  UCX  DEBUG /sys/class/net/lo: sysfs path undetected
[1755364170.947175] [eos0397:1063738:0]            topo.c:848  UCX  DEBUG lo: pci bandwidth undetected, using maximal value
[1755364170.947193] [eos0397:1063738:0]            sock.c:90   UCX  DEBUG ioctl(req=35142, ifr_name=lo) failed: Operation not supported
[1755364170.947195] [eos0397:1063738:0]         tcp_net.c:61   UCX  DEBUG speed of lo is UNKNOWN, assuming 100 Mbps
[1755364170.947219] [eos0397:1063738:0]            topo.c:895  UCX  DEBUG /sys/class/net/lo: sysfs path undetected
[1755364170.947220] [eos0397:1063738:0]            topo.c:848  UCX  DEBUG lo: pci bandwidth undetected, using maximal value
[1755364170.947235] [eos0397:1063738:0]            sock.c:90   UCX  DEBUG ioctl(req=35142, ifr_name=lo) failed: Operation not supported
[1755364170.947237] [eos0397:1063738:0]         tcp_net.c:61   UCX  DEBUG speed of lo is UNKNOWN, assuming 100 Mbps
[1755364170.947252] [eos0397:1063738:0]            topo.c:895  UCX  DEBUG /sys/class/net/lo: sysfs path undetected
[1755364170.947252] [eos0397:1063738:0]            topo.c:848  UCX  DEBUG lo: pci bandwidth undetected, using maximal value
[1755364170.947267] [eos0397:1063738:0]            sock.c:90   UCX  DEBUG ioctl(req=35142, ifr_name=lo) failed: Operation not supported
[1755364170.947268] [eos0397:1063738:0]         tcp_net.c:61   UCX  DEBUG speed of lo is UNKNOWN, assuming 100 Mbps
[1755364170.947283] [eos0397:1063738:0]            topo.c:895  UCX  DEBUG /sys/class/net/lo: sysfs path undetected
[1755364170.947283] [eos0397:1063738:0]            topo.c:848  UCX  DEBUG lo: pci bandwidth undetected, using maximal value
[1755364170.947297] [eos0397:1063738:0]            sock.c:90   UCX  DEBUG ioctl(req=35142, ifr_name=lo) failed: Operation not supported
[1755364170.947299] [eos0397:1063738:0]         tcp_net.c:61   UCX  DEBUG speed of lo is UNKNOWN, assuming 100 Mbps
[1755364170.947313] [eos0397:1063738:0]            topo.c:895  UCX  DEBUG /sys/class/net/lo: sysfs path undetected
[1755364170.947314] [eos0397:1063738:0]            topo.c:848  UCX  DEBUG lo: pci bandwidth undetected, using maximal value
[1755364170.947328] [eos0397:1063738:0]            sock.c:90   UCX  DEBUG ioctl(req=35142, ifr_name=lo) failed: Operation not supported
[1755364170.947329] [eos0397:1063738:0]         tcp_net.c:61   UCX  DEBUG speed of lo is UNKNOWN, assuming 100 Mbps
[1755364170.947344] [eos0397:1063738:0]            topo.c:895  UCX  DEBUG /sys/class/net/lo: sysfs path undetected
[1755364170.947345] [eos0397:1063738:0]            topo.c:848  UCX  DEBUG lo: pci bandwidth undetected, using maximal value
[1755364170.947359] [eos0397:1063738:0]            sock.c:90   UCX  DEBUG ioctl(req=35142, ifr_name=lo) failed: Operation not supported
[1755364170.947361] [eos0397:1063738:0]         tcp_net.c:61   UCX  DEBUG speed of lo is UNKNOWN, assuming 100 Mbps
[1755364170.947375] [eos0397:1063738:0]            topo.c:895  UCX  DEBUG /sys/class/net/lo: sysfs path undetected
[1755364170.947376] [eos0397:1063738:0]            topo.c:848  UCX  DEBUG lo: pci bandwidth undetected, using maximal value
[1755364170.947390] [eos0397:1063738:0]           async.c:248  UCX  DEBUG added async handler 0x55555acf5240 [id=130 ref 1] ucp_worker_iface_async_fd_event() to hash
[1755364170.947394] [eos0397:1063738:0]           async.c:522  UCX  DEBUG listening to async event fd 130 events 0x0 mode thread_spinlock
[1755364170.947399] [eos0397:1063738:0]           async.c:248  UCX  DEBUG added async handler 0x55555acf5280 [id=132 ref 1] ucp_worker_iface_async_fd_event() to hash
[1755364170.947403] [eos0397:1063738:0]           async.c:522  UCX  DEBUG listening to async event fd 132 events 0x0 mode thread_spinlock
[1755364170.947412] [eos0397:1063738:0]           async.c:248  UCX  DEBUG added async handler 0x55555acf5110 [id=206 ref 1] ucp_worker_iface_async_fd_event() to hash
[1755364170.947414] [eos0397:1063738:0]           async.c:522  UCX  DEBUG listening to async event fd 206 events 0x0 mode thread_spinlock
[1755364170.947417] [eos0397:1063738:0]           async.c:248  UCX  DEBUG added async handler 0x55555acf5150 [id=207 ref 1] ucp_worker_iface_async_fd_event() to hash
[1755364170.947419] [eos0397:1063738:0]           async.c:522  UCX  DEBUG listening to async event fd 207 events 0x0 mode thread_spinlock
[1755364170.947421] [eos0397:1063738:0]           async.c:248  UCX  DEBUG added async handler 0x5555581d1b50 [id=134 ref 1] ucp_worker_iface_async_fd_event() to hash
[1755364170.947424] [eos0397:1063738:0]           async.c:522  UCX  DEBUG listening to async event fd 134 events 0x0 mode thread_spinlock
[1755364170.947453] [eos0397:1063738:0]           async.c:248  UCX  DEBUG added async handler 0x5555581d1b90 [id=138 ref 1] ucp_worker_iface_async_fd_event() to hash
[1755364170.947456] [eos0397:1063738:0]           async.c:522  UCX  DEBUG listening to async event fd 138 events 0x0 mode thread_spinlock
[1755364170.947472] [eos0397:1063738:0]           async.c:248  UCX  DEBUG added async handler 0x555558328020 [id=141 ref 1] ucp_worker_iface_async_fd_event() to hash
[1755364170.947475] [eos0397:1063738:0]           async.c:522  UCX  DEBUG listening to async event fd 141 events 0x0 mode thread_spinlock
[1755364170.947486] [eos0397:1063738:0]           async.c:248  UCX  DEBUG added async handler 0x555558328060 [id=143 ref 1] ucp_worker_iface_async_fd_event() to hash
[1755364170.947489] [eos0397:1063738:0]           async.c:522  UCX  DEBUG listening to async event fd 143 events 0x0 mode thread_spinlock
[1755364170.947500] [eos0397:1063738:0]           async.c:248  UCX  DEBUG added async handler 0x5555583281a0 [id=147 ref 1] ucp_worker_iface_async_fd_event() to hash
[1755364170.947503] [eos0397:1063738:0]           async.c:522  UCX  DEBUG listening to async event fd 147 events 0x0 mode thread_spinlock
[1755364170.947509] [eos0397:1063738:0]           async.c:248  UCX  DEBUG added async handler 0x5555583281e0 [id=150 ref 1] ucp_worker_iface_async_fd_event() to hash
[1755364170.947511] [eos0397:1063738:0]           async.c:522  UCX  DEBUG listening to async event fd 150 events 0x0 mode thread_spinlock
[1755364170.947520] [eos0397:1063738:0]           async.c:248  UCX  DEBUG added async handler 0x5555581dd350 [id=152 ref 1] ucp_worker_iface_async_fd_event() to hash
[1755364170.947523] [eos0397:1063738:0]           async.c:522  UCX  DEBUG listening to async event fd 152 events 0x0 mode thread_spinlock
[1755364170.947534] [eos0397:1063738:0]           async.c:248  UCX  DEBUG added async handler 0x5555581dd390 [id=156 ref 1] ucp_worker_iface_async_fd_event() to hash
[1755364170.947537] [eos0397:1063738:0]           async.c:522  UCX  DEBUG listening to async event fd 156 events 0x0 mode thread_spinlock
[1755364170.947542] [eos0397:1063738:0]           async.c:248  UCX  DEBUG added async handler 0x5555581d30c0 [id=159 ref 1] ucp_worker_iface_async_fd_event() to hash
[1755364170.947545] [eos0397:1063738:0]           async.c:522  UCX  DEBUG listening to async event fd 159 events 0x0 mode thread_spinlock
[1755364170.947554] [eos0397:1063738:0]           async.c:248  UCX  DEBUG added async handler 0x5555581d3100 [id=161 ref 1] ucp_worker_iface_async_fd_event() to hash
[1755364170.947558] [eos0397:1063738:0]           async.c:522  UCX  DEBUG listening to async event fd 161 events 0x0 mode thread_spinlock
[1755364170.947571] [eos0397:1063738:0]           async.c:248  UCX  DEBUG added async handler 0x55555a431010 [id=165 ref 1] ucp_worker_iface_async_fd_event() to hash
[1755364170.947574] [eos0397:1063738:0]           async.c:522  UCX  DEBUG listening to async event fd 165 events 0x0 mode thread_spinlock
[1755364170.947580] [eos0397:1063738:0]           async.c:248  UCX  DEBUG added async handler 0x55555a431050 [id=168 ref 1] ucp_worker_iface_async_fd_event() to hash
[1755364170.947583] [eos0397:1063738:0]           async.c:522  UCX  DEBUG listening to async event fd 168 events 0x0 mode thread_spinlock
[1755364170.947591] [eos0397:1063738:0]           async.c:248  UCX  DEBUG added async handler 0x555557859140 [id=170 ref 1] ucp_worker_iface_async_fd_event() to hash
[1755364170.947595] [eos0397:1063738:0]           async.c:522  UCX  DEBUG listening to async event fd 170 events 0x0 mode thread_spinlock
[1755364170.947604] [eos0397:1063738:0]           async.c:248  UCX  DEBUG added async handler 0x555557859180 [id=174 ref 1] ucp_worker_iface_async_fd_event() to hash
[1755364170.947607] [eos0397:1063738:0]           async.c:522  UCX  DEBUG listening to async event fd 174 events 0x0 mode thread_spinlock
[1755364170.947613] [eos0397:1063738:0]           async.c:248  UCX  DEBUG added async handler 0x555558557f30 [id=177 ref 1] ucp_worker_iface_async_fd_event() to hash
[1755364170.947616] [eos0397:1063738:0]           async.c:522  UCX  DEBUG listening to async event fd 177 events 0x0 mode thread_spinlock
[1755364170.947625] [eos0397:1063738:0]           async.c:248  UCX  DEBUG added async handler 0x555558557f70 [id=179 ref 1] ucp_worker_iface_async_fd_event() to hash
[1755364170.947627] [eos0397:1063738:0]           async.c:522  UCX  DEBUG listening to async event fd 179 events 0x0 mode thread_spinlock
[1755364170.947637] [eos0397:1063738:0]           async.c:248  UCX  DEBUG added async handler 0x555558557fb0 [id=183 ref 1] ucp_worker_iface_async_fd_event() to hash
[1755364170.947639] [eos0397:1063738:0]           async.c:522  UCX  DEBUG listening to async event fd 183 events 0x0 mode thread_spinlock
[1755364170.947646] [eos0397:1063738:0]           async.c:248  UCX  DEBUG added async handler 0x555557f31010 [id=186 ref 1] ucp_worker_iface_async_fd_event() to hash
[1755364170.947649] [eos0397:1063738:0]           async.c:522  UCX  DEBUG listening to async event fd 186 events 0x0 mode thread_spinlock
[1755364170.947658] [eos0397:1063738:0]           async.c:248  UCX  DEBUG added async handler 0x555557f31050 [id=188 ref 1] ucp_worker_iface_async_fd_event() to hash
[1755364170.947660] [eos0397:1063738:0]           async.c:522  UCX  DEBUG listening to async event fd 188 events 0x0 mode thread_spinlock
[1755364170.947668] [eos0397:1063738:0]           async.c:248  UCX  DEBUG added async handler 0x555557f31090 [id=192 ref 1] ucp_worker_iface_async_fd_event() to hash
[1755364170.947670] [eos0397:1063738:0]           async.c:522  UCX  DEBUG listening to async event fd 192 events 0x0 mode thread_spinlock
[1755364170.947678] [eos0397:1063738:0]           async.c:248  UCX  DEBUG added async handler 0x5555581cf860 [id=195 ref 1] ucp_worker_iface_async_fd_event() to hash
[1755364170.947681] [eos0397:1063738:0]           async.c:522  UCX  DEBUG listening to async event fd 195 events 0x0 mode thread_spinlock
[1755364170.947686] [eos0397:1063738:0]           async.c:248  UCX  DEBUG added async handler 0x55555acf1c70 [id=197 ref 1] ucp_worker_iface_async_fd_event() to hash
[1755364170.947689] [eos0397:1063738:0]           async.c:522  UCX  DEBUG listening to async event fd 197 events 0x0 mode thread_spinlock
[1755364170.947696] [eos0397:1063738:0]           async.c:248  UCX  DEBUG added async handler 0x5555581cf8a0 [id=201 ref 1] ucp_worker_iface_async_fd_event() to hash
[1755364170.947699] [eos0397:1063738:0]           async.c:522  UCX  DEBUG listening to async event fd 201 events 0x0 mode thread_spinlock
[1755364170.947704] [eos0397:1063738:0]           async.c:248  UCX  DEBUG added async handler 0x5555581cf8e0 [id=204 ref 1] ucp_worker_iface_async_fd_event() to hash
[1755364170.947706] [eos0397:1063738:0]           async.c:522  UCX  DEBUG listening to async event fd 204 events 0x0 mode thread_spinlock
[1755364170.951600] [eos0397:1063738:0]           async.c:248  UCX  DEBUG added async handler 0x555557c09ae0 [id=208 ref 1] uct_rdmacm_cm_event_handler() to hash
[1755364170.951608] [eos0397:1063738:0]           async.c:522  UCX  DEBUG listening to async event fd 208 events 0x1 mode thread_spinlock
[1755364170.951613] [eos0397:1063738:0]       rdmacm_cm.c:982  UCX  DEBUG created rdmacm_cm 0x555557f31690 with event_channel 0x55555a3b0ab0 (fd=208)
[1755364170.951637] [eos0397:1063738:0]      tcp_sockcm.c:225  UCX  DEBUG created tcp_sockcm 0x55555acf4ba0
[1755364170.951724] [eos0397:1063738:0]          ucp_ep.c:405  UCX  DEBUG created ep 0x7fffc9e2c000 to <no debug data> mem_type_ep:cuda
[1755364170.952022] [eos0397:1063738:0]      proto_rndv.c:515  UCX  DEBUG         no active message lane for tag/rndv
[1755364170.952042] [eos0397:1063738:0]      proto_rndv.c:515  UCX  DEBUG             no active message lane for rndv/ats
[1755364170.952043] [eos0397:1063738:0]      proto_rndv.c:515  UCX  DEBUG             no active message lane for rndv/rtr
[1755364170.952050] [eos0397:1063738:0]      proto_rndv.c:515  UCX  DEBUG                 no active message lane for rndv/rtr
[1755364170.952052] [eos0397:1063738:0]      proto_rndv.c:515  UCX  DEBUG                 no active message lane for rndv/rtr/mtype
[1755364170.952059] [eos0397:1063738:0]      proto_rndv.c:515  UCX  DEBUG                     no active message lane for rndv/rtr
[1755364170.952061] [eos0397:1063738:0]      proto_rndv.c:515  UCX  DEBUG                     no active message lane for rndv/rtr/mtype
[1755364170.952081] [eos0397:1063738:0]      proto_rndv.c:515  UCX  DEBUG             no active message lane for rndv/rtr/mtype
[1755364170.952085] [eos0397:1063738:0]      proto_rndv.c:515  UCX  DEBUG                 no active message lane for rndv/rtr
[1755364170.952087] [eos0397:1063738:0]      proto_rndv.c:515  UCX  DEBUG                 no active message lane for rndv/rtr/mtype
[1755364170.952093] [eos0397:1063738:0]      proto_rndv.c:515  UCX  DEBUG         no active message lane for rndv/rtr
[1755364170.952094] [eos0397:1063738:0]      proto_rndv.c:515  UCX  DEBUG         no active message lane for rndv/rtr/mtype
[1755364170.952103] [eos0397:1063738:0]      proto_rndv.c:515  UCX  DEBUG         no active message lane for rndv/rtr
[1755364170.952104] [eos0397:1063738:0]      proto_rndv.c:515  UCX  DEBUG         no active message lane for rndv/rtr/mtype
[1755364170.952108] [eos0397:1063738:0]      proto_rndv.c:515  UCX  DEBUG         no active message lane for am/rndv
[1755364170.952114] [eos0397:1063738:0]      proto_rndv.c:515  UCX  DEBUG         no active message lane for rndv/rtr
[1755364170.952115] [eos0397:1063738:0]      proto_rndv.c:515  UCX  DEBUG         no active message lane for rndv/rtr/mtype
[1755364170.952119] [eos0397:1063738:0]      proto_rndv.c:515  UCX  DEBUG         no active message lane for am/rndv
[1755364170.952123] [eos0397:1063738:0]          wireup.c:1227 UCX  DEBUG   ep 0x7fffc9e2c000: am_lane <none> wireup_msg_lane <none> cm_lane <none> keepalive_lane <none> reachable_mds 0x50
[1755364170.952127] [eos0397:1063738:0]          wireup.c:1237 UCX  DEBUG   ep 0x7fffc9e2c000: lane[0]: 16:cuda_copy/cuda.0 md[4]        -> addr[0].md[4]/cuda_cpy/sysdev[0] seg 4294967295 rma_bw#0
[1755364170.952128] [eos0397:1063738:0]          wireup.c:1237 UCX  DEBUG   ep 0x7fffc9e2c000: lane[1]: 18:gdr_copy/cuda.0 md[6]         -> addr[2].md[6]/gdr_copy/sysdev[0] seg 4294967295
[1755364170.952129] [eos0397:1063738:0]          wireup.c:1241 UCX  DEBUG   ep 0x7fffc9e2c000: err mode 0, flags 0x1
[1755364170.952143] [eos0397:1063738:0]          ucp_ep.c:405  UCX  DEBUG created ep 0x7fffc9e2c040 to <no debug data> mem_type_ep:cuda-managed
[1755364170.952316] [eos0397:1063738:0]      proto_rndv.c:515  UCX  DEBUG         no active message lane for tag/rndv
[1755364170.952344] [eos0397:1063738:0]         uct_mem.c:296  UCX  DEBUG               could not allocate memory with any of the provided methods
[1755364170.952719] [eos0397:1063738:0]      proto_rndv.c:515  UCX  DEBUG             no active message lane for rndv/ats
[1755364170.952721] [eos0397:1063738:0]      proto_rndv.c:515  UCX  DEBUG             no active message lane for rndv/rtr
[1755364170.952727] [eos0397:1063738:0]      proto_rndv.c:515  UCX  DEBUG                 no active message lane for rndv/rtr
[1755364170.952728] [eos0397:1063738:0]      proto_rndv.c:515  UCX  DEBUG                 no active message lane for rndv/rtr/mtype
[1755364170.952732] [eos0397:1063738:0]      proto_rndv.c:515  UCX  DEBUG                     no active message lane for rndv/rtr
[1755364170.952734] [eos0397:1063738:0]      proto_rndv.c:515  UCX  DEBUG                     no active message lane for rndv/rtr/mtype
[1755364170.952742] [eos0397:1063738:0]      proto_rndv.c:515  UCX  DEBUG             no active message lane for rndv/rtr/mtype
[1755364170.952757] [eos0397:1063738:0]      proto_rndv.c:515  UCX  DEBUG                 no active message lane for rndv/rtr
[1755364170.952759] [eos0397:1063738:0]      proto_rndv.c:515  UCX  DEBUG                 no active message lane for rndv/rtr/mtype
[1755364170.952762] [eos0397:1063738:0]      proto_rndv.c:515  UCX  DEBUG                     no active message lane for rndv/rtr
[1755364170.952764] [eos0397:1063738:0]      proto_rndv.c:515  UCX  DEBUG                     no active message lane for rndv/rtr/mtype
[1755364170.952807] [eos0397:1063738:0]      proto_rndv.c:515  UCX  DEBUG                 no active message lane for rndv/send/ppln
[1755364170.952820] [eos0397:1063738:0]      proto_rndv.c:515  UCX  DEBUG                 no active message lane for rndv/put/mtype
[1755364170.952827] [eos0397:1063738:0]      proto_rndv.c:515  UCX  DEBUG                 no active message lane for rndv/rtr
[1755364170.952829] [eos0397:1063738:0]      proto_rndv.c:515  UCX  DEBUG                 no active message lane for rndv/rtr/mtype
[1755364170.952838] [eos0397:1063738:0]      proto_rndv.c:515  UCX  DEBUG                     no active message lane for rndv/rtr
[1755364170.952840] [eos0397:1063738:0]      proto_rndv.c:515  UCX  DEBUG                     no active message lane for rndv/rtr/mtype
[1755364170.952845] [eos0397:1063738:0]      proto_rndv.c:515  UCX  DEBUG                     no active message lane for rndv/send/ppln
[1755364170.952858] [eos0397:1063738:0]      proto_rndv.c:515  UCX  DEBUG                     no active message lane for rndv/put/mtype
[1755364170.952865] [eos0397:1063738:0]      proto_rndv.c:515  UCX  DEBUG         no active message lane for rndv/rtr
[1755364170.952866] [eos0397:1063738:0]      proto_rndv.c:515  UCX  DEBUG         no active message lane for rndv/rtr/mtype
[1755364170.952872] [eos0397:1063738:0]      proto_rndv.c:515  UCX  DEBUG         no active message lane for rndv/rtr
[1755364170.952873] [eos0397:1063738:0]      proto_rndv.c:515  UCX  DEBUG         no active message lane for rndv/rtr/mtype
[1755364170.952876] [eos0397:1063738:0]      proto_rndv.c:515  UCX  DEBUG         no active message lane for am/rndv
[1755364170.952881] [eos0397:1063738:0]      proto_rndv.c:515  UCX  DEBUG         no active message lane for rndv/rtr
[1755364170.952882] [eos0397:1063738:0]      proto_rndv.c:515  UCX  DEBUG         no active message lane for rndv/rtr/mtype
[1755364170.952885] [eos0397:1063738:0]      proto_rndv.c:515  UCX  DEBUG         no active message lane for am/rndv
[1755364170.952889] [eos0397:1063738:0]          wireup.c:1227 UCX  DEBUG   ep 0x7fffc9e2c040: am_lane <none> wireup_msg_lane <none> cm_lane <none> keepalive_lane <none> reachable_mds 0x10
[1755364170.952891] [eos0397:1063738:0]          wireup.c:1237 UCX  DEBUG   ep 0x7fffc9e2c040: lane[0]: 16:cuda_copy/cuda.0 md[4]        -> addr[0].md[4]/cuda_cpy/sysdev[0] seg 4294967295 rma_bw#0
[1755364170.952892] [eos0397:1063738:0]          wireup.c:1241 UCX  DEBUG   ep 0x7fffc9e2c040: err mode 0, flags 0x1
[1755364170.952900] [eos0397:1063738:0]           mpool.c:138  UCX  DEBUG mpool ucp_requests: align 64, maxelems 4294967295, elemsize 272
[1755364170.952901] [eos0397:1063738:0]           mpool.c:138  UCX  DEBUG mpool ucp_rkeys: align 64, maxelems 4294967295, elemsize 104
[1755364170.952902] [eos0397:1063738:0]           mpool.c:138  UCX  DEBUG mpool ucp_reg_bufs: align 64, maxelems 4294967295, elemsize 8216
[1755364170.952904] [eos0397:1063738:0]           mpool.c:138  UCX  DEBUG mpool ucp_am_bufs: align 64, maxelems 4294967295, elemsize 153
[1755364170.952905] [eos0397:1063738:0]           mpool.c:138  UCX  DEBUG mpool ucp_am_bufs: align 64, maxelems 4294967295, elemsize 1113
[1755364170.952906] [eos0397:1063738:0]           mpool.c:138  UCX  DEBUG mpool ucp_am_bufs: align 64, maxelems 4294967295, elemsize 65625
[1755364170.952908] [eos0397:1063738:0]       mpool_set.c:130  UCX  DEBUG mpool_set:ucp_am_bufs, sizes map 0x80000440, largest size 65536, mpools num 3
[1755364170.954010] [eos0397:1063738:0]          parser.c:2330 UCX  WARN  unused environment variables: UCX_TCP_KEEPALIVE; UCX_HOME; UCX_LIB_DIR; UCX_IB_TIMEOUT
[1755364170.954010] [eos0397:1063738:0]          parser.c:2330 UCX  WARN  (set UCX_WARN_UNUSED_ENV_VARS=n to suppress this warning)
[1755364170.954012] [eos0397:1063738:0]          parser.c:2337 UCX  INFO  UCX_* env variables: UCX_RNDV_THRESH=0 UCX_IB_PREFER_NEAREST_DEVICE=0 UCX_NET_DEVICES=all UCX_MODULE_DIR=/opt/nvidia/hpc_sdk/Linux_x86_64/25.3/comm_libs/12.8/hpcx/hpcx-2.22.1/ucx/lib/ucx UCX_MODULE_LOG_LEVEL=debug UCX_VFS_ENABLE=n UCX_MEMTYPE_CACHE=n UCX_LOG_LEVEL=debug UCX_RNDV_SCHEME=put_zcopy UCX_CUDA_COPY_MAX_REG_RATIO=1.0 UCX_RCACHE_PURGE_ON_FORK=n
[1755364170.954031] [eos0397:1063738:0]           mpool.c:138  UCX  DEBUG mpool tl_ucp_req_mp: align 64, maxelems 4294967295, elemsize 656
[1755364170.956535] [eos0397:1063738:0]           mpool.c:282  UCX  DEBUG mpool tl_ucp_req_mp: allocated chunk 0x55555acf30d4 of 5716 bytes with 8 elements
[1755364170.956546] [eos0397:1063738:0]           mpool.c:282  UCX  DEBUG mpool ucp_requests: allocated chunk 0x55555a882ca4 of 41044 bytes with 128 elements
[1755364171.040999] [eos0397:1063738:a]        ib_iface.c:937  UCX  DEBUG iface 0x5555578a6010: ah_attr dlid=3621 sl=0 port=1 src_path_bits=0
[1755364171.041060] [eos0397:1063738:a]           ud_ep.c:405  UCX  DEBUG created ep ep=0x7ffd48000d40 iface=0x5555578a6010 id=0
[1755364171.041068] [eos0397:1063738:a]           ud_ep.c:695  UCX  DEBUG mlx5_0:1/IB slid 3621 qpn 0x1e2f epid 0 connected to lid 3621 fe80::pkey 0xffff  qpn 0x1e2d epid 1
[1755364171.041070] [eos0397:1063738:a]        ib_iface.c:937  UCX  DEBUG iface 0x5555578a6010: ah_attr dlid=3621 sl=0 port=1 src_path_bits=0
[1755364171.041073] [eos0397:1063738:a]        ib_iface.c:937  UCX  DEBUG iface 0x5555578a6010: ah_attr dlid=3621 sl=0 port=1 src_path_bits=0
[1755364171.042373] [eos0397:1063738:a]           mpool.c:282  UCX  DEBUG mpool ud_tx_skb: allocated chunk 0x7ffd88800018 of 6291432 bytes with 1489 elements
[1755364171.044899] [eos0397:1063738:a]          ucp_ep.c:405  UCX  DEBUG created ep 0x7fffc9e2c080 to <no debug data> remote-request
[1755364171.045115] [eos0397:1063738:a]      ucp_worker.c:1903 UCX  INFO    UCC_UCP_CONTEXT intra-node cfg#2 tag(sysv/memory rc_mlx5/mlx5_0:1 rc_mlx5/mlx5_0:1 rc_mlx5/mlx5_3:1 rc_mlx5/mlx5_4:1 rc_mlx5/mlx5_5:1 rc_mlx5/mlx5_3:1 rc_mlx5/mlx5_4:1 rc_mlx5/mlx5_5:1 cuda_ipc/cuda)  am(sysv/memory rc_mlx5/mlx5_0:1 rc_mlx5/mlx5_0:1 rc_ml
[1755364171.053008] [eos0397:1063738:a]           mpool.c:282  UCX  DEBUG               mpool rc_recv_desc: allocated chunk 0x7ffd45800018 of 39845864 bytes with 4752 elements
[1755364171.055209] [eos0397:1063738:a]          wireup.c:1227 UCX  DEBUG   ep 0x7fffc9e2c080: am_lane 0 wireup_msg_lane 8 cm_lane <none> keepalive_lane <none> reachable_mds 0x7a4
[1755364171.055212] [eos0397:1063738:a]          wireup.c:1237 UCX  DEBUG   ep 0x7fffc9e2c080: lane[0]: 14:sysv/memory.0 md[2]           -> addr[0].md[2]/sysv/sysdev[255] seg 4294967295 am am_bw#0
[1755364171.055214] [eos0397:1063738:a]          wireup.c:1237 UCX  DEBUG   ep 0x7fffc9e2c080: lane[1]: 22:rc_mlx5/mlx5_0:1.0 md[7]      -> addr[2].md[7]/ib/sysdev[14] seg 4294967295 rma_bw#0
[1755364171.055228] [eos0397:1063738:a]          wireup.c:1237 UCX  DEBUG   ep 0x7fffc9e2c080: lane[2]: 22:rc_mlx5/mlx5_0:1.1 md[7]      -> addr[2].md[7]/ib/sysdev[14] seg 4294967295 rma_bw#2
[1755364171.055230] [eos0397:1063738:a]          wireup.c:1237 UCX  DEBUG   ep 0x7fffc9e2c080: lane[3]: 27:rc_mlx5/mlx5_3:1.0 md[8]      -> addr[4].md[8]/ib/sysdev[16] seg 4294967295 rma_bw#5
[1755364171.055231] [eos0397:1063738:a]          wireup.c:1237 UCX  DEBUG   ep 0x7fffc9e2c080: lane[4]: 32:rc_mlx5/mlx5_4:1.0 md[9]      -> addr[5].md[9]/ib/sysdev[17] seg 4294967295 rma_bw#3
[1755364171.055232] [eos0397:1063738:a]          wireup.c:1237 UCX  DEBUG   ep 0x7fffc9e2c080: lane[5]: 37:rc_mlx5/mlx5_5:1.0 md[10]     -> addr[6].md[10]/ib/sysdev[18] seg 4294967295 rma_bw#4
[1755364171.055234] [eos0397:1063738:a]          wireup.c:1237 UCX  DEBUG   ep 0x7fffc9e2c080: lane[6]: 27:rc_mlx5/mlx5_3:1.1 md[8]      -> addr[4].md[8]/ib/sysdev[16] seg 4294967295 rma_bw#6
[1755364171.055235] [eos0397:1063738:a]          wireup.c:1237 UCX  DEBUG   ep 0x7fffc9e2c080: lane[7]: 32:rc_mlx5/mlx5_4:1.1 md[9]      -> addr[5].md[9]/ib/sysdev[17] seg 4294967295 rma_bw#7
[1755364171.055236] [eos0397:1063738:a]          wireup.c:1237 UCX  DEBUG   ep 0x7fffc9e2c080: lane[8]: 37:rc_mlx5/mlx5_5:1.1 md[10]     -> addr[6].md[10]/ib/sysdev[18] seg 4294967295 rma_bw#8 wireup
[1755364171.055238] [eos0397:1063738:a]          wireup.c:1237 UCX  DEBUG   ep 0x7fffc9e2c080: lane[9]: 17:cuda_ipc/cuda.0 md[5]         -> addr[1].md[5]/cuda_ipc/sysdev[0] seg 4294967295 rma_bw#1
[1755364171.055238] [eos0397:1063738:a]          wireup.c:1241 UCX  DEBUG   ep 0x7fffc9e2c080: err mode 0, flags 0x2
[1755364171.055252] [eos0397:1063738:a]           mm_ep.c:70   UCX  DEBUG   mm_ep 0x7ffd48055520: attached remote segment id 0x8002a at 0x7fffc9e23000 cookie 0x3de9f899614fa2c4
[1755364171.055273] [eos0397:1063738:a]           mm_ep.c:204  UCX  DEBUG   created mm ep 0x7ffd48055520, connected to remote FIFO id 0x8002a
[1755364171.056025] [eos0397:1063738:a]           rc_ep.c:165  UCX  DEBUG   created rc ep 0x7ffd4807dfc0
[1755364171.056042] [eos0397:1063738:a]       wireup_ep.c:513  UCX  DEBUG   ep 0x7fffc9e2c080: wireup_ep 0x7ffd4807dcd0 created next_ep 0x7ffd4807dfc0 to <no debug data> using rc_mlx5/mlx5_0:1
[1755364171.056486] [eos0397:1063738:a]           rc_ep.c:165  UCX  DEBUG   created rc ep 0x7ffd48084ca0
[1755364171.056488] [eos0397:1063738:a]       wireup_ep.c:513  UCX  DEBUG   ep 0x7fffc9e2c080: wireup_ep 0x7ffd480849b0 created next_ep 0x7ffd48084ca0 to <no debug data> using rc_mlx5/mlx5_0:1
[1755364171.057080] [eos0397:1063738:a]           rc_ep.c:165  UCX  DEBUG   created rc ep 0x7ffd4809d310
[1755364171.064570] [eos0397:1063738:a]           mpool.c:282  UCX  DEBUG   mpool rc_recv_desc: allocated chunk 0x7ffd43000018 of 39845864 bytes with 4752 elements
[1755364171.065166] [eos0397:1063738:a]       wireup_ep.c:513  UCX  DEBUG   ep 0x7fffc9e2c080: wireup_ep 0x7ffd4809d020 created next_ep 0x7ffd4809d310 to <no debug data> using rc_mlx5/mlx5_3:1
[1755364171.065763] [eos0397:1063738:a]           rc_ep.c:165  UCX  DEBUG   created rc ep 0x7ffd4809d840
[1755364171.073211] [eos0397:1063738:a]           mpool.c:282  UCX  DEBUG   mpool rc_recv_desc: allocated chunk 0x7ffd40800018 of 39845864 bytes with 4752 elements
[1755364171.073805] [eos0397:1063738:a]       wireup_ep.c:513  UCX  DEBUG   ep 0x7fffc9e2c080: wireup_ep 0x7ffd4809d550 created next_ep 0x7ffd4809d840 to <no debug data> using rc_mlx5/mlx5_4:1
[1755364171.074406] [eos0397:1063738:a]           rc_ep.c:165  UCX  DEBUG   created rc ep 0x7ffd4809dd70
[1755364171.081883] [eos0397:1063738:a]           mpool.c:282  UCX  DEBUG   mpool rc_recv_desc: allocated chunk 0x7ffd3e000018 of 39845864 bytes with 4752 elements
[1755364171.082524] [eos0397:1063738:a]       wireup_ep.c:513  UCX  DEBUG   ep 0x7fffc9e2c080: wireup_ep 0x7ffd4809da80 created next_ep 0x7ffd4809dd70 to <no debug data> using rc_mlx5/mlx5_5:1
[1755364171.082988] [eos0397:1063738:a]           rc_ep.c:165  UCX  DEBUG   created rc ep 0x7ffd480e05c0
[1755364171.082990] [eos0397:1063738:a]       wireup_ep.c:513  UCX  DEBUG   ep 0x7fffc9e2c080: wireup_ep 0x7ffd480e02d0 created next_ep 0x7ffd480e05c0 to <no debug data> using rc_mlx5/mlx5_3:1
[1755364171.083433] [eos0397:1063738:a]           rc_ep.c:165  UCX  DEBUG   created rc ep 0x7ffd480e09f0
[1755364171.083434] [eos0397:1063738:a]       wireup_ep.c:513  UCX  DEBUG   ep 0x7fffc9e2c080: wireup_ep 0x7ffd480e0700 created next_ep 0x7ffd480e09f0 to <no debug data> using rc_mlx5/mlx5_4:1
[1755364171.083876] [eos0397:1063738:a]           rc_ep.c:165  UCX  DEBUG   created rc ep 0x7ffd480e0e50
[1755364171.083878] [eos0397:1063738:a]       wireup_ep.c:513  UCX  DEBUG   ep 0x7fffc9e2c080: wireup_ep 0x7ffd480e0b60 created next_ep 0x7ffd480e0e50 to <no debug data> using rc_mlx5/mlx5_5:1
[1755364171.083913] [eos0397:1063738:a]        ib_iface.c:937  UCX  DEBUG   iface 0x5555578a6010: ah_attr dlid=3621 sl=0 port=1 src_path_bits=0
[1755364171.083916] [eos0397:1063738:a]        ib_iface.c:937  UCX  DEBUG   iface 0x5555578a6010: ah_attr dlid=3621 sl=0 port=1 src_path_bits=0
[1755364171.083918] [eos0397:1063738:a]        ib_iface.c:937  UCX  DEBUG   iface 0x5555578a6010: ah_attr dlid=3621 sl=0 port=1 src_path_bits=0
[1755364171.091228] [eos0397:1063738:a]           async.c:248  UCX  DEBUG   added async handler 0x7ffd480e0fc0 [id=1000120 ref 1] uct_ud_iface_async_progress() to hash
[1755364171.091239] [eos0397:1063738:a]       wireup_ep.c:289  UCX  DEBUG   ep 0x7fffc9e2c080: wireup_ep 0x7ffd480e0b60 created aux_ep 0x7ffd48000d40 to <no debug data> using ud_mlx5/mlx5_0:1
[1755364171.091246] [eos0397:1063738:a]        ib_iface.c:937  UCX  DEBUG   iface 0x555557bd97a0: ah_attr dlid=3621 sl=0 port=1 src_path_bits=0
[1755364171.091435] [eos0397:1063738:a]    rc_mlx5_devx.c:515  UCX  DEBUG   connected rc devx qp 0x95f on mlx5_0:1/IB to lid 3621(+0) sl 0 remote_qp 0x959 mtu 4096 timer 18x7 rnr 13x7 rd_atom 16
[1755364171.091436] [eos0397:1063738:a]        ib_iface.c:937  UCX  DEBUG   iface 0x555557bd97a0: ah_attr dlid=3621 sl=0 port=1 src_path_bits=0
[1755364171.091608] [eos0397:1063738:a]    rc_mlx5_devx.c:515  UCX  DEBUG   connected rc devx qp 0x960 on mlx5_0:1/IB to lid 3621(+0) sl 0 remote_qp 0x95a mtu 4096 timer 18x7 rnr 13x7 rd_atom 16
[1755364171.091610] [eos0397:1063738:a]        ib_iface.c:937  UCX  DEBUG   iface 0x555557a98170: ah_attr dlid=3629 sl=0 port=1 src_path_bits=0
[1755364171.091795] [eos0397:1063738:a]    rc_mlx5_devx.c:515  UCX  DEBUG   connected rc devx qp 0x8c3 on mlx5_3:1/IB to lid 3629(+0) sl 0 remote_qp 0x8be mtu 4096 timer 18x7 rnr 13x7 rd_atom 16
[1755364171.091796] [eos0397:1063738:a]        ib_iface.c:937  UCX  DEBUG   iface 0x5555587f6020: ah_attr dlid=3627 sl=0 port=1 src_path_bits=0
[1755364171.091980] [eos0397:1063738:a]    rc_mlx5_devx.c:515  UCX  DEBUG   connected rc devx qp 0x8f7 on mlx5_4:1/IB to lid 3627(+0) sl 0 remote_qp 0x8f2 mtu 4096 timer 18x7 rnr 13x7 rd_atom 16
[1755364171.091981] [eos0397:1063738:a]        ib_iface.c:937  UCX  DEBUG   iface 0x555558e07020: ah_attr dlid=3635 sl=0 port=1 src_path_bits=0
[1755364171.092172] [eos0397:1063738:a]    rc_mlx5_devx.c:515  UCX  DEBUG   connected rc devx qp 0x8c3 on mlx5_5:1/IB to lid 3635(+0) sl 0 remote_qp 0x8be mtu 4096 timer 18x7 rnr 13x7 rd_atom 16
[1755364171.092173] [eos0397:1063738:a]        ib_iface.c:937  UCX  DEBUG   iface 0x555557a98170: ah_attr dlid=3629 sl=0 port=1 src_path_bits=0
[1755364171.092348] [eos0397:1063738:a]    rc_mlx5_devx.c:515  UCX  DEBUG   connected rc devx qp 0x8c6 on mlx5_3:1/IB to lid 3629(+0) sl 0 remote_qp 0x8bf mtu 4096 timer 18x7 rnr 13x7 rd_atom 16
[1755364171.092350] [eos0397:1063738:a]        ib_iface.c:937  UCX  DEBUG   iface 0x5555587f6020: ah_attr dlid=3627 sl=0 port=1 src_path_bits=0
[1755364171.092529] [eos0397:1063738:a]    rc_mlx5_devx.c:515  UCX  DEBUG   connected rc devx qp 0x8fa on mlx5_4:1/IB to lid 3627(+0) sl 0 remote_qp 0x8f3 mtu 4096 timer 18x7 rnr 13x7 rd_atom 16
[1755364171.092530] [eos0397:1063738:a]        ib_iface.c:937  UCX  DEBUG   iface 0x555558e07020: ah_attr dlid=3635 sl=0 port=1 src_path_bits=0
[1755364171.092718] [eos0397:1063738:a]    rc_mlx5_devx.c:515  UCX  DEBUG   connected rc devx qp 0x8c6 on mlx5_5:1/IB to lid 3635(+0) sl 0 remote_qp 0x8bf mtu 4096 timer 18x7 rnr 13x7 rd_atom 16
[1755364171.096667] [eos0397:1063738:a]           mpool.c:282  UCX  DEBUG mpool ud_recv_skb: allocated chunk 0x7ffd4d200018 of 20971496 bytes with 4964 elements
[1755364171.097361] [eos0397:1063738:0]       wireup_ep.c:440  UCX  DEBUG ep 0x7fffc9e2c080: destroy wireup ep 0x7ffd4807dcd0
[1755364171.097364] [eos0397:1063738:0]       wireup_ep.c:440  UCX  DEBUG ep 0x7fffc9e2c080: destroy wireup ep 0x7ffd480849b0
[1755364171.097365] [eos0397:1063738:0]       wireup_ep.c:440  UCX  DEBUG ep 0x7fffc9e2c080: destroy wireup ep 0x7ffd4809d020
[1755364171.097365] [eos0397:1063738:0]       wireup_ep.c:440  UCX  DEBUG ep 0x7fffc9e2c080: destroy wireup ep 0x7ffd4809d550
[1755364171.097366] [eos0397:1063738:0]       wireup_ep.c:440  UCX  DEBUG ep 0x7fffc9e2c080: destroy wireup ep 0x7ffd4809da80
[1755364171.097367] [eos0397:1063738:0]       wireup_ep.c:440  UCX  DEBUG ep 0x7fffc9e2c080: destroy wireup ep 0x7ffd480e02d0
[1755364171.097368] [eos0397:1063738:0]       wireup_ep.c:440  UCX  DEBUG ep 0x7fffc9e2c080: destroy wireup ep 0x7ffd480e0700
[1755364171.097369] [eos0397:1063738:0]       wireup_ep.c:440  UCX  DEBUG ep 0x7fffc9e2c080: destroy wireup ep 0x7ffd480e0b60
[1755364171.097378] [eos0397:1063738:0]           async.c:173  UCX  DEBUG removed async handler 0x7ffd480e0fc0 [id=1000120 ref 1] uct_ud_iface_async_progress() from hash
[1755364171.097381] [eos0397:1063738:0]           async.c:576  UCX  DEBUG removing async handler 0x7ffd480e0fc0 [id=1000120 ref 1] uct_ud_iface_async_progress()
[1755364171.097386] [eos0397:1063738:0]           async.c:188  UCX  DEBUG release async handler 0x7ffd480e0fc0 [id=1000120 ref 0] uct_ud_iface_async_progress()
[1755364171.097415] [eos0397:1063738:0]           ud_ep.c:1783 UCX  DEBUG ep 0x7ffd48000d40: disconnect
[1755364171.097445] [eos0397:1063738:0]          ucp_ep.c:405  UCX  DEBUG created ep 0x7fffc9e2c0c0 to <no debug data> from api call
[1755364171.098120] [eos0397:1063738:0]      ucp_worker.c:1903 UCX  INFO    UCC_UCP_CONTEXT intra-node cfg#3 tag(sysv/memory rc_mlx5/mlx5_0:1 rc_mlx5/mlx5_0:1 rc_mlx5/mlx5_3:1 rc_mlx5/mlx5_4:1 rc_mlx5/mlx5_5:1 rc_mlx5/mlx5_3:1 rc_mlx5/mlx5_4:1 rc_mlx5/mlx5_5:1 cuda_ipc/cuda)  am(sysv/memory rc_mlx5/mlx5_0:1 rc_mlx5/mlx5_0:1 rc_ml
[1755364171.099942] [eos0397:1063738:0]          wireup.c:1227 UCX  DEBUG   ep 0x7fffc9e2c0c0: am_lane 0 wireup_msg_lane 8 cm_lane <none> keepalive_lane <none> reachable_mds 0xffae
[1755364171.099946] [eos0397:1063738:0]          wireup.c:1237 UCX  DEBUG   ep 0x7fffc9e2c0c0: lane[0]: 14:sysv/memory.0 md[2]           -> addr[14].md[2]/sysv/sysdev[255] seg 4294967295 am am_bw#0
[1755364171.099948] [eos0397:1063738:0]          wireup.c:1237 UCX  DEBUG   ep 0x7fffc9e2c0c0: lane[1]: 22:rc_mlx5/mlx5_0:1.0 md[7]      -> addr[22].md[7]/ib/sysdev[14] seg 4294967295 rma_bw#0
[1755364171.099949] [eos0397:1063738:0]          wireup.c:1237 UCX  DEBUG   ep 0x7fffc9e2c0c0: lane[2]: 22:rc_mlx5/mlx5_0:1.1 md[7]      -> addr[22].md[7]/ib/sysdev[14] seg 4294967295 rma_bw#2
[1755364171.099950] [eos0397:1063738:0]          wireup.c:1237 UCX  DEBUG   ep 0x7fffc9e2c0c0: lane[3]: 27:rc_mlx5/mlx5_3:1.0 md[8]      -> addr[27].md[8]/ib/sysdev[16] seg 4294967295 rma_bw#5
[1755364171.099951] [eos0397:1063738:0]          wireup.c:1237 UCX  DEBUG   ep 0x7fffc9e2c0c0: lane[4]: 32:rc_mlx5/mlx5_4:1.0 md[9]      -> addr[32].md[9]/ib/sysdev[17] seg 4294967295 rma_bw#3
[1755364171.099953] [eos0397:1063738:0]          wireup.c:1237 UCX  DEBUG   ep 0x7fffc9e2c0c0: lane[5]: 37:rc_mlx5/mlx5_5:1.0 md[10]     -> addr[37].md[10]/ib/sysdev[18] seg 4294967295 rma_bw#4
[1755364171.099954] [eos0397:1063738:0]          wireup.c:1237 UCX  DEBUG   ep 0x7fffc9e2c0c0: lane[6]: 27:rc_mlx5/mlx5_3:1.1 md[8]      -> addr[27].md[8]/ib/sysdev[16] seg 4294967295 rma_bw#6
[1755364171.099955] [eos0397:1063738:0]          wireup.c:1237 UCX  DEBUG   ep 0x7fffc9e2c0c0: lane[7]: 32:rc_mlx5/mlx5_4:1.1 md[9]      -> addr[32].md[9]/ib/sysdev[17] seg 4294967295 rma_bw#7
[1755364171.099957] [eos0397:1063738:0]          wireup.c:1237 UCX  DEBUG   ep 0x7fffc9e2c0c0: lane[8]: 37:rc_mlx5/mlx5_5:1.1 md[10]     -> addr[37].md[10]/ib/sysdev[18] seg 4294967295 rma_bw#8 wireup
[1755364171.099958] [eos0397:1063738:0]          wireup.c:1237 UCX  DEBUG   ep 0x7fffc9e2c0c0: lane[9]: 17:cuda_ipc/cuda.0 md[5]         -> addr[17].md[5]/cuda_ipc/sysdev[0] seg 4294967295 rma_bw#1
[1755364171.099959] [eos0397:1063738:0]          wireup.c:1241 UCX  DEBUG   ep 0x7fffc9e2c0c0: err mode 0, flags 0x2
[1755364171.099972] [eos0397:1063738:0]           mm_ep.c:70   UCX  DEBUG   mm_ep 0x55555a8bc660: attached remote segment id 0x8002b at 0x7fffc9e19000 cookie 0x3dd67b7a28ecc45e
[1755364171.099991] [eos0397:1063738:0]           mm_ep.c:204  UCX  DEBUG   created mm ep 0x55555a8bc660, connected to remote FIFO id 0x8002b
[1755364171.100441] [eos0397:1063738:0]           rc_ep.c:165  UCX  DEBUG   created rc ep 0x55555785a7e0
[1755364171.100444] [eos0397:1063738:0]       wireup_ep.c:513  UCX  DEBUG   ep 0x7fffc9e2c0c0: wireup_ep 0x55555625ac40 created next_ep 0x55555785a7e0 to <no debug data> using rc_mlx5/mlx5_0:1
[1755364171.100865] [eos0397:1063738:0]           rc_ep.c:165  UCX  DEBUG   created rc ep 0x5555574a5d50
[1755364171.100867] [eos0397:1063738:0]       wireup_ep.c:513  UCX  DEBUG   ep 0x7fffc9e2c0c0: wireup_ep 0x555555fde860 created next_ep 0x5555574a5d50 to <no debug data> using rc_mlx5/mlx5_0:1
[1755364171.101301] [eos0397:1063738:0]           rc_ep.c:165  UCX  DEBUG   created rc ep 0x5555571bed30
[1755364171.101302] [eos0397:1063738:0]       wireup_ep.c:513  UCX  DEBUG   ep 0x7fffc9e2c0c0: wireup_ep 0x555555e2c420 created next_ep 0x5555571bed30 to <no debug data> using rc_mlx5/mlx5_3:1
[1755364171.101738] [eos0397:1063738:0]           rc_ep.c:165  UCX  DEBUG   created rc ep 0x555556c25020
[1755364171.101739] [eos0397:1063738:0]       wireup_ep.c:513  UCX  DEBUG   ep 0x7fffc9e2c0c0: wireup_ep 0x555555e015f0 created next_ep 0x555556c25020 to <no debug data> using rc_mlx5/mlx5_4:1
[1755364171.102178] [eos0397:1063738:0]           rc_ep.c:165  UCX  DEBUG   created rc ep 0x555556740730
[1755364171.102179] [eos0397:1063738:0]       wireup_ep.c:513  UCX  DEBUG   ep 0x7fffc9e2c0c0: wireup_ep 0x555555d28150 created next_ep 0x555556740730 to <no debug data> using rc_mlx5/mlx5_5:1
[1755364171.102611] [eos0397:1063738:0]           rc_ep.c:165  UCX  DEBUG   created rc ep 0x5555565641c0
[1755364171.102613] [eos0397:1063738:0]       wireup_ep.c:513  UCX  DEBUG   ep 0x7fffc9e2c0c0: wireup_ep 0x555555df4c60 created next_ep 0x5555565641c0 to <no debug data> using rc_mlx5/mlx5_3:1
[1755364171.103026] [eos0397:1063738:0]           rc_ep.c:165  UCX  DEBUG   created rc ep 0x55555654fb00
[1755364171.103028] [eos0397:1063738:0]       wireup_ep.c:513  UCX  DEBUG   ep 0x7fffc9e2c0c0: wireup_ep 0x555555b67540 created next_ep 0x55555654fb00 to <no debug data> using rc_mlx5/mlx5_4:1
[1755364171.103443] [eos0397:1063738:0]           rc_ep.c:165  UCX  DEBUG   created rc ep 0x55555a88cf00
[1755364171.103445] [eos0397:1063738:0]       wireup_ep.c:513  UCX  DEBUG   ep 0x7fffc9e2c0c0: wireup_ep 0x55555a8c0c60 created next_ep 0x55555a88cf00 to <no debug data> using rc_mlx5/mlx5_5:1
[1755364171.103478] [eos0397:1063738:0]        ib_iface.c:937  UCX  DEBUG   iface 0x5555578a6010: ah_attr dlid=3621 sl=0 port=1 src_path_bits=0
[1755364171.103480] [eos0397:1063738:0]        ib_iface.c:937  UCX  DEBUG   iface 0x5555578a6010: ah_attr dlid=3621 sl=0 port=1 src_path_bits=0
[1755364171.103483] [eos0397:1063738:0]           ud_ep.c:405  UCX  DEBUG   created ep ep=0x555556728040 iface=0x5555578a6010 id=1
[1755364171.103486] [eos0397:1063738:0]           ud_ep.c:513  UCX  DEBUG   mlx5_0:1/IB lid 3621 qpn 0x1e2f epid 1 ep 0x555556728040 connected to IFACE lid 3621 fe80::pkey 0xffff  qpn 0x1e1e
[1755364171.103487] [eos0397:1063738:0]        ib_iface.c:937  UCX  DEBUG   iface 0x5555578a6010: ah_attr dlid=3621 sl=0 port=1 src_path_bits=0
[1755364171.103499] [eos0397:1063738:0]        ib_iface.c:937  UCX  DEBUG   iface 0x5555578a6010: ah_attr dlid=3621 sl=0 port=1 src_path_bits=0
[1755364171.103510] [eos0397:1063738:0]           async.c:248  UCX  DEBUG   added async handler 0x55555a904010 [id=1000121 ref 1] uct_ud_iface_async_progress() to hash
[1755364171.103515] [eos0397:1063738:0]       wireup_ep.c:289  UCX  DEBUG   ep 0x7fffc9e2c0c0: wireup_ep 0x55555a8c0c60 created aux_ep 0x555556728040 to <no debug data> using ud_mlx5/mlx5_0:1
[1755364171.103519] [eos0397:1063738:0]          wireup.c:1791 UCX  DEBUG ep 0x7fffc9e2c0c0: send wireup request (flags=0x40)
[1755364171.103530] [eos0397:1063738:0]       wireup_ep.c:551  UCX  DEBUG ep 0x7fffc9e2c0c0: wireup_ep 0x55555acd5600 set next_ep 0x55555a8bc660
[1755364171.153639] [eos0397:1063738:0]        ib_iface.c:937  UCX  DEBUG   iface 0x555557bd97a0: ah_attr dlid=3621 sl=0 port=1 src_path_bits=0
[1755364171.153812] [eos0397:1063738:0]    rc_mlx5_devx.c:515  UCX  DEBUG   connected rc devx qp 0x967 on mlx5_0:1/IB to lid 3621(+0) sl 0 remote_qp 0x96d mtu 4096 timer 18x7 rnr 13x7 rd_atom 16
[1755364171.153813] [eos0397:1063738:0]        ib_iface.c:937  UCX  DEBUG   iface 0x555557bd97a0: ah_attr dlid=3621 sl=0 port=1 src_path_bits=0
[1755364171.153982] [eos0397:1063738:0]    rc_mlx5_devx.c:515  UCX  DEBUG   connected rc devx qp 0x968 on mlx5_0:1/IB to lid 3621(+0) sl 0 remote_qp 0x96e mtu 4096 timer 18x7 rnr 13x7 rd_atom 16
[1755364171.153983] [eos0397:1063738:0]        ib_iface.c:937  UCX  DEBUG   iface 0x555557a98170: ah_attr dlid=3629 sl=0 port=1 src_path_bits=0
[1755364171.154156] [eos0397:1063738:0]    rc_mlx5_devx.c:515  UCX  DEBUG   connected rc devx qp 0x8cc on mlx5_3:1/IB to lid 3629(+0) sl 0 remote_qp 0x8d0 mtu 4096 timer 18x7 rnr 13x7 rd_atom 16
[1755364171.154157] [eos0397:1063738:0]        ib_iface.c:937  UCX  DEBUG   iface 0x5555587f6020: ah_attr dlid=3627 sl=0 port=1 src_path_bits=0
[1755364171.154328] [eos0397:1063738:0]    rc_mlx5_devx.c:515  UCX  DEBUG   connected rc devx qp 0x900 on mlx5_4:1/IB to lid 3627(+0) sl 0 remote_qp 0x904 mtu 4096 timer 18x7 rnr 13x7 rd_atom 16
[1755364171.154329] [eos0397:1063738:0]        ib_iface.c:937  UCX  DEBUG   iface 0x555558e07020: ah_attr dlid=3635 sl=0 port=1 src_path_bits=0
[1755364171.154500] [eos0397:1063738:0]    rc_mlx5_devx.c:515  UCX  DEBUG   connected rc devx qp 0x8cc on mlx5_5:1/IB to lid 3635(+0) sl 0 remote_qp 0x8d0 mtu 4096 timer 18x7 rnr 13x7 rd_atom 16
[1755364171.154501] [eos0397:1063738:0]        ib_iface.c:937  UCX  DEBUG   iface 0x555557a98170: ah_attr dlid=3629 sl=0 port=1 src_path_bits=0
[1755364171.154671] [eos0397:1063738:0]    rc_mlx5_devx.c:515  UCX  DEBUG   connected rc devx qp 0x8cd on mlx5_3:1/IB to lid 3629(+0) sl 0 remote_qp 0x8d3 mtu 4096 timer 18x7 rnr 13x7 rd_atom 16
[1755364171.154672] [eos0397:1063738:0]        ib_iface.c:937  UCX  DEBUG   iface 0x5555587f6020: ah_attr dlid=3627 sl=0 port=1 src_path_bits=0
[1755364171.154839] [eos0397:1063738:0]    rc_mlx5_devx.c:515  UCX  DEBUG   connected rc devx qp 0x901 on mlx5_4:1/IB to lid 3627(+0) sl 0 remote_qp 0x907 mtu 4096 timer 18x7 rnr 13x7 rd_atom 16
[1755364171.154840] [eos0397:1063738:0]        ib_iface.c:937  UCX  DEBUG   iface 0x555558e07020: ah_attr dlid=3635 sl=0 port=1 src_path_bits=0
[1755364171.155002] [eos0397:1063738:0]    rc_mlx5_devx.c:515  UCX  DEBUG   connected rc devx qp 0x8cd on mlx5_5:1/IB to lid 3635(+0) sl 0 remote_qp 0x8d3 mtu 4096 timer 18x7 rnr 13x7 rd_atom 16
[1755364171.155005] [eos0397:1063738:0]       wireup_ep.c:440  UCX  DEBUG ep 0x7fffc9e2c0c0: destroy wireup ep 0x55555acd5600
[1755364171.155006] [eos0397:1063738:0]       wireup_ep.c:440  UCX  DEBUG ep 0x7fffc9e2c0c0: destroy wireup ep 0x55555625ac40
[1755364171.155007] [eos0397:1063738:0]       wireup_ep.c:440  UCX  DEBUG ep 0x7fffc9e2c0c0: destroy wireup ep 0x555555fde860
[1755364171.155008] [eos0397:1063738:0]       wireup_ep.c:440  UCX  DEBUG ep 0x7fffc9e2c0c0: destroy wireup ep 0x555555e2c420
[1755364171.155009] [eos0397:1063738:0]       wireup_ep.c:440  UCX  DEBUG ep 0x7fffc9e2c0c0: destroy wireup ep 0x555555e015f0
[1755364171.155010] [eos0397:1063738:0]       wireup_ep.c:440  UCX  DEBUG ep 0x7fffc9e2c0c0: destroy wireup ep 0x555555d28150
[1755364171.155010] [eos0397:1063738:0]       wireup_ep.c:440  UCX  DEBUG ep 0x7fffc9e2c0c0: destroy wireup ep 0x555555df4c60
[1755364171.155011] [eos0397:1063738:0]       wireup_ep.c:440  UCX  DEBUG ep 0x7fffc9e2c0c0: destroy wireup ep 0x555555b67540
[1755364171.155012] [eos0397:1063738:0]       wireup_ep.c:440  UCX  DEBUG ep 0x7fffc9e2c0c0: destroy wireup ep 0x55555a8c0c60
[1755364171.155015] [eos0397:1063738:0]           async.c:173  UCX  DEBUG removed async handler 0x55555a904010 [id=1000121 ref 1] uct_ud_iface_async_progress() from hash
[1755364171.155016] [eos0397:1063738:0]           async.c:576  UCX  DEBUG removing async handler 0x55555a904010 [id=1000121 ref 1] uct_ud_iface_async_progress()
[1755364171.155018] [eos0397:1063738:0]           async.c:188  UCX  DEBUG release async handler 0x55555a904010 [id=1000121 ref 0] uct_ud_iface_async_progress()
[1755364171.155038] [eos0397:1063738:0]           mm_ep.c:70   UCX  DEBUG mm_ep 0x55555a8bc660: attached remote segment id 0x8002e at 0x7ffd883e3000 cookie 0x3de9f899614fa2c4
[1755364171.155045] [eos0397:1063738:0]           ud_ep.c:1783 UCX  DEBUG ep 0x555556728040: disconnect
[1755364171.209282] [eos0397:1063738:0]           mpool.c:138  UCX  DEBUG mpool mc cpu mpool buffers: align 64, maxelems 8, elemsize 1048600
[1755364171.209288] [eos0397:1063738:0]           mpool.c:282  UCX  DEBUG mpool mc cpu mpool buffers: allocated chunk 0x55555a9566f0 of 1048728 bytes with 1 elements
[1755364171.209294] [eos0397:1063738:0]           mpool.c:282  UCX  DEBUG mpool ec cpu executors: allocated chunk 0x55555acd58f4 of 1108 bytes with 16 elements
[1755364171.209425] [eos0397:1063738:0]          ucp_ep.c:405  UCX  DEBUG created ep 0x7fffc9e2c100 to <no debug data> from api call
[1755364171.210107] [eos0397:1063738:0]          wireup.c:1227 UCX  DEBUG   ep 0x7fffc9e2c100: am_lane 0 wireup_msg_lane 8 cm_lane <none> keepalive_lane <none> reachable_mds 0xffae
[1755364171.210111] [eos0397:1063738:0]          wireup.c:1237 UCX  DEBUG   ep 0x7fffc9e2c100: lane[0]: 14:sysv/memory.0 md[2]           -> addr[14].md[2]/sysv/sysdev[255] seg 4294967295 am am_bw#0
[1755364171.210113] [eos0397:1063738:0]          wireup.c:1237 UCX  DEBUG   ep 0x7fffc9e2c100: lane[1]: 22:rc_mlx5/mlx5_0:1.0 md[7]      -> addr[22].md[7]/ib/sysdev[14] seg 4294967295 rma_bw#0
[1755364171.210114] [eos0397:1063738:0]          wireup.c:1237 UCX  DEBUG   ep 0x7fffc9e2c100: lane[2]: 22:rc_mlx5/mlx5_0:1.1 md[7]      -> addr[22].md[7]/ib/sysdev[14] seg 4294967295 rma_bw#2
[1755364171.210116] [eos0397:1063738:0]          wireup.c:1237 UCX  DEBUG   ep 0x7fffc9e2c100: lane[3]: 27:rc_mlx5/mlx5_3:1.0 md[8]      -> addr[27].md[8]/ib/sysdev[16] seg 4294967295 rma_bw#5
[1755364171.210117] [eos0397:1063738:0]          wireup.c:1237 UCX  DEBUG   ep 0x7fffc9e2c100: lane[4]: 32:rc_mlx5/mlx5_4:1.0 md[9]      -> addr[32].md[9]/ib/sysdev[17] seg 4294967295 rma_bw#3
[1755364171.210118] [eos0397:1063738:0]          wireup.c:1237 UCX  DEBUG   ep 0x7fffc9e2c100: lane[5]: 37:rc_mlx5/mlx5_5:1.0 md[10]     -> addr[37].md[10]/ib/sysdev[18] seg 4294967295 rma_bw#4
[1755364171.210120] [eos0397:1063738:0]          wireup.c:1237 UCX  DEBUG   ep 0x7fffc9e2c100: lane[6]: 27:rc_mlx5/mlx5_3:1.1 md[8]      -> addr[27].md[8]/ib/sysdev[16] seg 4294967295 rma_bw#6
[1755364171.210121] [eos0397:1063738:0]          wireup.c:1237 UCX  DEBUG   ep 0x7fffc9e2c100: lane[7]: 32:rc_mlx5/mlx5_4:1.1 md[9]      -> addr[32].md[9]/ib/sysdev[17] seg 4294967295 rma_bw#7
[1755364171.210122] [eos0397:1063738:0]          wireup.c:1237 UCX  DEBUG   ep 0x7fffc9e2c100: lane[8]: 37:rc_mlx5/mlx5_5:1.1 md[10]     -> addr[37].md[10]/ib/sysdev[18] seg 4294967295 rma_bw#8 wireup
[1755364171.210124] [eos0397:1063738:0]          wireup.c:1237 UCX  DEBUG   ep 0x7fffc9e2c100: lane[9]: 17:cuda_ipc/cuda.0 md[5]         -> addr[17].md[5]/cuda_ipc/sysdev[0] seg 4294967295 rma_bw#1
[1755364171.210138] [eos0397:1063738:0]          wireup.c:1241 UCX  DEBUG   ep 0x7fffc9e2c100: err mode 0, flags 0x2
[1755364171.210149] [eos0397:1063738:0]           mm_ep.c:70   UCX  DEBUG   mm_ep 0x555555b67780: attached remote segment id 0x80029 at 0x7fffc9e0d000 cookie 0x6365747665645f69
[1755364171.210167] [eos0397:1063738:0]           mm_ep.c:204  UCX  DEBUG   created mm ep 0x555555b67780, connected to remote FIFO id 0x80029
[1755364171.210669] [eos0397:1063738:0]           rc_ep.c:165  UCX  DEBUG   created rc ep 0x55555a2e5670
[1755364171.210672] [eos0397:1063738:0]       wireup_ep.c:513  UCX  DEBUG   ep 0x7fffc9e2c100: wireup_ep 0x555555df4c60 created next_ep 0x55555a2e5670 to <no debug data> using rc_mlx5/mlx5_0:1
[1755364171.211129] [eos0397:1063738:0]           rc_ep.c:165  UCX  DEBUG   created rc ep 0x5555567443b0
[1755364171.211131] [eos0397:1063738:0]       wireup_ep.c:513  UCX  DEBUG   ep 0x7fffc9e2c100: wireup_ep 0x555555d28150 created next_ep 0x5555567443b0 to <no debug data> using rc_mlx5/mlx5_0:1
[1755364171.211567] [eos0397:1063738:0]           rc_ep.c:165  UCX  DEBUG   created rc ep 0x55555aa56790
[1755364171.211568] [eos0397:1063738:0]       wireup_ep.c:513  UCX  DEBUG   ep 0x7fffc9e2c100: wireup_ep 0x555555e015f0 created next_ep 0x55555aa56790 to <no debug data> using rc_mlx5/mlx5_3:1
[1755364171.212010] [eos0397:1063738:0]           rc_ep.c:165  UCX  DEBUG   created rc ep 0x55555aa56890
[1755364171.212011] [eos0397:1063738:0]       wireup_ep.c:513  UCX  DEBUG   ep 0x7fffc9e2c100: wireup_ep 0x555555e2c420 created next_ep 0x55555aa56890 to <no debug data> using rc_mlx5/mlx5_4:1
[1755364171.212466] [eos0397:1063738:0]           rc_ep.c:165  UCX  DEBUG   created rc ep 0x55555aa56990
[1755364171.212468] [eos0397:1063738:0]       wireup_ep.c:513  UCX  DEBUG   ep 0x7fffc9e2c100: wireup_ep 0x555555fde860 created next_ep 0x55555aa56990 to <no debug data> using rc_mlx5/mlx5_5:1
[1755364171.212896] [eos0397:1063738:0]           rc_ep.c:165  UCX  DEBUG   created rc ep 0x55555aa56ad0
[1755364171.212897] [eos0397:1063738:0]       wireup_ep.c:513  UCX  DEBUG   ep 0x7fffc9e2c100: wireup_ep 0x55555625ac40 created next_ep 0x55555aa56ad0 to <no debug data> using rc_mlx5/mlx5_3:1
[1755364171.213363] [eos0397:1063738:0]           rc_ep.c:165  UCX  DEBUG   created rc ep 0x55555aa56c00
[1755364171.213364] [eos0397:1063738:0]       wireup_ep.c:513  UCX  DEBUG   ep 0x7fffc9e2c100: wireup_ep 0x55555acd5600 created next_ep 0x55555aa56c00 to <no debug data> using rc_mlx5/mlx5_4:1
[1755364171.213793] [eos0397:1063738:0]           rc_ep.c:165  UCX  DEBUG   created rc ep 0x55555a2e5a60
[1755364171.213794] [eos0397:1063738:0]       wireup_ep.c:513  UCX  DEBUG   ep 0x7fffc9e2c100: wireup_ep 0x55555a2e5770 created next_ep 0x55555a2e5a60 to <no debug data> using rc_mlx5/mlx5_5:1
[1755364171.213823] [eos0397:1063738:0]        ib_iface.c:937  UCX  DEBUG   iface 0x5555578a6010: ah_attr dlid=3621 sl=0 port=1 src_path_bits=0
[1755364171.213825] [eos0397:1063738:0]        ib_iface.c:937  UCX  DEBUG   iface 0x5555578a6010: ah_attr dlid=3621 sl=0 port=1 src_path_bits=0
[1755364171.213828] [eos0397:1063738:0]           ud_ep.c:405  UCX  DEBUG   created ep ep=0x55555664cf80 iface=0x5555578a6010 id=2
[1755364171.213830] [eos0397:1063738:0]           ud_ep.c:513  UCX  DEBUG   mlx5_0:1/IB lid 3621 qpn 0x1e2f epid 2 ep 0x55555664cf80 connected to IFACE lid 3621 fe80::pkey 0xffff  qpn 0x1e13
[1755364171.213831] [eos0397:1063738:0]        ib_iface.c:937  UCX  DEBUG   iface 0x5555578a6010: ah_attr dlid=3621 sl=0 port=1 src_path_bits=0
[1755364171.213835] [eos0397:1063738:0]        ib_iface.c:937  UCX  DEBUG   iface 0x5555578a6010: ah_attr dlid=3621 sl=0 port=1 src_path_bits=0
[1755364171.213841] [eos0397:1063738:0]           async.c:248  UCX  DEBUG   added async handler 0x555556743920 [id=1000122 ref 1] uct_ud_iface_async_progress() to hash
[1755364171.213845] [eos0397:1063738:0]       wireup_ep.c:289  UCX  DEBUG   ep 0x7fffc9e2c100: wireup_ep 0x55555a2e5770 created aux_ep 0x55555664cf80 to <no debug data> using ud_mlx5/mlx5_0:1
[1755364171.213849] [eos0397:1063738:0]          wireup.c:1791 UCX  DEBUG ep 0x7fffc9e2c100: send wireup request (flags=0x40)
[1755364171.213856] [eos0397:1063738:0]       wireup_ep.c:551  UCX  DEBUG ep 0x7fffc9e2c100: wireup_ep 0x55555a2e5b60 set next_ep 0x555555b67780
[1755364171.220937] [eos0397:1063738:0]        ib_iface.c:937  UCX  DEBUG iface 0x5555578a6010: ah_attr dlid=3621 sl=0 port=1 src_path_bits=0
[1755364171.220939] [eos0397:1063738:0]           ud_ep.c:822  UCX  DEBUG simultaneous CREQ ep=0x55555664cf80(iface=0x5555578a6010 conn_sn=0 ep_id=2, dest_ep_id=1 rx_psn=1)
[1755364171.221264] [eos0397:1063738:0]        ib_iface.c:937  UCX  DEBUG   iface 0x555557bd97a0: ah_attr dlid=3621 sl=0 port=1 src_path_bits=0
[1755364171.221447] [eos0397:1063738:0]    rc_mlx5_devx.c:515  UCX  DEBUG   connected rc devx qp 0x975 on mlx5_0:1/IB to lid 3621(+0) sl 0 remote_qp 0x97f mtu 4096 timer 18x7 rnr 13x7 rd_atom 16
[1755364171.221448] [eos0397:1063738:0]        ib_iface.c:937  UCX  DEBUG   iface 0x555557bd97a0: ah_attr dlid=3621 sl=0 port=1 src_path_bits=0
[1755364171.221640] [eos0397:1063738:0]    rc_mlx5_devx.c:515  UCX  DEBUG   connected rc devx qp 0x979 on mlx5_0:1/IB to lid 3621(+0) sl 0 remote_qp 0x982 mtu 4096 timer 18x7 rnr 13x7 rd_atom 16
[1755364171.221641] [eos0397:1063738:0]        ib_iface.c:937  UCX  DEBUG   iface 0x555557a98170: ah_attr dlid=3629 sl=0 port=1 src_path_bits=0
[1755364171.221856] [eos0397:1063738:0]    rc_mlx5_devx.c:515  UCX  DEBUG   connected rc devx qp 0x8da on mlx5_3:1/IB to lid 3629(+0) sl 0 remote_qp 0x8e3 mtu 4096 timer 18x7 rnr 13x7 rd_atom 16
[1755364171.221857] [eos0397:1063738:0]        ib_iface.c:937  UCX  DEBUG   iface 0x5555587f6020: ah_attr dlid=3627 sl=0 port=1 src_path_bits=0
[1755364171.222048] [eos0397:1063738:0]    rc_mlx5_devx.c:515  UCX  DEBUG   connected rc devx qp 0x90e on mlx5_4:1/IB to lid 3627(+0) sl 0 remote_qp 0x916 mtu 4096 timer 18x7 rnr 13x7 rd_atom 16
[1755364171.222049] [eos0397:1063738:0]        ib_iface.c:937  UCX  DEBUG   iface 0x555558e07020: ah_attr dlid=3635 sl=0 port=1 src_path_bits=0
[1755364171.222230] [eos0397:1063738:0]    rc_mlx5_devx.c:515  UCX  DEBUG   connected rc devx qp 0x8da on mlx5_5:1/IB to lid 3635(+0) sl 0 remote_qp 0x8e2 mtu 4096 timer 18x7 rnr 13x7 rd_atom 16
[1755364171.222231] [eos0397:1063738:0]        ib_iface.c:937  UCX  DEBUG   iface 0x555557a98170: ah_attr dlid=3629 sl=0 port=1 src_path_bits=0
[1755364171.222406] [eos0397:1063738:0]    rc_mlx5_devx.c:515  UCX  DEBUG   connected rc devx qp 0x8de on mlx5_3:1/IB to lid 3629(+0) sl 0 remote_qp 0x8e6 mtu 4096 timer 18x7 rnr 13x7 rd_atom 16
[1755364171.222407] [eos0397:1063738:0]        ib_iface.c:937  UCX  DEBUG   iface 0x5555587f6020: ah_attr dlid=3627 sl=0 port=1 src_path_bits=0
[1755364171.222589] [eos0397:1063738:0]    rc_mlx5_devx.c:515  UCX  DEBUG   connected rc devx qp 0x912 on mlx5_4:1/IB to lid 3627(+0) sl 0 remote_qp 0x91a mtu 4096 timer 18x7 rnr 13x7 rd_atom 16
[1755364171.222590] [eos0397:1063738:0]        ib_iface.c:937  UCX  DEBUG   iface 0x555558e07020: ah_attr dlid=3635 sl=0 port=1 src_path_bits=0
[1755364171.222760] [eos0397:1063738:0]    rc_mlx5_devx.c:515  UCX  DEBUG   connected rc devx qp 0x8de on mlx5_5:1/IB to lid 3635(+0) sl 0 remote_qp 0x8e6 mtu 4096 timer 18x7 rnr 13x7 rd_atom 16
[1755364171.226848] [eos0397:1063738:0]       wireup_ep.c:440  UCX  DEBUG ep 0x7fffc9e2c100: destroy wireup ep 0x55555a2e5b60
[1755364171.226849] [eos0397:1063738:0]       wireup_ep.c:440  UCX  DEBUG ep 0x7fffc9e2c100: destroy wireup ep 0x555555df4c60
[1755364171.226850] [eos0397:1063738:0]       wireup_ep.c:440  UCX  DEBUG ep 0x7fffc9e2c100: destroy wireup ep 0x555555d28150
[1755364171.226851] [eos0397:1063738:0]       wireup_ep.c:440  UCX  DEBUG ep 0x7fffc9e2c100: destroy wireup ep 0x555555e015f0
[1755364171.226852] [eos0397:1063738:0]       wireup_ep.c:440  UCX  DEBUG ep 0x7fffc9e2c100: destroy wireup ep 0x555555e2c420
[1755364171.226852] [eos0397:1063738:0]       wireup_ep.c:440  UCX  DEBUG ep 0x7fffc9e2c100: destroy wireup ep 0x555555fde860
[1755364171.226853] [eos0397:1063738:0]       wireup_ep.c:440  UCX  DEBUG ep 0x7fffc9e2c100: destroy wireup ep 0x55555625ac40
[1755364171.226860] [eos0397:1063738:0]       wireup_ep.c:440  UCX  DEBUG ep 0x7fffc9e2c100: destroy wireup ep 0x55555acd5600
[1755364171.226861] [eos0397:1063738:0]       wireup_ep.c:440  UCX  DEBUG ep 0x7fffc9e2c100: destroy wireup ep 0x55555a2e5770
[1755364171.226863] [eos0397:1063738:0]           async.c:173  UCX  DEBUG removed async handler 0x555556743920 [id=1000122 ref 1] uct_ud_iface_async_progress() from hash
[1755364171.226865] [eos0397:1063738:0]           async.c:576  UCX  DEBUG removing async handler 0x555556743920 [id=1000122 ref 1] uct_ud_iface_async_progress()
[1755364171.226867] [eos0397:1063738:0]           async.c:188  UCX  DEBUG release async handler 0x555556743920 [id=1000122 ref 0] uct_ud_iface_async_progress()
[1755364171.226873] [eos0397:1063738:0]           ud_ep.c:1783 UCX  DEBUG ep 0x55555664cf80: disconnect
[1755364171.227440] [eos0397:1063738:0]           mpool.c:282  UCX  DEBUG mpool ec cpu executor tasks: allocated chunk 0x555559404014 of 5204 bytes with 16 elements
[1755364171.227463] [eos0397:1063738:0]          ucp_ep.c:405  UCX  DEBUG created ep 0x7fffc9e2c140 to <no debug data> from api call
[1755364171.228088] [eos0397:1063738:0]          wireup.c:1227 UCX  DEBUG   ep 0x7fffc9e2c140: am_lane 0 wireup_msg_lane 8 cm_lane <none> keepalive_lane <none> reachable_mds 0xffae
[1755364171.228090] [eos0397:1063738:0]          wireup.c:1237 UCX  DEBUG   ep 0x7fffc9e2c140: lane[0]: 14:sysv/memory.0 md[2]           -> addr[14].md[2]/sysv/sysdev[255] seg 4294967295 am am_bw#0
[1755364171.228092] [eos0397:1063738:0]          wireup.c:1237 UCX  DEBUG   ep 0x7fffc9e2c140: lane[1]: 22:rc_mlx5/mlx5_0:1.0 md[7]      -> addr[22].md[7]/ib/sysdev[14] seg 4294967295 rma_bw#0
[1755364171.228094] [eos0397:1063738:0]          wireup.c:1237 UCX  DEBUG   ep 0x7fffc9e2c140: lane[2]: 22:rc_mlx5/mlx5_0:1.1 md[7]      -> addr[22].md[7]/ib/sysdev[14] seg 4294967295 rma_bw#2
[1755364171.228095] [eos0397:1063738:0]          wireup.c:1237 UCX  DEBUG   ep 0x7fffc9e2c140: lane[3]: 27:rc_mlx5/mlx5_3:1.0 md[8]      -> addr[27].md[8]/ib/sysdev[16] seg 4294967295 rma_bw#5
[1755364171.228096] [eos0397:1063738:0]          wireup.c:1237 UCX  DEBUG   ep 0x7fffc9e2c140: lane[4]: 32:rc_mlx5/mlx5_4:1.0 md[9]      -> addr[32].md[9]/ib/sysdev[17] seg 4294967295 rma_bw#3
[1755364171.228097] [eos0397:1063738:0]          wireup.c:1237 UCX  DEBUG   ep 0x7fffc9e2c140: lane[5]: 37:rc_mlx5/mlx5_5:1.0 md[10]     -> addr[37].md[10]/ib/sysdev[18] seg 4294967295 rma_bw#4
[1755364171.228099] [eos0397:1063738:0]          wireup.c:1237 UCX  DEBUG   ep 0x7fffc9e2c140: lane[6]: 27:rc_mlx5/mlx5_3:1.1 md[8]      -> addr[27].md[8]/ib/sysdev[16] seg 4294967295 rma_bw#6
[1755364171.228100] [eos0397:1063738:0]          wireup.c:1237 UCX  DEBUG   ep 0x7fffc9e2c140: lane[7]: 32:rc_mlx5/mlx5_4:1.1 md[9]      -> addr[32].md[9]/ib/sysdev[17] seg 4294967295 rma_bw#7
[1755364171.228101] [eos0397:1063738:0]          wireup.c:1237 UCX  DEBUG   ep 0x7fffc9e2c140: lane[8]: 37:rc_mlx5/mlx5_5:1.1 md[10]     -> addr[37].md[10]/ib/sysdev[18] seg 4294967295 rma_bw#8 wireup
[1755364171.228103] [eos0397:1063738:0]          wireup.c:1237 UCX  DEBUG   ep 0x7fffc9e2c140: lane[9]: 17:cuda_ipc/cuda.0 md[5]         -> addr[17].md[5]/cuda_ipc/sysdev[0] seg 4294967295 rma_bw#1
[1755364171.228103] [eos0397:1063738:0]          wireup.c:1241 UCX  DEBUG   ep 0x7fffc9e2c140: err mode 0, flags 0x2
[1755364171.228112] [eos0397:1063738:0]           mm_ep.c:70   UCX  DEBUG   mm_ep 0x55555a8bc9d0: attached remote segment id 0x80034 at 0x7fffc9e04000 cookie (nil)
[1755364171.228127] [eos0397:1063738:0]           mm_ep.c:204  UCX  DEBUG   created mm ep 0x55555a8bc9d0, connected to remote FIFO id 0x80034
[1755364171.228555] [eos0397:1063738:0]           rc_ep.c:165  UCX  DEBUG   created rc ep 0x555559405590
[1755364171.228558] [eos0397:1063738:0]       wireup_ep.c:513  UCX  DEBUG   ep 0x7fffc9e2c140: wireup_ep 0x55555625ac40 created next_ep 0x555559405590 to <no debug data> using rc_mlx5/mlx5_0:1
[1755364171.228991] [eos0397:1063738:0]           rc_ep.c:165  UCX  DEBUG   created rc ep 0x555559405690
[1755364171.228992] [eos0397:1063738:0]       wireup_ep.c:513  UCX  DEBUG   ep 0x7fffc9e2c140: wireup_ep 0x555555fde860 created next_ep 0x555559405690 to <no debug data> using rc_mlx5/mlx5_0:1
[1755364171.229433] [eos0397:1063738:0]           rc_ep.c:165  UCX  DEBUG   created rc ep 0x555559405790
[1755364171.229435] [eos0397:1063738:0]       wireup_ep.c:513  UCX  DEBUG   ep 0x7fffc9e2c140: wireup_ep 0x555555e2c420 created next_ep 0x555559405790 to <no debug data> using rc_mlx5/mlx5_3:1
[1755364171.229888] [eos0397:1063738:0]           rc_ep.c:165  UCX  DEBUG   created rc ep 0x5555594058d0
[1755364171.229890] [eos0397:1063738:0]       wireup_ep.c:513  UCX  DEBUG   ep 0x7fffc9e2c140: wireup_ep 0x555555e015f0 created next_ep 0x5555594058d0 to <no debug data> using rc_mlx5/mlx5_4:1
[1755364171.230328] [eos0397:1063738:0]           rc_ep.c:165  UCX  DEBUG   created rc ep 0x555559405a00
[1755364171.230330] [eos0397:1063738:0]       wireup_ep.c:513  UCX  DEBUG   ep 0x7fffc9e2c140: wireup_ep 0x555555d28150 created next_ep 0x555559405a00 to <no debug data> using rc_mlx5/mlx5_5:1
[1755364171.230757] [eos0397:1063738:0]           rc_ep.c:165  UCX  DEBUG   created rc ep 0x555559405b70
[1755364171.230758] [eos0397:1063738:0]       wireup_ep.c:513  UCX  DEBUG   ep 0x7fffc9e2c140: wireup_ep 0x555555df4c60 created next_ep 0x555559405b70 to <no debug data> using rc_mlx5/mlx5_3:1
[1755364171.231188] [eos0397:1063738:0]           rc_ep.c:165  UCX  DEBUG   created rc ep 0x55555aa785a0
[1755364171.231189] [eos0397:1063738:0]       wireup_ep.c:513  UCX  DEBUG   ep 0x7fffc9e2c140: wireup_ep 0x55555a2e5b60 created next_ep 0x55555aa785a0 to <no debug data> using rc_mlx5/mlx5_4:1
[1755364171.231616] [eos0397:1063738:0]           rc_ep.c:165  UCX  DEBUG   created rc ep 0x55555aa78a00
[1755364171.231617] [eos0397:1063738:0]       wireup_ep.c:513  UCX  DEBUG   ep 0x7fffc9e2c140: wireup_ep 0x55555aa78710 created next_ep 0x55555aa78a00 to <no debug data> using rc_mlx5/mlx5_5:1
[1755364171.231645] [eos0397:1063738:0]        ib_iface.c:937  UCX  DEBUG   iface 0x5555578a6010: ah_attr dlid=3621 sl=0 port=1 src_path_bits=0
[1755364171.231647] [eos0397:1063738:0]        ib_iface.c:937  UCX  DEBUG   iface 0x5555578a6010: ah_attr dlid=3621 sl=0 port=1 src_path_bits=0
[1755364171.231649] [eos0397:1063738:0]           ud_ep.c:405  UCX  DEBUG   created ep ep=0x55555aa78bf0 iface=0x5555578a6010 id=3
[1755364171.231651] [eos0397:1063738:0]           ud_ep.c:513  UCX  DEBUG   mlx5_0:1/IB lid 3621 qpn 0x1e2f epid 3 ep 0x55555aa78bf0 connected to IFACE lid 3621 fe80::pkey 0xffff  qpn 0x1e23
[1755364171.231652] [eos0397:1063738:0]        ib_iface.c:937  UCX  DEBUG   iface 0x5555578a6010: ah_attr dlid=3621 sl=0 port=1 src_path_bits=0
[1755364171.231653] [eos0397:1063738:0]        ib_iface.c:937  UCX  DEBUG   iface 0x5555578a6010: ah_attr dlid=3621 sl=0 port=1 src_path_bits=0
[1755364171.231656] [eos0397:1063738:0]           async.c:248  UCX  DEBUG   added async handler 0x55555aa56fc0 [id=1000123 ref 1] uct_ud_iface_async_progress() to hash
[1755364171.231660] [eos0397:1063738:0]       wireup_ep.c:289  UCX  DEBUG   ep 0x7fffc9e2c140: wireup_ep 0x55555aa78710 created aux_ep 0x55555aa78bf0 to <no debug data> using ud_mlx5/mlx5_0:1
[1755364171.231662] [eos0397:1063738:0]          wireup.c:1791 UCX  DEBUG ep 0x7fffc9e2c140: send wireup request (flags=0x40)
[1755364171.231668] [eos0397:1063738:0]       wireup_ep.c:551  UCX  DEBUG ep 0x7fffc9e2c140: wireup_ep 0x55555aabc050 set next_ep 0x55555a8bc9d0
[1755364171.231749] [eos0397:1063738:0]           mpool.c:282  UCX  DEBUG mpool ucp_am_bufs: allocated chunk 0x55555ac90d74 of 147540 bytes with 128 elements
[1755364171.234305] [eos0397:1063738:0]        ib_iface.c:937  UCX  DEBUG iface 0x5555578a6010: ah_attr dlid=3621 sl=0 port=1 src_path_bits=0
[1755364171.234307] [eos0397:1063738:0]           ud_ep.c:822  UCX  DEBUG simultaneous CREQ ep=0x55555aa78bf0(iface=0x5555578a6010 conn_sn=0 ep_id=3, dest_ep_id=3 rx_psn=1)
[1755364171.234638] [eos0397:1063738:0]        ib_iface.c:937  UCX  DEBUG   iface 0x555557bd97a0: ah_attr dlid=3621 sl=0 port=1 src_path_bits=0
[1755364171.234827] [eos0397:1063738:0]    rc_mlx5_devx.c:515  UCX  DEBUG   connected rc devx qp 0x98b on mlx5_0:1/IB to lid 3621(+0) sl 0 remote_qp 0x98d mtu 4096 timer 18x7 rnr 13x7 rd_atom 16
[1755364171.234828] [eos0397:1063738:0]        ib_iface.c:937  UCX  DEBUG   iface 0x555557bd97a0: ah_attr dlid=3621 sl=0 port=1 src_path_bits=0
[1755364171.235012] [eos0397:1063738:0]    rc_mlx5_devx.c:515  UCX  DEBUG   connected rc devx qp 0x98c on mlx5_0:1/IB to lid 3621(+0) sl 0 remote_qp 0x992 mtu 4096 timer 18x7 rnr 13x7 rd_atom 16
[1755364171.235013] [eos0397:1063738:0]        ib_iface.c:937  UCX  DEBUG   iface 0x555557a98170: ah_attr dlid=3629 sl=0 port=1 src_path_bits=0
[1755364171.235195] [eos0397:1063738:0]    rc_mlx5_devx.c:515  UCX  DEBUG   connected rc devx qp 0x8f0 on mlx5_3:1/IB to lid 3629(+0) sl 0 remote_qp 0x8f2 mtu 4096 timer 18x7 rnr 13x7 rd_atom 16
[1755364171.235196] [eos0397:1063738:0]        ib_iface.c:937  UCX  DEBUG   iface 0x5555587f6020: ah_attr dlid=3627 sl=0 port=1 src_path_bits=0
[1755364171.235379] [eos0397:1063738:0]    rc_mlx5_devx.c:515  UCX  DEBUG   connected rc devx qp 0x924 on mlx5_4:1/IB to lid 3627(+0) sl 0 remote_qp 0x926 mtu 4096 timer 18x7 rnr 13x7 rd_atom 16
[1755364171.235380] [eos0397:1063738:0]        ib_iface.c:937  UCX  DEBUG   iface 0x555558e07020: ah_attr dlid=3635 sl=0 port=1 src_path_bits=0
[1755364171.235562] [eos0397:1063738:0]    rc_mlx5_devx.c:515  UCX  DEBUG   connected rc devx qp 0x8f0 on mlx5_5:1/IB to lid 3635(+0) sl 0 remote_qp 0x8f2 mtu 4096 timer 18x7 rnr 13x7 rd_atom 16
[1755364171.235563] [eos0397:1063738:0]        ib_iface.c:937  UCX  DEBUG   iface 0x555557a98170: ah_attr dlid=3629 sl=0 port=1 src_path_bits=0
[1755364171.235742] [eos0397:1063738:0]    rc_mlx5_devx.c:515  UCX  DEBUG   connected rc devx qp 0x8f1 on mlx5_3:1/IB to lid 3629(+0) sl 0 remote_qp 0x8f7 mtu 4096 timer 18x7 rnr 13x7 rd_atom 16
[1755364171.235743] [eos0397:1063738:0]        ib_iface.c:937  UCX  DEBUG   iface 0x5555587f6020: ah_attr dlid=3627 sl=0 port=1 src_path_bits=0
[1755364171.235928] [eos0397:1063738:0]    rc_mlx5_devx.c:515  UCX  DEBUG   connected rc devx qp 0x925 on mlx5_4:1/IB to lid 3627(+0) sl 0 remote_qp 0x92b mtu 4096 timer 18x7 rnr 13x7 rd_atom 16
[1755364171.235929] [eos0397:1063738:0]        ib_iface.c:937  UCX  DEBUG   iface 0x555558e07020: ah_attr dlid=3635 sl=0 port=1 src_path_bits=0
[1755364171.236123] [eos0397:1063738:0]    rc_mlx5_devx.c:515  UCX  DEBUG   connected rc devx qp 0x8f1 on mlx5_5:1/IB to lid 3635(+0) sl 0 remote_qp 0x8f7 mtu 4096 timer 18x7 rnr 13x7 rd_atom 16
[1755364171.237536] [eos0397:1063738:0]       wireup_ep.c:440  UCX  DEBUG ep 0x7fffc9e2c140: destroy wireup ep 0x55555aabc050
[1755364171.237537] [eos0397:1063738:0]       wireup_ep.c:440  UCX  DEBUG ep 0x7fffc9e2c140: destroy wireup ep 0x55555625ac40
[1755364171.237538] [eos0397:1063738:0]       wireup_ep.c:440  UCX  DEBUG ep 0x7fffc9e2c140: destroy wireup ep 0x555555fde860
[1755364171.237539] [eos0397:1063738:0]       wireup_ep.c:440  UCX  DEBUG ep 0x7fffc9e2c140: destroy wireup ep 0x555555e2c420
[1755364171.237539] [eos0397:1063738:0]       wireup_ep.c:440  UCX  DEBUG ep 0x7fffc9e2c140: destroy wireup ep 0x555555e015f0
[1755364171.237540] [eos0397:1063738:0]       wireup_ep.c:440  UCX  DEBUG ep 0x7fffc9e2c140: destroy wireup ep 0x555555d28150
[1755364171.237541] [eos0397:1063738:0]       wireup_ep.c:440  UCX  DEBUG ep 0x7fffc9e2c140: destroy wireup ep 0x555555df4c60
[1755364171.237541] [eos0397:1063738:0]       wireup_ep.c:440  UCX  DEBUG ep 0x7fffc9e2c140: destroy wireup ep 0x55555a2e5b60
[1755364171.237542] [eos0397:1063738:0]       wireup_ep.c:440  UCX  DEBUG ep 0x7fffc9e2c140: destroy wireup ep 0x55555aa78710
[1755364171.237544] [eos0397:1063738:0]           async.c:173  UCX  DEBUG removed async handler 0x55555aa56fc0 [id=1000123 ref 1] uct_ud_iface_async_progress() from hash
[1755364171.237545] [eos0397:1063738:0]           async.c:576  UCX  DEBUG removing async handler 0x55555aa56fc0 [id=1000123 ref 1] uct_ud_iface_async_progress()
[1755364171.237547] [eos0397:1063738:0]           async.c:188  UCX  DEBUG release async handler 0x55555aa56fc0 [id=1000123 ref 0] uct_ud_iface_async_progress()
[1755364171.237552] [eos0397:1063738:0]           ud_ep.c:1783 UCX  DEBUG ep 0x55555aa78bf0: disconnect
[1755364176.132541] [eos0397:1063738:0]           mpool.c:282  UCX  DEBUG mpool tl_shm_req_mp: allocated chunk 0x55555ac02384 of 4692 bytes with 8 elements
[1755364176.519685] [eos0397:1063738:0]     ucp_context.c:2257 UCX  INFO  Version 1.18.0 (loaded from /opt/nvidia/hpc_sdk/Linux_x86_64/25.3/comm_libs/12.8/hpcx/hpcx-2.22.1/ucx/lib/libucp.so.0)
[1755364176.519690] [eos0397:1063738:0]     ucp_context.c:2016 UCX  DEBUG estimated number of endpoints is 16
[1755364176.519692] [eos0397:1063738:0]     ucp_context.c:2023 UCX  DEBUG estimated number of endpoints per node is 1
[1755364176.519695] [eos0397:1063738:0]     ucp_context.c:2033 UCX  DEBUG estimated bcopy bandwidth is 7340032000.000000
[1755364176.519697] [eos0397:1063738:0]     ucp_context.c:2092 UCX  DEBUG allocation method[0] is md 'sysv'
[1755364176.519698] [eos0397:1063738:0]     ucp_context.c:2092 UCX  DEBUG allocation method[1] is md 'posix'
[1755364176.519699] [eos0397:1063738:0]     ucp_context.c:2104 UCX  DEBUG allocation method[2] is 'thp'
[1755364176.519700] [eos0397:1063738:0]     ucp_context.c:2092 UCX  DEBUG allocation method[3] is md '*'
[1755364176.519700] [eos0397:1063738:0]     ucp_context.c:2104 UCX  DEBUG allocation method[4] is 'mmap'
[1755364176.519701] [eos0397:1063738:0]     ucp_context.c:2104 UCX  DEBUG allocation method[5] is 'heap'
[1755364176.523057] [eos0397:1063738:0]            topo.c:895  UCX  DEBUG /sys/class/net/bmc-redfish0/lower_enx463c84c17a97: sysfs path undetected
[1755364176.523059] [eos0397:1063738:0]            topo.c:556  UCX  DEBUG bmc-redfish0: system device unknown
[1755364176.551094] [eos0397:1063738:0]            topo.c:899  UCX  DEBUG /sys/class/net/eth3: PF sysfs path is '/sys/devices/pci0000:80/0000:80:05.0/0000:82:00.1'
[1755364176.551097] [eos0397:1063738:0]            topo.c:552  UCX  DEBUG eth3: bdf_name 0000:82:00.1 sys_dev 8
[1755364176.552935] [eos0397:1063738:0]            topo.c:899  UCX  DEBUG /sys/class/net/ibp154s0: PF sysfs path is '/sys/devices/pci0000:97/0000:97:01.0/0000:98:00.0/0000:99:00.0/0000:9a:00.0'
[1755364176.552937] [eos0397:1063738:0]            topo.c:552  UCX  DEBUG ibp154s0: bdf_name 0000:9a:00.0 sys_dev 9
[1755364176.553879] [eos0397:1063738:0]            topo.c:899  UCX  DEBUG /sys/class/net/ibp170s0f0: PF sysfs path is '/sys/devices/pci0000:a5/0000:a5:01.0/0000:a6:00.0/0000:a7:00.0/0000:a8:00.0/0000:a9:00.0/0000:aa:00.0'
[1755364176.553881] [eos0397:1063738:0]            topo.c:552  UCX  DEBUG ibp170s0f0: bdf_name 0000:aa:00.0 sys_dev 10
[1755364176.554803] [eos0397:1063738:0]            topo.c:899  UCX  DEBUG /sys/class/net/ibp192s0: PF sysfs path is '/sys/devices/pci0000:bd/0000:bd:01.0/0000:be:00.0/0000:bf:00.0/0000:c0:00.0'
[1755364176.554805] [eos0397:1063738:0]            topo.c:552  UCX  DEBUG ibp192s0: bdf_name 0000:c0:00.0 sys_dev 11
[1755364176.555717] [eos0397:1063738:0]            topo.c:899  UCX  DEBUG /sys/class/net/ibp206s0: PF sysfs path is '/sys/devices/pci0000:cb/0000:cb:01.0/0000:cc:00.0/0000:cd:00.0/0000:ce:00.0'
[1755364176.555719] [eos0397:1063738:0]            topo.c:552  UCX  DEBUG ibp206s0: bdf_name 0000:ce:00.0 sys_dev 12
[1755364176.556621] [eos0397:1063738:0]            topo.c:899  UCX  DEBUG /sys/class/net/ibp220s0: PF sysfs path is '/sys/devices/pci0000:d9/0000:d9:01.0/0000:da:00.0/0000:db:00.0/0000:dc:00.0'
[1755364176.556623] [eos0397:1063738:0]            topo.c:552  UCX  DEBUG ibp220s0: bdf_name 0000:dc:00.0 sys_dev 13
[1755364176.557527] [eos0397:1063738:0]            topo.c:899  UCX  DEBUG /sys/class/net/ibp24s0: PF sysfs path is '/sys/devices/pci0000:15/0000:15:01.0/0000:16:00.0/0000:17:00.0/0000:18:00.0'
[1755364176.557530] [eos0397:1063738:0]            topo.c:552  UCX  DEBUG ibp24s0: bdf_name 0000:18:00.0 sys_dev 14
[1755364176.558477] [eos0397:1063738:0]            topo.c:899  UCX  DEBUG /sys/class/net/ibp41s0f0: PF sysfs path is '/sys/devices/pci0000:24/0000:24:01.0/0000:25:00.0/0000:26:00.0/0000:27:00.0/0000:28:00.0/0000:29:00.0'
[1755364176.558492] [eos0397:1063738:0]            topo.c:552  UCX  DEBUG ibp41s0f0: bdf_name 0000:29:00.0 sys_dev 15
[1755364176.559408] [eos0397:1063738:0]            topo.c:899  UCX  DEBUG /sys/class/net/ibp64s0: PF sysfs path is '/sys/devices/pci0000:3d/0000:3d:01.0/0000:3e:00.0/0000:3f:00.0/0000:40:00.0'
[1755364176.559409] [eos0397:1063738:0]            topo.c:552  UCX  DEBUG ibp64s0: bdf_name 0000:40:00.0 sys_dev 16
[1755364176.560320] [eos0397:1063738:0]            topo.c:899  UCX  DEBUG /sys/class/net/ibp79s0: PF sysfs path is '/sys/devices/pci0000:4c/0000:4c:01.0/0000:4d:00.0/0000:4e:00.0/0000:4f:00.0'
[1755364176.560322] [eos0397:1063738:0]            topo.c:552  UCX  DEBUG ibp79s0: bdf_name 0000:4f:00.0 sys_dev 17
[1755364176.561243] [eos0397:1063738:0]            topo.c:899  UCX  DEBUG /sys/class/net/ibp94s0: PF sysfs path is '/sys/devices/pci0000:5b/0000:5b:01.0/0000:5c:00.0/0000:5d:00.0/0000:5e:00.0'
[1755364176.561245] [eos0397:1063738:0]            topo.c:552  UCX  DEBUG ibp94s0: bdf_name 0000:5e:00.0 sys_dev 18
[1755364176.562130] [eos0397:1063738:0]            topo.c:895  UCX  DEBUG /sys/class/net/lo: sysfs path undetected
[1755364176.562131] [eos0397:1063738:0]            topo.c:556  UCX  DEBUG lo: system device unknown
[1755364176.562206] [eos0397:1063738:0]    cuda_copy_md.c:104  UCX  DEBUG dmabuf is supported on cuda device 0
[1755364176.590377] [eos0397:1063738:0]            topo.c:899  UCX  DEBUG /sys/class/infiniband/mlx5_0: PF sysfs path is '/sys/devices/pci0000:15/0000:15:01.0/0000:16:00.0/0000:17:00.0/0000:18:00.0'
[1755364176.590383] [eos0397:1063738:0]            topo.c:552  UCX  DEBUG mlx5_0: bdf_name 0000:18:00.0 sys_dev 14
[1755364176.590394] [eos0397:1063738:0]       ib_device.c:498  UCX  DEBUG mlx5_0: vendor_id 0x15b3 device_id 4129
[1755364176.590882] [eos0397:1063738:0]    ib_mlx5dv_md.c:1875 UCX  DEBUG mlx5_0: cross gvmi alias mkey is supported
[1755364176.590883] [eos0397:1063738:0]    ib_mlx5dv_md.c:1925 UCX  DEBUG mlx5_0: mkey_by_name_reserve is not supported
[1755364176.590883] [eos0397:1063738:0]    ib_mlx5dv_md.c:1910 UCX  DEBUG mlx5_0: dp_ordering support: force=1 ooo_rw_rc=1 ooo_rw_dc=1
[1755364176.590992] [eos0397:1063738:0]    ib_mlx5dv_md.c:1705 UCX  DEBUG mlx5_0: ODP is disabled because version 1 is not supported for DevX QP
[1755364176.591116] [eos0397:1063738:0]           async.c:248  UCX  DEBUG added async handler 0x55555b19f910 [id=240 ref 1] uct_ib_async_event_handler() to hash
[1755364176.591127] [eos0397:1063738:0]           async.c:522  UCX  DEBUG listening to async event fd 240 events 0x1 mode thread_spinlock
[1755364176.591128] [eos0397:1063738:0]       ib_device.c:597  UCX  DEBUG initialized device 'mlx5_0' (InfiniBand channel adapter) with 1 ports
[1755364176.591133] [eos0397:1063738:0]           ib_md.c:1177 UCX  DEBUG mlx5_0: cuda GPUDirect RDMA is detected by checking /sys/kernel/mm/memory_peers/nv_mem/version
[1755364176.591137] [eos0397:1063738:0]           ib_md.c:1177 UCX  DEBUG mlx5_0: rocm GPUDirect RDMA is not detected by checking /dev/kfd
[1755364176.591141] [eos0397:1063738:0]           ib_md.c:1202 UCX  DEBUG mlx5_0: dmabuf is supported
[1755364176.591143] [eos0397:1063738:0]           mpool.c:138  UCX  DEBUG mpool devx dbrec: align 64, maxelems 4294967295, elemsize 40
[1755364176.591312] [eos0397:1063738:0]    ib_mlx5dv_md.c:2423 UCX  DEBUG mlx5_0: opened DEVX md log_max_qp=17
[1755364176.591711] [eos0397:1063738:0]    ib_mlx5dv_md.c:126  UCX  DEBUG mlx5_0: KSM dm memory registration status "Success" range 0x7fffc9a48000..0x7fffc9a48020 iova 0x0 mkey_index 0x0
[1755364176.591990] [eos0397:1063738:0]    ib_mlx5dv_md.c:96   UCX  DEBUG mlx5_0: mlx5dv_devx_obj_create(CREATE_MKEY, mode=KSM, start_addr=0x7fffc9a48000 length=32) failed, syndrome 0x45d3a4: Remote I/O error
[1755364176.591992] [eos0397:1063738:0]    ib_mlx5dv_md.c:126  UCX  DEBUG mlx5_0: KSM atomic-key memory registration status "Unsupported operation" range (nil)..0x20 iova 0x7fffc9a48000 atomic mkey_index 0x0
[1755364176.592348] [eos0397:1063738:0]           ib_md.c:1161 UCX  DEBUG mlx5_0: relaxed order memory access is disabled
[1755364176.592572] [eos0397:1063738:0]    ib_mlx5dv_md.c:126  UCX  DEBUG mlx5_0: KSM flush-mr memory registration status "Success" range 0x55555b1ee000..0x55555b1ee008 iova 0x0 mkey_index 0x0
[1755364176.592574] [eos0397:1063738:0]           ib_md.c:1031 UCX  DEBUG mlx5_0: md open by 'uct_ib_mlx5_devx_md_ops' is successful
[1755364176.598093] [eos0397:1063738:0]            topo.c:899  UCX  DEBUG /sys/class/infiniband/mlx5_3: PF sysfs path is '/sys/devices/pci0000:3d/0000:3d:01.0/0000:3e:00.0/0000:3f:00.0/0000:40:00.0'
[1755364176.598096] [eos0397:1063738:0]            topo.c:552  UCX  DEBUG mlx5_3: bdf_name 0000:40:00.0 sys_dev 16
[1755364176.598103] [eos0397:1063738:0]       ib_device.c:498  UCX  DEBUG mlx5_3: vendor_id 0x15b3 device_id 4129
[1755364176.598598] [eos0397:1063738:0]    ib_mlx5dv_md.c:1875 UCX  DEBUG mlx5_3: cross gvmi alias mkey is supported
[1755364176.598599] [eos0397:1063738:0]    ib_mlx5dv_md.c:1925 UCX  DEBUG mlx5_3: mkey_by_name_reserve is not supported
[1755364176.598600] [eos0397:1063738:0]    ib_mlx5dv_md.c:1910 UCX  DEBUG mlx5_3: dp_ordering support: force=1 ooo_rw_rc=1 ooo_rw_dc=1
[1755364176.598729] [eos0397:1063738:0]    ib_mlx5dv_md.c:1705 UCX  DEBUG mlx5_3: ODP is disabled because version 1 is not supported for DevX QP
[1755364176.598849] [eos0397:1063738:0]           async.c:248  UCX  DEBUG added async handler 0x55555b236010 [id=242 ref 1] uct_ib_async_event_handler() to hash
[1755364176.598855] [eos0397:1063738:0]           async.c:522  UCX  DEBUG listening to async event fd 242 events 0x1 mode thread_spinlock
[1755364176.598856] [eos0397:1063738:0]       ib_device.c:597  UCX  DEBUG initialized device 'mlx5_3' (InfiniBand channel adapter) with 1 ports
[1755364176.598859] [eos0397:1063738:0]           ib_md.c:1177 UCX  DEBUG mlx5_3: cuda GPUDirect RDMA is detected by checking /sys/kernel/mm/memory_peers/nv_mem/version
[1755364176.598862] [eos0397:1063738:0]           ib_md.c:1177 UCX  DEBUG mlx5_3: rocm GPUDirect RDMA is not detected by checking /dev/kfd
[1755364176.598865] [eos0397:1063738:0]           ib_md.c:1202 UCX  DEBUG mlx5_3: dmabuf is supported
[1755364176.598866] [eos0397:1063738:0]           mpool.c:138  UCX  DEBUG mpool devx dbrec: align 64, maxelems 4294967295, elemsize 40
[1755364176.599043] [eos0397:1063738:0]    ib_mlx5dv_md.c:2423 UCX  DEBUG mlx5_3: opened DEVX md log_max_qp=17
[1755364176.599483] [eos0397:1063738:0]    ib_mlx5dv_md.c:126  UCX  DEBUG mlx5_3: KSM dm memory registration status "Success" range 0x7fffc9a43000..0x7fffc9a43020 iova 0x0 mkey_index 0x0
[1755364176.599806] [eos0397:1063738:0]    ib_mlx5dv_md.c:96   UCX  DEBUG mlx5_3: mlx5dv_devx_obj_create(CREATE_MKEY, mode=KSM, start_addr=0x7fffc9a43000 length=32) failed, syndrome 0x45d3a4: Remote I/O error
[1755364176.599807] [eos0397:1063738:0]    ib_mlx5dv_md.c:126  UCX  DEBUG mlx5_3: KSM atomic-key memory registration status "Unsupported operation" range (nil)..0x20 iova 0x7fffc9a43000 atomic mkey_index 0x0
[1755364176.600175] [eos0397:1063738:0]           ib_md.c:1161 UCX  DEBUG mlx5_3: relaxed order memory access is disabled
[1755364176.600413] [eos0397:1063738:0]    ib_mlx5dv_md.c:126  UCX  DEBUG mlx5_3: KSM flush-mr memory registration status "Success" range 0x55555b233000..0x55555b233008 iova 0x0 mkey_index 0x0
[1755364176.600414] [eos0397:1063738:0]           ib_md.c:1031 UCX  DEBUG mlx5_3: md open by 'uct_ib_mlx5_devx_md_ops' is successful
[1755364176.605911] [eos0397:1063738:0]            topo.c:899  UCX  DEBUG /sys/class/infiniband/mlx5_4: PF sysfs path is '/sys/devices/pci0000:4c/0000:4c:01.0/0000:4d:00.0/0000:4e:00.0/0000:4f:00.0'
[1755364176.605913] [eos0397:1063738:0]            topo.c:552  UCX  DEBUG mlx5_4: bdf_name 0000:4f:00.0 sys_dev 17
[1755364176.605921] [eos0397:1063738:0]       ib_device.c:498  UCX  DEBUG mlx5_4: vendor_id 0x15b3 device_id 4129
[1755364176.606417] [eos0397:1063738:0]    ib_mlx5dv_md.c:1875 UCX  DEBUG mlx5_4: cross gvmi alias mkey is supported
[1755364176.606428] [eos0397:1063738:0]    ib_mlx5dv_md.c:1925 UCX  DEBUG mlx5_4: mkey_by_name_reserve is not supported
[1755364176.606429] [eos0397:1063738:0]    ib_mlx5dv_md.c:1910 UCX  DEBUG mlx5_4: dp_ordering support: force=1 ooo_rw_rc=1 ooo_rw_dc=1
[1755364176.606538] [eos0397:1063738:0]    ib_mlx5dv_md.c:1705 UCX  DEBUG mlx5_4: ODP is disabled because version 1 is not supported for DevX QP
[1755364176.606664] [eos0397:1063738:0]           async.c:248  UCX  DEBUG added async handler 0x55555b1a7840 [id=244 ref 1] uct_ib_async_event_handler() to hash
[1755364176.606669] [eos0397:1063738:0]           async.c:522  UCX  DEBUG listening to async event fd 244 events 0x1 mode thread_spinlock
[1755364176.606670] [eos0397:1063738:0]       ib_device.c:597  UCX  DEBUG initialized device 'mlx5_4' (InfiniBand channel adapter) with 1 ports
[1755364176.606674] [eos0397:1063738:0]           ib_md.c:1177 UCX  DEBUG mlx5_4: cuda GPUDirect RDMA is detected by checking /sys/kernel/mm/memory_peers/nv_mem/version
[1755364176.606676] [eos0397:1063738:0]           ib_md.c:1177 UCX  DEBUG mlx5_4: rocm GPUDirect RDMA is not detected by checking /dev/kfd
[1755364176.606679] [eos0397:1063738:0]           ib_md.c:1202 UCX  DEBUG mlx5_4: dmabuf is supported
[1755364176.606681] [eos0397:1063738:0]           mpool.c:138  UCX  DEBUG mpool devx dbrec: align 64, maxelems 4294967295, elemsize 40
[1755364176.606857] [eos0397:1063738:0]    ib_mlx5dv_md.c:2423 UCX  DEBUG mlx5_4: opened DEVX md log_max_qp=17
[1755364176.607259] [eos0397:1063738:0]    ib_mlx5dv_md.c:126  UCX  DEBUG mlx5_4: KSM dm memory registration status "Success" range 0x7fffc9a3e000..0x7fffc9a3e020 iova 0x0 mkey_index 0x0
[1755364176.607579] [eos0397:1063738:0]    ib_mlx5dv_md.c:96   UCX  DEBUG mlx5_4: mlx5dv_devx_obj_create(CREATE_MKEY, mode=KSM, start_addr=0x7fffc9a3e000 length=32) failed, syndrome 0x45d3a4: Remote I/O error
[1755364176.607581] [eos0397:1063738:0]    ib_mlx5dv_md.c:126  UCX  DEBUG mlx5_4: KSM atomic-key memory registration status "Unsupported operation" range (nil)..0x20 iova 0x7fffc9a3e000 atomic mkey_index 0x0
[1755364176.607978] [eos0397:1063738:0]           ib_md.c:1161 UCX  DEBUG mlx5_4: relaxed order memory access is disabled
[1755364176.608199] [eos0397:1063738:0]    ib_mlx5dv_md.c:126  UCX  DEBUG mlx5_4: KSM flush-mr memory registration status "Success" range 0x55555b237000..0x55555b237008 iova 0x0 mkey_index 0x0
[1755364176.608200] [eos0397:1063738:0]           ib_md.c:1031 UCX  DEBUG mlx5_4: md open by 'uct_ib_mlx5_devx_md_ops' is successful
[1755364176.613713] [eos0397:1063738:0]            topo.c:899  UCX  DEBUG /sys/class/infiniband/mlx5_5: PF sysfs path is '/sys/devices/pci0000:5b/0000:5b:01.0/0000:5c:00.0/0000:5d:00.0/0000:5e:00.0'
[1755364176.613715] [eos0397:1063738:0]            topo.c:552  UCX  DEBUG mlx5_5: bdf_name 0000:5e:00.0 sys_dev 18
[1755364176.613724] [eos0397:1063738:0]       ib_device.c:498  UCX  DEBUG mlx5_5: vendor_id 0x15b3 device_id 4129
[1755364176.614197] [eos0397:1063738:0]    ib_mlx5dv_md.c:1875 UCX  DEBUG mlx5_5: cross gvmi alias mkey is supported
[1755364176.614197] [eos0397:1063738:0]    ib_mlx5dv_md.c:1925 UCX  DEBUG mlx5_5: mkey_by_name_reserve is not supported
[1755364176.614198] [eos0397:1063738:0]    ib_mlx5dv_md.c:1910 UCX  DEBUG mlx5_5: dp_ordering support: force=1 ooo_rw_rc=1 ooo_rw_dc=1
[1755364176.614307] [eos0397:1063738:0]    ib_mlx5dv_md.c:1705 UCX  DEBUG mlx5_5: ODP is disabled because version 1 is not supported for DevX QP
[1755364176.614437] [eos0397:1063738:0]           async.c:248  UCX  DEBUG added async handler 0x55555b1a99b0 [id=246 ref 1] uct_ib_async_event_handler() to hash
[1755364176.614442] [eos0397:1063738:0]           async.c:522  UCX  DEBUG listening to async event fd 246 events 0x1 mode thread_spinlock
[1755364176.614444] [eos0397:1063738:0]       ib_device.c:597  UCX  DEBUG initialized device 'mlx5_5' (InfiniBand channel adapter) with 1 ports
[1755364176.614449] [eos0397:1063738:0]           ib_md.c:1177 UCX  DEBUG mlx5_5: cuda GPUDirect RDMA is detected by checking /sys/kernel/mm/memory_peers/nv_mem/version
[1755364176.614452] [eos0397:1063738:0]           ib_md.c:1177 UCX  DEBUG mlx5_5: rocm GPUDirect RDMA is not detected by checking /dev/kfd
[1755364176.614456] [eos0397:1063738:0]           ib_md.c:1202 UCX  DEBUG mlx5_5: dmabuf is supported
[1755364176.614457] [eos0397:1063738:0]           mpool.c:138  UCX  DEBUG mpool devx dbrec: align 64, maxelems 4294967295, elemsize 40
[1755364176.614632] [eos0397:1063738:0]    ib_mlx5dv_md.c:2423 UCX  DEBUG mlx5_5: opened DEVX md log_max_qp=17
[1755364176.615025] [eos0397:1063738:0]    ib_mlx5dv_md.c:126  UCX  DEBUG mlx5_5: KSM dm memory registration status "Success" range 0x7fffc9a39000..0x7fffc9a39020 iova 0x0 mkey_index 0x0
[1755364176.615307] [eos0397:1063738:0]    ib_mlx5dv_md.c:96   UCX  DEBUG mlx5_5: mlx5dv_devx_obj_create(CREATE_MKEY, mode=KSM, start_addr=0x7fffc9a39000 length=32) failed, syndrome 0x45d3a4: Remote I/O error
[1755364176.615308] [eos0397:1063738:0]    ib_mlx5dv_md.c:126  UCX  DEBUG mlx5_5: KSM atomic-key memory registration status "Unsupported operation" range (nil)..0x20 iova 0x7fffc9a39000 atomic mkey_index 0x0
[1755364176.615664] [eos0397:1063738:0]           ib_md.c:1161 UCX  DEBUG mlx5_5: relaxed order memory access is disabled
[1755364176.615888] [eos0397:1063738:0]    ib_mlx5dv_md.c:126  UCX  DEBUG mlx5_5: KSM flush-mr memory registration status "Success" range 0x55555b2bd000..0x55555b2bd008 iova 0x0 mkey_index 0x0
[1755364176.615889] [eos0397:1063738:0]           ib_md.c:1031 UCX  DEBUG mlx5_5: md open by 'uct_ib_mlx5_devx_md_ops' is successful
[1755364176.621351] [eos0397:1063738:0]            topo.c:899  UCX  DEBUG /sys/class/infiniband/mlx5_6: PF sysfs path is '/sys/devices/pci0000:97/0000:97:01.0/0000:98:00.0/0000:99:00.0/0000:9a:00.0'
[1755364176.621353] [eos0397:1063738:0]            topo.c:552  UCX  DEBUG mlx5_6: bdf_name 0000:9a:00.0 sys_dev 9
[1755364176.621361] [eos0397:1063738:0]       ib_device.c:498  UCX  DEBUG mlx5_6: vendor_id 0x15b3 device_id 4129
[1755364176.621850] [eos0397:1063738:0]    ib_mlx5dv_md.c:1875 UCX  DEBUG mlx5_6: cross gvmi alias mkey is supported
[1755364176.621851] [eos0397:1063738:0]    ib_mlx5dv_md.c:1925 UCX  DEBUG mlx5_6: mkey_by_name_reserve is not supported
[1755364176.621851] [eos0397:1063738:0]    ib_mlx5dv_md.c:1910 UCX  DEBUG mlx5_6: dp_ordering support: force=1 ooo_rw_rc=1 ooo_rw_dc=1
[1755364176.621964] [eos0397:1063738:0]    ib_mlx5dv_md.c:1705 UCX  DEBUG mlx5_6: ODP is disabled because version 1 is not supported for DevX QP
[1755364176.622092] [eos0397:1063738:0]           async.c:248  UCX  DEBUG added async handler 0x55555b1ef950 [id=248 ref 1] uct_ib_async_event_handler() to hash
[1755364176.622097] [eos0397:1063738:0]           async.c:522  UCX  DEBUG listening to async event fd 248 events 0x1 mode thread_spinlock
[1755364176.622098] [eos0397:1063738:0]       ib_device.c:597  UCX  DEBUG initialized device 'mlx5_6' (InfiniBand channel adapter) with 1 ports
[1755364176.622101] [eos0397:1063738:0]           ib_md.c:1177 UCX  DEBUG mlx5_6: cuda GPUDirect RDMA is detected by checking /sys/kernel/mm/memory_peers/nv_mem/version
[1755364176.622104] [eos0397:1063738:0]           ib_md.c:1177 UCX  DEBUG mlx5_6: rocm GPUDirect RDMA is not detected by checking /dev/kfd
[1755364176.622106] [eos0397:1063738:0]           ib_md.c:1202 UCX  DEBUG mlx5_6: dmabuf is supported
[1755364176.622108] [eos0397:1063738:0]           mpool.c:138  UCX  DEBUG mpool devx dbrec: align 64, maxelems 4294967295, elemsize 40
[1755364176.622280] [eos0397:1063738:0]    ib_mlx5dv_md.c:2423 UCX  DEBUG mlx5_6: opened DEVX md log_max_qp=17
[1755364176.622675] [eos0397:1063738:0]    ib_mlx5dv_md.c:126  UCX  DEBUG mlx5_6: KSM dm memory registration status "Success" range 0x7fffc9a34000..0x7fffc9a34020 iova 0x0 mkey_index 0x0
[1755364176.622950] [eos0397:1063738:0]    ib_mlx5dv_md.c:96   UCX  DEBUG mlx5_6: mlx5dv_devx_obj_create(CREATE_MKEY, mode=KSM, start_addr=0x7fffc9a34000 length=32) failed, syndrome 0x45d3a4: Remote I/O error
[1755364176.622960] [eos0397:1063738:0]    ib_mlx5dv_md.c:126  UCX  DEBUG mlx5_6: KSM atomic-key memory registration status "Unsupported operation" range (nil)..0x20 iova 0x7fffc9a34000 atomic mkey_index 0x0
[1755364176.623304] [eos0397:1063738:0]           ib_md.c:1161 UCX  DEBUG mlx5_6: relaxed order memory access is disabled
[1755364176.623524] [eos0397:1063738:0]    ib_mlx5dv_md.c:126  UCX  DEBUG mlx5_6: KSM flush-mr memory registration status "Success" range 0x55555b300000..0x55555b300008 iova 0x0 mkey_index 0x0
[1755364176.623525] [eos0397:1063738:0]           ib_md.c:1031 UCX  DEBUG mlx5_6: md open by 'uct_ib_mlx5_devx_md_ops' is successful
[1755364176.628977] [eos0397:1063738:0]            topo.c:899  UCX  DEBUG /sys/class/infiniband/mlx5_9: PF sysfs path is '/sys/devices/pci0000:bd/0000:bd:01.0/0000:be:00.0/0000:bf:00.0/0000:c0:00.0'
[1755364176.628979] [eos0397:1063738:0]            topo.c:552  UCX  DEBUG mlx5_9: bdf_name 0000:c0:00.0 sys_dev 11
[1755364176.628988] [eos0397:1063738:0]       ib_device.c:498  UCX  DEBUG mlx5_9: vendor_id 0x15b3 device_id 4129
[1755364176.629481] [eos0397:1063738:0]    ib_mlx5dv_md.c:1875 UCX  DEBUG mlx5_9: cross gvmi alias mkey is supported
[1755364176.629482] [eos0397:1063738:0]    ib_mlx5dv_md.c:1925 UCX  DEBUG mlx5_9: mkey_by_name_reserve is not supported
[1755364176.629483] [eos0397:1063738:0]    ib_mlx5dv_md.c:1910 UCX  DEBUG mlx5_9: dp_ordering support: force=1 ooo_rw_rc=1 ooo_rw_dc=1
[1755364176.629596] [eos0397:1063738:0]    ib_mlx5dv_md.c:1705 UCX  DEBUG mlx5_9: ODP is disabled because version 1 is not supported for DevX QP
[1755364176.629719] [eos0397:1063738:0]           async.c:248  UCX  DEBUG added async handler 0x55555b2ff950 [id=250 ref 1] uct_ib_async_event_handler() to hash
[1755364176.629724] [eos0397:1063738:0]           async.c:522  UCX  DEBUG listening to async event fd 250 events 0x1 mode thread_spinlock
[1755364176.629725] [eos0397:1063738:0]       ib_device.c:597  UCX  DEBUG initialized device 'mlx5_9' (InfiniBand channel adapter) with 1 ports
[1755364176.629728] [eos0397:1063738:0]           ib_md.c:1177 UCX  DEBUG mlx5_9: cuda GPUDirect RDMA is detected by checking /sys/kernel/mm/memory_peers/nv_mem/version
[1755364176.629730] [eos0397:1063738:0]           ib_md.c:1177 UCX  DEBUG mlx5_9: rocm GPUDirect RDMA is not detected by checking /dev/kfd
[1755364176.629733] [eos0397:1063738:0]           ib_md.c:1202 UCX  DEBUG mlx5_9: dmabuf is supported
[1755364176.629735] [eos0397:1063738:0]           mpool.c:138  UCX  DEBUG mpool devx dbrec: align 64, maxelems 4294967295, elemsize 40
[1755364176.629911] [eos0397:1063738:0]    ib_mlx5dv_md.c:2423 UCX  DEBUG mlx5_9: opened DEVX md log_max_qp=17
[1755364176.630319] [eos0397:1063738:0]    ib_mlx5dv_md.c:126  UCX  DEBUG mlx5_9: KSM dm memory registration status "Success" range 0x7fffc9a2f000..0x7fffc9a2f020 iova 0x0 mkey_index 0x0
[1755364176.630601] [eos0397:1063738:0]    ib_mlx5dv_md.c:96   UCX  DEBUG mlx5_9: mlx5dv_devx_obj_create(CREATE_MKEY, mode=KSM, start_addr=0x7fffc9a2f000 length=32) failed, syndrome 0x45d3a4: Remote I/O error
[1755364176.630603] [eos0397:1063738:0]    ib_mlx5dv_md.c:126  UCX  DEBUG mlx5_9: KSM atomic-key memory registration status "Unsupported operation" range (nil)..0x20 iova 0x7fffc9a2f000 atomic mkey_index 0x0
[1755364176.630959] [eos0397:1063738:0]           ib_md.c:1161 UCX  DEBUG mlx5_9: relaxed order memory access is disabled
[1755364176.631185] [eos0397:1063738:0]    ib_mlx5dv_md.c:126  UCX  DEBUG mlx5_9: KSM flush-mr memory registration status "Success" range 0x55555b343000..0x55555b343008 iova 0x0 mkey_index 0x0
[1755364176.631186] [eos0397:1063738:0]           ib_md.c:1031 UCX  DEBUG mlx5_9: md open by 'uct_ib_mlx5_devx_md_ops' is successful
[1755364176.636655] [eos0397:1063738:0]            topo.c:899  UCX  DEBUG /sys/class/infiniband/mlx5_10: PF sysfs path is '/sys/devices/pci0000:cb/0000:cb:01.0/0000:cc:00.0/0000:cd:00.0/0000:ce:00.0'
[1755364176.636657] [eos0397:1063738:0]            topo.c:552  UCX  DEBUG mlx5_10: bdf_name 0000:ce:00.0 sys_dev 12
[1755364176.636667] [eos0397:1063738:0]       ib_device.c:498  UCX  DEBUG mlx5_10: vendor_id 0x15b3 device_id 4129
[1755364176.637145] [eos0397:1063738:0]    ib_mlx5dv_md.c:1875 UCX  DEBUG mlx5_10: cross gvmi alias mkey is supported
[1755364176.637146] [eos0397:1063738:0]    ib_mlx5dv_md.c:1925 UCX  DEBUG mlx5_10: mkey_by_name_reserve is not supported
[1755364176.637146] [eos0397:1063738:0]    ib_mlx5dv_md.c:1910 UCX  DEBUG mlx5_10: dp_ordering support: force=1 ooo_rw_rc=1 ooo_rw_dc=1
[1755364176.637260] [eos0397:1063738:0]    ib_mlx5dv_md.c:1705 UCX  DEBUG mlx5_10: ODP is disabled because version 1 is not supported for DevX QP
[1755364176.637380] [eos0397:1063738:0]           async.c:248  UCX  DEBUG added async handler 0x55555b1a8ff0 [id=252 ref 1] uct_ib_async_event_handler() to hash
[1755364176.637384] [eos0397:1063738:0]           async.c:522  UCX  DEBUG listening to async event fd 252 events 0x1 mode thread_spinlock
[1755364176.637385] [eos0397:1063738:0]       ib_device.c:597  UCX  DEBUG initialized device 'mlx5_10' (InfiniBand channel adapter) with 1 ports
[1755364176.637389] [eos0397:1063738:0]           ib_md.c:1177 UCX  DEBUG mlx5_10: cuda GPUDirect RDMA is detected by checking /sys/kernel/mm/memory_peers/nv_mem/version
[1755364176.637391] [eos0397:1063738:0]           ib_md.c:1177 UCX  DEBUG mlx5_10: rocm GPUDirect RDMA is not detected by checking /dev/kfd
[1755364176.637393] [eos0397:1063738:0]           ib_md.c:1202 UCX  DEBUG mlx5_10: dmabuf is supported
[1755364176.637395] [eos0397:1063738:0]           mpool.c:138  UCX  DEBUG mpool devx dbrec: align 64, maxelems 4294967295, elemsize 40
[1755364176.637567] [eos0397:1063738:0]    ib_mlx5dv_md.c:2423 UCX  DEBUG mlx5_10: opened DEVX md log_max_qp=17
[1755364176.637963] [eos0397:1063738:0]    ib_mlx5dv_md.c:126  UCX  DEBUG mlx5_10: KSM dm memory registration status "Success" range 0x7fffc9a2a000..0x7fffc9a2a020 iova 0x0 mkey_index 0x0
[1755364176.638242] [eos0397:1063738:0]    ib_mlx5dv_md.c:96   UCX  DEBUG mlx5_10: mlx5dv_devx_obj_create(CREATE_MKEY, mode=KSM, start_addr=0x7fffc9a2a000 length=32) failed, syndrome 0x45d3a4: Remote I/O error
[1755364176.638243] [eos0397:1063738:0]    ib_mlx5dv_md.c:126  UCX  DEBUG mlx5_10: KSM atomic-key memory registration status "Unsupported operation" range (nil)..0x20 iova 0x7fffc9a2a000 atomic mkey_index 0x0
[1755364176.638595] [eos0397:1063738:0]           ib_md.c:1161 UCX  DEBUG mlx5_10: relaxed order memory access is disabled
[1755364176.638815] [eos0397:1063738:0]    ib_mlx5dv_md.c:126  UCX  DEBUG mlx5_10: KSM flush-mr memory registration status "Success" range 0x55555b386000..0x55555b386008 iova 0x0 mkey_index 0x0
[1755364176.638816] [eos0397:1063738:0]           ib_md.c:1031 UCX  DEBUG mlx5_10: md open by 'uct_ib_mlx5_devx_md_ops' is successful
[1755364176.644151] [eos0397:1063738:0]            topo.c:899  UCX  DEBUG /sys/class/infiniband/mlx5_11: PF sysfs path is '/sys/devices/pci0000:d9/0000:d9:01.0/0000:da:00.0/0000:db:00.0/0000:dc:00.0'
[1755364176.644153] [eos0397:1063738:0]            topo.c:552  UCX  DEBUG mlx5_11: bdf_name 0000:dc:00.0 sys_dev 13
[1755364176.644160] [eos0397:1063738:0]       ib_device.c:498  UCX  DEBUG mlx5_11: vendor_id 0x15b3 device_id 4129
[1755364176.644638] [eos0397:1063738:0]    ib_mlx5dv_md.c:1875 UCX  DEBUG mlx5_11: cross gvmi alias mkey is supported
[1755364176.644639] [eos0397:1063738:0]    ib_mlx5dv_md.c:1925 UCX  DEBUG mlx5_11: mkey_by_name_reserve is not supported
[1755364176.644640] [eos0397:1063738:0]    ib_mlx5dv_md.c:1910 UCX  DEBUG mlx5_11: dp_ordering support: force=1 ooo_rw_rc=1 ooo_rw_dc=1
[1755364176.644751] [eos0397:1063738:0]    ib_mlx5dv_md.c:1705 UCX  DEBUG mlx5_11: ODP is disabled because version 1 is not supported for DevX QP
[1755364176.644872] [eos0397:1063738:0]           async.c:248  UCX  DEBUG added async handler 0x55555b2354d0 [id=254 ref 1] uct_ib_async_event_handler() to hash
[1755364176.644877] [eos0397:1063738:0]           async.c:522  UCX  DEBUG listening to async event fd 254 events 0x1 mode thread_spinlock
[1755364176.644878] [eos0397:1063738:0]       ib_device.c:597  UCX  DEBUG initialized device 'mlx5_11' (InfiniBand channel adapter) with 1 ports
[1755364176.644890] [eos0397:1063738:0]           ib_md.c:1177 UCX  DEBUG mlx5_11: cuda GPUDirect RDMA is detected by checking /sys/kernel/mm/memory_peers/nv_mem/version
[1755364176.644892] [eos0397:1063738:0]           ib_md.c:1177 UCX  DEBUG mlx5_11: rocm GPUDirect RDMA is not detected by checking /dev/kfd
[1755364176.644894] [eos0397:1063738:0]           ib_md.c:1202 UCX  DEBUG mlx5_11: dmabuf is supported
[1755364176.644896] [eos0397:1063738:0]           mpool.c:138  UCX  DEBUG mpool devx dbrec: align 64, maxelems 4294967295, elemsize 40
[1755364176.645072] [eos0397:1063738:0]    ib_mlx5dv_md.c:2423 UCX  DEBUG mlx5_11: opened DEVX md log_max_qp=17
[1755364176.645469] [eos0397:1063738:0]    ib_mlx5dv_md.c:126  UCX  DEBUG mlx5_11: KSM dm memory registration status "Success" range 0x7fffc9a25000..0x7fffc9a25020 iova 0x0 mkey_index 0x0
[1755364176.645751] [eos0397:1063738:0]    ib_mlx5dv_md.c:96   UCX  DEBUG mlx5_11: mlx5dv_devx_obj_create(CREATE_MKEY, mode=KSM, start_addr=0x7fffc9a25000 length=32) failed, syndrome 0x45d3a4: Remote I/O error
[1755364176.645753] [eos0397:1063738:0]    ib_mlx5dv_md.c:126  UCX  DEBUG mlx5_11: KSM atomic-key memory registration status "Unsupported operation" range (nil)..0x20 iova 0x7fffc9a25000 atomic mkey_index 0x0
[1755364176.646106] [eos0397:1063738:0]           ib_md.c:1161 UCX  DEBUG mlx5_11: relaxed order memory access is disabled
[1755364176.646327] [eos0397:1063738:0]    ib_mlx5dv_md.c:126  UCX  DEBUG mlx5_11: KSM flush-mr memory registration status "Success" range 0x55555b3c9000..0x55555b3c9008 iova 0x0 mkey_index 0x0
[1755364176.646328] [eos0397:1063738:0]           ib_md.c:1031 UCX  DEBUG mlx5_11: md open by 'uct_ib_mlx5_devx_md_ops' is successful
[1755364176.966390] [eos0397:1063738:0]            topo.c:899  UCX  DEBUG /sys/class/infiniband/mlx5_0: PF sysfs path is '/sys/devices/pci0000:15/0000:15:01.0/0000:16:00.0/0000:17:00.0/0000:18:00.0'
[1755364176.966393] [eos0397:1063738:0]            topo.c:552  UCX  DEBUG mlx5_0: bdf_name 0000:18:00.0 sys_dev 14
[1755364176.966401] [eos0397:1063738:0]       ib_device.c:498  UCX  DEBUG mlx5_0: vendor_id 0x15b3 device_id 4129
[1755364176.966886] [eos0397:1063738:0]    ib_mlx5dv_md.c:1875 UCX  DEBUG mlx5_0: cross gvmi alias mkey is supported
[1755364176.966886] [eos0397:1063738:0]    ib_mlx5dv_md.c:1925 UCX  DEBUG mlx5_0: mkey_by_name_reserve is not supported
[1755364176.966887] [eos0397:1063738:0]    ib_mlx5dv_md.c:1910 UCX  DEBUG mlx5_0: dp_ordering support: force=1 ooo_rw_rc=1 ooo_rw_dc=1
[1755364176.966993] [eos0397:1063738:0]    ib_mlx5dv_md.c:1705 UCX  DEBUG mlx5_0: ODP is disabled because version 1 is not supported for DevX QP
[1755364176.967111] [eos0397:1063738:0]           async.c:248  UCX  DEBUG added async handler 0x55555b1f0670 [id=256 ref 1] uct_ib_async_event_handler() to hash
[1755364176.967117] [eos0397:1063738:0]           async.c:522  UCX  DEBUG listening to async event fd 256 events 0x1 mode thread_spinlock
[1755364176.967118] [eos0397:1063738:0]       ib_device.c:597  UCX  DEBUG initialized device 'mlx5_0' (InfiniBand channel adapter) with 1 ports
[1755364176.967122] [eos0397:1063738:0]           ib_md.c:1177 UCX  DEBUG mlx5_0: cuda GPUDirect RDMA is detected by checking /sys/kernel/mm/memory_peers/nv_mem/version
[1755364176.967125] [eos0397:1063738:0]           ib_md.c:1177 UCX  DEBUG mlx5_0: rocm GPUDirect RDMA is not detected by checking /dev/kfd
[1755364176.967128] [eos0397:1063738:0]           ib_md.c:1202 UCX  DEBUG mlx5_0: dmabuf is supported
[1755364176.967130] [eos0397:1063738:0]           mpool.c:138  UCX  DEBUG mpool devx dbrec: align 64, maxelems 4294967295, elemsize 40
[1755364176.967297] [eos0397:1063738:0]    ib_mlx5dv_md.c:2423 UCX  DEBUG mlx5_0: opened DEVX md log_max_qp=17
[1755364176.967688] [eos0397:1063738:0]    ib_mlx5dv_md.c:126  UCX  DEBUG mlx5_0: KSM dm memory registration status "Success" range 0x7fffc9a20000..0x7fffc9a20020 iova 0x0 mkey_index 0x0
[1755364176.967971] [eos0397:1063738:0]    ib_mlx5dv_md.c:96   UCX  DEBUG mlx5_0: mlx5dv_devx_obj_create(CREATE_MKEY, mode=KSM, start_addr=0x7fffc9a20000 length=32) failed, syndrome 0x45d3a4: Remote I/O error
[1755364176.967972] [eos0397:1063738:0]    ib_mlx5dv_md.c:126  UCX  DEBUG mlx5_0: KSM atomic-key memory registration status "Unsupported operation" range (nil)..0x20 iova 0x7fffc9a20000 atomic mkey_index 0x0
[1755364176.968342] [eos0397:1063738:0]           ib_md.c:1161 UCX  DEBUG mlx5_0: relaxed order memory access is disabled
[1755364176.968579] [eos0397:1063738:0]    ib_mlx5dv_md.c:126  UCX  DEBUG mlx5_0: KSM flush-mr memory registration status "Success" range 0x55555b40e000..0x55555b40e008 iova 0x0 mkey_index 0x0
[1755364176.968597] [eos0397:1063738:0]          uct_md.c:96   UCX  DEBUG failed to query gga_mlx5 resources: No such device
[1755364176.968598] [eos0397:1063738:0]     ucp_context.c:1188 UCX  DEBUG No tl resources found for md mlx5_0
[1755364176.968599] [eos0397:1063738:0]     ucp_context.c:1648 UCX  DEBUG closing md mlx5_0 because it has no selected transport resources
[1755364176.968603] [eos0397:1063738:0]    ib_mlx5dv_md.c:2496 UCX  DEBUG mlx5_0: md=0x55555b239300 md->flags=0x3fb3f7f flush_rkey=0x202200
[1755364176.968860] [eos0397:1063738:0]           mpool.c:194  UCX  DEBUG mpool devx dbrec destroyed
[1755364176.968862] [eos0397:1063738:0]       ib_device.c:616  UCX  DEBUG destroying ib device mlx5_0
[1755364176.968864] [eos0397:1063738:0]           async.c:173  UCX  DEBUG removed async handler 0x55555b1f0670 [id=256 ref 1] uct_ib_async_event_handler() from hash
[1755364176.968865] [eos0397:1063738:0]           async.c:576  UCX  DEBUG removing async handler 0x55555b1f0670 [id=256 ref 1] uct_ib_async_event_handler()
[1755364176.968867] [eos0397:1063738:0]           async.c:188  UCX  DEBUG release async handler 0x55555b1f0670 [id=256 ref 0] uct_ib_async_event_handler()
[1755364176.973708] [eos0397:1063738:0]            topo.c:899  UCX  DEBUG /sys/class/infiniband/mlx5_3: PF sysfs path is '/sys/devices/pci0000:3d/0000:3d:01.0/0000:3e:00.0/0000:3f:00.0/0000:40:00.0'
[1755364176.973710] [eos0397:1063738:0]            topo.c:552  UCX  DEBUG mlx5_3: bdf_name 0000:40:00.0 sys_dev 16
[1755364176.973718] [eos0397:1063738:0]       ib_device.c:498  UCX  DEBUG mlx5_3: vendor_id 0x15b3 device_id 4129
[1755364176.974211] [eos0397:1063738:0]    ib_mlx5dv_md.c:1875 UCX  DEBUG mlx5_3: cross gvmi alias mkey is supported
[1755364176.974212] [eos0397:1063738:0]    ib_mlx5dv_md.c:1925 UCX  DEBUG mlx5_3: mkey_by_name_reserve is not supported
[1755364176.974213] [eos0397:1063738:0]    ib_mlx5dv_md.c:1910 UCX  DEBUG mlx5_3: dp_ordering support: force=1 ooo_rw_rc=1 ooo_rw_dc=1
[1755364176.974326] [eos0397:1063738:0]    ib_mlx5dv_md.c:1705 UCX  DEBUG mlx5_3: ODP is disabled because version 1 is not supported for DevX QP
[1755364176.974447] [eos0397:1063738:0]           async.c:248  UCX  DEBUG added async handler 0x55555b1a6fc0 [id=256 ref 1] uct_ib_async_event_handler() to hash
[1755364176.974451] [eos0397:1063738:0]           async.c:522  UCX  DEBUG listening to async event fd 256 events 0x1 mode thread_spinlock
[1755364176.974452] [eos0397:1063738:0]       ib_device.c:597  UCX  DEBUG initialized device 'mlx5_3' (InfiniBand channel adapter) with 1 ports
[1755364176.974455] [eos0397:1063738:0]           ib_md.c:1177 UCX  DEBUG mlx5_3: cuda GPUDirect RDMA is detected by checking /sys/kernel/mm/memory_peers/nv_mem/version
[1755364176.974458] [eos0397:1063738:0]           ib_md.c:1177 UCX  DEBUG mlx5_3: rocm GPUDirect RDMA is not detected by checking /dev/kfd
[1755364176.974461] [eos0397:1063738:0]           ib_md.c:1202 UCX  DEBUG mlx5_3: dmabuf is supported
[1755364176.974463] [eos0397:1063738:0]           mpool.c:138  UCX  DEBUG mpool devx dbrec: align 64, maxelems 4294967295, elemsize 40
[1755364176.974665] [eos0397:1063738:0]    ib_mlx5dv_md.c:2423 UCX  DEBUG mlx5_3: opened DEVX md log_max_qp=17
[1755364176.975070] [eos0397:1063738:0]    ib_mlx5dv_md.c:126  UCX  DEBUG mlx5_3: KSM dm memory registration status "Success" range 0x7fffc9a20000..0x7fffc9a20020 iova 0x0 mkey_index 0x0
[1755364176.975350] [eos0397:1063738:0]    ib_mlx5dv_md.c:96   UCX  DEBUG mlx5_3: mlx5dv_devx_obj_create(CREATE_MKEY, mode=KSM, start_addr=0x7fffc9a20000 length=32) failed, syndrome 0x45d3a4: Remote I/O error
[1755364176.975361] [eos0397:1063738:0]    ib_mlx5dv_md.c:126  UCX  DEBUG mlx5_3: KSM atomic-key memory registration status "Unsupported operation" range (nil)..0x20 iova 0x7fffc9a20000 atomic mkey_index 0x0
[1755364176.975738] [eos0397:1063738:0]           ib_md.c:1161 UCX  DEBUG mlx5_3: relaxed order memory access is disabled
[1755364176.975974] [eos0397:1063738:0]    ib_mlx5dv_md.c:126  UCX  DEBUG mlx5_3: KSM flush-mr memory registration status "Success" range 0x55555b40e000..0x55555b40e008 iova 0x0 mkey_index 0x0
[1755364176.975990] [eos0397:1063738:0]          uct_md.c:96   UCX  DEBUG failed to query gga_mlx5 resources: No such device
[1755364176.975991] [eos0397:1063738:0]     ucp_context.c:1188 UCX  DEBUG No tl resources found for md mlx5_3
[1755364176.975992] [eos0397:1063738:0]     ucp_context.c:1648 UCX  DEBUG closing md mlx5_3 because it has no selected transport resources
[1755364176.975995] [eos0397:1063738:0]    ib_mlx5dv_md.c:2496 UCX  DEBUG mlx5_3: md=0x55555b40d8b0 md->flags=0x3fb3f7f flush_rkey=0x202300
[1755364176.976256] [eos0397:1063738:0]           mpool.c:194  UCX  DEBUG mpool devx dbrec destroyed
[1755364176.976257] [eos0397:1063738:0]       ib_device.c:616  UCX  DEBUG destroying ib device mlx5_3
[1755364176.976258] [eos0397:1063738:0]           async.c:173  UCX  DEBUG removed async handler 0x55555b1a6fc0 [id=256 ref 1] uct_ib_async_event_handler() from hash
[1755364176.976259] [eos0397:1063738:0]           async.c:576  UCX  DEBUG removing async handler 0x55555b1a6fc0 [id=256 ref 1] uct_ib_async_event_handler()
[1755364176.976261] [eos0397:1063738:0]           async.c:188  UCX  DEBUG release async handler 0x55555b1a6fc0 [id=256 ref 0] uct_ib_async_event_handler()
[1755364176.981110] [eos0397:1063738:0]            topo.c:899  UCX  DEBUG /sys/class/infiniband/mlx5_4: PF sysfs path is '/sys/devices/pci0000:4c/0000:4c:01.0/0000:4d:00.0/0000:4e:00.0/0000:4f:00.0'
[1755364176.981113] [eos0397:1063738:0]            topo.c:552  UCX  DEBUG mlx5_4: bdf_name 0000:4f:00.0 sys_dev 17
[1755364176.981120] [eos0397:1063738:0]       ib_device.c:498  UCX  DEBUG mlx5_4: vendor_id 0x15b3 device_id 4129
[1755364176.981605] [eos0397:1063738:0]    ib_mlx5dv_md.c:1875 UCX  DEBUG mlx5_4: cross gvmi alias mkey is supported
[1755364176.981606] [eos0397:1063738:0]    ib_mlx5dv_md.c:1925 UCX  DEBUG mlx5_4: mkey_by_name_reserve is not supported
[1755364176.981606] [eos0397:1063738:0]    ib_mlx5dv_md.c:1910 UCX  DEBUG mlx5_4: dp_ordering support: force=1 ooo_rw_rc=1 ooo_rw_dc=1
[1755364176.981739] [eos0397:1063738:0]    ib_mlx5dv_md.c:1705 UCX  DEBUG mlx5_4: ODP is disabled because version 1 is not supported for DevX QP
[1755364176.981864] [eos0397:1063738:0]           async.c:248  UCX  DEBUG added async handler 0x55555b1f0670 [id=256 ref 1] uct_ib_async_event_handler() to hash
[1755364176.981868] [eos0397:1063738:0]           async.c:522  UCX  DEBUG listening to async event fd 256 events 0x1 mode thread_spinlock
[1755364176.981869] [eos0397:1063738:0]       ib_device.c:597  UCX  DEBUG initialized device 'mlx5_4' (InfiniBand channel adapter) with 1 ports
[1755364176.981872] [eos0397:1063738:0]           ib_md.c:1177 UCX  DEBUG mlx5_4: cuda GPUDirect RDMA is detected by checking /sys/kernel/mm/memory_peers/nv_mem/version
[1755364176.981874] [eos0397:1063738:0]           ib_md.c:1177 UCX  DEBUG mlx5_4: rocm GPUDirect RDMA is not detected by checking /dev/kfd
[1755364176.981877] [eos0397:1063738:0]           ib_md.c:1202 UCX  DEBUG mlx5_4: dmabuf is supported
[1755364176.981878] [eos0397:1063738:0]           mpool.c:138  UCX  DEBUG mpool devx dbrec: align 64, maxelems 4294967295, elemsize 40
[1755364176.982049] [eos0397:1063738:0]    ib_mlx5dv_md.c:2423 UCX  DEBUG mlx5_4: opened DEVX md log_max_qp=17
[1755364176.982446] [eos0397:1063738:0]    ib_mlx5dv_md.c:126  UCX  DEBUG mlx5_4: KSM dm memory registration status "Success" range 0x7fffc9a20000..0x7fffc9a20020 iova 0x0 mkey_index 0x0
[1755364176.982799] [eos0397:1063738:0]    ib_mlx5dv_md.c:96   UCX  DEBUG mlx5_4: mlx5dv_devx_obj_create(CREATE_MKEY, mode=KSM, start_addr=0x7fffc9a20000 length=32) failed, syndrome 0x45d3a4: Remote I/O error
[1755364176.982800] [eos0397:1063738:0]    ib_mlx5dv_md.c:126  UCX  DEBUG mlx5_4: KSM atomic-key memory registration status "Unsupported operation" range (nil)..0x20 iova 0x7fffc9a20000 atomic mkey_index 0x0
[1755364176.983173] [eos0397:1063738:0]           ib_md.c:1161 UCX  DEBUG mlx5_4: relaxed order memory access is disabled
[1755364176.983398] [eos0397:1063738:0]    ib_mlx5dv_md.c:126  UCX  DEBUG mlx5_4: KSM flush-mr memory registration status "Success" range 0x55555b40e000..0x55555b40e008 iova 0x0 mkey_index 0x0
[1755364176.983414] [eos0397:1063738:0]          uct_md.c:96   UCX  DEBUG failed to query gga_mlx5 resources: No such device
[1755364176.983415] [eos0397:1063738:0]     ucp_context.c:1188 UCX  DEBUG No tl resources found for md mlx5_4
[1755364176.983416] [eos0397:1063738:0]     ucp_context.c:1648 UCX  DEBUG closing md mlx5_4 because it has no selected transport resources
[1755364176.983419] [eos0397:1063738:0]    ib_mlx5dv_md.c:2496 UCX  DEBUG mlx5_4: md=0x55555b1a6670 md->flags=0x3fb3f7f flush_rkey=0x202300
[1755364176.983662] [eos0397:1063738:0]           mpool.c:194  UCX  DEBUG mpool devx dbrec destroyed
[1755364176.983663] [eos0397:1063738:0]       ib_device.c:616  UCX  DEBUG destroying ib device mlx5_4
[1755364176.983664] [eos0397:1063738:0]           async.c:173  UCX  DEBUG removed async handler 0x55555b1f0670 [id=256 ref 1] uct_ib_async_event_handler() from hash
[1755364176.983665] [eos0397:1063738:0]           async.c:576  UCX  DEBUG removing async handler 0x55555b1f0670 [id=256 ref 1] uct_ib_async_event_handler()
[1755364176.983666] [eos0397:1063738:0]           async.c:188  UCX  DEBUG release async handler 0x55555b1f0670 [id=256 ref 0] uct_ib_async_event_handler()
[1755364176.988619] [eos0397:1063738:0]            topo.c:899  UCX  DEBUG /sys/class/infiniband/mlx5_5: PF sysfs path is '/sys/devices/pci0000:5b/0000:5b:01.0/0000:5c:00.0/0000:5d:00.0/0000:5e:00.0'
[1755364176.988621] [eos0397:1063738:0]            topo.c:552  UCX  DEBUG mlx5_5: bdf_name 0000:5e:00.0 sys_dev 18
[1755364176.988630] [eos0397:1063738:0]       ib_device.c:498  UCX  DEBUG mlx5_5: vendor_id 0x15b3 device_id 4129
[1755364176.989133] [eos0397:1063738:0]    ib_mlx5dv_md.c:1875 UCX  DEBUG mlx5_5: cross gvmi alias mkey is supported
[1755364176.989134] [eos0397:1063738:0]    ib_mlx5dv_md.c:1925 UCX  DEBUG mlx5_5: mkey_by_name_reserve is not supported
[1755364176.989135] [eos0397:1063738:0]    ib_mlx5dv_md.c:1910 UCX  DEBUG mlx5_5: dp_ordering support: force=1 ooo_rw_rc=1 ooo_rw_dc=1
[1755364176.989259] [eos0397:1063738:0]    ib_mlx5dv_md.c:1705 UCX  DEBUG mlx5_5: ODP is disabled because version 1 is not supported for DevX QP
[1755364176.989398] [eos0397:1063738:0]           async.c:248  UCX  DEBUG added async handler 0x55555b1a6d30 [id=256 ref 1] uct_ib_async_event_handler() to hash
[1755364176.989403] [eos0397:1063738:0]           async.c:522  UCX  DEBUG listening to async event fd 256 events 0x1 mode thread_spinlock
[1755364176.989404] [eos0397:1063738:0]       ib_device.c:597  UCX  DEBUG initialized device 'mlx5_5' (InfiniBand channel adapter) with 1 ports
[1755364176.989408] [eos0397:1063738:0]           ib_md.c:1177 UCX  DEBUG mlx5_5: cuda GPUDirect RDMA is detected by checking /sys/kernel/mm/memory_peers/nv_mem/version
[1755364176.989410] [eos0397:1063738:0]           ib_md.c:1177 UCX  DEBUG mlx5_5: rocm GPUDirect RDMA is not detected by checking /dev/kfd
[1755364176.989413] [eos0397:1063738:0]           ib_md.c:1202 UCX  DEBUG mlx5_5: dmabuf is supported
[1755364176.989414] [eos0397:1063738:0]           mpool.c:138  UCX  DEBUG mpool devx dbrec: align 64, maxelems 4294967295, elemsize 40
[1755364176.989590] [eos0397:1063738:0]    ib_mlx5dv_md.c:2423 UCX  DEBUG mlx5_5: opened DEVX md log_max_qp=17
[1755364176.990012] [eos0397:1063738:0]    ib_mlx5dv_md.c:126  UCX  DEBUG mlx5_5: KSM dm memory registration status "Success" range 0x7fffc9a20000..0x7fffc9a20020 iova 0x0 mkey_index 0x0
[1755364176.990308] [eos0397:1063738:0]    ib_mlx5dv_md.c:96   UCX  DEBUG mlx5_5: mlx5dv_devx_obj_create(CREATE_MKEY, mode=KSM, start_addr=0x7fffc9a20000 length=32) failed, syndrome 0x45d3a4: Remote I/O error
[1755364176.990310] [eos0397:1063738:0]    ib_mlx5dv_md.c:126  UCX  DEBUG mlx5_5: KSM atomic-key memory registration status "Unsupported operation" range (nil)..0x20 iova 0x7fffc9a20000 atomic mkey_index 0x0
[1755364176.990677] [eos0397:1063738:0]           ib_md.c:1161 UCX  DEBUG mlx5_5: relaxed order memory access is disabled
[1755364176.990908] [eos0397:1063738:0]    ib_mlx5dv_md.c:126  UCX  DEBUG mlx5_5: KSM flush-mr memory registration status "Success" range 0x55555b40f000..0x55555b40f008 iova 0x0 mkey_index 0x0
[1755364176.990923] [eos0397:1063738:0]          uct_md.c:96   UCX  DEBUG failed to query gga_mlx5 resources: No such device
[1755364176.990924] [eos0397:1063738:0]     ucp_context.c:1188 UCX  DEBUG No tl resources found for md mlx5_5
[1755364176.990925] [eos0397:1063738:0]     ucp_context.c:1648 UCX  DEBUG closing md mlx5_5 because it has no selected transport resources
[1755364176.990928] [eos0397:1063738:0]    ib_mlx5dv_md.c:2496 UCX  DEBUG mlx5_5: md=0x55555b40e000 md->flags=0x3fb3f7f flush_rkey=0x202200
[1755364176.991175] [eos0397:1063738:0]           mpool.c:194  UCX  DEBUG mpool devx dbrec destroyed
[1755364176.991176] [eos0397:1063738:0]       ib_device.c:616  UCX  DEBUG destroying ib device mlx5_5
[1755364176.991177] [eos0397:1063738:0]           async.c:173  UCX  DEBUG removed async handler 0x55555b1a6d30 [id=256 ref 1] uct_ib_async_event_handler() from hash
[1755364176.991178] [eos0397:1063738:0]           async.c:576  UCX  DEBUG removing async handler 0x55555b1a6d30 [id=256 ref 1] uct_ib_async_event_handler()
[1755364176.991179] [eos0397:1063738:0]           async.c:188  UCX  DEBUG release async handler 0x55555b1a6d30 [id=256 ref 0] uct_ib_async_event_handler()
[1755364176.996145] [eos0397:1063738:0]            topo.c:899  UCX  DEBUG /sys/class/infiniband/mlx5_6: PF sysfs path is '/sys/devices/pci0000:97/0000:97:01.0/0000:98:00.0/0000:99:00.0/0000:9a:00.0'
[1755364176.996147] [eos0397:1063738:0]            topo.c:552  UCX  DEBUG mlx5_6: bdf_name 0000:9a:00.0 sys_dev 9
[1755364176.996155] [eos0397:1063738:0]       ib_device.c:498  UCX  DEBUG mlx5_6: vendor_id 0x15b3 device_id 4129
[1755364176.996682] [eos0397:1063738:0]    ib_mlx5dv_md.c:1875 UCX  DEBUG mlx5_6: cross gvmi alias mkey is supported
[1755364176.996683] [eos0397:1063738:0]    ib_mlx5dv_md.c:1925 UCX  DEBUG mlx5_6: mkey_by_name_reserve is not supported
[1755364176.996684] [eos0397:1063738:0]    ib_mlx5dv_md.c:1910 UCX  DEBUG mlx5_6: dp_ordering support: force=1 ooo_rw_rc=1 ooo_rw_dc=1
[1755364176.996819] [eos0397:1063738:0]    ib_mlx5dv_md.c:1705 UCX  DEBUG mlx5_6: ODP is disabled because version 1 is not supported for DevX QP
[1755364176.996949] [eos0397:1063738:0]           async.c:248  UCX  DEBUG added async handler 0x55555b1a6b20 [id=256 ref 1] uct_ib_async_event_handler() to hash
[1755364176.996953] [eos0397:1063738:0]           async.c:522  UCX  DEBUG listening to async event fd 256 events 0x1 mode thread_spinlock
[1755364176.996954] [eos0397:1063738:0]       ib_device.c:597  UCX  DEBUG initialized device 'mlx5_6' (InfiniBand channel adapter) with 1 ports
[1755364176.996957] [eos0397:1063738:0]           ib_md.c:1177 UCX  DEBUG mlx5_6: cuda GPUDirect RDMA is detected by checking /sys/kernel/mm/memory_peers/nv_mem/version
[1755364176.996959] [eos0397:1063738:0]           ib_md.c:1177 UCX  DEBUG mlx5_6: rocm GPUDirect RDMA is not detected by checking /dev/kfd
[1755364176.996962] [eos0397:1063738:0]           ib_md.c:1202 UCX  DEBUG mlx5_6: dmabuf is supported
[1755364176.996964] [eos0397:1063738:0]           mpool.c:138  UCX  DEBUG mpool devx dbrec: align 64, maxelems 4294967295, elemsize 40
[1755364176.997142] [eos0397:1063738:0]    ib_mlx5dv_md.c:2423 UCX  DEBUG mlx5_6: opened DEVX md log_max_qp=17
[1755364176.997551] [eos0397:1063738:0]    ib_mlx5dv_md.c:126  UCX  DEBUG mlx5_6: KSM dm memory registration status "Success" range 0x7fffc9a20000..0x7fffc9a20020 iova 0x0 mkey_index 0x0
[1755364176.997852] [eos0397:1063738:0]    ib_mlx5dv_md.c:96   UCX  DEBUG mlx5_6: mlx5dv_devx_obj_create(CREATE_MKEY, mode=KSM, start_addr=0x7fffc9a20000 length=32) failed, syndrome 0x45d3a4: Remote I/O error
[1755364176.997854] [eos0397:1063738:0]    ib_mlx5dv_md.c:126  UCX  DEBUG mlx5_6: KSM atomic-key memory registration status "Unsupported operation" range (nil)..0x20 iova 0x7fffc9a20000 atomic mkey_index 0x0
[1755364176.998251] [eos0397:1063738:0]           ib_md.c:1161 UCX  DEBUG mlx5_6: relaxed order memory access is disabled
[1755364176.998477] [eos0397:1063738:0]    ib_mlx5dv_md.c:126  UCX  DEBUG mlx5_6: KSM flush-mr memory registration status "Success" range 0x55555b411000..0x55555b411008 iova 0x0 mkey_index 0x0
[1755364176.998492] [eos0397:1063738:0]          uct_md.c:96   UCX  DEBUG failed to query gga_mlx5 resources: No such device
[1755364176.998493] [eos0397:1063738:0]     ucp_context.c:1188 UCX  DEBUG No tl resources found for md mlx5_6
[1755364176.998493] [eos0397:1063738:0]     ucp_context.c:1648 UCX  DEBUG closing md mlx5_6 because it has no selected transport resources
[1755364176.998496] [eos0397:1063738:0]    ib_mlx5dv_md.c:2496 UCX  DEBUG mlx5_6: md=0x55555b40e000 md->flags=0x3fb3f7f flush_rkey=0x202200
[1755364176.998767] [eos0397:1063738:0]           mpool.c:194  UCX  DEBUG mpool devx dbrec destroyed
[1755364176.998768] [eos0397:1063738:0]       ib_device.c:616  UCX  DEBUG destroying ib device mlx5_6
[1755364176.998769] [eos0397:1063738:0]           async.c:173  UCX  DEBUG removed async handler 0x55555b1a6b20 [id=256 ref 1] uct_ib_async_event_handler() from hash
[1755364176.998770] [eos0397:1063738:0]           async.c:576  UCX  DEBUG removing async handler 0x55555b1a6b20 [id=256 ref 1] uct_ib_async_event_handler()
[1755364176.998772] [eos0397:1063738:0]           async.c:188  UCX  DEBUG release async handler 0x55555b1a6b20 [id=256 ref 0] uct_ib_async_event_handler()
[1755364177.003763] [eos0397:1063738:0]            topo.c:899  UCX  DEBUG /sys/class/infiniband/mlx5_9: PF sysfs path is '/sys/devices/pci0000:bd/0000:bd:01.0/0000:be:00.0/0000:bf:00.0/0000:c0:00.0'
[1755364177.003765] [eos0397:1063738:0]            topo.c:552  UCX  DEBUG mlx5_9: bdf_name 0000:c0:00.0 sys_dev 11
[1755364177.003772] [eos0397:1063738:0]       ib_device.c:498  UCX  DEBUG mlx5_9: vendor_id 0x15b3 device_id 4129
[1755364177.004330] [eos0397:1063738:0]    ib_mlx5dv_md.c:1875 UCX  DEBUG mlx5_9: cross gvmi alias mkey is supported
[1755364177.004331] [eos0397:1063738:0]    ib_mlx5dv_md.c:1925 UCX  DEBUG mlx5_9: mkey_by_name_reserve is not supported
[1755364177.004332] [eos0397:1063738:0]    ib_mlx5dv_md.c:1910 UCX  DEBUG mlx5_9: dp_ordering support: force=1 ooo_rw_rc=1 ooo_rw_dc=1
[1755364177.004474] [eos0397:1063738:0]    ib_mlx5dv_md.c:1705 UCX  DEBUG mlx5_9: ODP is disabled because version 1 is not supported for DevX QP
[1755364177.004613] [eos0397:1063738:0]           async.c:248  UCX  DEBUG added async handler 0x55555b1a6a30 [id=256 ref 1] uct_ib_async_event_handler() to hash
[1755364177.004616] [eos0397:1063738:0]           async.c:522  UCX  DEBUG listening to async event fd 256 events 0x1 mode thread_spinlock
[1755364177.004617] [eos0397:1063738:0]       ib_device.c:597  UCX  DEBUG initialized device 'mlx5_9' (InfiniBand channel adapter) with 1 ports
[1755364177.004620] [eos0397:1063738:0]           ib_md.c:1177 UCX  DEBUG mlx5_9: cuda GPUDirect RDMA is detected by checking /sys/kernel/mm/memory_peers/nv_mem/version
[1755364177.004623] [eos0397:1063738:0]           ib_md.c:1177 UCX  DEBUG mlx5_9: rocm GPUDirect RDMA is not detected by checking /dev/kfd
[1755364177.004626] [eos0397:1063738:0]           ib_md.c:1202 UCX  DEBUG mlx5_9: dmabuf is supported
[1755364177.004627] [eos0397:1063738:0]           mpool.c:138  UCX  DEBUG mpool devx dbrec: align 64, maxelems 4294967295, elemsize 40
[1755364177.004846] [eos0397:1063738:0]    ib_mlx5dv_md.c:2423 UCX  DEBUG mlx5_9: opened DEVX md log_max_qp=17
[1755364177.005277] [eos0397:1063738:0]    ib_mlx5dv_md.c:126  UCX  DEBUG mlx5_9: KSM dm memory registration status "Success" range 0x7fffc9a20000..0x7fffc9a20020 iova 0x0 mkey_index 0x0
[1755364177.005567] [eos0397:1063738:0]    ib_mlx5dv_md.c:96   UCX  DEBUG mlx5_9: mlx5dv_devx_obj_create(CREATE_MKEY, mode=KSM, start_addr=0x7fffc9a20000 length=32) failed, syndrome 0x45d3a4: Remote I/O error
[1755364177.005569] [eos0397:1063738:0]    ib_mlx5dv_md.c:126  UCX  DEBUG mlx5_9: KSM atomic-key memory registration status "Unsupported operation" range (nil)..0x20 iova 0x7fffc9a20000 atomic mkey_index 0x0
[1755364177.005958] [eos0397:1063738:0]           ib_md.c:1161 UCX  DEBUG mlx5_9: relaxed order memory access is disabled
[1755364177.006197] [eos0397:1063738:0]    ib_mlx5dv_md.c:126  UCX  DEBUG mlx5_9: KSM flush-mr memory registration status "Success" range 0x55555b411000..0x55555b411008 iova 0x0 mkey_index 0x0
[1755364177.006211] [eos0397:1063738:0]          uct_md.c:96   UCX  DEBUG failed to query gga_mlx5 resources: No such device
[1755364177.006212] [eos0397:1063738:0]     ucp_context.c:1188 UCX  DEBUG No tl resources found for md mlx5_9
[1755364177.006213] [eos0397:1063738:0]     ucp_context.c:1648 UCX  DEBUG closing md mlx5_9 because it has no selected transport resources
[1755364177.006215] [eos0397:1063738:0]    ib_mlx5dv_md.c:2496 UCX  DEBUG mlx5_9: md=0x55555b40e000 md->flags=0x3fb3f7f flush_rkey=0x202400
[1755364177.006479] [eos0397:1063738:0]           mpool.c:194  UCX  DEBUG mpool devx dbrec destroyed
[1755364177.006479] [eos0397:1063738:0]       ib_device.c:616  UCX  DEBUG destroying ib device mlx5_9
[1755364177.006481] [eos0397:1063738:0]           async.c:173  UCX  DEBUG removed async handler 0x55555b1a6a30 [id=256 ref 1] uct_ib_async_event_handler() from hash
[1755364177.006481] [eos0397:1063738:0]           async.c:576  UCX  DEBUG removing async handler 0x55555b1a6a30 [id=256 ref 1] uct_ib_async_event_handler()
[1755364177.006483] [eos0397:1063738:0]           async.c:188  UCX  DEBUG release async handler 0x55555b1a6a30 [id=256 ref 0] uct_ib_async_event_handler()
[1755364177.011580] [eos0397:1063738:0]            topo.c:899  UCX  DEBUG /sys/class/infiniband/mlx5_10: PF sysfs path is '/sys/devices/pci0000:cb/0000:cb:01.0/0000:cc:00.0/0000:cd:00.0/0000:ce:00.0'
[1755364177.011582] [eos0397:1063738:0]            topo.c:552  UCX  DEBUG mlx5_10: bdf_name 0000:ce:00.0 sys_dev 12
[1755364177.011591] [eos0397:1063738:0]       ib_device.c:498  UCX  DEBUG mlx5_10: vendor_id 0x15b3 device_id 4129
[1755364177.012118] [eos0397:1063738:0]    ib_mlx5dv_md.c:1875 UCX  DEBUG mlx5_10: cross gvmi alias mkey is supported
[1755364177.012119] [eos0397:1063738:0]    ib_mlx5dv_md.c:1925 UCX  DEBUG mlx5_10: mkey_by_name_reserve is not supported
[1755364177.012120] [eos0397:1063738:0]    ib_mlx5dv_md.c:1910 UCX  DEBUG mlx5_10: dp_ordering support: force=1 ooo_rw_rc=1 ooo_rw_dc=1
[1755364177.012249] [eos0397:1063738:0]    ib_mlx5dv_md.c:1705 UCX  DEBUG mlx5_10: ODP is disabled because version 1 is not supported for DevX QP
[1755364177.012381] [eos0397:1063738:0]           async.c:248  UCX  DEBUG added async handler 0x55555b2386d0 [id=256 ref 1] uct_ib_async_event_handler() to hash
[1755364177.012386] [eos0397:1063738:0]           async.c:522  UCX  DEBUG listening to async event fd 256 events 0x1 mode thread_spinlock
[1755364177.012387] [eos0397:1063738:0]       ib_device.c:597  UCX  DEBUG initialized device 'mlx5_10' (InfiniBand channel adapter) with 1 ports
[1755364177.012390] [eos0397:1063738:0]           ib_md.c:1177 UCX  DEBUG mlx5_10: cuda GPUDirect RDMA is detected by checking /sys/kernel/mm/memory_peers/nv_mem/version
[1755364177.012392] [eos0397:1063738:0]           ib_md.c:1177 UCX  DEBUG mlx5_10: rocm GPUDirect RDMA is not detected by checking /dev/kfd
[1755364177.012395] [eos0397:1063738:0]           ib_md.c:1202 UCX  DEBUG mlx5_10: dmabuf is supported
[1755364177.012397] [eos0397:1063738:0]           mpool.c:138  UCX  DEBUG mpool devx dbrec: align 64, maxelems 4294967295, elemsize 40
[1755364177.012576] [eos0397:1063738:0]    ib_mlx5dv_md.c:2423 UCX  DEBUG mlx5_10: opened DEVX md log_max_qp=17
[1755364177.013008] [eos0397:1063738:0]    ib_mlx5dv_md.c:126  UCX  DEBUG mlx5_10: KSM dm memory registration status "Success" range 0x7fffc9a20000..0x7fffc9a20020 iova 0x0 mkey_index 0x0
[1755364177.013293] [eos0397:1063738:0]    ib_mlx5dv_md.c:96   UCX  DEBUG mlx5_10: mlx5dv_devx_obj_create(CREATE_MKEY, mode=KSM, start_addr=0x7fffc9a20000 length=32) failed, syndrome 0x45d3a4: Remote I/O error
[1755364177.013294] [eos0397:1063738:0]    ib_mlx5dv_md.c:126  UCX  DEBUG mlx5_10: KSM atomic-key memory registration status "Unsupported operation" range (nil)..0x20 iova 0x7fffc9a20000 atomic mkey_index 0x0
[1755364177.013678] [eos0397:1063738:0]           ib_md.c:1161 UCX  DEBUG mlx5_10: relaxed order memory access is disabled
[1755364177.013904] [eos0397:1063738:0]    ib_mlx5dv_md.c:126  UCX  DEBUG mlx5_10: KSM flush-mr memory registration status "Success" range 0x55555b411000..0x55555b411008 iova 0x0 mkey_index 0x0
[1755364177.013920] [eos0397:1063738:0]          uct_md.c:96   UCX  DEBUG failed to query gga_mlx5 resources: No such device
[1755364177.013921] [eos0397:1063738:0]     ucp_context.c:1188 UCX  DEBUG No tl resources found for md mlx5_10
[1755364177.013922] [eos0397:1063738:0]     ucp_context.c:1648 UCX  DEBUG closing md mlx5_10 because it has no selected transport resources
[1755364177.013925] [eos0397:1063738:0]    ib_mlx5dv_md.c:2496 UCX  DEBUG mlx5_10: md=0x55555b40e000 md->flags=0x3fb3f7f flush_rkey=0x202300
[1755364177.014201] [eos0397:1063738:0]           mpool.c:194  UCX  DEBUG mpool devx dbrec destroyed
[1755364177.014202] [eos0397:1063738:0]       ib_device.c:616  UCX  DEBUG destroying ib device mlx5_10
[1755364177.014203] [eos0397:1063738:0]           async.c:173  UCX  DEBUG removed async handler 0x55555b2386d0 [id=256 ref 1] uct_ib_async_event_handler() from hash
[1755364177.014204] [eos0397:1063738:0]           async.c:576  UCX  DEBUG removing async handler 0x55555b2386d0 [id=256 ref 1] uct_ib_async_event_handler()
[1755364177.014206] [eos0397:1063738:0]           async.c:188  UCX  DEBUG release async handler 0x55555b2386d0 [id=256 ref 0] uct_ib_async_event_handler()
[1755364177.019047] [eos0397:1063738:0]            topo.c:899  UCX  DEBUG /sys/class/infiniband/mlx5_11: PF sysfs path is '/sys/devices/pci0000:d9/0000:d9:01.0/0000:da:00.0/0000:db:00.0/0000:dc:00.0'
[1755364177.019049] [eos0397:1063738:0]            topo.c:552  UCX  DEBUG mlx5_11: bdf_name 0000:dc:00.0 sys_dev 13
[1755364177.019057] [eos0397:1063738:0]       ib_device.c:498  UCX  DEBUG mlx5_11: vendor_id 0x15b3 device_id 4129
[1755364177.019580] [eos0397:1063738:0]    ib_mlx5dv_md.c:1875 UCX  DEBUG mlx5_11: cross gvmi alias mkey is supported
[1755364177.019581] [eos0397:1063738:0]    ib_mlx5dv_md.c:1925 UCX  DEBUG mlx5_11: mkey_by_name_reserve is not supported
[1755364177.019582] [eos0397:1063738:0]    ib_mlx5dv_md.c:1910 UCX  DEBUG mlx5_11: dp_ordering support: force=1 ooo_rw_rc=1 ooo_rw_dc=1
[1755364177.019702] [eos0397:1063738:0]    ib_mlx5dv_md.c:1705 UCX  DEBUG mlx5_11: ODP is disabled because version 1 is not supported for DevX QP
[1755364177.019832] [eos0397:1063738:0]           async.c:248  UCX  DEBUG added async handler 0x55555b239ed0 [id=256 ref 1] uct_ib_async_event_handler() to hash
[1755364177.019837] [eos0397:1063738:0]           async.c:522  UCX  DEBUG listening to async event fd 256 events 0x1 mode thread_spinlock
[1755364177.019838] [eos0397:1063738:0]       ib_device.c:597  UCX  DEBUG initialized device 'mlx5_11' (InfiniBand channel adapter) with 1 ports
[1755364177.019841] [eos0397:1063738:0]           ib_md.c:1177 UCX  DEBUG mlx5_11: cuda GPUDirect RDMA is detected by checking /sys/kernel/mm/memory_peers/nv_mem/version
[1755364177.019843] [eos0397:1063738:0]           ib_md.c:1177 UCX  DEBUG mlx5_11: rocm GPUDirect RDMA is not detected by checking /dev/kfd
[1755364177.019846] [eos0397:1063738:0]           ib_md.c:1202 UCX  DEBUG mlx5_11: dmabuf is supported
[1755364177.019847] [eos0397:1063738:0]           mpool.c:138  UCX  DEBUG mpool devx dbrec: align 64, maxelems 4294967295, elemsize 40
[1755364177.020028] [eos0397:1063738:0]    ib_mlx5dv_md.c:2423 UCX  DEBUG mlx5_11: opened DEVX md log_max_qp=17
[1755364177.020442] [eos0397:1063738:0]    ib_mlx5dv_md.c:126  UCX  DEBUG mlx5_11: KSM dm memory registration status "Success" range 0x7fffc9a20000..0x7fffc9a20020 iova 0x0 mkey_index 0x0
[1755364177.020731] [eos0397:1063738:0]    ib_mlx5dv_md.c:96   UCX  DEBUG mlx5_11: mlx5dv_devx_obj_create(CREATE_MKEY, mode=KSM, start_addr=0x7fffc9a20000 length=32) failed, syndrome 0x45d3a4: Remote I/O error
[1755364177.020733] [eos0397:1063738:0]    ib_mlx5dv_md.c:126  UCX  DEBUG mlx5_11: KSM atomic-key memory registration status "Unsupported operation" range (nil)..0x20 iova 0x7fffc9a20000 atomic mkey_index 0x0
[1755364177.021100] [eos0397:1063738:0]           ib_md.c:1161 UCX  DEBUG mlx5_11: relaxed order memory access is disabled
[1755364177.021373] [eos0397:1063738:0]    ib_mlx5dv_md.c:126  UCX  DEBUG mlx5_11: KSM flush-mr memory registration status "Success" range 0x55555b411000..0x55555b411008 iova 0x0 mkey_index 0x0
[1755364177.021389] [eos0397:1063738:0]          uct_md.c:96   UCX  DEBUG failed to query gga_mlx5 resources: No such device
[1755364177.021390] [eos0397:1063738:0]     ucp_context.c:1188 UCX  DEBUG No tl resources found for md mlx5_11
[1755364177.021391] [eos0397:1063738:0]     ucp_context.c:1648 UCX  DEBUG closing md mlx5_11 because it has no selected transport resources
[1755364177.021394] [eos0397:1063738:0]    ib_mlx5dv_md.c:2496 UCX  DEBUG mlx5_11: md=0x55555b40e000 md->flags=0x3fb3f7f flush_rkey=0x202200
[1755364177.021651] [eos0397:1063738:0]           mpool.c:194  UCX  DEBUG mpool devx dbrec destroyed
[1755364177.021652] [eos0397:1063738:0]       ib_device.c:616  UCX  DEBUG destroying ib device mlx5_11
[1755364177.021653] [eos0397:1063738:0]           async.c:173  UCX  DEBUG removed async handler 0x55555b239ed0 [id=256 ref 1] uct_ib_async_event_handler() from hash
[1755364177.021654] [eos0397:1063738:0]           async.c:576  UCX  DEBUG removing async handler 0x55555b239ed0 [id=256 ref 1] uct_ib_async_event_handler()
[1755364177.021656] [eos0397:1063738:0]           async.c:188  UCX  DEBUG release async handler 0x55555b239ed0 [id=256 ref 0] uct_ib_async_event_handler()
[1755364177.022049] [eos0397:1063738:0]     ucp_context.c:1713 UCX  DEBUG register host memory on: self, tcp, cuda_cpy, mlx5_0, mlx5_3, mlx5_4, mlx5_5, mlx5_6, mlx5_9, mlx5_10, mlx5_11, cma
[1755364177.022051] [eos0397:1063738:0]     ucp_context.c:1713 UCX  DEBUG register cuda memory on: cuda_cpy, cuda_ipc, gdr_copy, mlx5_0, mlx5_3, mlx5_4, mlx5_5, mlx5_6, mlx5_9, mlx5_10, mlx5_11
[1755364177.022052] [eos0397:1063738:0]     ucp_context.c:1713 UCX  DEBUG register cuda-managed memory on: cuda_cpy
[1755364177.022053] [eos0397:1063738:0]     ucp_context.c:1701 UCX  DEBUG no memory domain supports registering rocm memory
[1755364177.022053] [eos0397:1063738:0]     ucp_context.c:1701 UCX  DEBUG no memory domain supports registering rocm-managed memory
[1755364177.022054] [eos0397:1063738:0]     ucp_context.c:1701 UCX  DEBUG no memory domain supports registering rdma memory
[1755364177.022054] [eos0397:1063738:0]     ucp_context.c:1701 UCX  DEBUG no memory domain supports registering ze-host memory
[1755364177.022055] [eos0397:1063738:0]     ucp_context.c:1701 UCX  DEBUG no memory domain supports registering ze-device memory
[1755364177.022056] [eos0397:1063738:0]     ucp_context.c:1701 UCX  DEBUG no memory domain supports registering ze-managed memory
[1755364177.022068] [eos0397:1063738:0]           mpool.c:138  UCX  DEBUG mpool rcache_mp: align 8, maxelems 4294967295, elemsize 144
[1755364177.022132] [eos0397:1063738:0]     ucp_context.c:2332 UCX  DEBUG created ucp context ucp_context_1 0x55555b19a8c0 [16 mds 60 tls] features 0x52 tl bitmap 0xfffffffffffffff 0x0
[1755364177.022199] [eos0397:1063738:0]     ucp_context.c:2257 UCX  INFO  Version 1.18.0 (loaded from /opt/nvidia/hpc_sdk/Linux_x86_64/25.3/comm_libs/12.8/hpcx/hpcx-2.22.1/ucx/lib/libucp.so.0)
[1755364177.022202] [eos0397:1063738:0]     ucp_context.c:2016 UCX  DEBUG estimated number of endpoints is 16
[1755364177.022203] [eos0397:1063738:0]     ucp_context.c:2023 UCX  DEBUG estimated number of endpoints per node is 1
[1755364177.022205] [eos0397:1063738:0]     ucp_context.c:2033 UCX  DEBUG estimated bcopy bandwidth is 7340032000.000000
[1755364177.022207] [eos0397:1063738:0]     ucp_context.c:2092 UCX  DEBUG allocation method[0] is md 'sysv'
[1755364177.022208] [eos0397:1063738:0]     ucp_context.c:2092 UCX  DEBUG allocation method[1] is md 'posix'
[1755364177.022209] [eos0397:1063738:0]     ucp_context.c:2104 UCX  DEBUG allocation method[2] is 'thp'
[1755364177.022209] [eos0397:1063738:0]     ucp_context.c:2092 UCX  DEBUG allocation method[3] is md '*'
[1755364177.022210] [eos0397:1063738:0]     ucp_context.c:2104 UCX  DEBUG allocation method[4] is 'mmap'
[1755364177.022211] [eos0397:1063738:0]     ucp_context.c:2104 UCX  DEBUG allocation method[5] is 'heap'
[1755364177.023285] [eos0397:1063738:0]            topo.c:895  UCX  DEBUG /sys/class/net/bmc-redfish0/lower_enx463c84c17a97: sysfs path undetected
[1755364177.023287] [eos0397:1063738:0]            topo.c:556  UCX  DEBUG bmc-redfish0: system device unknown
[1755364177.031073] [eos0397:1063738:0]            topo.c:899  UCX  DEBUG /sys/class/net/eth3: PF sysfs path is '/sys/devices/pci0000:80/0000:80:05.0/0000:82:00.1'
[1755364177.031076] [eos0397:1063738:0]            topo.c:552  UCX  DEBUG eth3: bdf_name 0000:82:00.1 sys_dev 8
[1755364177.031910] [eos0397:1063738:0]            topo.c:899  UCX  DEBUG /sys/class/net/ibp154s0: PF sysfs path is '/sys/devices/pci0000:97/0000:97:01.0/0000:98:00.0/0000:99:00.0/0000:9a:00.0'
[1755364177.031913] [eos0397:1063738:0]            topo.c:552  UCX  DEBUG ibp154s0: bdf_name 0000:9a:00.0 sys_dev 9
[1755364177.032746] [eos0397:1063738:0]            topo.c:899  UCX  DEBUG /sys/class/net/ibp170s0f0: PF sysfs path is '/sys/devices/pci0000:a5/0000:a5:01.0/0000:a6:00.0/0000:a7:00.0/0000:a8:00.0/0000:a9:00.0/0000:aa:00.0'
[1755364177.032748] [eos0397:1063738:0]            topo.c:552  UCX  DEBUG ibp170s0f0: bdf_name 0000:aa:00.0 sys_dev 10
[1755364177.033614] [eos0397:1063738:0]            topo.c:899  UCX  DEBUG /sys/class/net/ibp192s0: PF sysfs path is '/sys/devices/pci0000:bd/0000:bd:01.0/0000:be:00.0/0000:bf:00.0/0000:c0:00.0'
[1755364177.033616] [eos0397:1063738:0]            topo.c:552  UCX  DEBUG ibp192s0: bdf_name 0000:c0:00.0 sys_dev 11
[1755364177.034555] [eos0397:1063738:0]            topo.c:899  UCX  DEBUG /sys/class/net/ibp206s0: PF sysfs path is '/sys/devices/pci0000:cb/0000:cb:01.0/0000:cc:00.0/0000:cd:00.0/0000:ce:00.0'
[1755364177.034557] [eos0397:1063738:0]            topo.c:552  UCX  DEBUG ibp206s0: bdf_name 0000:ce:00.0 sys_dev 12
[1755364177.035445] [eos0397:1063738:0]            topo.c:899  UCX  DEBUG /sys/class/net/ibp220s0: PF sysfs path is '/sys/devices/pci0000:d9/0000:d9:01.0/0000:da:00.0/0000:db:00.0/0000:dc:00.0'
[1755364177.035447] [eos0397:1063738:0]            topo.c:552  UCX  DEBUG ibp220s0: bdf_name 0000:dc:00.0 sys_dev 13
[1755364177.036332] [eos0397:1063738:0]            topo.c:899  UCX  DEBUG /sys/class/net/ibp24s0: PF sysfs path is '/sys/devices/pci0000:15/0000:15:01.0/0000:16:00.0/0000:17:00.0/0000:18:00.0'
[1755364177.036333] [eos0397:1063738:0]            topo.c:552  UCX  DEBUG ibp24s0: bdf_name 0000:18:00.0 sys_dev 14
[1755364177.037225] [eos0397:1063738:0]            topo.c:899  UCX  DEBUG /sys/class/net/ibp41s0f0: PF sysfs path is '/sys/devices/pci0000:24/0000:24:01.0/0000:25:00.0/0000:26:00.0/0000:27:00.0/0000:28:00.0/0000:29:00.0'
[1755364177.037227] [eos0397:1063738:0]            topo.c:552  UCX  DEBUG ibp41s0f0: bdf_name 0000:29:00.0 sys_dev 15
[1755364177.038103] [eos0397:1063738:0]            topo.c:899  UCX  DEBUG /sys/class/net/ibp64s0: PF sysfs path is '/sys/devices/pci0000:3d/0000:3d:01.0/0000:3e:00.0/0000:3f:00.0/0000:40:00.0'
[1755364177.038105] [eos0397:1063738:0]            topo.c:552  UCX  DEBUG ibp64s0: bdf_name 0000:40:00.0 sys_dev 16
[1755364177.038991] [eos0397:1063738:0]            topo.c:899  UCX  DEBUG /sys/class/net/ibp79s0: PF sysfs path is '/sys/devices/pci0000:4c/0000:4c:01.0/0000:4d:00.0/0000:4e:00.0/0000:4f:00.0'
[1755364177.039003] [eos0397:1063738:0]            topo.c:552  UCX  DEBUG ibp79s0: bdf_name 0000:4f:00.0 sys_dev 17
[1755364177.039898] [eos0397:1063738:0]            topo.c:899  UCX  DEBUG /sys/class/net/ibp94s0: PF sysfs path is '/sys/devices/pci0000:5b/0000:5b:01.0/0000:5c:00.0/0000:5d:00.0/0000:5e:00.0'
[1755364177.039899] [eos0397:1063738:0]            topo.c:552  UCX  DEBUG ibp94s0: bdf_name 0000:5e:00.0 sys_dev 18
[1755364177.040770] [eos0397:1063738:0]            topo.c:895  UCX  DEBUG /sys/class/net/lo: sysfs path undetected
[1755364177.040771] [eos0397:1063738:0]            topo.c:556  UCX  DEBUG lo: system device unknown
[1755364177.040836] [eos0397:1063738:0]    cuda_copy_md.c:104  UCX  DEBUG dmabuf is supported on cuda device 0
[1755364177.045801] [eos0397:1063738:0]            topo.c:899  UCX  DEBUG /sys/class/infiniband/mlx5_0: PF sysfs path is '/sys/devices/pci0000:15/0000:15:01.0/0000:16:00.0/0000:17:00.0/0000:18:00.0'
[1755364177.045804] [eos0397:1063738:0]            topo.c:552  UCX  DEBUG mlx5_0: bdf_name 0000:18:00.0 sys_dev 14
[1755364177.045814] [eos0397:1063738:0]       ib_device.c:498  UCX  DEBUG mlx5_0: vendor_id 0x15b3 device_id 4129
[1755364177.046303] [eos0397:1063738:0]    ib_mlx5dv_md.c:1875 UCX  DEBUG mlx5_0: cross gvmi alias mkey is supported
[1755364177.046303] [eos0397:1063738:0]    ib_mlx5dv_md.c:1925 UCX  DEBUG mlx5_0: mkey_by_name_reserve is not supported
[1755364177.046304] [eos0397:1063738:0]    ib_mlx5dv_md.c:1910 UCX  DEBUG mlx5_0: dp_ordering support: force=1 ooo_rw_rc=1 ooo_rw_dc=1
[1755364177.046424] [eos0397:1063738:0]    ib_mlx5dv_md.c:1705 UCX  DEBUG mlx5_0: ODP is disabled because version 1 is not supported for DevX QP
[1755364177.046551] [eos0397:1063738:0]           async.c:248  UCX  DEBUG added async handler 0x55555b1ecf80 [id=256 ref 1] uct_ib_async_event_handler() to hash
[1755364177.046557] [eos0397:1063738:0]           async.c:522  UCX  DEBUG listening to async event fd 256 events 0x1 mode thread_spinlock
[1755364177.046559] [eos0397:1063738:0]       ib_device.c:597  UCX  DEBUG initialized device 'mlx5_0' (InfiniBand channel adapter) with 1 ports
[1755364177.046563] [eos0397:1063738:0]           ib_md.c:1177 UCX  DEBUG mlx5_0: cuda GPUDirect RDMA is detected by checking /sys/kernel/mm/memory_peers/nv_mem/version
[1755364177.046565] [eos0397:1063738:0]           ib_md.c:1177 UCX  DEBUG mlx5_0: rocm GPUDirect RDMA is not detected by checking /dev/kfd
[1755364177.046569] [eos0397:1063738:0]           ib_md.c:1202 UCX  DEBUG mlx5_0: dmabuf is supported
[1755364177.046571] [eos0397:1063738:0]           mpool.c:138  UCX  DEBUG mpool devx dbrec: align 64, maxelems 4294967295, elemsize 40
[1755364177.046737] [eos0397:1063738:0]    ib_mlx5dv_md.c:2423 UCX  DEBUG mlx5_0: opened DEVX md log_max_qp=17
[1755364177.047132] [eos0397:1063738:0]    ib_mlx5dv_md.c:126  UCX  DEBUG mlx5_0: KSM dm memory registration status "Success" range 0x7fffc9a20000..0x7fffc9a20020 iova 0x0 mkey_index 0x0
[1755364177.047411] [eos0397:1063738:0]    ib_mlx5dv_md.c:96   UCX  DEBUG mlx5_0: mlx5dv_devx_obj_create(CREATE_MKEY, mode=KSM, start_addr=0x7fffc9a20000 length=32) failed, syndrome 0x45d3a4: Remote I/O error
[1755364177.047413] [eos0397:1063738:0]    ib_mlx5dv_md.c:126  UCX  DEBUG mlx5_0: KSM atomic-key memory registration status "Unsupported operation" range (nil)..0x20 iova 0x7fffc9a20000 atomic mkey_index 0x0
[1755364177.047819] [eos0397:1063738:0]           ib_md.c:1161 UCX  DEBUG mlx5_0: relaxed order memory access is disabled
[1755364177.048050] [eos0397:1063738:0]    ib_mlx5dv_md.c:126  UCX  DEBUG mlx5_0: KSM flush-mr memory registration status "Success" range 0x55555b3d6000..0x55555b3d6008 iova 0x0 mkey_index 0x0
[1755364177.048051] [eos0397:1063738:0]           ib_md.c:1031 UCX  DEBUG mlx5_0: md open by 'uct_ib_mlx5_devx_md_ops' is successful
[1755364177.053671] [eos0397:1063738:0]            topo.c:899  UCX  DEBUG /sys/class/infiniband/mlx5_3: PF sysfs path is '/sys/devices/pci0000:3d/0000:3d:01.0/0000:3e:00.0/0000:3f:00.0/0000:40:00.0'
[1755364177.053673] [eos0397:1063738:0]            topo.c:552  UCX  DEBUG mlx5_3: bdf_name 0000:40:00.0 sys_dev 16
[1755364177.053681] [eos0397:1063738:0]       ib_device.c:498  UCX  DEBUG mlx5_3: vendor_id 0x15b3 device_id 4129
[1755364177.054179] [eos0397:1063738:0]    ib_mlx5dv_md.c:1875 UCX  DEBUG mlx5_3: cross gvmi alias mkey is supported
[1755364177.054180] [eos0397:1063738:0]    ib_mlx5dv_md.c:1925 UCX  DEBUG mlx5_3: mkey_by_name_reserve is not supported
[1755364177.054181] [eos0397:1063738:0]    ib_mlx5dv_md.c:1910 UCX  DEBUG mlx5_3: dp_ordering support: force=1 ooo_rw_rc=1 ooo_rw_dc=1
[1755364177.054299] [eos0397:1063738:0]    ib_mlx5dv_md.c:1705 UCX  DEBUG mlx5_3: ODP is disabled because version 1 is not supported for DevX QP
[1755364177.054428] [eos0397:1063738:0]           async.c:248  UCX  DEBUG added async handler 0x55555b3d5490 [id=258 ref 1] uct_ib_async_event_handler() to hash
[1755364177.054434] [eos0397:1063738:0]           async.c:522  UCX  DEBUG listening to async event fd 258 events 0x1 mode thread_spinlock
[1755364177.054435] [eos0397:1063738:0]       ib_device.c:597  UCX  DEBUG initialized device 'mlx5_3' (InfiniBand channel adapter) with 1 ports
[1755364177.054441] [eos0397:1063738:0]           ib_md.c:1177 UCX  DEBUG mlx5_3: cuda GPUDirect RDMA is detected by checking /sys/kernel/mm/memory_peers/nv_mem/version
[1755364177.054444] [eos0397:1063738:0]           ib_md.c:1177 UCX  DEBUG mlx5_3: rocm GPUDirect RDMA is not detected by checking /dev/kfd
[1755364177.054447] [eos0397:1063738:0]           ib_md.c:1202 UCX  DEBUG mlx5_3: dmabuf is supported
[1755364177.054449] [eos0397:1063738:0]           mpool.c:138  UCX  DEBUG mpool devx dbrec: align 64, maxelems 4294967295, elemsize 40
[1755364177.054620] [eos0397:1063738:0]    ib_mlx5dv_md.c:2423 UCX  DEBUG mlx5_3: opened DEVX md log_max_qp=17
[1755364177.055046] [eos0397:1063738:0]    ib_mlx5dv_md.c:126  UCX  DEBUG mlx5_3: KSM dm memory registration status "Success" range 0x7fffc9a1b000..0x7fffc9a1b020 iova 0x0 mkey_index 0x0
[1755364177.055327] [eos0397:1063738:0]    ib_mlx5dv_md.c:96   UCX  DEBUG mlx5_3: mlx5dv_devx_obj_create(CREATE_MKEY, mode=KSM, start_addr=0x7fffc9a1b000 length=32) failed, syndrome 0x45d3a4: Remote I/O error
[1755364177.055329] [eos0397:1063738:0]    ib_mlx5dv_md.c:126  UCX  DEBUG mlx5_3: KSM atomic-key memory registration status "Unsupported operation" range (nil)..0x20 iova 0x7fffc9a1b000 atomic mkey_index 0x0
[1755364177.055699] [eos0397:1063738:0]           ib_md.c:1161 UCX  DEBUG mlx5_3: relaxed order memory access is disabled
[1755364177.055925] [eos0397:1063738:0]    ib_mlx5dv_md.c:126  UCX  DEBUG mlx5_3: KSM flush-mr memory registration status "Success" range 0x55555b3da000..0x55555b3da008 iova 0x0 mkey_index 0x0
[1755364177.055926] [eos0397:1063738:0]           ib_md.c:1031 UCX  DEBUG mlx5_3: md open by 'uct_ib_mlx5_devx_md_ops' is successful
[1755364177.061443] [eos0397:1063738:0]            topo.c:899  UCX  DEBUG /sys/class/infiniband/mlx5_4: PF sysfs path is '/sys/devices/pci0000:4c/0000:4c:01.0/0000:4d:00.0/0000:4e:00.0/0000:4f:00.0'
[1755364177.061445] [eos0397:1063738:0]            topo.c:552  UCX  DEBUG mlx5_4: bdf_name 0000:4f:00.0 sys_dev 17
[1755364177.061453] [eos0397:1063738:0]       ib_device.c:498  UCX  DEBUG mlx5_4: vendor_id 0x15b3 device_id 4129
[1755364177.061945] [eos0397:1063738:0]    ib_mlx5dv_md.c:1875 UCX  DEBUG mlx5_4: cross gvmi alias mkey is supported
[1755364177.061946] [eos0397:1063738:0]    ib_mlx5dv_md.c:1925 UCX  DEBUG mlx5_4: mkey_by_name_reserve is not supported
[1755364177.061947] [eos0397:1063738:0]    ib_mlx5dv_md.c:1910 UCX  DEBUG mlx5_4: dp_ordering support: force=1 ooo_rw_rc=1 ooo_rw_dc=1
[1755364177.062063] [eos0397:1063738:0]    ib_mlx5dv_md.c:1705 UCX  DEBUG mlx5_4: ODP is disabled because version 1 is not supported for DevX QP
[1755364177.062185] [eos0397:1063738:0]           async.c:248  UCX  DEBUG added async handler 0x55555b3df010 [id=260 ref 1] uct_ib_async_event_handler() to hash
[1755364177.062203] [eos0397:1063738:0]           async.c:522  UCX  DEBUG listening to async event fd 260 events 0x1 mode thread_spinlock
[1755364177.062204] [eos0397:1063738:0]       ib_device.c:597  UCX  DEBUG initialized device 'mlx5_4' (InfiniBand channel adapter) with 1 ports
[1755364177.062207] [eos0397:1063738:0]           ib_md.c:1177 UCX  DEBUG mlx5_4: cuda GPUDirect RDMA is detected by checking /sys/kernel/mm/memory_peers/nv_mem/version
[1755364177.062209] [eos0397:1063738:0]           ib_md.c:1177 UCX  DEBUG mlx5_4: rocm GPUDirect RDMA is not detected by checking /dev/kfd
[1755364177.062212] [eos0397:1063738:0]           ib_md.c:1202 UCX  DEBUG mlx5_4: dmabuf is supported
[1755364177.062214] [eos0397:1063738:0]           mpool.c:138  UCX  DEBUG mpool devx dbrec: align 64, maxelems 4294967295, elemsize 40
[1755364177.062388] [eos0397:1063738:0]    ib_mlx5dv_md.c:2423 UCX  DEBUG mlx5_4: opened DEVX md log_max_qp=17
[1755364177.062819] [eos0397:1063738:0]    ib_mlx5dv_md.c:126  UCX  DEBUG mlx5_4: KSM dm memory registration status "Success" range 0x7fffc9a16000..0x7fffc9a16020 iova 0x0 mkey_index 0x0
[1755364177.063127] [eos0397:1063738:0]    ib_mlx5dv_md.c:96   UCX  DEBUG mlx5_4: mlx5dv_devx_obj_create(CREATE_MKEY, mode=KSM, start_addr=0x7fffc9a16000 length=32) failed, syndrome 0x45d3a4: Remote I/O error
[1755364177.063128] [eos0397:1063738:0]    ib_mlx5dv_md.c:126  UCX  DEBUG mlx5_4: KSM atomic-key memory registration status "Unsupported operation" range (nil)..0x20 iova 0x7fffc9a16000 atomic mkey_index 0x0
[1755364177.063504] [eos0397:1063738:0]           ib_md.c:1161 UCX  DEBUG mlx5_4: relaxed order memory access is disabled
[1755364177.063734] [eos0397:1063738:0]    ib_mlx5dv_md.c:126  UCX  DEBUG mlx5_4: KSM flush-mr memory registration status "Success" range 0x55555b3dc000..0x55555b3dc008 iova 0x0 mkey_index 0x0
[1755364177.063735] [eos0397:1063738:0]           ib_md.c:1031 UCX  DEBUG mlx5_4: md open by 'uct_ib_mlx5_devx_md_ops' is successful
[1755364177.069196] [eos0397:1063738:0]            topo.c:899  UCX  DEBUG /sys/class/infiniband/mlx5_5: PF sysfs path is '/sys/devices/pci0000:5b/0000:5b:01.0/0000:5c:00.0/0000:5d:00.0/0000:5e:00.0'
[1755364177.069198] [eos0397:1063738:0]            topo.c:552  UCX  DEBUG mlx5_5: bdf_name 0000:5e:00.0 sys_dev 18
[1755364177.069205] [eos0397:1063738:0]       ib_device.c:498  UCX  DEBUG mlx5_5: vendor_id 0x15b3 device_id 4129
[1755364177.069681] [eos0397:1063738:0]    ib_mlx5dv_md.c:1875 UCX  DEBUG mlx5_5: cross gvmi alias mkey is supported
[1755364177.069682] [eos0397:1063738:0]    ib_mlx5dv_md.c:1925 UCX  DEBUG mlx5_5: mkey_by_name_reserve is not supported
[1755364177.069683] [eos0397:1063738:0]    ib_mlx5dv_md.c:1910 UCX  DEBUG mlx5_5: dp_ordering support: force=1 ooo_rw_rc=1 ooo_rw_dc=1
[1755364177.069791] [eos0397:1063738:0]    ib_mlx5dv_md.c:1705 UCX  DEBUG mlx5_5: ODP is disabled because version 1 is not supported for DevX QP
[1755364177.069908] [eos0397:1063738:0]           async.c:248  UCX  DEBUG added async handler 0x55555b3db8c0 [id=262 ref 1] uct_ib_async_event_handler() to hash
[1755364177.069913] [eos0397:1063738:0]           async.c:522  UCX  DEBUG listening to async event fd 262 events 0x1 mode thread_spinlock
[1755364177.069914] [eos0397:1063738:0]       ib_device.c:597  UCX  DEBUG initialized device 'mlx5_5' (InfiniBand channel adapter) with 1 ports
[1755364177.069917] [eos0397:1063738:0]           ib_md.c:1177 UCX  DEBUG mlx5_5: cuda GPUDirect RDMA is detected by checking /sys/kernel/mm/memory_peers/nv_mem/version
[1755364177.069920] [eos0397:1063738:0]           ib_md.c:1177 UCX  DEBUG mlx5_5: rocm GPUDirect RDMA is not detected by checking /dev/kfd
[1755364177.069924] [eos0397:1063738:0]           ib_md.c:1202 UCX  DEBUG mlx5_5: dmabuf is supported
[1755364177.069925] [eos0397:1063738:0]           mpool.c:138  UCX  DEBUG mpool devx dbrec: align 64, maxelems 4294967295, elemsize 40
[1755364177.070097] [eos0397:1063738:0]    ib_mlx5dv_md.c:2423 UCX  DEBUG mlx5_5: opened DEVX md log_max_qp=17
[1755364177.070489] [eos0397:1063738:0]    ib_mlx5dv_md.c:126  UCX  DEBUG mlx5_5: KSM dm memory registration status "Success" range 0x7fffc9a11000..0x7fffc9a11020 iova 0x0 mkey_index 0x0
[1755364177.070772] [eos0397:1063738:0]    ib_mlx5dv_md.c:96   UCX  DEBUG mlx5_5: mlx5dv_devx_obj_create(CREATE_MKEY, mode=KSM, start_addr=0x7fffc9a11000 length=32) failed, syndrome 0x45d3a4: Remote I/O error
[1755364177.070773] [eos0397:1063738:0]    ib_mlx5dv_md.c:126  UCX  DEBUG mlx5_5: KSM atomic-key memory registration status "Unsupported operation" range (nil)..0x20 iova 0x7fffc9a11000 atomic mkey_index 0x0
[1755364177.071125] [eos0397:1063738:0]           ib_md.c:1161 UCX  DEBUG mlx5_5: relaxed order memory access is disabled
[1755364177.071345] [eos0397:1063738:0]    ib_mlx5dv_md.c:126  UCX  DEBUG mlx5_5: KSM flush-mr memory registration status "Success" range 0x55555b3e0000..0x55555b3e0008 iova 0x0 mkey_index 0x0
[1755364177.071346] [eos0397:1063738:0]           ib_md.c:1031 UCX  DEBUG mlx5_5: md open by 'uct_ib_mlx5_devx_md_ops' is successful
[1755364177.076897] [eos0397:1063738:0]            topo.c:899  UCX  DEBUG /sys/class/infiniband/mlx5_6: PF sysfs path is '/sys/devices/pci0000:97/0000:97:01.0/0000:98:00.0/0000:99:00.0/0000:9a:00.0'
[1755364177.076899] [eos0397:1063738:0]            topo.c:552  UCX  DEBUG mlx5_6: bdf_name 0000:9a:00.0 sys_dev 9
[1755364177.076908] [eos0397:1063738:0]       ib_device.c:498  UCX  DEBUG mlx5_6: vendor_id 0x15b3 device_id 4129
[1755364177.077388] [eos0397:1063738:0]    ib_mlx5dv_md.c:1875 UCX  DEBUG mlx5_6: cross gvmi alias mkey is supported
[1755364177.077389] [eos0397:1063738:0]    ib_mlx5dv_md.c:1925 UCX  DEBUG mlx5_6: mkey_by_name_reserve is not supported
[1755364177.077390] [eos0397:1063738:0]    ib_mlx5dv_md.c:1910 UCX  DEBUG mlx5_6: dp_ordering support: force=1 ooo_rw_rc=1 ooo_rw_dc=1
[1755364177.077503] [eos0397:1063738:0]    ib_mlx5dv_md.c:1705 UCX  DEBUG mlx5_6: ODP is disabled because version 1 is not supported for DevX QP
[1755364177.077625] [eos0397:1063738:0]           async.c:248  UCX  DEBUG added async handler 0x55555b3de2a0 [id=264 ref 1] uct_ib_async_event_handler() to hash
[1755364177.077632] [eos0397:1063738:0]           async.c:522  UCX  DEBUG listening to async event fd 264 events 0x1 mode thread_spinlock
[1755364177.077633] [eos0397:1063738:0]       ib_device.c:597  UCX  DEBUG initialized device 'mlx5_6' (InfiniBand channel adapter) with 1 ports
[1755364177.077637] [eos0397:1063738:0]           ib_md.c:1177 UCX  DEBUG mlx5_6: cuda GPUDirect RDMA is detected by checking /sys/kernel/mm/memory_peers/nv_mem/version
[1755364177.077640] [eos0397:1063738:0]           ib_md.c:1177 UCX  DEBUG mlx5_6: rocm GPUDirect RDMA is not detected by checking /dev/kfd
[1755364177.077643] [eos0397:1063738:0]           ib_md.c:1202 UCX  DEBUG mlx5_6: dmabuf is supported
[1755364177.077645] [eos0397:1063738:0]           mpool.c:138  UCX  DEBUG mpool devx dbrec: align 64, maxelems 4294967295, elemsize 40
[1755364177.077817] [eos0397:1063738:0]    ib_mlx5dv_md.c:2423 UCX  DEBUG mlx5_6: opened DEVX md log_max_qp=17
[1755364177.078224] [eos0397:1063738:0]    ib_mlx5dv_md.c:126  UCX  DEBUG mlx5_6: KSM dm memory registration status "Success" range 0x7fffc9a0c000..0x7fffc9a0c020 iova 0x0 mkey_index 0x0
[1755364177.078503] [eos0397:1063738:0]    ib_mlx5dv_md.c:96   UCX  DEBUG mlx5_6: mlx5dv_devx_obj_create(CREATE_MKEY, mode=KSM, start_addr=0x7fffc9a0c000 length=32) failed, syndrome 0x45d3a4: Remote I/O error
[1755364177.078504] [eos0397:1063738:0]    ib_mlx5dv_md.c:126  UCX  DEBUG mlx5_6: KSM atomic-key memory registration status "Unsupported operation" range (nil)..0x20 iova 0x7fffc9a0c000 atomic mkey_index 0x0
[1755364177.078855] [eos0397:1063738:0]           ib_md.c:1161 UCX  DEBUG mlx5_6: relaxed order memory access is disabled
[1755364177.079077] [eos0397:1063738:0]    ib_mlx5dv_md.c:126  UCX  DEBUG mlx5_6: KSM flush-mr memory registration status "Success" range 0x55555b3e2000..0x55555b3e2008 iova 0x0 mkey_index 0x0
[1755364177.079078] [eos0397:1063738:0]           ib_md.c:1031 UCX  DEBUG mlx5_6: md open by 'uct_ib_mlx5_devx_md_ops' is successful
[1755364177.084588] [eos0397:1063738:0]            topo.c:899  UCX  DEBUG /sys/class/infiniband/mlx5_9: PF sysfs path is '/sys/devices/pci0000:bd/0000:bd:01.0/0000:be:00.0/0000:bf:00.0/0000:c0:00.0'
[1755364177.084599] [eos0397:1063738:0]            topo.c:552  UCX  DEBUG mlx5_9: bdf_name 0000:c0:00.0 sys_dev 11
[1755364177.084607] [eos0397:1063738:0]       ib_device.c:498  UCX  DEBUG mlx5_9: vendor_id 0x15b3 device_id 4129
[1755364177.085089] [eos0397:1063738:0]    ib_mlx5dv_md.c:1875 UCX  DEBUG mlx5_9: cross gvmi alias mkey is supported
[1755364177.085089] [eos0397:1063738:0]    ib_mlx5dv_md.c:1925 UCX  DEBUG mlx5_9: mkey_by_name_reserve is not supported
[1755364177.085090] [eos0397:1063738:0]    ib_mlx5dv_md.c:1910 UCX  DEBUG mlx5_9: dp_ordering support: force=1 ooo_rw_rc=1 ooo_rw_dc=1
[1755364177.085204] [eos0397:1063738:0]    ib_mlx5dv_md.c:1705 UCX  DEBUG mlx5_9: ODP is disabled because version 1 is not supported for DevX QP
[1755364177.085326] [eos0397:1063738:0]           async.c:248  UCX  DEBUG added async handler 0x55555b3ddb40 [id=266 ref 1] uct_ib_async_event_handler() to hash
[1755364177.085331] [eos0397:1063738:0]           async.c:522  UCX  DEBUG listening to async event fd 266 events 0x1 mode thread_spinlock
[1755364177.085332] [eos0397:1063738:0]       ib_device.c:597  UCX  DEBUG initialized device 'mlx5_9' (InfiniBand channel adapter) with 1 ports
[1755364177.085337] [eos0397:1063738:0]           ib_md.c:1177 UCX  DEBUG mlx5_9: cuda GPUDirect RDMA is detected by checking /sys/kernel/mm/memory_peers/nv_mem/version
[1755364177.085339] [eos0397:1063738:0]           ib_md.c:1177 UCX  DEBUG mlx5_9: rocm GPUDirect RDMA is not detected by checking /dev/kfd
[1755364177.085343] [eos0397:1063738:0]           ib_md.c:1202 UCX  DEBUG mlx5_9: dmabuf is supported
[1755364177.085344] [eos0397:1063738:0]           mpool.c:138  UCX  DEBUG mpool devx dbrec: align 64, maxelems 4294967295, elemsize 40
[1755364177.085521] [eos0397:1063738:0]    ib_mlx5dv_md.c:2423 UCX  DEBUG mlx5_9: opened DEVX md log_max_qp=17
[1755364177.085927] [eos0397:1063738:0]    ib_mlx5dv_md.c:126  UCX  DEBUG mlx5_9: KSM dm memory registration status "Success" range 0x7fffc9648000..0x7fffc9648020 iova 0x0 mkey_index 0x0
[1755364177.086211] [eos0397:1063738:0]    ib_mlx5dv_md.c:96   UCX  DEBUG mlx5_9: mlx5dv_devx_obj_create(CREATE_MKEY, mode=KSM, start_addr=0x7fffc9648000 length=32) failed, syndrome 0x45d3a4: Remote I/O error
[1755364177.086212] [eos0397:1063738:0]    ib_mlx5dv_md.c:126  UCX  DEBUG mlx5_9: KSM atomic-key memory registration status "Unsupported operation" range (nil)..0x20 iova 0x7fffc9648000 atomic mkey_index 0x0
[1755364177.086572] [eos0397:1063738:0]           ib_md.c:1161 UCX  DEBUG mlx5_9: relaxed order memory access is disabled
[1755364177.086797] [eos0397:1063738:0]    ib_mlx5dv_md.c:126  UCX  DEBUG mlx5_9: KSM flush-mr memory registration status "Success" range 0x55555b3e6000..0x55555b3e6008 iova 0x0 mkey_index 0x0
[1755364177.086798] [eos0397:1063738:0]           ib_md.c:1031 UCX  DEBUG mlx5_9: md open by 'uct_ib_mlx5_devx_md_ops' is successful
[1755364177.092287] [eos0397:1063738:0]            topo.c:899  UCX  DEBUG /sys/class/infiniband/mlx5_10: PF sysfs path is '/sys/devices/pci0000:cb/0000:cb:01.0/0000:cc:00.0/0000:cd:00.0/0000:ce:00.0'
[1755364177.092290] [eos0397:1063738:0]            topo.c:552  UCX  DEBUG mlx5_10: bdf_name 0000:ce:00.0 sys_dev 12
[1755364177.092304] [eos0397:1063738:0]       ib_device.c:498  UCX  DEBUG mlx5_10: vendor_id 0x15b3 device_id 4129
[1755364177.092795] [eos0397:1063738:0]    ib_mlx5dv_md.c:1875 UCX  DEBUG mlx5_10: cross gvmi alias mkey is supported
[1755364177.092796] [eos0397:1063738:0]    ib_mlx5dv_md.c:1925 UCX  DEBUG mlx5_10: mkey_by_name_reserve is not supported
[1755364177.092797] [eos0397:1063738:0]    ib_mlx5dv_md.c:1910 UCX  DEBUG mlx5_10: dp_ordering support: force=1 ooo_rw_rc=1 ooo_rw_dc=1
[1755364177.092906] [eos0397:1063738:0]    ib_mlx5dv_md.c:1705 UCX  DEBUG mlx5_10: ODP is disabled because version 1 is not supported for DevX QP
[1755364177.093028] [eos0397:1063738:0]           async.c:248  UCX  DEBUG added async handler 0x55555b3d4250 [id=268 ref 1] uct_ib_async_event_handler() to hash
[1755364177.093034] [eos0397:1063738:0]           async.c:522  UCX  DEBUG listening to async event fd 268 events 0x1 mode thread_spinlock
[1755364177.093035] [eos0397:1063738:0]       ib_device.c:597  UCX  DEBUG initialized device 'mlx5_10' (InfiniBand channel adapter) with 1 ports
[1755364177.093039] [eos0397:1063738:0]           ib_md.c:1177 UCX  DEBUG mlx5_10: cuda GPUDirect RDMA is detected by checking /sys/kernel/mm/memory_peers/nv_mem/version
[1755364177.093041] [eos0397:1063738:0]           ib_md.c:1177 UCX  DEBUG mlx5_10: rocm GPUDirect RDMA is not detected by checking /dev/kfd
[1755364177.093044] [eos0397:1063738:0]           ib_md.c:1202 UCX  DEBUG mlx5_10: dmabuf is supported
[1755364177.093045] [eos0397:1063738:0]           mpool.c:138  UCX  DEBUG mpool devx dbrec: align 64, maxelems 4294967295, elemsize 40
[1755364177.093221] [eos0397:1063738:0]    ib_mlx5dv_md.c:2423 UCX  DEBUG mlx5_10: opened DEVX md log_max_qp=17
[1755364177.093625] [eos0397:1063738:0]    ib_mlx5dv_md.c:126  UCX  DEBUG mlx5_10: KSM dm memory registration status "Success" range 0x7fffc9643000..0x7fffc9643020 iova 0x0 mkey_index 0x0
[1755364177.093905] [eos0397:1063738:0]    ib_mlx5dv_md.c:96   UCX  DEBUG mlx5_10: mlx5dv_devx_obj_create(CREATE_MKEY, mode=KSM, start_addr=0x7fffc9643000 length=32) failed, syndrome 0x45d3a4: Remote I/O error
[1755364177.093906] [eos0397:1063738:0]    ib_mlx5dv_md.c:126  UCX  DEBUG mlx5_10: KSM atomic-key memory registration status "Unsupported operation" range (nil)..0x20 iova 0x7fffc9643000 atomic mkey_index 0x0
[1755364177.094270] [eos0397:1063738:0]           ib_md.c:1161 UCX  DEBUG mlx5_10: relaxed order memory access is disabled
[1755364177.094498] [eos0397:1063738:0]    ib_mlx5dv_md.c:126  UCX  DEBUG mlx5_10: KSM flush-mr memory registration status "Success" range 0x55555b3e8000..0x55555b3e8008 iova 0x0 mkey_index 0x0
[1755364177.094499] [eos0397:1063738:0]           ib_md.c:1031 UCX  DEBUG mlx5_10: md open by 'uct_ib_mlx5_devx_md_ops' is successful
[1755364177.099937] [eos0397:1063738:0]            topo.c:899  UCX  DEBUG /sys/class/infiniband/mlx5_11: PF sysfs path is '/sys/devices/pci0000:d9/0000:d9:01.0/0000:da:00.0/0000:db:00.0/0000:dc:00.0'
[1755364177.099939] [eos0397:1063738:0]            topo.c:552  UCX  DEBUG mlx5_11: bdf_name 0000:dc:00.0 sys_dev 13
[1755364177.099949] [eos0397:1063738:0]       ib_device.c:498  UCX  DEBUG mlx5_11: vendor_id 0x15b3 device_id 4129
[1755364177.100434] [eos0397:1063738:0]    ib_mlx5dv_md.c:1875 UCX  DEBUG mlx5_11: cross gvmi alias mkey is supported
[1755364177.100435] [eos0397:1063738:0]    ib_mlx5dv_md.c:1925 UCX  DEBUG mlx5_11: mkey_by_name_reserve is not supported
[1755364177.100436] [eos0397:1063738:0]    ib_mlx5dv_md.c:1910 UCX  DEBUG mlx5_11: dp_ordering support: force=1 ooo_rw_rc=1 ooo_rw_dc=1
[1755364177.100548] [eos0397:1063738:0]    ib_mlx5dv_md.c:1705 UCX  DEBUG mlx5_11: ODP is disabled because version 1 is not supported for DevX QP
[1755364177.100670] [eos0397:1063738:0]           async.c:248  UCX  DEBUG added async handler 0x55555b3ef010 [id=270 ref 1] uct_ib_async_event_handler() to hash
[1755364177.100675] [eos0397:1063738:0]           async.c:522  UCX  DEBUG listening to async event fd 270 events 0x1 mode thread_spinlock
[1755364177.100677] [eos0397:1063738:0]       ib_device.c:597  UCX  DEBUG initialized device 'mlx5_11' (InfiniBand channel adapter) with 1 ports
[1755364177.100680] [eos0397:1063738:0]           ib_md.c:1177 UCX  DEBUG mlx5_11: cuda GPUDirect RDMA is detected by checking /sys/kernel/mm/memory_peers/nv_mem/version
[1755364177.100682] [eos0397:1063738:0]           ib_md.c:1177 UCX  DEBUG mlx5_11: rocm GPUDirect RDMA is not detected by checking /dev/kfd
[1755364177.100685] [eos0397:1063738:0]           ib_md.c:1202 UCX  DEBUG mlx5_11: dmabuf is supported
[1755364177.100686] [eos0397:1063738:0]           mpool.c:138  UCX  DEBUG mpool devx dbrec: align 64, maxelems 4294967295, elemsize 40
[1755364177.100865] [eos0397:1063738:0]    ib_mlx5dv_md.c:2423 UCX  DEBUG mlx5_11: opened DEVX md log_max_qp=17
[1755364177.101274] [eos0397:1063738:0]    ib_mlx5dv_md.c:126  UCX  DEBUG mlx5_11: KSM dm memory registration status "Success" range 0x7fffc963e000..0x7fffc963e020 iova 0x0 mkey_index 0x0
[1755364177.101558] [eos0397:1063738:0]    ib_mlx5dv_md.c:96   UCX  DEBUG mlx5_11: mlx5dv_devx_obj_create(CREATE_MKEY, mode=KSM, start_addr=0x7fffc963e000 length=32) failed, syndrome 0x45d3a4: Remote I/O error
[1755364177.101560] [eos0397:1063738:0]    ib_mlx5dv_md.c:126  UCX  DEBUG mlx5_11: KSM atomic-key memory registration status "Unsupported operation" range (nil)..0x20 iova 0x7fffc963e000 atomic mkey_index 0x0
[1755364177.101924] [eos0397:1063738:0]           ib_md.c:1161 UCX  DEBUG mlx5_11: relaxed order memory access is disabled
[1755364177.102151] [eos0397:1063738:0]    ib_mlx5dv_md.c:126  UCX  DEBUG mlx5_11: KSM flush-mr memory registration status "Success" range 0x55555b3ec000..0x55555b3ec008 iova 0x0 mkey_index 0x0
[1755364177.102152] [eos0397:1063738:0]           ib_md.c:1031 UCX  DEBUG mlx5_11: md open by 'uct_ib_mlx5_devx_md_ops' is successful
[1755364177.107946] [eos0397:1063738:0]            topo.c:899  UCX  DEBUG /sys/class/infiniband/mlx5_0: PF sysfs path is '/sys/devices/pci0000:15/0000:15:01.0/0000:16:00.0/0000:17:00.0/0000:18:00.0'
[1755364177.107948] [eos0397:1063738:0]            topo.c:552  UCX  DEBUG mlx5_0: bdf_name 0000:18:00.0 sys_dev 14
[1755364177.107962] [eos0397:1063738:0]       ib_device.c:498  UCX  DEBUG mlx5_0: vendor_id 0x15b3 device_id 4129
[1755364177.108471] [eos0397:1063738:0]    ib_mlx5dv_md.c:1875 UCX  DEBUG mlx5_0: cross gvmi alias mkey is supported
[1755364177.108471] [eos0397:1063738:0]    ib_mlx5dv_md.c:1925 UCX  DEBUG mlx5_0: mkey_by_name_reserve is not supported
[1755364177.108472] [eos0397:1063738:0]    ib_mlx5dv_md.c:1910 UCX  DEBUG mlx5_0: dp_ordering support: force=1 ooo_rw_rc=1 ooo_rw_dc=1
[1755364177.108584] [eos0397:1063738:0]    ib_mlx5dv_md.c:1705 UCX  DEBUG mlx5_0: ODP is disabled because version 1 is not supported for DevX QP
[1755364177.108705] [eos0397:1063738:0]           async.c:248  UCX  DEBUG added async handler 0x55555b3f3010 [id=272 ref 1] uct_ib_async_event_handler() to hash
[1755364177.108710] [eos0397:1063738:0]           async.c:522  UCX  DEBUG listening to async event fd 272 events 0x1 mode thread_spinlock
[1755364177.108711] [eos0397:1063738:0]       ib_device.c:597  UCX  DEBUG initialized device 'mlx5_0' (InfiniBand channel adapter) with 1 ports
[1755364177.108714] [eos0397:1063738:0]           ib_md.c:1177 UCX  DEBUG mlx5_0: cuda GPUDirect RDMA is detected by checking /sys/kernel/mm/memory_peers/nv_mem/version
[1755364177.108716] [eos0397:1063738:0]           ib_md.c:1177 UCX  DEBUG mlx5_0: rocm GPUDirect RDMA is not detected by checking /dev/kfd
[1755364177.108719] [eos0397:1063738:0]           ib_md.c:1202 UCX  DEBUG mlx5_0: dmabuf is supported
[1755364177.108721] [eos0397:1063738:0]           mpool.c:138  UCX  DEBUG mpool devx dbrec: align 64, maxelems 4294967295, elemsize 40
[1755364177.108880] [eos0397:1063738:0]    ib_mlx5dv_md.c:2423 UCX  DEBUG mlx5_0: opened DEVX md log_max_qp=17
[1755364177.109279] [eos0397:1063738:0]    ib_mlx5dv_md.c:126  UCX  DEBUG mlx5_0: KSM dm memory registration status "Success" range 0x7fffc9639000..0x7fffc9639020 iova 0x0 mkey_index 0x0
[1755364177.109596] [eos0397:1063738:0]    ib_mlx5dv_md.c:96   UCX  DEBUG mlx5_0: mlx5dv_devx_obj_create(CREATE_MKEY, mode=KSM, start_addr=0x7fffc9639000 length=32) failed, syndrome 0x45d3a4: Remote I/O error
[1755364177.109597] [eos0397:1063738:0]    ib_mlx5dv_md.c:126  UCX  DEBUG mlx5_0: KSM atomic-key memory registration status "Unsupported operation" range (nil)..0x20 iova 0x7fffc9639000 atomic mkey_index 0x0
[1755364177.109999] [eos0397:1063738:0]           ib_md.c:1161 UCX  DEBUG mlx5_0: relaxed order memory access is disabled
[1755364177.110222] [eos0397:1063738:0]    ib_mlx5dv_md.c:126  UCX  DEBUG mlx5_0: KSM flush-mr memory registration status "Success" range 0x55555b3f0000..0x55555b3f0008 iova 0x0 mkey_index 0x0
[1755364177.110239] [eos0397:1063738:0]          uct_md.c:96   UCX  DEBUG failed to query gga_mlx5 resources: No such device
[1755364177.110240] [eos0397:1063738:0]     ucp_context.c:1188 UCX  DEBUG No tl resources found for md mlx5_0
[1755364177.110241] [eos0397:1063738:0]     ucp_context.c:1648 UCX  DEBUG closing md mlx5_0 because it has no selected transport resources
[1755364177.110244] [eos0397:1063738:0]    ib_mlx5dv_md.c:2496 UCX  DEBUG mlx5_0: md=0x55555b3e4e90 md->flags=0x3fb3f7f flush_rkey=0x202900
[1755364177.110542] [eos0397:1063738:0]           mpool.c:194  UCX  DEBUG mpool devx dbrec destroyed
[1755364177.110544] [eos0397:1063738:0]       ib_device.c:616  UCX  DEBUG destroying ib device mlx5_0
[1755364177.110545] [eos0397:1063738:0]           async.c:173  UCX  DEBUG removed async handler 0x55555b3f3010 [id=272 ref 1] uct_ib_async_event_handler() from hash
[1755364177.110546] [eos0397:1063738:0]           async.c:576  UCX  DEBUG removing async handler 0x55555b3f3010 [id=272 ref 1] uct_ib_async_event_handler()
[1755364177.110549] [eos0397:1063738:0]           async.c:188  UCX  DEBUG release async handler 0x55555b3f3010 [id=272 ref 0] uct_ib_async_event_handler()
[1755364177.115360] [eos0397:1063738:0]            topo.c:899  UCX  DEBUG /sys/class/infiniband/mlx5_3: PF sysfs path is '/sys/devices/pci0000:3d/0000:3d:01.0/0000:3e:00.0/0000:3f:00.0/0000:40:00.0'
[1755364177.115362] [eos0397:1063738:0]            topo.c:552  UCX  DEBUG mlx5_3: bdf_name 0000:40:00.0 sys_dev 16
[1755364177.115373] [eos0397:1063738:0]       ib_device.c:498  UCX  DEBUG mlx5_3: vendor_id 0x15b3 device_id 4129
[1755364177.115857] [eos0397:1063738:0]    ib_mlx5dv_md.c:1875 UCX  DEBUG mlx5_3: cross gvmi alias mkey is supported
[1755364177.115858] [eos0397:1063738:0]    ib_mlx5dv_md.c:1925 UCX  DEBUG mlx5_3: mkey_by_name_reserve is not supported
[1755364177.115859] [eos0397:1063738:0]    ib_mlx5dv_md.c:1910 UCX  DEBUG mlx5_3: dp_ordering support: force=1 ooo_rw_rc=1 ooo_rw_dc=1
[1755364177.115965] [eos0397:1063738:0]    ib_mlx5dv_md.c:1705 UCX  DEBUG mlx5_3: ODP is disabled because version 1 is not supported for DevX QP
[1755364177.116085] [eos0397:1063738:0]           async.c:248  UCX  DEBUG added async handler 0x55555b3e7da0 [id=272 ref 1] uct_ib_async_event_handler() to hash
[1755364177.116089] [eos0397:1063738:0]           async.c:522  UCX  DEBUG listening to async event fd 272 events 0x1 mode thread_spinlock
[1755364177.116090] [eos0397:1063738:0]       ib_device.c:597  UCX  DEBUG initialized device 'mlx5_3' (InfiniBand channel adapter) with 1 ports
[1755364177.116094] [eos0397:1063738:0]           ib_md.c:1177 UCX  DEBUG mlx5_3: cuda GPUDirect RDMA is detected by checking /sys/kernel/mm/memory_peers/nv_mem/version
[1755364177.116096] [eos0397:1063738:0]           ib_md.c:1177 UCX  DEBUG mlx5_3: rocm GPUDirect RDMA is not detected by checking /dev/kfd
[1755364177.116099] [eos0397:1063738:0]           ib_md.c:1202 UCX  DEBUG mlx5_3: dmabuf is supported
[1755364177.116100] [eos0397:1063738:0]           mpool.c:138  UCX  DEBUG mpool devx dbrec: align 64, maxelems 4294967295, elemsize 40
[1755364177.116289] [eos0397:1063738:0]    ib_mlx5dv_md.c:2423 UCX  DEBUG mlx5_3: opened DEVX md log_max_qp=17
[1755364177.116704] [eos0397:1063738:0]    ib_mlx5dv_md.c:126  UCX  DEBUG mlx5_3: KSM dm memory registration status "Success" range 0x7fffc9639000..0x7fffc9639020 iova 0x0 mkey_index 0x0
[1755364177.116998] [eos0397:1063738:0]    ib_mlx5dv_md.c:96   UCX  DEBUG mlx5_3: mlx5dv_devx_obj_create(CREATE_MKEY, mode=KSM, start_addr=0x7fffc9639000 length=32) failed, syndrome 0x45d3a4: Remote I/O error
[1755364177.116999] [eos0397:1063738:0]    ib_mlx5dv_md.c:126  UCX  DEBUG mlx5_3: KSM atomic-key memory registration status "Unsupported operation" range (nil)..0x20 iova 0x7fffc9639000 atomic mkey_index 0x0
[1755364177.117391] [eos0397:1063738:0]           ib_md.c:1161 UCX  DEBUG mlx5_3: relaxed order memory access is disabled
[1755364177.117615] [eos0397:1063738:0]    ib_mlx5dv_md.c:126  UCX  DEBUG mlx5_3: KSM flush-mr memory registration status "Success" range 0x55555b3f0000..0x55555b3f0008 iova 0x0 mkey_index 0x0
[1755364177.117639] [eos0397:1063738:0]          uct_md.c:96   UCX  DEBUG failed to query gga_mlx5 resources: No such device
[1755364177.117640] [eos0397:1063738:0]     ucp_context.c:1188 UCX  DEBUG No tl resources found for md mlx5_3
[1755364177.117641] [eos0397:1063738:0]     ucp_context.c:1648 UCX  DEBUG closing md mlx5_3 because it has no selected transport resources
[1755364177.117644] [eos0397:1063738:0]    ib_mlx5dv_md.c:2496 UCX  DEBUG mlx5_3: md=0x55555b3eb050 md->flags=0x3fb3f7f flush_rkey=0x202800
[1755364177.117886] [eos0397:1063738:0]           mpool.c:194  UCX  DEBUG mpool devx dbrec destroyed
[1755364177.117888] [eos0397:1063738:0]       ib_device.c:616  UCX  DEBUG destroying ib device mlx5_3
[1755364177.117889] [eos0397:1063738:0]           async.c:173  UCX  DEBUG removed async handler 0x55555b3e7da0 [id=272 ref 1] uct_ib_async_event_handler() from hash
[1755364177.117890] [eos0397:1063738:0]           async.c:576  UCX  DEBUG removing async handler 0x55555b3e7da0 [id=272 ref 1] uct_ib_async_event_handler()
[1755364177.117891] [eos0397:1063738:0]           async.c:188  UCX  DEBUG release async handler 0x55555b3e7da0 [id=272 ref 0] uct_ib_async_event_handler()
[1755364177.122782] [eos0397:1063738:0]            topo.c:899  UCX  DEBUG /sys/class/infiniband/mlx5_4: PF sysfs path is '/sys/devices/pci0000:4c/0000:4c:01.0/0000:4d:00.0/0000:4e:00.0/0000:4f:00.0'
[1755364177.122784] [eos0397:1063738:0]            topo.c:552  UCX  DEBUG mlx5_4: bdf_name 0000:4f:00.0 sys_dev 17
[1755364177.122793] [eos0397:1063738:0]       ib_device.c:498  UCX  DEBUG mlx5_4: vendor_id 0x15b3 device_id 4129
[1755364177.123291] [eos0397:1063738:0]    ib_mlx5dv_md.c:1875 UCX  DEBUG mlx5_4: cross gvmi alias mkey is supported
[1755364177.123292] [eos0397:1063738:0]    ib_mlx5dv_md.c:1925 UCX  DEBUG mlx5_4: mkey_by_name_reserve is not supported
[1755364177.123293] [eos0397:1063738:0]    ib_mlx5dv_md.c:1910 UCX  DEBUG mlx5_4: dp_ordering support: force=1 ooo_rw_rc=1 ooo_rw_dc=1
[1755364177.123408] [eos0397:1063738:0]    ib_mlx5dv_md.c:1705 UCX  DEBUG mlx5_4: ODP is disabled because version 1 is not supported for DevX QP
[1755364177.123532] [eos0397:1063738:0]           async.c:248  UCX  DEBUG added async handler 0x55555b3d7400 [id=272 ref 1] uct_ib_async_event_handler() to hash
[1755364177.123537] [eos0397:1063738:0]           async.c:522  UCX  DEBUG listening to async event fd 272 events 0x1 mode thread_spinlock
[1755364177.123538] [eos0397:1063738:0]       ib_device.c:597  UCX  DEBUG initialized device 'mlx5_4' (InfiniBand channel adapter) with 1 ports
[1755364177.123541] [eos0397:1063738:0]           ib_md.c:1177 UCX  DEBUG mlx5_4: cuda GPUDirect RDMA is detected by checking /sys/kernel/mm/memory_peers/nv_mem/version
[1755364177.123544] [eos0397:1063738:0]           ib_md.c:1177 UCX  DEBUG mlx5_4: rocm GPUDirect RDMA is not detected by checking /dev/kfd
[1755364177.123547] [eos0397:1063738:0]           ib_md.c:1202 UCX  DEBUG mlx5_4: dmabuf is supported
[1755364177.123548] [eos0397:1063738:0]           mpool.c:138  UCX  DEBUG mpool devx dbrec: align 64, maxelems 4294967295, elemsize 40
[1755364177.123721] [eos0397:1063738:0]    ib_mlx5dv_md.c:2423 UCX  DEBUG mlx5_4: opened DEVX md log_max_qp=17
[1755364177.124131] [eos0397:1063738:0]    ib_mlx5dv_md.c:126  UCX  DEBUG mlx5_4: KSM dm memory registration status "Success" range 0x7fffc9639000..0x7fffc9639020 iova 0x0 mkey_index 0x0
[1755364177.124416] [eos0397:1063738:0]    ib_mlx5dv_md.c:96   UCX  DEBUG mlx5_4: mlx5dv_devx_obj_create(CREATE_MKEY, mode=KSM, start_addr=0x7fffc9639000 length=32) failed, syndrome 0x45d3a4: Remote I/O error
[1755364177.124418] [eos0397:1063738:0]    ib_mlx5dv_md.c:126  UCX  DEBUG mlx5_4: KSM atomic-key memory registration status "Unsupported operation" range (nil)..0x20 iova 0x7fffc9639000 atomic mkey_index 0x0
[1755364177.124801] [eos0397:1063738:0]           ib_md.c:1161 UCX  DEBUG mlx5_4: relaxed order memory access is disabled
[1755364177.125019] [eos0397:1063738:0]    ib_mlx5dv_md.c:126  UCX  DEBUG mlx5_4: KSM flush-mr memory registration status "Success" range 0x55555b3f0000..0x55555b3f0008 iova 0x0 mkey_index 0x0
[1755364177.125035] [eos0397:1063738:0]          uct_md.c:96   UCX  DEBUG failed to query gga_mlx5 resources: No such device
[1755364177.125036] [eos0397:1063738:0]     ucp_context.c:1188 UCX  DEBUG No tl resources found for md mlx5_4
[1755364177.125037] [eos0397:1063738:0]     ucp_context.c:1648 UCX  DEBUG closing md mlx5_4 because it has no selected transport resources
[1755364177.125040] [eos0397:1063738:0]    ib_mlx5dv_md.c:2496 UCX  DEBUG mlx5_4: md=0x55555b3e7600 md->flags=0x3fb3f7f flush_rkey=0x202800
[1755364177.125286] [eos0397:1063738:0]           mpool.c:194  UCX  DEBUG mpool devx dbrec destroyed
[1755364177.125287] [eos0397:1063738:0]       ib_device.c:616  UCX  DEBUG destroying ib device mlx5_4
[1755364177.125289] [eos0397:1063738:0]           async.c:173  UCX  DEBUG removed async handler 0x55555b3d7400 [id=272 ref 1] uct_ib_async_event_handler() from hash
[1755364177.125289] [eos0397:1063738:0]           async.c:576  UCX  DEBUG removing async handler 0x55555b3d7400 [id=272 ref 1] uct_ib_async_event_handler()
[1755364177.125292] [eos0397:1063738:0]           async.c:188  UCX  DEBUG release async handler 0x55555b3d7400 [id=272 ref 0] uct_ib_async_event_handler()
[1755364177.130114] [eos0397:1063738:0]            topo.c:899  UCX  DEBUG /sys/class/infiniband/mlx5_5: PF sysfs path is '/sys/devices/pci0000:5b/0000:5b:01.0/0000:5c:00.0/0000:5d:00.0/0000:5e:00.0'
[1755364177.130116] [eos0397:1063738:0]            topo.c:552  UCX  DEBUG mlx5_5: bdf_name 0000:5e:00.0 sys_dev 18
[1755364177.130124] [eos0397:1063738:0]       ib_device.c:498  UCX  DEBUG mlx5_5: vendor_id 0x15b3 device_id 4129
[1755364177.130607] [eos0397:1063738:0]    ib_mlx5dv_md.c:1875 UCX  DEBUG mlx5_5: cross gvmi alias mkey is supported
[1755364177.130607] [eos0397:1063738:0]    ib_mlx5dv_md.c:1925 UCX  DEBUG mlx5_5: mkey_by_name_reserve is not supported
[1755364177.130608] [eos0397:1063738:0]    ib_mlx5dv_md.c:1910 UCX  DEBUG mlx5_5: dp_ordering support: force=1 ooo_rw_rc=1 ooo_rw_dc=1
[1755364177.130718] [eos0397:1063738:0]    ib_mlx5dv_md.c:1705 UCX  DEBUG mlx5_5: ODP is disabled because version 1 is not supported for DevX QP
[1755364177.130847] [eos0397:1063738:0]           async.c:248  UCX  DEBUG added async handler 0x55555b3e7c20 [id=272 ref 1] uct_ib_async_event_handler() to hash
[1755364177.130851] [eos0397:1063738:0]           async.c:522  UCX  DEBUG listening to async event fd 272 events 0x1 mode thread_spinlock
[1755364177.130852] [eos0397:1063738:0]       ib_device.c:597  UCX  DEBUG initialized device 'mlx5_5' (InfiniBand channel adapter) with 1 ports
[1755364177.130855] [eos0397:1063738:0]           ib_md.c:1177 UCX  DEBUG mlx5_5: cuda GPUDirect RDMA is detected by checking /sys/kernel/mm/memory_peers/nv_mem/version
[1755364177.130857] [eos0397:1063738:0]           ib_md.c:1177 UCX  DEBUG mlx5_5: rocm GPUDirect RDMA is not detected by checking /dev/kfd
[1755364177.130860] [eos0397:1063738:0]           ib_md.c:1202 UCX  DEBUG mlx5_5: dmabuf is supported
[1755364177.130861] [eos0397:1063738:0]           mpool.c:138  UCX  DEBUG mpool devx dbrec: align 64, maxelems 4294967295, elemsize 40
[1755364177.131095] [eos0397:1063738:0]    ib_mlx5dv_md.c:2423 UCX  DEBUG mlx5_5: opened DEVX md log_max_qp=17
[1755364177.131497] [eos0397:1063738:0]    ib_mlx5dv_md.c:126  UCX  DEBUG mlx5_5: KSM dm memory registration status "Success" range 0x7fffc9639000..0x7fffc9639020 iova 0x0 mkey_index 0x0
[1755364177.131787] [eos0397:1063738:0]    ib_mlx5dv_md.c:96   UCX  DEBUG mlx5_5: mlx5dv_devx_obj_create(CREATE_MKEY, mode=KSM, start_addr=0x7fffc9639000 length=32) failed, syndrome 0x45d3a4: Remote I/O error
[1755364177.131788] [eos0397:1063738:0]    ib_mlx5dv_md.c:126  UCX  DEBUG mlx5_5: KSM atomic-key memory registration status "Unsupported operation" range (nil)..0x20 iova 0x7fffc9639000 atomic mkey_index 0x0
[1755364177.132152] [eos0397:1063738:0]           ib_md.c:1161 UCX  DEBUG mlx5_5: relaxed order memory access is disabled
[1755364177.132382] [eos0397:1063738:0]    ib_mlx5dv_md.c:126  UCX  DEBUG mlx5_5: KSM flush-mr memory registration status "Success" range 0x55555b3f0000..0x55555b3f0008 iova 0x0 mkey_index 0x0
[1755364177.132406] [eos0397:1063738:0]          uct_md.c:96   UCX  DEBUG failed to query gga_mlx5 resources: No such device
[1755364177.132407] [eos0397:1063738:0]     ucp_context.c:1188 UCX  DEBUG No tl resources found for md mlx5_5
[1755364177.132408] [eos0397:1063738:0]     ucp_context.c:1648 UCX  DEBUG closing md mlx5_5 because it has no selected transport resources
[1755364177.132411] [eos0397:1063738:0]    ib_mlx5dv_md.c:2496 UCX  DEBUG mlx5_5: md=0x55555b3e7600 md->flags=0x3fb3f7f flush_rkey=0x202500
[1755364177.132698] [eos0397:1063738:0]           mpool.c:194  UCX  DEBUG mpool devx dbrec destroyed
[1755364177.132699] [eos0397:1063738:0]       ib_device.c:616  UCX  DEBUG destroying ib device mlx5_5
[1755364177.132700] [eos0397:1063738:0]           async.c:173  UCX  DEBUG removed async handler 0x55555b3e7c20 [id=272 ref 1] uct_ib_async_event_handler() from hash
[1755364177.132701] [eos0397:1063738:0]           async.c:576  UCX  DEBUG removing async handler 0x55555b3e7c20 [id=272 ref 1] uct_ib_async_event_handler()
[1755364177.132702] [eos0397:1063738:0]           async.c:188  UCX  DEBUG release async handler 0x55555b3e7c20 [id=272 ref 0] uct_ib_async_event_handler()
[1755364177.137665] [eos0397:1063738:0]            topo.c:899  UCX  DEBUG /sys/class/infiniband/mlx5_6: PF sysfs path is '/sys/devices/pci0000:97/0000:97:01.0/0000:98:00.0/0000:99:00.0/0000:9a:00.0'
[1755364177.137667] [eos0397:1063738:0]            topo.c:552  UCX  DEBUG mlx5_6: bdf_name 0000:9a:00.0 sys_dev 9
[1755364177.137675] [eos0397:1063738:0]       ib_device.c:498  UCX  DEBUG mlx5_6: vendor_id 0x15b3 device_id 4129
[1755364177.138156] [eos0397:1063738:0]    ib_mlx5dv_md.c:1875 UCX  DEBUG mlx5_6: cross gvmi alias mkey is supported
[1755364177.138156] [eos0397:1063738:0]    ib_mlx5dv_md.c:1925 UCX  DEBUG mlx5_6: mkey_by_name_reserve is not supported
[1755364177.138157] [eos0397:1063738:0]    ib_mlx5dv_md.c:1910 UCX  DEBUG mlx5_6: dp_ordering support: force=1 ooo_rw_rc=1 ooo_rw_dc=1
[1755364177.138270] [eos0397:1063738:0]    ib_mlx5dv_md.c:1705 UCX  DEBUG mlx5_6: ODP is disabled because version 1 is not supported for DevX QP
[1755364177.138394] [eos0397:1063738:0]           async.c:248  UCX  DEBUG added async handler 0x55555b3e7da0 [id=272 ref 1] uct_ib_async_event_handler() to hash
[1755364177.138399] [eos0397:1063738:0]           async.c:522  UCX  DEBUG listening to async event fd 272 events 0x1 mode thread_spinlock
[1755364177.138400] [eos0397:1063738:0]       ib_device.c:597  UCX  DEBUG initialized device 'mlx5_6' (InfiniBand channel adapter) with 1 ports
[1755364177.138403] [eos0397:1063738:0]           ib_md.c:1177 UCX  DEBUG mlx5_6: cuda GPUDirect RDMA is detected by checking /sys/kernel/mm/memory_peers/nv_mem/version
[1755364177.138405] [eos0397:1063738:0]           ib_md.c:1177 UCX  DEBUG mlx5_6: rocm GPUDirect RDMA is not detected by checking /dev/kfd
[1755364177.138408] [eos0397:1063738:0]           ib_md.c:1202 UCX  DEBUG mlx5_6: dmabuf is supported
[1755364177.138410] [eos0397:1063738:0]           mpool.c:138  UCX  DEBUG mpool devx dbrec: align 64, maxelems 4294967295, elemsize 40
[1755364177.138583] [eos0397:1063738:0]    ib_mlx5dv_md.c:2423 UCX  DEBUG mlx5_6: opened DEVX md log_max_qp=17
[1755364177.138981] [eos0397:1063738:0]    ib_mlx5dv_md.c:126  UCX  DEBUG mlx5_6: KSM dm memory registration status "Success" range 0x7fffc9639000..0x7fffc9639020 iova 0x0 mkey_index 0x0
[1755364177.139259] [eos0397:1063738:0]    ib_mlx5dv_md.c:96   UCX  DEBUG mlx5_6: mlx5dv_devx_obj_create(CREATE_MKEY, mode=KSM, start_addr=0x7fffc9639000 length=32) failed, syndrome 0x45d3a4: Remote I/O error
[1755364177.139261] [eos0397:1063738:0]    ib_mlx5dv_md.c:126  UCX  DEBUG mlx5_6: KSM atomic-key memory registration status "Unsupported operation" range (nil)..0x20 iova 0x7fffc9639000 atomic mkey_index 0x0
[1755364177.139614] [eos0397:1063738:0]           ib_md.c:1161 UCX  DEBUG mlx5_6: relaxed order memory access is disabled
[1755364177.139838] [eos0397:1063738:0]    ib_mlx5dv_md.c:126  UCX  DEBUG mlx5_6: KSM flush-mr memory registration status "Success" range 0x55555b3f0000..0x55555b3f0008 iova 0x0 mkey_index 0x0
[1755364177.139855] [eos0397:1063738:0]          uct_md.c:96   UCX  DEBUG failed to query gga_mlx5 resources: No such device
[1755364177.139855] [eos0397:1063738:0]     ucp_context.c:1188 UCX  DEBUG No tl resources found for md mlx5_6
[1755364177.139856] [eos0397:1063738:0]     ucp_context.c:1648 UCX  DEBUG closing md mlx5_6 because it has no selected transport resources
[1755364177.139859] [eos0397:1063738:0]    ib_mlx5dv_md.c:2496 UCX  DEBUG mlx5_6: md=0x55555b3e7600 md->flags=0x3fb3f7f flush_rkey=0x202500
[1755364177.140100] [eos0397:1063738:0]           mpool.c:194  UCX  DEBUG mpool devx dbrec destroyed
[1755364177.140101] [eos0397:1063738:0]       ib_device.c:616  UCX  DEBUG destroying ib device mlx5_6
[1755364177.140102] [eos0397:1063738:0]           async.c:173  UCX  DEBUG removed async handler 0x55555b3e7da0 [id=272 ref 1] uct_ib_async_event_handler() from hash
[1755364177.140103] [eos0397:1063738:0]           async.c:576  UCX  DEBUG removing async handler 0x55555b3e7da0 [id=272 ref 1] uct_ib_async_event_handler()
[1755364177.140104] [eos0397:1063738:0]           async.c:188  UCX  DEBUG release async handler 0x55555b3e7da0 [id=272 ref 0] uct_ib_async_event_handler()
[1755364177.145048] [eos0397:1063738:0]            topo.c:899  UCX  DEBUG /sys/class/infiniband/mlx5_9: PF sysfs path is '/sys/devices/pci0000:bd/0000:bd:01.0/0000:be:00.0/0000:bf:00.0/0000:c0:00.0'
[1755364177.145050] [eos0397:1063738:0]            topo.c:552  UCX  DEBUG mlx5_9: bdf_name 0000:c0:00.0 sys_dev 11
[1755364177.145058] [eos0397:1063738:0]       ib_device.c:498  UCX  DEBUG mlx5_9: vendor_id 0x15b3 device_id 4129
[1755364177.145543] [eos0397:1063738:0]    ib_mlx5dv_md.c:1875 UCX  DEBUG mlx5_9: cross gvmi alias mkey is supported
[1755364177.145544] [eos0397:1063738:0]    ib_mlx5dv_md.c:1925 UCX  DEBUG mlx5_9: mkey_by_name_reserve is not supported
[1755364177.145545] [eos0397:1063738:0]    ib_mlx5dv_md.c:1910 UCX  DEBUG mlx5_9: dp_ordering support: force=1 ooo_rw_rc=1 ooo_rw_dc=1
[1755364177.145660] [eos0397:1063738:0]    ib_mlx5dv_md.c:1705 UCX  DEBUG mlx5_9: ODP is disabled because version 1 is not supported for DevX QP
[1755364177.145788] [eos0397:1063738:0]           async.c:248  UCX  DEBUG added async handler 0x55555b3ef5d0 [id=272 ref 1] uct_ib_async_event_handler() to hash
[1755364177.145792] [eos0397:1063738:0]           async.c:522  UCX  DEBUG listening to async event fd 272 events 0x1 mode thread_spinlock
[1755364177.145793] [eos0397:1063738:0]       ib_device.c:597  UCX  DEBUG initialized device 'mlx5_9' (InfiniBand channel adapter) with 1 ports
[1755364177.145798] [eos0397:1063738:0]           ib_md.c:1177 UCX  DEBUG mlx5_9: cuda GPUDirect RDMA is detected by checking /sys/kernel/mm/memory_peers/nv_mem/version
[1755364177.145800] [eos0397:1063738:0]           ib_md.c:1177 UCX  DEBUG mlx5_9: rocm GPUDirect RDMA is not detected by checking /dev/kfd
[1755364177.145803] [eos0397:1063738:0]           ib_md.c:1202 UCX  DEBUG mlx5_9: dmabuf is supported
[1755364177.145804] [eos0397:1063738:0]           mpool.c:138  UCX  DEBUG mpool devx dbrec: align 64, maxelems 4294967295, elemsize 40
[1755364177.145977] [eos0397:1063738:0]    ib_mlx5dv_md.c:2423 UCX  DEBUG mlx5_9: opened DEVX md log_max_qp=17
[1755364177.146374] [eos0397:1063738:0]    ib_mlx5dv_md.c:126  UCX  DEBUG mlx5_9: KSM dm memory registration status "Success" range 0x7fffc9639000..0x7fffc9639020 iova 0x0 mkey_index 0x0
[1755364177.146655] [eos0397:1063738:0]    ib_mlx5dv_md.c:96   UCX  DEBUG mlx5_9: mlx5dv_devx_obj_create(CREATE_MKEY, mode=KSM, start_addr=0x7fffc9639000 length=32) failed, syndrome 0x45d3a4: Remote I/O error
[1755364177.146657] [eos0397:1063738:0]    ib_mlx5dv_md.c:126  UCX  DEBUG mlx5_9: KSM atomic-key memory registration status "Unsupported operation" range (nil)..0x20 iova 0x7fffc9639000 atomic mkey_index 0x0
[1755364177.147004] [eos0397:1063738:0]           ib_md.c:1161 UCX  DEBUG mlx5_9: relaxed order memory access is disabled
[1755364177.147234] [eos0397:1063738:0]    ib_mlx5dv_md.c:126  UCX  DEBUG mlx5_9: KSM flush-mr memory registration status "Success" range 0x55555b3f0000..0x55555b3f0008 iova 0x0 mkey_index 0x0
[1755364177.147251] [eos0397:1063738:0]          uct_md.c:96   UCX  DEBUG failed to query gga_mlx5 resources: No such device
[1755364177.147251] [eos0397:1063738:0]     ucp_context.c:1188 UCX  DEBUG No tl resources found for md mlx5_9
[1755364177.147252] [eos0397:1063738:0]     ucp_context.c:1648 UCX  DEBUG closing md mlx5_9 because it has no selected transport resources
[1755364177.147255] [eos0397:1063738:0]    ib_mlx5dv_md.c:2496 UCX  DEBUG mlx5_9: md=0x55555b3e7600 md->flags=0x3fb3f7f flush_rkey=0x202500
[1755364177.147501] [eos0397:1063738:0]           mpool.c:194  UCX  DEBUG mpool devx dbrec destroyed
[1755364177.147502] [eos0397:1063738:0]       ib_device.c:616  UCX  DEBUG destroying ib device mlx5_9
[1755364177.147503] [eos0397:1063738:0]           async.c:173  UCX  DEBUG removed async handler 0x55555b3ef5d0 [id=272 ref 1] uct_ib_async_event_handler() from hash
[1755364177.147504] [eos0397:1063738:0]           async.c:576  UCX  DEBUG removing async handler 0x55555b3ef5d0 [id=272 ref 1] uct_ib_async_event_handler()
[1755364177.147506] [eos0397:1063738:0]           async.c:188  UCX  DEBUG release async handler 0x55555b3ef5d0 [id=272 ref 0] uct_ib_async_event_handler()
[1755364177.152375] [eos0397:1063738:0]            topo.c:899  UCX  DEBUG /sys/class/infiniband/mlx5_10: PF sysfs path is '/sys/devices/pci0000:cb/0000:cb:01.0/0000:cc:00.0/0000:cd:00.0/0000:ce:00.0'
[1755364177.152377] [eos0397:1063738:0]            topo.c:552  UCX  DEBUG mlx5_10: bdf_name 0000:ce:00.0 sys_dev 12
[1755364177.152386] [eos0397:1063738:0]       ib_device.c:498  UCX  DEBUG mlx5_10: vendor_id 0x15b3 device_id 4129
[1755364177.152882] [eos0397:1063738:0]    ib_mlx5dv_md.c:1875 UCX  DEBUG mlx5_10: cross gvmi alias mkey is supported
[1755364177.152883] [eos0397:1063738:0]    ib_mlx5dv_md.c:1925 UCX  DEBUG mlx5_10: mkey_by_name_reserve is not supported
[1755364177.152884] [eos0397:1063738:0]    ib_mlx5dv_md.c:1910 UCX  DEBUG mlx5_10: dp_ordering support: force=1 ooo_rw_rc=1 ooo_rw_dc=1
[1755364177.152997] [eos0397:1063738:0]    ib_mlx5dv_md.c:1705 UCX  DEBUG mlx5_10: ODP is disabled because version 1 is not supported for DevX QP
[1755364177.153122] [eos0397:1063738:0]           async.c:248  UCX  DEBUG added async handler 0x55555b3ef3f0 [id=272 ref 1] uct_ib_async_event_handler() to hash
[1755364177.153126] [eos0397:1063738:0]           async.c:522  UCX  DEBUG listening to async event fd 272 events 0x1 mode thread_spinlock
[1755364177.153127] [eos0397:1063738:0]       ib_device.c:597  UCX  DEBUG initialized device 'mlx5_10' (InfiniBand channel adapter) with 1 ports
[1755364177.153130] [eos0397:1063738:0]           ib_md.c:1177 UCX  DEBUG mlx5_10: cuda GPUDirect RDMA is detected by checking /sys/kernel/mm/memory_peers/nv_mem/version
[1755364177.153133] [eos0397:1063738:0]           ib_md.c:1177 UCX  DEBUG mlx5_10: rocm GPUDirect RDMA is not detected by checking /dev/kfd
[1755364177.153135] [eos0397:1063738:0]           ib_md.c:1202 UCX  DEBUG mlx5_10: dmabuf is supported
[1755364177.153137] [eos0397:1063738:0]           mpool.c:138  UCX  DEBUG mpool devx dbrec: align 64, maxelems 4294967295, elemsize 40
[1755364177.153311] [eos0397:1063738:0]    ib_mlx5dv_md.c:2423 UCX  DEBUG mlx5_10: opened DEVX md log_max_qp=17
[1755364177.153720] [eos0397:1063738:0]    ib_mlx5dv_md.c:126  UCX  DEBUG mlx5_10: KSM dm memory registration status "Success" range 0x7fffc9639000..0x7fffc9639020 iova 0x0 mkey_index 0x0
[1755364177.153996] [eos0397:1063738:0]    ib_mlx5dv_md.c:96   UCX  DEBUG mlx5_10: mlx5dv_devx_obj_create(CREATE_MKEY, mode=KSM, start_addr=0x7fffc9639000 length=32) failed, syndrome 0x45d3a4: Remote I/O error
[1755364177.153998] [eos0397:1063738:0]    ib_mlx5dv_md.c:126  UCX  DEBUG mlx5_10: KSM atomic-key memory registration status "Unsupported operation" range (nil)..0x20 iova 0x7fffc9639000 atomic mkey_index 0x0
[1755364177.154359] [eos0397:1063738:0]           ib_md.c:1161 UCX  DEBUG mlx5_10: relaxed order memory access is disabled
[1755364177.154592] [eos0397:1063738:0]    ib_mlx5dv_md.c:126  UCX  DEBUG mlx5_10: KSM flush-mr memory registration status "Success" range 0x55555b3f0000..0x55555b3f0008 iova 0x0 mkey_index 0x0
[1755364177.154607] [eos0397:1063738:0]          uct_md.c:96   UCX  DEBUG failed to query gga_mlx5 resources: No such device
[1755364177.154608] [eos0397:1063738:0]     ucp_context.c:1188 UCX  DEBUG No tl resources found for md mlx5_10
[1755364177.154609] [eos0397:1063738:0]     ucp_context.c:1648 UCX  DEBUG closing md mlx5_10 because it has no selected transport resources
[1755364177.154611] [eos0397:1063738:0]    ib_mlx5dv_md.c:2496 UCX  DEBUG mlx5_10: md=0x55555b3e7600 md->flags=0x3fb3f7f flush_rkey=0x202500
[1755364177.154857] [eos0397:1063738:0]           mpool.c:194  UCX  DEBUG mpool devx dbrec destroyed
[1755364177.154858] [eos0397:1063738:0]       ib_device.c:616  UCX  DEBUG destroying ib device mlx5_10
[1755364177.154859] [eos0397:1063738:0]           async.c:173  UCX  DEBUG removed async handler 0x55555b3ef3f0 [id=272 ref 1] uct_ib_async_event_handler() from hash
[1755364177.154860] [eos0397:1063738:0]           async.c:576  UCX  DEBUG removing async handler 0x55555b3ef3f0 [id=272 ref 1] uct_ib_async_event_handler()
[1755364177.154862] [eos0397:1063738:0]           async.c:188  UCX  DEBUG release async handler 0x55555b3ef3f0 [id=272 ref 0] uct_ib_async_event_handler()
[1755364177.159776] [eos0397:1063738:0]            topo.c:899  UCX  DEBUG /sys/class/infiniband/mlx5_11: PF sysfs path is '/sys/devices/pci0000:d9/0000:d9:01.0/0000:da:00.0/0000:db:00.0/0000:dc:00.0'
[1755364177.159779] [eos0397:1063738:0]            topo.c:552  UCX  DEBUG mlx5_11: bdf_name 0000:dc:00.0 sys_dev 13
[1755364177.159787] [eos0397:1063738:0]       ib_device.c:498  UCX  DEBUG mlx5_11: vendor_id 0x15b3 device_id 4129
[1755364177.160273] [eos0397:1063738:0]    ib_mlx5dv_md.c:1875 UCX  DEBUG mlx5_11: cross gvmi alias mkey is supported
[1755364177.160273] [eos0397:1063738:0]    ib_mlx5dv_md.c:1925 UCX  DEBUG mlx5_11: mkey_by_name_reserve is not supported
[1755364177.160274] [eos0397:1063738:0]    ib_mlx5dv_md.c:1910 UCX  DEBUG mlx5_11: dp_ordering support: force=1 ooo_rw_rc=1 ooo_rw_dc=1
[1755364177.160387] [eos0397:1063738:0]    ib_mlx5dv_md.c:1705 UCX  DEBUG mlx5_11: ODP is disabled because version 1 is not supported for DevX QP
[1755364177.160505] [eos0397:1063738:0]           async.c:248  UCX  DEBUG added async handler 0x55555b3e4fc0 [id=272 ref 1] uct_ib_async_event_handler() to hash
[1755364177.160509] [eos0397:1063738:0]           async.c:522  UCX  DEBUG listening to async event fd 272 events 0x1 mode thread_spinlock
[1755364177.160510] [eos0397:1063738:0]       ib_device.c:597  UCX  DEBUG initialized device 'mlx5_11' (InfiniBand channel adapter) with 1 ports
[1755364177.160514] [eos0397:1063738:0]           ib_md.c:1177 UCX  DEBUG mlx5_11: cuda GPUDirect RDMA is detected by checking /sys/kernel/mm/memory_peers/nv_mem/version
[1755364177.160516] [eos0397:1063738:0]           ib_md.c:1177 UCX  DEBUG mlx5_11: rocm GPUDirect RDMA is not detected by checking /dev/kfd
[1755364177.160519] [eos0397:1063738:0]           ib_md.c:1202 UCX  DEBUG mlx5_11: dmabuf is supported
[1755364177.160520] [eos0397:1063738:0]           mpool.c:138  UCX  DEBUG mpool devx dbrec: align 64, maxelems 4294967295, elemsize 40
[1755364177.160691] [eos0397:1063738:0]    ib_mlx5dv_md.c:2423 UCX  DEBUG mlx5_11: opened DEVX md log_max_qp=17
[1755364177.161091] [eos0397:1063738:0]    ib_mlx5dv_md.c:126  UCX  DEBUG mlx5_11: KSM dm memory registration status "Success" range 0x7fffc9639000..0x7fffc9639020 iova 0x0 mkey_index 0x0
[1755364177.161369] [eos0397:1063738:0]    ib_mlx5dv_md.c:96   UCX  DEBUG mlx5_11: mlx5dv_devx_obj_create(CREATE_MKEY, mode=KSM, start_addr=0x7fffc9639000 length=32) failed, syndrome 0x45d3a4: Remote I/O error
[1755364177.161370] [eos0397:1063738:0]    ib_mlx5dv_md.c:126  UCX  DEBUG mlx5_11: KSM atomic-key memory registration status "Unsupported operation" range (nil)..0x20 iova 0x7fffc9639000 atomic mkey_index 0x0
[1755364177.161733] [eos0397:1063738:0]           ib_md.c:1161 UCX  DEBUG mlx5_11: relaxed order memory access is disabled
[1755364177.161959] [eos0397:1063738:0]    ib_mlx5dv_md.c:126  UCX  DEBUG mlx5_11: KSM flush-mr memory registration status "Success" range 0x55555b3f0000..0x55555b3f0008 iova 0x0 mkey_index 0x0
[1755364177.161976] [eos0397:1063738:0]          uct_md.c:96   UCX  DEBUG failed to query gga_mlx5 resources: No such device
[1755364177.161977] [eos0397:1063738:0]     ucp_context.c:1188 UCX  DEBUG No tl resources found for md mlx5_11
[1755364177.161978] [eos0397:1063738:0]     ucp_context.c:1648 UCX  DEBUG closing md mlx5_11 because it has no selected transport resources
[1755364177.161981] [eos0397:1063738:0]    ib_mlx5dv_md.c:2496 UCX  DEBUG mlx5_11: md=0x55555b3e7600 md->flags=0x3fb3f7f flush_rkey=0x202500
[1755364177.162223] [eos0397:1063738:0]           mpool.c:194  UCX  DEBUG mpool devx dbrec destroyed
[1755364177.162224] [eos0397:1063738:0]       ib_device.c:616  UCX  DEBUG destroying ib device mlx5_11
[1755364177.162225] [eos0397:1063738:0]           async.c:173  UCX  DEBUG removed async handler 0x55555b3e4fc0 [id=272 ref 1] uct_ib_async_event_handler() from hash
[1755364177.162226] [eos0397:1063738:0]           async.c:576  UCX  DEBUG removing async handler 0x55555b3e4fc0 [id=272 ref 1] uct_ib_async_event_handler()
[1755364177.162228] [eos0397:1063738:0]           async.c:188  UCX  DEBUG release async handler 0x55555b3e4fc0 [id=272 ref 0] uct_ib_async_event_handler()
[1755364177.162626] [eos0397:1063738:0]     ucp_context.c:1713 UCX  DEBUG register host memory on: self, tcp, cuda_cpy, mlx5_0, mlx5_3, mlx5_4, mlx5_5, mlx5_6, mlx5_9, mlx5_10, mlx5_11, cma
[1755364177.162627] [eos0397:1063738:0]     ucp_context.c:1713 UCX  DEBUG register cuda memory on: cuda_cpy, cuda_ipc, gdr_copy, mlx5_0, mlx5_3, mlx5_4, mlx5_5, mlx5_6, mlx5_9, mlx5_10, mlx5_11
[1755364177.162628] [eos0397:1063738:0]     ucp_context.c:1713 UCX  DEBUG register cuda-managed memory on: cuda_cpy
[1755364177.162629] [eos0397:1063738:0]     ucp_context.c:1701 UCX  DEBUG no memory domain supports registering rocm memory
[1755364177.162629] [eos0397:1063738:0]     ucp_context.c:1701 UCX  DEBUG no memory domain supports registering rocm-managed memory
[1755364177.162630] [eos0397:1063738:0]     ucp_context.c:1701 UCX  DEBUG no memory domain supports registering rdma memory
[1755364177.162631] [eos0397:1063738:0]     ucp_context.c:1701 UCX  DEBUG no memory domain supports registering ze-host memory
[1755364177.162631] [eos0397:1063738:0]     ucp_context.c:1701 UCX  DEBUG no memory domain supports registering ze-device memory
[1755364177.162632] [eos0397:1063738:0]     ucp_context.c:1701 UCX  DEBUG no memory domain supports registering ze-managed memory
[1755364177.162644] [eos0397:1063738:0]           mpool.c:138  UCX  DEBUG mpool rcache_mp: align 8, maxelems 4294967295, elemsize 144
[1755364177.162709] [eos0397:1063738:0]     ucp_context.c:2332 UCX  DEBUG created ucp context ucp_context_2 0x55555b1999b0 [16 mds 60 tls] features 0x52 tl bitmap 0xfffffffffffffff 0x0
[1755364177.162792] [eos0397:1063738:0]         mm_sysv.c:97   UCX  DEBUG   mm failed to allocate 4194320 bytes with hugetlb
[1755364177.162814] [eos0397:1063738:0]    cuda_copy_md.c:481  UCX  DEBUG cuMemRetainAllocationHandle(&alloc_handle, (void*)address) failed: invalid argument
[1755364177.164806] [eos0397:1063738:0]         mm_sysv.c:97   UCX  DEBUG   mm failed to allocate 4194320 bytes with hugetlb
[1755364177.164822] [eos0397:1063738:0]    cuda_copy_md.c:481  UCX  DEBUG cuMemRetainAllocationHandle(&alloc_handle, (void*)address) failed: invalid argument
[1755364177.166717] [eos0397:1063738:0]         mm_sysv.c:97   UCX  DEBUG   mm failed to allocate 16448 bytes with hugetlb
[1755364177.166731] [eos0397:1063738:0]    cuda_copy_md.c:481  UCX  DEBUG cuMemRetainAllocationHandle(&alloc_handle, (void*)address) failed: invalid argument
[1755364177.167194] [eos0397:1063738:0]      ucp_worker.c:2510 UCX  DIAG  multi-threaded worker is requested, but library is built without multi-thread support
[1755364177.167226] [eos0397:1063738:0]           mpool.c:138  UCX  DEBUG mpool self_msg_desc: align 8, maxelems 4294967295, elemsize 8200
[1755364177.167227] [eos0397:1063738:0]            self.c:245  UCX  DEBUG created self iface id 0x5d5e41a17d26f35e send_size 8192
[1755364177.167233] [eos0397:1063738:0]      ucp_worker.c:1436 UCX  DEBUG created interface[0]=0x55555b3ea780 using self/memory on worker 0x55555b7067e0
[1755364177.167255] [eos0397:1063738:0]           mpool.c:138  UCX  DEBUG mpool uct_tcp_iface_tx_buf_mp: align 64, maxelems 4294967295, elemsize 8205
[1755364177.167256] [eos0397:1063738:0]           mpool.c:138  UCX  DEBUG mpool uct_tcp_iface_rx_buf_mp: align 64, maxelems 4294967295, elemsize 131090
[1755364177.167980] [eos0397:1063738:0]           async.c:248  UCX  DEBUG added async handler 0x55555b1a0e00 [id=274 ref 1] uct_tcp_iface_connect_handler() to hash
[1755364177.167989] [eos0397:1063738:0]           async.c:522  UCX  DEBUG listening to async event fd 274 events 0x5 mode thread_spinlock
[1755364177.167992] [eos0397:1063738:0]       tcp_iface.c:596  UCX  DEBUG tcp_iface 0x55555b3eb3b0: listening for connections (fd=274) on 169.254.0.18:48195 netif bmc-redfish0
[1755364177.168007] [eos0397:1063738:0]         tcp_net.c:61   UCX  DEBUG speed of bmc-redfish0 is UNKNOWN, assuming 100 Mbps
[1755364177.168075] [eos0397:1063738:0]            topo.c:895  UCX  DEBUG /sys/class/net/bmc-redfish0/lower_enx463c84c17a97: sysfs path undetected
[1755364177.168076] [eos0397:1063738:0]            topo.c:848  UCX  DEBUG bmc-redfish0: pci bandwidth undetected, using maximal value
[1755364177.168109] [eos0397:1063738:0]      ucp_worker.c:1436 UCX  DEBUG created interface[1]=0x55555b3eb3b0 using tcp/bmc-redfish0 on worker 0x55555b7067e0
[1755364177.168129] [eos0397:1063738:0]           mpool.c:138  UCX  DEBUG mpool uct_tcp_iface_tx_buf_mp: align 64, maxelems 4294967295, elemsize 8205
[1755364177.168130] [eos0397:1063738:0]           mpool.c:138  UCX  DEBUG mpool uct_tcp_iface_rx_buf_mp: align 64, maxelems 4294967295, elemsize 131090
[1755364177.168610] [eos0397:1063738:0]           async.c:248  UCX  DEBUG added async handler 0x55555b1ec6e0 [id=276 ref 1] uct_tcp_iface_connect_handler() to hash
[1755364177.168617] [eos0397:1063738:0]           async.c:522  UCX  DEBUG listening to async event fd 276 events 0x5 mode thread_spinlock
[1755364177.168618] [eos0397:1063738:0]       tcp_iface.c:596  UCX  DEBUG tcp_iface 0x55555b3efdd0: listening for connections (fd=276) on 10.52.52.142:58375 netif eth3
[1755364177.169671] [eos0397:1063738:0]            topo.c:899  UCX  DEBUG /sys/class/net/eth3: PF sysfs path is '/sys/devices/pci0000:80/0000:80:05.0/0000:82:00.1'
[1755364177.169725] [eos0397:1063738:0]      ucp_worker.c:1436 UCX  DEBUG created interface[2]=0x55555b3efdd0 using tcp/eth3 on worker 0x55555b7067e0
[1755364177.169743] [eos0397:1063738:0]           mpool.c:138  UCX  DEBUG mpool uct_tcp_iface_tx_buf_mp: align 64, maxelems 4294967295, elemsize 8205
[1755364177.169744] [eos0397:1063738:0]           mpool.c:138  UCX  DEBUG mpool uct_tcp_iface_rx_buf_mp: align 64, maxelems 4294967295, elemsize 131090
[1755364177.170205] [eos0397:1063738:0]           async.c:248  UCX  DEBUG added async handler 0x55555b1ed5c0 [id=278 ref 1] uct_tcp_iface_connect_handler() to hash
[1755364177.170210] [eos0397:1063738:0]           async.c:522  UCX  DEBUG listening to async event fd 278 events 0x5 mode thread_spinlock
[1755364177.170211] [eos0397:1063738:0]       tcp_iface.c:596  UCX  DEBUG tcp_iface 0x55555b3f0aa0: listening for connections (fd=278) on 172.16.129.153:56651 netif ibp154s0
[1755364177.170339] [eos0397:1063738:0]            topo.c:899  UCX  DEBUG /sys/class/net/ibp154s0: PF sysfs path is '/sys/devices/pci0000:97/0000:97:01.0/0000:98:00.0/0000:99:00.0/0000:9a:00.0'
[1755364177.170419] [eos0397:1063738:0]      ucp_worker.c:1436 UCX  DEBUG created interface[3]=0x55555b3f0aa0 using tcp/ibp154s0 on worker 0x55555b7067e0
[1755364177.170448] [eos0397:1063738:0]           mpool.c:138  UCX  DEBUG mpool uct_tcp_iface_tx_buf_mp: align 64, maxelems 4294967295, elemsize 8205
[1755364177.170449] [eos0397:1063738:0]           mpool.c:138  UCX  DEBUG mpool uct_tcp_iface_rx_buf_mp: align 64, maxelems 4294967295, elemsize 131090
[1755364177.170922] [eos0397:1063738:0]           async.c:248  UCX  DEBUG added async handler 0x55555b1ed730 [id=280 ref 1] uct_tcp_iface_connect_handler() to hash
[1755364177.170927] [eos0397:1063738:0]           async.c:522  UCX  DEBUG listening to async event fd 280 events 0x5 mode thread_spinlock
[1755364177.170929] [eos0397:1063738:0]       tcp_iface.c:596  UCX  DEBUG tcp_iface 0x55555b3f1620: listening for connections (fd=280) on 172.16.18.91:53075 netif ibp170s0f0
[1755364177.171160] [eos0397:1063738:0]            topo.c:899  UCX  DEBUG /sys/class/net/ibp170s0f0: PF sysfs path is '/sys/devices/pci0000:a5/0000:a5:01.0/0000:a6:00.0/0000:a7:00.0/0000:a8:00.0/0000:a9:00.0/0000:aa:00.0'
[1755364177.171226] [eos0397:1063738:0]      ucp_worker.c:1436 UCX  DEBUG created interface[4]=0x55555b3f1620 using tcp/ibp170s0f0 on worker 0x55555b7067e0
[1755364177.171243] [eos0397:1063738:0]           mpool.c:138  UCX  DEBUG mpool uct_tcp_iface_tx_buf_mp: align 64, maxelems 4294967295, elemsize 8205
[1755364177.171244] [eos0397:1063738:0]           mpool.c:138  UCX  DEBUG mpool uct_tcp_iface_rx_buf_mp: align 64, maxelems 4294967295, elemsize 131090
[1755364177.171704] [eos0397:1063738:0]           async.c:248  UCX  DEBUG added async handler 0x55555b19a7e0 [id=282 ref 1] uct_tcp_iface_connect_handler() to hash
[1755364177.171709] [eos0397:1063738:0]           async.c:522  UCX  DEBUG listening to async event fd 282 events 0x5 mode thread_spinlock
[1755364177.171710] [eos0397:1063738:0]       tcp_iface.c:596  UCX  DEBUG tcp_iface 0x55555b3f21a0: listening for connections (fd=282) on 172.16.145.153:35499 netif ibp192s0
[1755364177.171927] [eos0397:1063738:0]            topo.c:899  UCX  DEBUG /sys/class/net/ibp192s0: PF sysfs path is '/sys/devices/pci0000:bd/0000:bd:01.0/0000:be:00.0/0000:bf:00.0/0000:c0:00.0'
[1755364177.171997] [eos0397:1063738:0]      ucp_worker.c:1436 UCX  DEBUG created interface[5]=0x55555b3f21a0 using tcp/ibp192s0 on worker 0x55555b7067e0
[1755364177.172014] [eos0397:1063738:0]           mpool.c:138  UCX  DEBUG mpool uct_tcp_iface_tx_buf_mp: align 64, maxelems 4294967295, elemsize 8205
[1755364177.172015] [eos0397:1063738:0]           mpool.c:138  UCX  DEBUG mpool uct_tcp_iface_rx_buf_mp: align 64, maxelems 4294967295, elemsize 131090
[1755364177.172470] [eos0397:1063738:0]           async.c:248  UCX  DEBUG added async handler 0x55555b19b460 [id=284 ref 1] uct_tcp_iface_connect_handler() to hash
[1755364177.172474] [eos0397:1063738:0]           async.c:522  UCX  DEBUG listening to async event fd 284 events 0x5 mode thread_spinlock
[1755364177.172476] [eos0397:1063738:0]       tcp_iface.c:596  UCX  DEBUG tcp_iface 0x55555b3f2d20: listening for connections (fd=284) on 172.16.161.153:42465 netif ibp206s0
[1755364177.172586] [eos0397:1063738:0]            topo.c:899  UCX  DEBUG /sys/class/net/ibp206s0: PF sysfs path is '/sys/devices/pci0000:cb/0000:cb:01.0/0000:cc:00.0/0000:cd:00.0/0000:ce:00.0'
[1755364177.172654] [eos0397:1063738:0]      ucp_worker.c:1436 UCX  DEBUG created interface[6]=0x55555b3f2d20 using tcp/ibp206s0 on worker 0x55555b7067e0
[1755364177.172671] [eos0397:1063738:0]           mpool.c:138  UCX  DEBUG mpool uct_tcp_iface_tx_buf_mp: align 64, maxelems 4294967295, elemsize 8205
[1755364177.172671] [eos0397:1063738:0]           mpool.c:138  UCX  DEBUG mpool uct_tcp_iface_rx_buf_mp: align 64, maxelems 4294967295, elemsize 131090
[1755364177.173126] [eos0397:1063738:0]           async.c:248  UCX  DEBUG added async handler 0x55555b19a180 [id=286 ref 1] uct_tcp_iface_connect_handler() to hash
[1755364177.173131] [eos0397:1063738:0]           async.c:522  UCX  DEBUG listening to async event fd 286 events 0x5 mode thread_spinlock
[1755364177.173132] [eos0397:1063738:0]       tcp_iface.c:596  UCX  DEBUG tcp_iface 0x55555b3f3960: listening for connections (fd=286) on 172.16.177.153:59351 netif ibp220s0
[1755364177.173343] [eos0397:1063738:0]            topo.c:899  UCX  DEBUG /sys/class/net/ibp220s0: PF sysfs path is '/sys/devices/pci0000:d9/0000:d9:01.0/0000:da:00.0/0000:db:00.0/0000:dc:00.0'
[1755364177.173413] [eos0397:1063738:0]      ucp_worker.c:1436 UCX  DEBUG created interface[7]=0x55555b3f3960 using tcp/ibp220s0 on worker 0x55555b7067e0
[1755364177.173429] [eos0397:1063738:0]           mpool.c:138  UCX  DEBUG mpool uct_tcp_iface_tx_buf_mp: align 64, maxelems 4294967295, elemsize 8205
[1755364177.173430] [eos0397:1063738:0]           mpool.c:138  UCX  DEBUG mpool uct_tcp_iface_rx_buf_mp: align 64, maxelems 4294967295, elemsize 131090
[1755364177.173881] [eos0397:1063738:0]           async.c:248  UCX  DEBUG added async handler 0x55555b3d03c0 [id=288 ref 1] uct_tcp_iface_connect_handler() to hash
[1755364177.173886] [eos0397:1063738:0]           async.c:522  UCX  DEBUG listening to async event fd 288 events 0x5 mode thread_spinlock
[1755364177.173887] [eos0397:1063738:0]       tcp_iface.c:596  UCX  DEBUG tcp_iface 0x55555b3f45a0: listening for connections (fd=288) on 172.16.65.153:46705 netif ibp24s0
[1755364177.174096] [eos0397:1063738:0]            topo.c:899  UCX  DEBUG /sys/class/net/ibp24s0: PF sysfs path is '/sys/devices/pci0000:15/0000:15:01.0/0000:16:00.0/0000:17:00.0/0000:18:00.0'
[1755364177.174165] [eos0397:1063738:0]      ucp_worker.c:1436 UCX  DEBUG created interface[8]=0x55555b3f45a0 using tcp/ibp24s0 on worker 0x55555b7067e0
[1755364177.174182] [eos0397:1063738:0]           mpool.c:138  UCX  DEBUG mpool uct_tcp_iface_tx_buf_mp: align 64, maxelems 4294967295, elemsize 8205
[1755364177.174182] [eos0397:1063738:0]           mpool.c:138  UCX  DEBUG mpool uct_tcp_iface_rx_buf_mp: align 64, maxelems 4294967295, elemsize 131090
[1755364177.174640] [eos0397:1063738:0]           async.c:248  UCX  DEBUG added async handler 0x55555b3d2400 [id=290 ref 1] uct_tcp_iface_connect_handler() to hash
[1755364177.174646] [eos0397:1063738:0]           async.c:522  UCX  DEBUG listening to async event fd 290 events 0x5 mode thread_spinlock
[1755364177.174647] [eos0397:1063738:0]       tcp_iface.c:596  UCX  DEBUG tcp_iface 0x55555b3f51e0: listening for connections (fd=290) on 172.16.2.91:44573 netif ibp41s0f0
[1755364177.174788] [eos0397:1063738:0]            topo.c:899  UCX  DEBUG /sys/class/net/ibp41s0f0: PF sysfs path is '/sys/devices/pci0000:24/0000:24:01.0/0000:25:00.0/0000:26:00.0/0000:27:00.0/0000:28:00.0/0000:29:00.0'
[1755364177.174854] [eos0397:1063738:0]      ucp_worker.c:1436 UCX  DEBUG created interface[9]=0x55555b3f51e0 using tcp/ibp41s0f0 on worker 0x55555b7067e0
[1755364177.174871] [eos0397:1063738:0]           mpool.c:138  UCX  DEBUG mpool uct_tcp_iface_tx_buf_mp: align 64, maxelems 4294967295, elemsize 8205
[1755364177.174872] [eos0397:1063738:0]           mpool.c:138  UCX  DEBUG mpool uct_tcp_iface_rx_buf_mp: align 64, maxelems 4294967295, elemsize 131090
[1755364177.175327] [eos0397:1063738:0]           async.c:248  UCX  DEBUG added async handler 0x55555b2386d0 [id=292 ref 1] uct_tcp_iface_connect_handler() to hash
[1755364177.175332] [eos0397:1063738:0]           async.c:522  UCX  DEBUG listening to async event fd 292 events 0x5 mode thread_spinlock
[1755364177.175334] [eos0397:1063738:0]       tcp_iface.c:596  UCX  DEBUG tcp_iface 0x55555b3f5e20: listening for connections (fd=292) on 172.16.81.153:35099 netif ibp64s0
[1755364177.175538] [eos0397:1063738:0]            topo.c:899  UCX  DEBUG /sys/class/net/ibp64s0: PF sysfs path is '/sys/devices/pci0000:3d/0000:3d:01.0/0000:3e:00.0/0000:3f:00.0/0000:40:00.0'
[1755364177.175614] [eos0397:1063738:0]      ucp_worker.c:1436 UCX  DEBUG created interface[10]=0x55555b3f5e20 using tcp/ibp64s0 on worker 0x55555b7067e0
[1755364177.175630] [eos0397:1063738:0]           mpool.c:138  UCX  DEBUG mpool uct_tcp_iface_tx_buf_mp: align 64, maxelems 4294967295, elemsize 8205
[1755364177.175631] [eos0397:1063738:0]           mpool.c:138  UCX  DEBUG mpool uct_tcp_iface_rx_buf_mp: align 64, maxelems 4294967295, elemsize 131090
[1755364177.176092] [eos0397:1063738:0]           async.c:248  UCX  DEBUG added async handler 0x55555b1a1bd0 [id=294 ref 1] uct_tcp_iface_connect_handler() to hash
[1755364177.176098] [eos0397:1063738:0]           async.c:522  UCX  DEBUG listening to async event fd 294 events 0x5 mode thread_spinlock
[1755364177.176099] [eos0397:1063738:0]       tcp_iface.c:596  UCX  DEBUG tcp_iface 0x55555b3f6ac0: listening for connections (fd=294) on 172.16.97.153:35549 netif ibp79s0
[1755364177.176215] [eos0397:1063738:0]            topo.c:899  UCX  DEBUG /sys/class/net/ibp79s0: PF sysfs path is '/sys/devices/pci0000:4c/0000:4c:01.0/0000:4d:00.0/0000:4e:00.0/0000:4f:00.0'
[1755364177.176282] [eos0397:1063738:0]      ucp_worker.c:1436 UCX  DEBUG created interface[11]=0x55555b3f6ac0 using tcp/ibp79s0 on worker 0x55555b7067e0
[1755364177.176299] [eos0397:1063738:0]           mpool.c:138  UCX  DEBUG mpool uct_tcp_iface_tx_buf_mp: align 64, maxelems 4294967295, elemsize 8205
[1755364177.176300] [eos0397:1063738:0]           mpool.c:138  UCX  DEBUG mpool uct_tcp_iface_rx_buf_mp: align 64, maxelems 4294967295, elemsize 131090
[1755364177.176751] [eos0397:1063738:0]           async.c:248  UCX  DEBUG added async handler 0x55555b40df00 [id=296 ref 1] uct_tcp_iface_connect_handler() to hash
[1755364177.176756] [eos0397:1063738:0]           async.c:522  UCX  DEBUG listening to async event fd 296 events 0x5 mode thread_spinlock
[1755364177.176757] [eos0397:1063738:0]       tcp_iface.c:596  UCX  DEBUG tcp_iface 0x55555b3f7760: listening for connections (fd=296) on 172.16.113.153:50463 netif ibp94s0
[1755364177.176871] [eos0397:1063738:0]            topo.c:899  UCX  DEBUG /sys/class/net/ibp94s0: PF sysfs path is '/sys/devices/pci0000:5b/0000:5b:01.0/0000:5c:00.0/0000:5d:00.0/0000:5e:00.0'
[1755364177.176944] [eos0397:1063738:0]      ucp_worker.c:1436 UCX  DEBUG created interface[12]=0x55555b3f7760 using tcp/ibp94s0 on worker 0x55555b7067e0
[1755364177.176960] [eos0397:1063738:0]           mpool.c:138  UCX  DEBUG mpool uct_tcp_iface_tx_buf_mp: align 64, maxelems 4294967295, elemsize 8205
[1755364177.176961] [eos0397:1063738:0]           mpool.c:138  UCX  DEBUG mpool uct_tcp_iface_rx_buf_mp: align 64, maxelems 4294967295, elemsize 131090
[1755364177.177412] [eos0397:1063738:0]           async.c:248  UCX  DEBUG added async handler 0x55555b3ff820 [id=298 ref 1] uct_tcp_iface_connect_handler() to hash
[1755364177.177417] [eos0397:1063738:0]           async.c:522  UCX  DEBUG listening to async event fd 298 events 0x5 mode thread_spinlock
[1755364177.177418] [eos0397:1063738:0]       tcp_iface.c:596  UCX  DEBUG tcp_iface 0x55555b3f8400: listening for connections (fd=298) on 127.0.0.1:36627 netif lo
[1755364177.177427] [eos0397:1063738:0]            sock.c:90   UCX  DEBUG ioctl(req=35142, ifr_name=lo) failed: Operation not supported
[1755364177.177429] [eos0397:1063738:0]         tcp_net.c:61   UCX  DEBUG speed of lo is UNKNOWN, assuming 100 Mbps
[1755364177.177456] [eos0397:1063738:0]            topo.c:895  UCX  DEBUG /sys/class/net/lo: sysfs path undetected
[1755364177.177457] [eos0397:1063738:0]            topo.c:848  UCX  DEBUG lo: pci bandwidth undetected, using maximal value
[1755364177.177475] [eos0397:1063738:0]      ucp_worker.c:1436 UCX  DEBUG created interface[13]=0x55555b3f8400 using tcp/lo on worker 0x55555b7067e0
[1755364177.177511] [eos0397:1063738:0]         mm_sysv.c:97   UCX  DEBUG   mm failed to allocate 33023 bytes with hugetlb
[1755364177.177538] [eos0397:1063738:0]           mpool.c:138  UCX  DEBUG mpool mm_recv_desc: align 8, maxelems 4294967295, elemsize 8368
[1755364177.177545] [eos0397:1063738:0]         mm_sysv.c:97   UCX  DEBUG   mm failed to allocate 4284472 bytes with hugetlb
[1755364177.177561] [eos0397:1063738:0]           mpool.c:282  UCX  DEBUG mpool mm_recv_desc: allocated chunk 0x7ffd4c5df018 of 4288488 bytes with 512 elements
[1755364177.178380] [eos0397:1063738:0]        mm_iface.c:730  UCX  DEBUG created mm iface 0x55555b3f8fa0 FIFO id 0x88026 va 0x7fffc9631000 size 36864 (128 x 256 elems)
[1755364177.178388] [eos0397:1063738:0]      ucp_worker.c:1436 UCX  DEBUG created interface[14]=0x55555b3f8fa0 using sysv/memory on worker 0x55555b7067e0
[1755364177.178478] [eos0397:1063738:0]        mm_posix.c:572  UCX  DEBUG   allocated posix shared memory at 0x7fffc9628000 length 36864
[1755364177.178487] [eos0397:1063738:0]           mpool.c:138  UCX  DEBUG mpool mm_recv_desc: align 8, maxelems 4294967295, elemsize 8368
[1755364177.179563] [eos0397:1063738:0]        mm_posix.c:338  UCX  DEBUG   shared memory mmap(addr=(nil), length=6291456, flags= HUGETLB, fd=302) failed: Invalid argument
[1755364177.179567] [eos0397:1063738:0]        mm_posix.c:572  UCX  DEBUG   allocated posix shared memory at 0x7ffd4c1c8000 length 4288512
[1755364177.179571] [eos0397:1063738:0]           mpool.c:282  UCX  DEBUG mpool mm_recv_desc: allocated chunk 0x7ffd4c1c8018 of 4288488 bytes with 512 elements
[1755364177.179938] [eos0397:1063738:0]        mm_iface.c:730  UCX  DEBUG created mm iface 0x55555b3f9ad0 FIFO id 0xc000004b00103b3a va 0x7fffc9628000 size 36864 (128 x 256 elems)
[1755364177.179944] [eos0397:1063738:0]      ucp_worker.c:1436 UCX  DEBUG created interface[15]=0x55555b3f9ad0 using posix/memory on worker 0x55555b7067e0
[1755364177.179954] [eos0397:1063738:0]           mpool.c:138  UCX  DEBUG mpool CUDA EVENT objects: align 64, maxelems 4294967295, elemsize 32
[1755364177.179963] [eos0397:1063738:0]      ucp_worker.c:1436 UCX  DEBUG created interface[16]=0x55555b3fa4c0 using cuda_copy/cuda on worker 0x55555b7067e0
[1755364177.179974] [eos0397:1063738:0]           mpool.c:138  UCX  DEBUG mpool CUDA_IPC EVENT objects: align 64, maxelems 4294967295, elemsize 72
[1755364177.179977] [eos0397:1063738:0]      ucp_worker.c:1436 UCX  DEBUG created interface[17]=0x55555b3fb940 using cuda_ipc/cuda on worker 0x55555b7067e0
[1755364177.179990] [eos0397:1063738:0]      ucp_worker.c:1436 UCX  DEBUG created interface[18]=0x55555b3fcb90 using gdr_copy/cuda on worker 0x55555b7067e0
[1755364177.180117] [eos0397:1063738:0]     ucp_context.c:858  UCX  DEBUG apply UCT configuration IB_SEG_SIZE=8192
[1755364177.180183] [eos0397:1063738:0]        ib_iface.c:1078 UCX  DEBUG using pkey[0] 0xffff on mlx5_0:1/IB
[1755364177.180936] [eos0397:1063738:0]        ib_iface.c:1666 UCX  DEBUG created uct_ib_iface_t headroom_ofs 12 payload_ofs 92 hdr_ofs 91 data_sz 8192
[1755364177.180941] [eos0397:1063738:0]           mpool.c:138  UCX  DEBUG mpool rc_recv_desc: align 8, maxelems 4294967295, elemsize 8291
[1755364177.180942] [eos0397:1063738:0]           mpool.c:138  UCX  DEBUG mpool rc_send_desc: align 64, maxelems 4294967295, elemsize 8256
[1755364177.181011] [eos0397:1063738:0]           mpool.c:138  UCX  DEBUG mpool send-ops-mpool: align 64, maxelems 4294967295, elemsize 48
[1755364177.181308] [eos0397:1063738:0]           mpool.c:138  UCX  DEBUG mpool pending-ops: align 1, maxelems 4294967295, elemsize 64
[1755364177.181309] [eos0397:1063738:0]           mpool.c:138  UCX  DEBUG mpool rc_verbs_short_desc: align 64, maxelems 4294967295, elemsize 192
[1755364177.181610] [eos0397:1063738:0]        ib_iface.c:1203 UCX  DEBUG mlx5_0: iface 0x55555b3ffa10 created RC QP 0x9bc on mlx5_0:1 TX wr:409 sge:5 inl:124 resp:64 RX wr:0 sge:0 resp:64
[1755364177.181958] [eos0397:1063738:0]      ucp_worker.c:1436 UCX  DEBUG created interface[19]=0x55555b3ffa10 using rc_verbs/mlx5_0:1 on worker 0x55555b7067e0
[1755364177.182031] [eos0397:1063738:0]     ucp_context.c:858  UCX  DEBUG apply UCT configuration IB_SEG_SIZE=8192
[1755364177.182087] [eos0397:1063738:0]        ib_iface.c:1078 UCX  DEBUG using pkey[0] 0xffff on mlx5_0:1/IB
[1755364177.182693] [eos0397:1063738:0]        ib_iface.c:1666 UCX  DEBUG created uct_ib_iface_t headroom_ofs 12 payload_ofs 92 hdr_ofs 44 data_sz 4136
[1755364177.183061] [eos0397:1063738:0]        ib_iface.c:1203 UCX  DEBUG mlx5_0: iface 0x55555b84f060 created UD QP 0x1eb8 on mlx5_0:1 TX wr:341 sge:6 inl:124 resp:0 RX wr:4096 sge:1 resp:0
[1755364177.183343] [eos0397:1063738:0]           mpool.c:138  UCX  DEBUG mpool ud_recv_skb: align 8, maxelems 4294967295, elemsize 4188
[1755364177.183505] [eos0397:1063738:0]           mpool.c:282  UCX  DEBUG mpool ud_recv_skb: allocated chunk 0x7fffc8e72018 of 540648 bytes with 128 elements
[1755364177.183507] [eos0397:1063738:0]           mpool.c:138  UCX  DEBUG mpool ud_tx_skb: align 64, maxelems 4294967295, elemsize 4208
[1755364177.183517] [eos0397:1063738:0]        ud_iface.c:383  UCX  DEBUG iface 0x55555b84f060: adding gid fe80::946d:ae03:f:7bd6 to hash on device mlx5_0 port 1 index 0)
[1755364177.183523] [eos0397:1063738:0]        ud_iface.c:383  UCX  DEBUG iface 0x55555b84f060: adding gid fe80:: to hash on device mlx5_0 port 1 index 1)
[1755364177.183528] [eos0397:1063738:0]        ud_iface.c:383  UCX  DEBUG iface 0x55555b84f060: adding gid fe80:: to hash on device mlx5_0 port 1 index 2)
[1755364177.183533] [eos0397:1063738:0]        ud_iface.c:383  UCX  DEBUG iface 0x55555b84f060: adding gid fe80:: to hash on device mlx5_0 port 1 index 3)
[1755364177.183539] [eos0397:1063738:0]        ud_iface.c:383  UCX  DEBUG iface 0x55555b84f060: adding gid fe80:: to hash on device mlx5_0 port 1 index 4)
[1755364177.183546] [eos0397:1063738:0]        ud_iface.c:383  UCX  DEBUG iface 0x55555b84f060: adding gid fe80:: to hash on device mlx5_0 port 1 index 5)
[1755364177.183551] [eos0397:1063738:0]        ud_iface.c:383  UCX  DEBUG iface 0x55555b84f060: adding gid fe80:: to hash on device mlx5_0 port 1 index 6)
[1755364177.183556] [eos0397:1063738:0]        ud_iface.c:383  UCX  DEBUG iface 0x55555b84f060: adding gid fe80:: to hash on device mlx5_0 port 1 index 7)
[1755364177.183632] [eos0397:1063738:0]     timer_wheel.c:41   UCX  DEBUG high res timer created log=23 resolution=4240.642659 usec wanted: 2499.999678 usec
[1755364177.183634] [eos0397:1063738:0]           async.c:248  UCX  DEBUG added async handler 0x55555b827010 [id=304 ref 1] uct_ud_verbs_iface_async_handler() to hash
[1755364177.183642] [eos0397:1063738:0]           async.c:522  UCX  DEBUG listening to async event fd 304 events 0x5 mode thread_spinlock
[1755364177.183680] [eos0397:1063738:0]      ucp_worker.c:1436 UCX  DEBUG created interface[20]=0x55555b84f060 using ud_verbs/mlx5_0:1 on worker 0x55555b7067e0
[1755364177.183835] [eos0397:1063738:0]     ucp_context.c:858  UCX  DEBUG apply UCT configuration IB_SEG_SIZE=8192
[1755364177.183889] [eos0397:1063738:0]        ib_iface.c:1078 UCX  DEBUG using pkey[0] 0xffff on mlx5_0:1/IB
[1755364177.184086] [eos0397:1063738:0]           mpool.c:282  UCX  DEBUG mpool devx dbrec: allocated chunk 0x55555b970010 of 8176 bytes with 127 elements
[1755364177.186542] [eos0397:1063738:0]        ib_iface.c:1666 UCX  DEBUG created uct_ib_iface_t headroom_ofs 12 payload_ofs 92 hdr_ofs 90 data_sz 8192
[1755364177.186551] [eos0397:1063738:0]           mpool.c:138  UCX  DEBUG mpool rc_recv_desc: align 8, maxelems 4294967295, elemsize 8290
[1755364177.186553] [eos0397:1063738:0]           mpool.c:138  UCX  DEBUG mpool rc_send_desc: align 64, maxelems 4294967295, elemsize 8256
[1755364177.186967] [eos0397:1063738:0]           mpool.c:138  UCX  DEBUG mpool send-ops-mpool: align 64, maxelems 4294967295, elemsize 48
[1755364177.187302] [eos0397:1063738:0]           mpool.c:138  UCX  DEBUG mpool pending-ops: align 1, maxelems 4294967295, elemsize 112
[1755364177.187395] [eos0397:1063738:0]         ib_mlx5.c:1083 UCX  DEBUG SL=0 (AR support - no) was selected on mlx5_0:1, SLs with AR support = { 1, 2, 3, 4, 5, 6, 7, 8, 9, 10, 11, 12, 13, 14, 15 }, SLs without AR support = { 0 }
[1755364177.187801] [eos0397:1063738:0]           mpool.c:138  UCX  DEBUG mpool mlx5_dm_desc: align 64, maxelems 1, elemsize 64
[1755364177.187802] [eos0397:1063738:0]           mpool.c:138  UCX  DEBUG mpool rc_mlx5_atomic_desc: align 64, maxelems 4294967295, elemsize 72
[1755364177.187808] [eos0397:1063738:0]           async.c:248  UCX  DEBUG added async handler 0x55555b9f3010 [id=306 ref 1] uct_rc_mlx5_devx_iface_event_handler() to hash
[1755364177.187815] [eos0397:1063738:0]           async.c:522  UCX  DEBUG listening to async event fd 306 events 0x1 mode thread_spinlock
[1755364177.188820] [eos0397:1063738:0]    ib_mlx5dv_md.c:2616 UCX  DEBUG counter_set_id on mlx5_0:1 is 0x1
[1755364177.189398] [eos0397:1063738:0]         dc_mlx5.c:407  UCX  DEBUG created DevX DCI 0x9be, rdma_wr_disabled=0
[1755364177.189726] [eos0397:1063738:0]         dc_mlx5.c:1729 UCX  DEBUG dc iface 0x55555b967030: using 'dcs_quota' policy with 32 dcis and 32768 cqes, dct 0x1ebb
[1755364177.189727] [eos0397:1063738:0]         dc_mlx5.c:822  UCX  DEBUG creating dci pool 0 with 32 QPs
[1755364177.189728] [eos0397:1063738:0]         dc_mlx5.c:805  UCX  DEBUG dci pool config: (path_index=0, max_rd_atomic=64)
[1755364177.197283] [eos0397:1063738:0]           mpool.c:282  UCX  DEBUG mpool rc_recv_desc: allocated chunk 0x7e6a05a00018 of 37748712 bytes with 4550 elements
[1755364177.197920] [eos0397:1063738:0]         dc_mlx5.c:1749 UCX  DEBUG created dc iface 0x55555b967030
[1755364177.197985] [eos0397:1063738:0]      ucp_worker.c:1436 UCX  DEBUG created interface[21]=0x55555b967030 using dc_mlx5/mlx5_0:1 on worker 0x55555b7067e0
[1755364177.198125] [eos0397:1063738:0]     ucp_context.c:858  UCX  DEBUG apply UCT configuration IB_SEG_SIZE=8192
[1755364177.198187] [eos0397:1063738:0]        ib_iface.c:1078 UCX  DEBUG using pkey[0] 0xffff on mlx5_0:1/IB
[1755364177.199230] [eos0397:1063738:0]        ib_iface.c:1666 UCX  DEBUG created uct_ib_iface_t headroom_ofs 12 payload_ofs 92 hdr_ofs 90 data_sz 8192
[1755364177.199235] [eos0397:1063738:0]           mpool.c:138  UCX  DEBUG mpool rc_recv_desc: align 8, maxelems 4294967295, elemsize 8290
[1755364177.199236] [eos0397:1063738:0]           mpool.c:138  UCX  DEBUG mpool rc_send_desc: align 64, maxelems 4294967295, elemsize 8256
[1755364177.199303] [eos0397:1063738:0]           mpool.c:138  UCX  DEBUG mpool send-ops-mpool: align 64, maxelems 4294967295, elemsize 48
[1755364177.199625] [eos0397:1063738:0]           mpool.c:138  UCX  DEBUG mpool pending-ops: align 1, maxelems 4294967295, elemsize 64
[1755364177.199720] [eos0397:1063738:0]         ib_mlx5.c:1083 UCX  DEBUG SL=0 (AR support - no) was selected on mlx5_0:1, SLs with AR support = { 1, 2, 3, 4, 5, 6, 7, 8, 9, 10, 11, 12, 13, 14, 15 }, SLs without AR support = { 0 }
[1755364177.199722] [eos0397:1063738:0]           mpool.c:138  UCX  DEBUG mpool rc_mlx5_atomic_desc: align 64, maxelems 4294967295, elemsize 72
[1755364177.199726] [eos0397:1063738:0]           async.c:248  UCX  DEBUG added async handler 0x55555bc72010 [id=309 ref 1] uct_rc_mlx5_devx_iface_event_handler() to hash
[1755364177.199732] [eos0397:1063738:0]           async.c:522  UCX  DEBUG listening to async event fd 309 events 0x1 mode thread_spinlock
[1755364177.199783] [eos0397:1063738:0]      ucp_worker.c:1436 UCX  DEBUG created interface[22]=0x55555bb68060 using rc_mlx5/mlx5_0:1 on worker 0x55555b7067e0
[1755364177.199859] [eos0397:1063738:0]     ucp_context.c:858  UCX  DEBUG apply UCT configuration IB_SEG_SIZE=8192
[1755364177.200752] [eos0397:1063738:0]        ib_iface.c:1078 UCX  DEBUG using pkey[0] 0xffff on mlx5_0:1/IB
[1755364177.201398] [eos0397:1063738:0]        ib_iface.c:1666 UCX  DEBUG created uct_ib_iface_t headroom_ofs 12 payload_ofs 92 hdr_ofs 44 data_sz 4136
[1755364177.201652] [eos0397:1063738:0]        ib_iface.c:1203 UCX  DEBUG mlx5_0: iface 0x55555b93a4d0 created UD QP 0x1ebf on mlx5_0:1 TX wr:256 sge:2 inl:60 resp:0 RX wr:4096 sge:1 resp:0
[1755364177.201654] [eos0397:1063738:0]         ib_mlx5.c:776  UCX  DEBUG tx wq 32768 bytes [bb=64, nwqe=512] mmio_mode bf_post_mt
[1755364177.201926] [eos0397:1063738:0]           mpool.c:138  UCX  DEBUG mpool ud_recv_skb: align 8, maxelems 4294967295, elemsize 4188
[1755364177.202079] [eos0397:1063738:0]           mpool.c:282  UCX  DEBUG mpool ud_recv_skb: allocated chunk 0x7fffc837b018 of 540648 bytes with 128 elements
[1755364177.202082] [eos0397:1063738:0]           mpool.c:138  UCX  DEBUG mpool ud_tx_skb: align 64, maxelems 4294967295, elemsize 4208
[1755364177.202096] [eos0397:1063738:0]        ud_iface.c:383  UCX  DEBUG iface 0x55555b93a4d0: adding gid fe80::946d:ae03:f:7bd6 to hash on device mlx5_0 port 1 index 0)
[1755364177.202110] [eos0397:1063738:0]        ud_iface.c:383  UCX  DEBUG iface 0x55555b93a4d0: adding gid fe80:: to hash on device mlx5_0 port 1 index 1)
[1755364177.202116] [eos0397:1063738:0]        ud_iface.c:383  UCX  DEBUG iface 0x55555b93a4d0: adding gid fe80:: to hash on device mlx5_0 port 1 index 2)
[1755364177.202121] [eos0397:1063738:0]        ud_iface.c:383  UCX  DEBUG iface 0x55555b93a4d0: adding gid fe80:: to hash on device mlx5_0 port 1 index 3)
[1755364177.202126] [eos0397:1063738:0]        ud_iface.c:383  UCX  DEBUG iface 0x55555b93a4d0: adding gid fe80:: to hash on device mlx5_0 port 1 index 4)
[1755364177.202132] [eos0397:1063738:0]        ud_iface.c:383  UCX  DEBUG iface 0x55555b93a4d0: adding gid fe80:: to hash on device mlx5_0 port 1 index 5)
[1755364177.202137] [eos0397:1063738:0]        ud_iface.c:383  UCX  DEBUG iface 0x55555b93a4d0: adding gid fe80:: to hash on device mlx5_0 port 1 index 6)
[1755364177.202142] [eos0397:1063738:0]        ud_iface.c:383  UCX  DEBUG iface 0x55555b93a4d0: adding gid fe80:: to hash on device mlx5_0 port 1 index 7)
[1755364177.202235] [eos0397:1063738:0]         ib_mlx5.c:1083 UCX  DEBUG SL=0 (AR support - no) was selected on mlx5_0:1, SLs with AR support = { 1, 2, 3, 4, 5, 6, 7, 8, 9, 10, 11, 12, 13, 14, 15 }, SLs without AR support = { 0 }
[1755364177.202249] [eos0397:1063738:0]     timer_wheel.c:41   UCX  DEBUG high res timer created log=23 resolution=4240.642659 usec wanted: 2499.999678 usec
[1755364177.202251] [eos0397:1063738:0]           async.c:248  UCX  DEBUG added async handler 0x55555bd4f010 [id=311 ref 1] uct_ud_mlx5_iface_async_handler() to hash
[1755364177.202256] [eos0397:1063738:0]           async.c:522  UCX  DEBUG listening to async event fd 311 events 0x5 mode thread_spinlock
[1755364177.202292] [eos0397:1063738:0]      ucp_worker.c:1436 UCX  DEBUG created interface[23]=0x55555b93a4d0 using ud_mlx5/mlx5_0:1 on worker 0x55555b7067e0
[1755364177.202419] [eos0397:1063738:0]     ucp_context.c:858  UCX  DEBUG apply UCT configuration IB_SEG_SIZE=8192
[1755364177.202592] [eos0397:1063738:0]        ib_iface.c:1078 UCX  DEBUG using pkey[0] 0xffff on mlx5_3:1/IB
[1755364177.203343] [eos0397:1063738:0]        ib_iface.c:1666 UCX  DEBUG created uct_ib_iface_t headroom_ofs 12 payload_ofs 92 hdr_ofs 91 data_sz 8192
[1755364177.203353] [eos0397:1063738:0]           mpool.c:138  UCX  DEBUG mpool rc_recv_desc: align 8, maxelems 4294967295, elemsize 8291
[1755364177.203354] [eos0397:1063738:0]           mpool.c:138  UCX  DEBUG mpool rc_send_desc: align 64, maxelems 4294967295, elemsize 8256
[1755364177.203421] [eos0397:1063738:0]           mpool.c:138  UCX  DEBUG mpool send-ops-mpool: align 64, maxelems 4294967295, elemsize 48
[1755364177.203701] [eos0397:1063738:0]           mpool.c:138  UCX  DEBUG mpool pending-ops: align 1, maxelems 4294967295, elemsize 64
[1755364177.203703] [eos0397:1063738:0]           mpool.c:138  UCX  DEBUG mpool rc_verbs_short_desc: align 64, maxelems 4294967295, elemsize 192
[1755364177.203995] [eos0397:1063738:0]        ib_iface.c:1203 UCX  DEBUG mlx5_3: iface 0x55555bd74020 created RC QP 0x921 on mlx5_3:1 TX wr:409 sge:5 inl:124 resp:64 RX wr:0 sge:0 resp:64
[1755364177.204340] [eos0397:1063738:0]      ucp_worker.c:1436 UCX  DEBUG created interface[24]=0x55555bd74020 using rc_verbs/mlx5_3:1 on worker 0x55555b7067e0
[1755364177.204409] [eos0397:1063738:0]     ucp_context.c:858  UCX  DEBUG apply UCT configuration IB_SEG_SIZE=8192
[1755364177.204463] [eos0397:1063738:0]        ib_iface.c:1078 UCX  DEBUG using pkey[0] 0xffff on mlx5_3:1/IB
[1755364177.205066] [eos0397:1063738:0]        ib_iface.c:1666 UCX  DEBUG created uct_ib_iface_t headroom_ofs 12 payload_ofs 92 hdr_ofs 44 data_sz 4136
[1755364177.205345] [eos0397:1063738:0]        ib_iface.c:1203 UCX  DEBUG mlx5_3: iface 0x55555bd57060 created UD QP 0x1e1d on mlx5_3:1 TX wr:341 sge:6 inl:124 resp:0 RX wr:4096 sge:1 resp:0
[1755364177.205623] [eos0397:1063738:0]           mpool.c:138  UCX  DEBUG mpool ud_recv_skb: align 8, maxelems 4294967295, elemsize 4188
[1755364177.205777] [eos0397:1063738:0]           mpool.c:282  UCX  DEBUG mpool ud_recv_skb: allocated chunk 0x7fffc82f7018 of 540648 bytes with 128 elements
[1755364177.205779] [eos0397:1063738:0]           mpool.c:138  UCX  DEBUG mpool ud_tx_skb: align 64, maxelems 4294967295, elemsize 4208
[1755364177.205788] [eos0397:1063738:0]        ud_iface.c:383  UCX  DEBUG iface 0x55555bd57060: adding gid fe80::946d:ae03:f:7bde to hash on device mlx5_3 port 1 index 0)
[1755364177.205794] [eos0397:1063738:0]        ud_iface.c:383  UCX  DEBUG iface 0x55555bd57060: adding gid fe80:: to hash on device mlx5_3 port 1 index 1)
[1755364177.205799] [eos0397:1063738:0]        ud_iface.c:383  UCX  DEBUG iface 0x55555bd57060: adding gid fe80:: to hash on device mlx5_3 port 1 index 2)
[1755364177.205805] [eos0397:1063738:0]        ud_iface.c:383  UCX  DEBUG iface 0x55555bd57060: adding gid fe80:: to hash on device mlx5_3 port 1 index 3)
[1755364177.205810] [eos0397:1063738:0]        ud_iface.c:383  UCX  DEBUG iface 0x55555bd57060: adding gid fe80:: to hash on device mlx5_3 port 1 index 4)
[1755364177.205816] [eos0397:1063738:0]        ud_iface.c:383  UCX  DEBUG iface 0x55555bd57060: adding gid fe80:: to hash on device mlx5_3 port 1 index 5)
[1755364177.205821] [eos0397:1063738:0]        ud_iface.c:383  UCX  DEBUG iface 0x55555bd57060: adding gid fe80:: to hash on device mlx5_3 port 1 index 6)
[1755364177.205827] [eos0397:1063738:0]        ud_iface.c:383  UCX  DEBUG iface 0x55555bd57060: adding gid fe80:: to hash on device mlx5_3 port 1 index 7)
[1755364177.205896] [eos0397:1063738:0]     timer_wheel.c:41   UCX  DEBUG high res timer created log=23 resolution=4240.642659 usec wanted: 2499.999678 usec
[1755364177.205898] [eos0397:1063738:0]           async.c:248  UCX  DEBUG added async handler 0x55555bf8c010 [id=313 ref 1] uct_ud_verbs_iface_async_handler() to hash
[1755364177.205904] [eos0397:1063738:0]           async.c:522  UCX  DEBUG listening to async event fd 313 events 0x5 mode thread_spinlock
[1755364177.205934] [eos0397:1063738:0]      ucp_worker.c:1436 UCX  DEBUG created interface[25]=0x55555bd57060 using ud_verbs/mlx5_3:1 on worker 0x55555b7067e0
[1755364177.206081] [eos0397:1063738:0]     ucp_context.c:858  UCX  DEBUG apply UCT configuration IB_SEG_SIZE=8192
[1755364177.206132] [eos0397:1063738:0]        ib_iface.c:1078 UCX  DEBUG using pkey[0] 0xffff on mlx5_3:1/IB
[1755364177.206329] [eos0397:1063738:0]           mpool.c:282  UCX  DEBUG mpool devx dbrec: allocated chunk 0x55555bee2010 of 8176 bytes with 127 elements
[1755364177.208774] [eos0397:1063738:0]        ib_iface.c:1666 UCX  DEBUG created uct_ib_iface_t headroom_ofs 12 payload_ofs 92 hdr_ofs 90 data_sz 8192
[1755364177.208787] [eos0397:1063738:0]           mpool.c:138  UCX  DEBUG mpool rc_recv_desc: align 8, maxelems 4294967295, elemsize 8290
[1755364177.208789] [eos0397:1063738:0]           mpool.c:138  UCX  DEBUG mpool rc_send_desc: align 64, maxelems 4294967295, elemsize 8256
[1755364177.209212] [eos0397:1063738:0]           mpool.c:138  UCX  DEBUG mpool send-ops-mpool: align 64, maxelems 4294967295, elemsize 48
[1755364177.209540] [eos0397:1063738:0]           mpool.c:138  UCX  DEBUG mpool pending-ops: align 1, maxelems 4294967295, elemsize 112
[1755364177.209642] [eos0397:1063738:0]         ib_mlx5.c:1083 UCX  DEBUG SL=0 (AR support - no) was selected on mlx5_3:1, SLs with AR support = { 1, 2, 3, 4, 5, 6, 7, 8, 9, 10, 11, 12, 13, 14, 15 }, SLs without AR support = { 0 }
[1755364177.210050] [eos0397:1063738:0]           mpool.c:138  UCX  DEBUG mpool mlx5_dm_desc: align 64, maxelems 1, elemsize 64
[1755364177.210051] [eos0397:1063738:0]           mpool.c:138  UCX  DEBUG mpool rc_mlx5_atomic_desc: align 64, maxelems 4294967295, elemsize 72
[1755364177.210056] [eos0397:1063738:0]           async.c:248  UCX  DEBUG added async handler 0x55555bcbd010 [id=315 ref 1] uct_rc_mlx5_devx_iface_event_handler() to hash
[1755364177.210064] [eos0397:1063738:0]           async.c:522  UCX  DEBUG listening to async event fd 315 events 0x1 mode thread_spinlock
[1755364177.211051] [eos0397:1063738:0]    ib_mlx5dv_md.c:2616 UCX  DEBUG counter_set_id on mlx5_3:1 is 0x1
[1755364177.211663] [eos0397:1063738:0]         dc_mlx5.c:407  UCX  DEBUG created DevX DCI 0x923, rdma_wr_disabled=0
[1755364177.211974] [eos0397:1063738:0]         dc_mlx5.c:1729 UCX  DEBUG dc iface 0x55555bf8c050: using 'dcs_quota' policy with 32 dcis and 32768 cqes, dct 0x1e20
[1755364177.211976] [eos0397:1063738:0]         dc_mlx5.c:822  UCX  DEBUG creating dci pool 0 with 32 QPs
[1755364177.211977] [eos0397:1063738:0]         dc_mlx5.c:805  UCX  DEBUG dci pool config: (path_index=0, max_rd_atomic=64)
[1755364177.219497] [eos0397:1063738:0]           mpool.c:282  UCX  DEBUG mpool rc_recv_desc: allocated chunk 0x7e6a03400018 of 37748712 bytes with 4550 elements
[1755364177.220132] [eos0397:1063738:0]         dc_mlx5.c:1749 UCX  DEBUG created dc iface 0x55555bf8c050
[1755364177.220182] [eos0397:1063738:0]      ucp_worker.c:1436 UCX  DEBUG created interface[26]=0x55555bf8c050 using dc_mlx5/mlx5_3:1 on worker 0x55555b7067e0
[1755364177.220315] [eos0397:1063738:0]     ucp_context.c:858  UCX  DEBUG apply UCT configuration IB_SEG_SIZE=8192
[1755364177.220371] [eos0397:1063738:0]        ib_iface.c:1078 UCX  DEBUG using pkey[0] 0xffff on mlx5_3:1/IB
[1755364177.221412] [eos0397:1063738:0]        ib_iface.c:1666 UCX  DEBUG created uct_ib_iface_t headroom_ofs 12 payload_ofs 92 hdr_ofs 90 data_sz 8192
[1755364177.221417] [eos0397:1063738:0]           mpool.c:138  UCX  DEBUG mpool rc_recv_desc: align 8, maxelems 4294967295, elemsize 8290
[1755364177.221418] [eos0397:1063738:0]           mpool.c:138  UCX  DEBUG mpool rc_send_desc: align 64, maxelems 4294967295, elemsize 8256
[1755364177.221488] [eos0397:1063738:0]           mpool.c:138  UCX  DEBUG mpool send-ops-mpool: align 64, maxelems 4294967295, elemsize 48
[1755364177.221805] [eos0397:1063738:0]           mpool.c:138  UCX  DEBUG mpool pending-ops: align 1, maxelems 4294967295, elemsize 64
[1755364177.221901] [eos0397:1063738:0]         ib_mlx5.c:1083 UCX  DEBUG SL=0 (AR support - no) was selected on mlx5_3:1, SLs with AR support = { 1, 2, 3, 4, 5, 6, 7, 8, 9, 10, 11, 12, 13, 14, 15 }, SLs without AR support = { 0 }
[1755364177.221903] [eos0397:1063738:0]           mpool.c:138  UCX  DEBUG mpool rc_mlx5_atomic_desc: align 64, maxelems 4294967295, elemsize 72
[1755364177.221907] [eos0397:1063738:0]           async.c:248  UCX  DEBUG added async handler 0x55555bee8010 [id=318 ref 1] uct_rc_mlx5_devx_iface_event_handler() to hash
[1755364177.221913] [eos0397:1063738:0]           async.c:522  UCX  DEBUG listening to async event fd 318 events 0x1 mode thread_spinlock
[1755364177.221949] [eos0397:1063738:0]      ucp_worker.c:1436 UCX  DEBUG created interface[27]=0x55555c188070 using rc_mlx5/mlx5_3:1 on worker 0x55555b7067e0
[1755364177.222022] [eos0397:1063738:0]     ucp_context.c:858  UCX  DEBUG apply UCT configuration IB_SEG_SIZE=8192
[1755364177.222851] [eos0397:1063738:0]        ib_iface.c:1078 UCX  DEBUG using pkey[0] 0xffff on mlx5_3:1/IB
[1755364177.223499] [eos0397:1063738:0]        ib_iface.c:1666 UCX  DEBUG created uct_ib_iface_t headroom_ofs 12 payload_ofs 92 hdr_ofs 44 data_sz 4136
[1755364177.223757] [eos0397:1063738:0]        ib_iface.c:1203 UCX  DEBUG mlx5_3: iface 0x55555c2120f0 created UD QP 0x1e24 on mlx5_3:1 TX wr:256 sge:2 inl:60 resp:0 RX wr:4096 sge:1 resp:0
[1755364177.223758] [eos0397:1063738:0]         ib_mlx5.c:776  UCX  DEBUG tx wq 32768 bytes [bb=64, nwqe=512] mmio_mode bf_post_mt
[1755364177.224040] [eos0397:1063738:0]           mpool.c:138  UCX  DEBUG mpool ud_recv_skb: align 8, maxelems 4294967295, elemsize 4188
[1755364177.224186] [eos0397:1063738:0]           mpool.c:282  UCX  DEBUG mpool ud_recv_skb: allocated chunk 0x7fffc8273018 of 540648 bytes with 128 elements
[1755364177.224190] [eos0397:1063738:0]           mpool.c:138  UCX  DEBUG mpool ud_tx_skb: align 64, maxelems 4294967295, elemsize 4208
[1755364177.224199] [eos0397:1063738:0]        ud_iface.c:383  UCX  DEBUG iface 0x55555c2120f0: adding gid fe80::946d:ae03:f:7bde to hash on device mlx5_3 port 1 index 0)
[1755364177.224208] [eos0397:1063738:0]        ud_iface.c:383  UCX  DEBUG iface 0x55555c2120f0: adding gid fe80:: to hash on device mlx5_3 port 1 index 1)
[1755364177.224218] [eos0397:1063738:0]        ud_iface.c:383  UCX  DEBUG iface 0x55555c2120f0: adding gid fe80:: to hash on device mlx5_3 port 1 index 2)
[1755364177.224223] [eos0397:1063738:0]        ud_iface.c:383  UCX  DEBUG iface 0x55555c2120f0: adding gid fe80:: to hash on device mlx5_3 port 1 index 3)
[1755364177.224227] [eos0397:1063738:0]        ud_iface.c:383  UCX  DEBUG iface 0x55555c2120f0: adding gid fe80:: to hash on device mlx5_3 port 1 index 4)
[1755364177.224232] [eos0397:1063738:0]        ud_iface.c:383  UCX  DEBUG iface 0x55555c2120f0: adding gid fe80:: to hash on device mlx5_3 port 1 index 5)
[1755364177.224237] [eos0397:1063738:0]        ud_iface.c:383  UCX  DEBUG iface 0x55555c2120f0: adding gid fe80:: to hash on device mlx5_3 port 1 index 6)
[1755364177.224242] [eos0397:1063738:0]        ud_iface.c:383  UCX  DEBUG iface 0x55555c2120f0: adding gid fe80:: to hash on device mlx5_3 port 1 index 7)
[1755364177.224336] [eos0397:1063738:0]         ib_mlx5.c:1083 UCX  DEBUG SL=0 (AR support - no) was selected on mlx5_3:1, SLs with AR support = { 1, 2, 3, 4, 5, 6, 7, 8, 9, 10, 11, 12, 13, 14, 15 }, SLs without AR support = { 0 }
[1755364177.224349] [eos0397:1063738:0]     timer_wheel.c:41   UCX  DEBUG high res timer created log=23 resolution=4240.642659 usec wanted: 2499.999678 usec
[1755364177.224350] [eos0397:1063738:0]           async.c:248  UCX  DEBUG added async handler 0x55555c36e010 [id=320 ref 1] uct_ud_mlx5_iface_async_handler() to hash
[1755364177.224357] [eos0397:1063738:0]           async.c:522  UCX  DEBUG listening to async event fd 320 events 0x5 mode thread_spinlock
[1755364177.224394] [eos0397:1063738:0]      ucp_worker.c:1436 UCX  DEBUG created interface[28]=0x55555c2120f0 using ud_mlx5/mlx5_3:1 on worker 0x55555b7067e0
[1755364177.224515] [eos0397:1063738:0]     ucp_context.c:858  UCX  DEBUG apply UCT configuration IB_SEG_SIZE=8192
[1755364177.224577] [eos0397:1063738:0]        ib_iface.c:1078 UCX  DEBUG using pkey[0] 0xffff on mlx5_4:1/IB
[1755364177.225350] [eos0397:1063738:0]        ib_iface.c:1666 UCX  DEBUG created uct_ib_iface_t headroom_ofs 12 payload_ofs 92 hdr_ofs 91 data_sz 8192
[1755364177.225361] [eos0397:1063738:0]           mpool.c:138  UCX  DEBUG mpool rc_recv_desc: align 8, maxelems 4294967295, elemsize 8291
[1755364177.225362] [eos0397:1063738:0]           mpool.c:138  UCX  DEBUG mpool rc_send_desc: align 64, maxelems 4294967295, elemsize 8256
[1755364177.225429] [eos0397:1063738:0]           mpool.c:138  UCX  DEBUG mpool send-ops-mpool: align 64, maxelems 4294967295, elemsize 48
[1755364177.225729] [eos0397:1063738:0]           mpool.c:138  UCX  DEBUG mpool pending-ops: align 1, maxelems 4294967295, elemsize 64
[1755364177.225731] [eos0397:1063738:0]           mpool.c:138  UCX  DEBUG mpool rc_verbs_short_desc: align 64, maxelems 4294967295, elemsize 192
[1755364177.225994] [eos0397:1063738:0]        ib_iface.c:1203 UCX  DEBUG mlx5_4: iface 0x55555c393020 created RC QP 0x955 on mlx5_4:1 TX wr:409 sge:5 inl:124 resp:64 RX wr:0 sge:0 resp:64
[1755364177.226331] [eos0397:1063738:0]      ucp_worker.c:1436 UCX  DEBUG created interface[29]=0x55555c393020 using rc_verbs/mlx5_4:1 on worker 0x55555b7067e0
[1755364177.226406] [eos0397:1063738:0]     ucp_context.c:858  UCX  DEBUG apply UCT configuration IB_SEG_SIZE=8192
[1755364177.226461] [eos0397:1063738:0]        ib_iface.c:1078 UCX  DEBUG using pkey[0] 0xffff on mlx5_4:1/IB
[1755364177.227042] [eos0397:1063738:0]        ib_iface.c:1666 UCX  DEBUG created uct_ib_iface_t headroom_ofs 12 payload_ofs 92 hdr_ofs 44 data_sz 4136
[1755364177.227333] [eos0397:1063738:0]        ib_iface.c:1203 UCX  DEBUG mlx5_4: iface 0x55555bee4150 created UD QP 0x1e51 on mlx5_4:1 TX wr:341 sge:6 inl:124 resp:0 RX wr:4096 sge:1 resp:0
[1755364177.227610] [eos0397:1063738:0]           mpool.c:138  UCX  DEBUG mpool ud_recv_skb: align 8, maxelems 4294967295, elemsize 4188
[1755364177.227763] [eos0397:1063738:0]           mpool.c:282  UCX  DEBUG mpool ud_recv_skb: allocated chunk 0x7fffc7f7c018 of 540648 bytes with 128 elements
[1755364177.227774] [eos0397:1063738:0]           mpool.c:138  UCX  DEBUG mpool ud_tx_skb: align 64, maxelems 4294967295, elemsize 4208
[1755364177.227783] [eos0397:1063738:0]        ud_iface.c:383  UCX  DEBUG iface 0x55555bee4150: adding gid fe80::946d:ae03:f:7bda to hash on device mlx5_4 port 1 index 0)
[1755364177.227788] [eos0397:1063738:0]        ud_iface.c:383  UCX  DEBUG iface 0x55555bee4150: adding gid fe80:: to hash on device mlx5_4 port 1 index 1)
[1755364177.227793] [eos0397:1063738:0]        ud_iface.c:383  UCX  DEBUG iface 0x55555bee4150: adding gid fe80:: to hash on device mlx5_4 port 1 index 2)
[1755364177.227799] [eos0397:1063738:0]        ud_iface.c:383  UCX  DEBUG iface 0x55555bee4150: adding gid fe80:: to hash on device mlx5_4 port 1 index 3)
[1755364177.227804] [eos0397:1063738:0]        ud_iface.c:383  UCX  DEBUG iface 0x55555bee4150: adding gid fe80:: to hash on device mlx5_4 port 1 index 4)
[1755364177.227809] [eos0397:1063738:0]        ud_iface.c:383  UCX  DEBUG iface 0x55555bee4150: adding gid fe80:: to hash on device mlx5_4 port 1 index 5)
[1755364177.227814] [eos0397:1063738:0]        ud_iface.c:383  UCX  DEBUG iface 0x55555bee4150: adding gid fe80:: to hash on device mlx5_4 port 1 index 6)
[1755364177.227819] [eos0397:1063738:0]        ud_iface.c:383  UCX  DEBUG iface 0x55555bee4150: adding gid fe80:: to hash on device mlx5_4 port 1 index 7)
[1755364177.227890] [eos0397:1063738:0]     timer_wheel.c:41   UCX  DEBUG high res timer created log=23 resolution=4240.642659 usec wanted: 2499.999678 usec
[1755364177.227892] [eos0397:1063738:0]           async.c:248  UCX  DEBUG added async handler 0x55555c45d010 [id=322 ref 1] uct_ud_verbs_iface_async_handler() to hash
[1755364177.227898] [eos0397:1063738:0]           async.c:522  UCX  DEBUG listening to async event fd 322 events 0x5 mode thread_spinlock
[1755364177.227931] [eos0397:1063738:0]      ucp_worker.c:1436 UCX  DEBUG created interface[30]=0x55555bee4150 using ud_verbs/mlx5_4:1 on worker 0x55555b7067e0
[1755364177.228077] [eos0397:1063738:0]     ucp_context.c:858  UCX  DEBUG apply UCT configuration IB_SEG_SIZE=8192
[1755364177.228132] [eos0397:1063738:0]        ib_iface.c:1078 UCX  DEBUG using pkey[0] 0xffff on mlx5_4:1/IB
[1755364177.228327] [eos0397:1063738:0]           mpool.c:282  UCX  DEBUG mpool devx dbrec: allocated chunk 0x55555c5a9010 of 8176 bytes with 127 elements
[1755364177.230741] [eos0397:1063738:0]        ib_iface.c:1666 UCX  DEBUG created uct_ib_iface_t headroom_ofs 12 payload_ofs 92 hdr_ofs 90 data_sz 8192
[1755364177.230750] [eos0397:1063738:0]           mpool.c:138  UCX  DEBUG mpool rc_recv_desc: align 8, maxelems 4294967295, elemsize 8290
[1755364177.230751] [eos0397:1063738:0]           mpool.c:138  UCX  DEBUG mpool rc_send_desc: align 64, maxelems 4294967295, elemsize 8256
[1755364177.231175] [eos0397:1063738:0]           mpool.c:138  UCX  DEBUG mpool send-ops-mpool: align 64, maxelems 4294967295, elemsize 48
[1755364177.231503] [eos0397:1063738:0]           mpool.c:138  UCX  DEBUG mpool pending-ops: align 1, maxelems 4294967295, elemsize 112
[1755364177.231608] [eos0397:1063738:0]         ib_mlx5.c:1083 UCX  DEBUG SL=0 (AR support - no) was selected on mlx5_4:1, SLs with AR support = { 1, 2, 3, 4, 5, 6, 7, 8, 9, 10, 11, 12, 13, 14, 15 }, SLs without AR support = { 0 }
[1755364177.232016] [eos0397:1063738:0]           mpool.c:138  UCX  DEBUG mpool mlx5_dm_desc: align 64, maxelems 1, elemsize 64
[1755364177.232018] [eos0397:1063738:0]           mpool.c:138  UCX  DEBUG mpool rc_mlx5_atomic_desc: align 64, maxelems 4294967295, elemsize 72
[1755364177.232023] [eos0397:1063738:0]           async.c:248  UCX  DEBUG added async handler 0x55555c62c010 [id=324 ref 1] uct_rc_mlx5_devx_iface_event_handler() to hash
[1755364177.232029] [eos0397:1063738:0]           async.c:522  UCX  DEBUG listening to async event fd 324 events 0x1 mode thread_spinlock
[1755364177.233033] [eos0397:1063738:0]    ib_mlx5dv_md.c:2616 UCX  DEBUG counter_set_id on mlx5_4:1 is 0x1
[1755364177.233601] [eos0397:1063738:0]         dc_mlx5.c:407  UCX  DEBUG created DevX DCI 0x957, rdma_wr_disabled=0
[1755364177.233923] [eos0397:1063738:0]         dc_mlx5.c:1729 UCX  DEBUG dc iface 0x55555c5a0030: using 'dcs_quota' policy with 32 dcis and 32768 cqes, dct 0x1e55
[1755364177.233925] [eos0397:1063738:0]         dc_mlx5.c:822  UCX  DEBUG creating dci pool 0 with 32 QPs
[1755364177.233925] [eos0397:1063738:0]         dc_mlx5.c:805  UCX  DEBUG dci pool config: (path_index=0, max_rd_atomic=64)
[1755364177.241411] [eos0397:1063738:0]           mpool.c:282  UCX  DEBUG mpool rc_recv_desc: allocated chunk 0x7e6a00e00018 of 37748712 bytes with 4550 elements
[1755364177.242053] [eos0397:1063738:0]         dc_mlx5.c:1749 UCX  DEBUG created dc iface 0x55555c5a0030
[1755364177.242128] [eos0397:1063738:0]      ucp_worker.c:1436 UCX  DEBUG created interface[31]=0x55555c5a0030 using dc_mlx5/mlx5_4:1 on worker 0x55555b7067e0
[1755364177.242261] [eos0397:1063738:0]     ucp_context.c:858  UCX  DEBUG apply UCT configuration IB_SEG_SIZE=8192
[1755364177.242325] [eos0397:1063738:0]        ib_iface.c:1078 UCX  DEBUG using pkey[0] 0xffff on mlx5_4:1/IB
[1755364177.243376] [eos0397:1063738:0]        ib_iface.c:1666 UCX  DEBUG created uct_ib_iface_t headroom_ofs 12 payload_ofs 92 hdr_ofs 90 data_sz 8192
[1755364177.243381] [eos0397:1063738:0]           mpool.c:138  UCX  DEBUG mpool rc_recv_desc: align 8, maxelems 4294967295, elemsize 8290
[1755364177.243382] [eos0397:1063738:0]           mpool.c:138  UCX  DEBUG mpool rc_send_desc: align 64, maxelems 4294967295, elemsize 8256
[1755364177.243452] [eos0397:1063738:0]           mpool.c:138  UCX  DEBUG mpool send-ops-mpool: align 64, maxelems 4294967295, elemsize 48
[1755364177.243782] [eos0397:1063738:0]           mpool.c:138  UCX  DEBUG mpool pending-ops: align 1, maxelems 4294967295, elemsize 64
[1755364177.243878] [eos0397:1063738:0]         ib_mlx5.c:1083 UCX  DEBUG SL=0 (AR support - no) was selected on mlx5_4:1, SLs with AR support = { 1, 2, 3, 4, 5, 6, 7, 8, 9, 10, 11, 12, 13, 14, 15 }, SLs without AR support = { 0 }
[1755364177.243880] [eos0397:1063738:0]           mpool.c:138  UCX  DEBUG mpool rc_mlx5_atomic_desc: align 64, maxelems 4294967295, elemsize 72
[1755364177.243884] [eos0397:1063738:0]           async.c:248  UCX  DEBUG added async handler 0x55555c8ab010 [id=327 ref 1] uct_rc_mlx5_devx_iface_event_handler() to hash
[1755364177.243890] [eos0397:1063738:0]           async.c:522  UCX  DEBUG listening to async event fd 327 events 0x1 mode thread_spinlock
[1755364177.243930] [eos0397:1063738:0]      ucp_worker.c:1436 UCX  DEBUG created interface[32]=0x55555c7a1060 using rc_mlx5/mlx5_4:1 on worker 0x55555b7067e0
[1755364177.244002] [eos0397:1063738:0]     ucp_context.c:858  UCX  DEBUG apply UCT configuration IB_SEG_SIZE=8192
[1755364177.244892] [eos0397:1063738:0]        ib_iface.c:1078 UCX  DEBUG using pkey[0] 0xffff on mlx5_4:1/IB
[1755364177.245593] [eos0397:1063738:0]        ib_iface.c:1666 UCX  DEBUG created uct_ib_iface_t headroom_ofs 12 payload_ofs 92 hdr_ofs 44 data_sz 4136
[1755364177.245852] [eos0397:1063738:0]        ib_iface.c:1203 UCX  DEBUG mlx5_4: iface 0x55555c376060 created UD QP 0x1e58 on mlx5_4:1 TX wr:256 sge:2 inl:60 resp:0 RX wr:4096 sge:1 resp:0
[1755364177.245853] [eos0397:1063738:0]         ib_mlx5.c:776  UCX  DEBUG tx wq 32768 bytes [bb=64, nwqe=512] mmio_mode bf_post_mt
[1755364177.246122] [eos0397:1063738:0]           mpool.c:138  UCX  DEBUG mpool ud_recv_skb: align 8, maxelems 4294967295, elemsize 4188
[1755364177.246274] [eos0397:1063738:0]           mpool.c:282  UCX  DEBUG mpool ud_recv_skb: allocated chunk 0x7fffc7b7c018 of 540648 bytes with 128 elements
[1755364177.246276] [eos0397:1063738:0]           mpool.c:138  UCX  DEBUG mpool ud_tx_skb: align 64, maxelems 4294967295, elemsize 4208
[1755364177.246289] [eos0397:1063738:0]        ud_iface.c:383  UCX  DEBUG iface 0x55555c376060: adding gid fe80::946d:ae03:f:7bda to hash on device mlx5_4 port 1 index 0)
[1755364177.246298] [eos0397:1063738:0]        ud_iface.c:383  UCX  DEBUG iface 0x55555c376060: adding gid fe80:: to hash on device mlx5_4 port 1 index 1)
[1755364177.246319] [eos0397:1063738:0]        ud_iface.c:383  UCX  DEBUG iface 0x55555c376060: adding gid fe80:: to hash on device mlx5_4 port 1 index 2)
[1755364177.246329] [eos0397:1063738:0]        ud_iface.c:383  UCX  DEBUG iface 0x55555c376060: adding gid fe80:: to hash on device mlx5_4 port 1 index 3)
[1755364177.246334] [eos0397:1063738:0]        ud_iface.c:383  UCX  DEBUG iface 0x55555c376060: adding gid fe80:: to hash on device mlx5_4 port 1 index 4)
[1755364177.246342] [eos0397:1063738:0]        ud_iface.c:383  UCX  DEBUG iface 0x55555c376060: adding gid fe80:: to hash on device mlx5_4 port 1 index 5)
[1755364177.246349] [eos0397:1063738:0]        ud_iface.c:383  UCX  DEBUG iface 0x55555c376060: adding gid fe80:: to hash on device mlx5_4 port 1 index 6)
[1755364177.246355] [eos0397:1063738:0]        ud_iface.c:383  UCX  DEBUG iface 0x55555c376060: adding gid fe80:: to hash on device mlx5_4 port 1 index 7)
[1755364177.246449] [eos0397:1063738:0]         ib_mlx5.c:1083 UCX  DEBUG SL=0 (AR support - no) was selected on mlx5_4:1, SLs with AR support = { 1, 2, 3, 4, 5, 6, 7, 8, 9, 10, 11, 12, 13, 14, 15 }, SLs without AR support = { 0 }
[1755364177.246464] [eos0397:1063738:0]     timer_wheel.c:41   UCX  DEBUG high res timer created log=23 resolution=4240.642659 usec wanted: 2499.999678 usec
[1755364177.246465] [eos0397:1063738:0]           async.c:248  UCX  DEBUG added async handler 0x55555c988010 [id=329 ref 1] uct_ud_mlx5_iface_async_handler() to hash
[1755364177.246471] [eos0397:1063738:0]           async.c:522  UCX  DEBUG listening to async event fd 329 events 0x5 mode thread_spinlock
[1755364177.246506] [eos0397:1063738:0]      ucp_worker.c:1436 UCX  DEBUG created interface[33]=0x55555c376060 using ud_mlx5/mlx5_4:1 on worker 0x55555b7067e0
[1755364177.246624] [eos0397:1063738:0]     ucp_context.c:858  UCX  DEBUG apply UCT configuration IB_SEG_SIZE=8192
[1755364177.246688] [eos0397:1063738:0]        ib_iface.c:1078 UCX  DEBUG using pkey[0] 0xffff on mlx5_5:1/IB
[1755364177.247469] [eos0397:1063738:0]        ib_iface.c:1666 UCX  DEBUG created uct_ib_iface_t headroom_ofs 12 payload_ofs 92 hdr_ofs 91 data_sz 8192
[1755364177.247477] [eos0397:1063738:0]           mpool.c:138  UCX  DEBUG mpool rc_recv_desc: align 8, maxelems 4294967295, elemsize 8291
[1755364177.247478] [eos0397:1063738:0]           mpool.c:138  UCX  DEBUG mpool rc_send_desc: align 64, maxelems 4294967295, elemsize 8256
[1755364177.247548] [eos0397:1063738:0]           mpool.c:138  UCX  DEBUG mpool send-ops-mpool: align 64, maxelems 4294967295, elemsize 48
[1755364177.247838] [eos0397:1063738:0]           mpool.c:138  UCX  DEBUG mpool pending-ops: align 1, maxelems 4294967295, elemsize 64
[1755364177.247839] [eos0397:1063738:0]           mpool.c:138  UCX  DEBUG mpool rc_verbs_short_desc: align 64, maxelems 4294967295, elemsize 192
[1755364177.248104] [eos0397:1063738:0]        ib_iface.c:1203 UCX  DEBUG mlx5_5: iface 0x55555c9ad020 created RC QP 0x921 on mlx5_5:1 TX wr:409 sge:5 inl:124 resp:64 RX wr:0 sge:0 resp:64
[1755364177.248443] [eos0397:1063738:0]      ucp_worker.c:1436 UCX  DEBUG created interface[34]=0x55555c9ad020 using rc_verbs/mlx5_5:1 on worker 0x55555b7067e0
[1755364177.248511] [eos0397:1063738:0]     ucp_context.c:858  UCX  DEBUG apply UCT configuration IB_SEG_SIZE=8192
[1755364177.248569] [eos0397:1063738:0]        ib_iface.c:1078 UCX  DEBUG using pkey[0] 0xffff on mlx5_5:1/IB
[1755364177.249187] [eos0397:1063738:0]        ib_iface.c:1666 UCX  DEBUG created uct_ib_iface_t headroom_ofs 12 payload_ofs 92 hdr_ofs 44 data_sz 4136
[1755364177.249457] [eos0397:1063738:0]        ib_iface.c:1203 UCX  DEBUG mlx5_5: iface 0x55555c990060 created UD QP 0x1e1d on mlx5_5:1 TX wr:341 sge:6 inl:124 resp:0 RX wr:4096 sge:1 resp:0
[1755364177.249734] [eos0397:1063738:0]           mpool.c:138  UCX  DEBUG mpool ud_recv_skb: align 8, maxelems 4294967295, elemsize 4188
[1755364177.249887] [eos0397:1063738:0]           mpool.c:282  UCX  DEBUG mpool ud_recv_skb: allocated chunk 0x7fffc7af8018 of 540648 bytes with 128 elements
[1755364177.249889] [eos0397:1063738:0]           mpool.c:138  UCX  DEBUG mpool ud_tx_skb: align 64, maxelems 4294967295, elemsize 4208
[1755364177.249899] [eos0397:1063738:0]        ud_iface.c:383  UCX  DEBUG iface 0x55555c990060: adding gid fe80::946d:ae03:f:7bd2 to hash on device mlx5_5 port 1 index 0)
[1755364177.249904] [eos0397:1063738:0]        ud_iface.c:383  UCX  DEBUG iface 0x55555c990060: adding gid fe80:: to hash on device mlx5_5 port 1 index 1)
[1755364177.249911] [eos0397:1063738:0]        ud_iface.c:383  UCX  DEBUG iface 0x55555c990060: adding gid fe80:: to hash on device mlx5_5 port 1 index 2)
[1755364177.249916] [eos0397:1063738:0]        ud_iface.c:383  UCX  DEBUG iface 0x55555c990060: adding gid fe80:: to hash on device mlx5_5 port 1 index 3)
[1755364177.249921] [eos0397:1063738:0]        ud_iface.c:383  UCX  DEBUG iface 0x55555c990060: adding gid fe80:: to hash on device mlx5_5 port 1 index 4)
[1755364177.249927] [eos0397:1063738:0]        ud_iface.c:383  UCX  DEBUG iface 0x55555c990060: adding gid fe80:: to hash on device mlx5_5 port 1 index 5)
[1755364177.249935] [eos0397:1063738:0]        ud_iface.c:383  UCX  DEBUG iface 0x55555c990060: adding gid fe80:: to hash on device mlx5_5 port 1 index 6)
[1755364177.249940] [eos0397:1063738:0]        ud_iface.c:383  UCX  DEBUG iface 0x55555c990060: adding gid fe80:: to hash on device mlx5_5 port 1 index 7)
[1755364177.250009] [eos0397:1063738:0]     timer_wheel.c:41   UCX  DEBUG high res timer created log=23 resolution=4240.642659 usec wanted: 2499.999678 usec
[1755364177.250011] [eos0397:1063738:0]           async.c:248  UCX  DEBUG added async handler 0x55555cbc5010 [id=331 ref 1] uct_ud_verbs_iface_async_handler() to hash
[1755364177.250017] [eos0397:1063738:0]           async.c:522  UCX  DEBUG listening to async event fd 331 events 0x5 mode thread_spinlock
[1755364177.250051] [eos0397:1063738:0]      ucp_worker.c:1436 UCX  DEBUG created interface[35]=0x55555c990060 using ud_verbs/mlx5_5:1 on worker 0x55555b7067e0
[1755364177.250195] [eos0397:1063738:0]     ucp_context.c:858  UCX  DEBUG apply UCT configuration IB_SEG_SIZE=8192
[1755364177.250247] [eos0397:1063738:0]        ib_iface.c:1078 UCX  DEBUG using pkey[0] 0xffff on mlx5_5:1/IB
[1755364177.250438] [eos0397:1063738:0]           mpool.c:282  UCX  DEBUG mpool devx dbrec: allocated chunk 0x55555cb1b010 of 8176 bytes with 127 elements
[1755364177.252872] [eos0397:1063738:0]        ib_iface.c:1666 UCX  DEBUG created uct_ib_iface_t headroom_ofs 12 payload_ofs 92 hdr_ofs 90 data_sz 8192
[1755364177.252887] [eos0397:1063738:0]           mpool.c:138  UCX  DEBUG mpool rc_recv_desc: align 8, maxelems 4294967295, elemsize 8290
[1755364177.252888] [eos0397:1063738:0]           mpool.c:138  UCX  DEBUG mpool rc_send_desc: align 64, maxelems 4294967295, elemsize 8256
[1755364177.253310] [eos0397:1063738:0]           mpool.c:138  UCX  DEBUG mpool send-ops-mpool: align 64, maxelems 4294967295, elemsize 48
[1755364177.253646] [eos0397:1063738:0]           mpool.c:138  UCX  DEBUG mpool pending-ops: align 1, maxelems 4294967295, elemsize 112
[1755364177.253750] [eos0397:1063738:0]         ib_mlx5.c:1083 UCX  DEBUG SL=0 (AR support - no) was selected on mlx5_5:1, SLs with AR support = { 1, 2, 3, 4, 5, 6, 7, 8, 9, 10, 11, 12, 13, 14, 15 }, SLs without AR support = { 0 }
[1755364177.254176] [eos0397:1063738:0]           mpool.c:138  UCX  DEBUG mpool mlx5_dm_desc: align 64, maxelems 1, elemsize 64
[1755364177.254177] [eos0397:1063738:0]           mpool.c:138  UCX  DEBUG mpool rc_mlx5_atomic_desc: align 64, maxelems 4294967295, elemsize 72
[1755364177.254183] [eos0397:1063738:0]           async.c:248  UCX  DEBUG added async handler 0x55555c8f6010 [id=333 ref 1] uct_rc_mlx5_devx_iface_event_handler() to hash
[1755364177.254189] [eos0397:1063738:0]           async.c:522  UCX  DEBUG listening to async event fd 333 events 0x1 mode thread_spinlock
[1755364177.255178] [eos0397:1063738:0]    ib_mlx5dv_md.c:2616 UCX  DEBUG counter_set_id on mlx5_5:1 is 0x1
[1755364177.255813] [eos0397:1063738:0]         dc_mlx5.c:407  UCX  DEBUG created DevX DCI 0x923, rdma_wr_disabled=0
[1755364177.256141] [eos0397:1063738:0]         dc_mlx5.c:1729 UCX  DEBUG dc iface 0x55555cbc5050: using 'dcs_quota' policy with 32 dcis and 32768 cqes, dct 0x1e20
[1755364177.256142] [eos0397:1063738:0]         dc_mlx5.c:822  UCX  DEBUG creating dci pool 0 with 32 QPs
[1755364177.256143] [eos0397:1063738:0]         dc_mlx5.c:805  UCX  DEBUG dci pool config: (path_index=0, max_rd_atomic=64)
[1755364177.263621] [eos0397:1063738:0]           mpool.c:282  UCX  DEBUG mpool rc_recv_desc: allocated chunk 0x7e69fe800018 of 37748712 bytes with 4550 elements
[1755364177.264252] [eos0397:1063738:0]         dc_mlx5.c:1749 UCX  DEBUG created dc iface 0x55555cbc5050
[1755364177.264316] [eos0397:1063738:0]      ucp_worker.c:1436 UCX  DEBUG created interface[36]=0x55555cbc5050 using dc_mlx5/mlx5_5:1 on worker 0x55555b7067e0
[1755364177.264453] [eos0397:1063738:0]     ucp_context.c:858  UCX  DEBUG apply UCT configuration IB_SEG_SIZE=8192
[1755364177.264521] [eos0397:1063738:0]        ib_iface.c:1078 UCX  DEBUG using pkey[0] 0xffff on mlx5_5:1/IB
[1755364177.265434] [eos0397:1063738:0]        ib_iface.c:1666 UCX  DEBUG created uct_ib_iface_t headroom_ofs 12 payload_ofs 92 hdr_ofs 90 data_sz 8192
[1755364177.265439] [eos0397:1063738:0]           mpool.c:138  UCX  DEBUG mpool rc_recv_desc: align 8, maxelems 4294967295, elemsize 8290
[1755364177.265440] [eos0397:1063738:0]           mpool.c:138  UCX  DEBUG mpool rc_send_desc: align 64, maxelems 4294967295, elemsize 8256
[1755364177.265505] [eos0397:1063738:0]           mpool.c:138  UCX  DEBUG mpool send-ops-mpool: align 64, maxelems 4294967295, elemsize 48
[1755364177.265825] [eos0397:1063738:0]           mpool.c:138  UCX  DEBUG mpool pending-ops: align 1, maxelems 4294967295, elemsize 64
[1755364177.265925] [eos0397:1063738:0]         ib_mlx5.c:1083 UCX  DEBUG SL=0 (AR support - no) was selected on mlx5_5:1, SLs with AR support = { 1, 2, 3, 4, 5, 6, 7, 8, 9, 10, 11, 12, 13, 14, 15 }, SLs without AR support = { 0 }
[1755364177.265926] [eos0397:1063738:0]           mpool.c:138  UCX  DEBUG mpool rc_mlx5_atomic_desc: align 64, maxelems 4294967295, elemsize 72
[1755364177.265931] [eos0397:1063738:0]           async.c:248  UCX  DEBUG added async handler 0x55555cb21010 [id=336 ref 1] uct_rc_mlx5_devx_iface_event_handler() to hash
[1755364177.265936] [eos0397:1063738:0]           async.c:522  UCX  DEBUG listening to async event fd 336 events 0x1 mode thread_spinlock
[1755364177.265974] [eos0397:1063738:0]      ucp_worker.c:1436 UCX  DEBUG created interface[37]=0x55555cdc1070 using rc_mlx5/mlx5_5:1 on worker 0x55555b7067e0
[1755364177.266048] [eos0397:1063738:0]     ucp_context.c:858  UCX  DEBUG apply UCT configuration IB_SEG_SIZE=8192
[1755364177.266978] [eos0397:1063738:0]        ib_iface.c:1078 UCX  DEBUG using pkey[0] 0xffff on mlx5_5:1/IB
[1755364177.267697] [eos0397:1063738:0]        ib_iface.c:1666 UCX  DEBUG created uct_ib_iface_t headroom_ofs 12 payload_ofs 92 hdr_ofs 44 data_sz 4136
[1755364177.267963] [eos0397:1063738:0]        ib_iface.c:1203 UCX  DEBUG mlx5_5: iface 0x55555ce4b0f0 created UD QP 0x1e24 on mlx5_5:1 TX wr:256 sge:2 inl:60 resp:0 RX wr:4096 sge:1 resp:0
[1755364177.267966] [eos0397:1063738:0]         ib_mlx5.c:776  UCX  DEBUG tx wq 32768 bytes [bb=64, nwqe=512] mmio_mode bf_post_mt
[1755364177.268248] [eos0397:1063738:0]           mpool.c:138  UCX  DEBUG mpool ud_recv_skb: align 8, maxelems 4294967295, elemsize 4188
[1755364177.268405] [eos0397:1063738:0]           mpool.c:282  UCX  DEBUG mpool ud_recv_skb: allocated chunk 0x7fffc7a74018 of 540648 bytes with 128 elements
[1755364177.268408] [eos0397:1063738:0]           mpool.c:138  UCX  DEBUG mpool ud_tx_skb: align 64, maxelems 4294967295, elemsize 4208
[1755364177.268423] [eos0397:1063738:0]        ud_iface.c:383  UCX  DEBUG iface 0x55555ce4b0f0: adding gid fe80::946d:ae03:f:7bd2 to hash on device mlx5_5 port 1 index 0)
[1755364177.268430] [eos0397:1063738:0]        ud_iface.c:383  UCX  DEBUG iface 0x55555ce4b0f0: adding gid fe80:: to hash on device mlx5_5 port 1 index 1)
[1755364177.268435] [eos0397:1063738:0]        ud_iface.c:383  UCX  DEBUG iface 0x55555ce4b0f0: adding gid fe80:: to hash on device mlx5_5 port 1 index 2)
[1755364177.268441] [eos0397:1063738:0]        ud_iface.c:383  UCX  DEBUG iface 0x55555ce4b0f0: adding gid fe80:: to hash on device mlx5_5 port 1 index 3)
[1755364177.268450] [eos0397:1063738:0]        ud_iface.c:383  UCX  DEBUG iface 0x55555ce4b0f0: adding gid fe80:: to hash on device mlx5_5 port 1 index 4)
[1755364177.268457] [eos0397:1063738:0]        ud_iface.c:383  UCX  DEBUG iface 0x55555ce4b0f0: adding gid fe80:: to hash on device mlx5_5 port 1 index 5)
[1755364177.268471] [eos0397:1063738:0]        ud_iface.c:383  UCX  DEBUG iface 0x55555ce4b0f0: adding gid fe80:: to hash on device mlx5_5 port 1 index 6)
[1755364177.268480] [eos0397:1063738:0]        ud_iface.c:383  UCX  DEBUG iface 0x55555ce4b0f0: adding gid fe80:: to hash on device mlx5_5 port 1 index 7)
[1755364177.268575] [eos0397:1063738:0]         ib_mlx5.c:1083 UCX  DEBUG SL=0 (AR support - no) was selected on mlx5_5:1, SLs with AR support = { 1, 2, 3, 4, 5, 6, 7, 8, 9, 10, 11, 12, 13, 14, 15 }, SLs without AR support = { 0 }
[1755364177.268590] [eos0397:1063738:0]     timer_wheel.c:41   UCX  DEBUG high res timer created log=23 resolution=4240.642659 usec wanted: 2499.999678 usec
[1755364177.268594] [eos0397:1063738:0]           async.c:248  UCX  DEBUG added async handler 0x55555cfa7010 [id=338 ref 1] uct_ud_mlx5_iface_async_handler() to hash
[1755364177.268605] [eos0397:1063738:0]           async.c:522  UCX  DEBUG listening to async event fd 338 events 0x5 mode thread_spinlock
[1755364177.268652] [eos0397:1063738:0]      ucp_worker.c:1436 UCX  DEBUG created interface[38]=0x55555ce4b0f0 using ud_mlx5/mlx5_5:1 on worker 0x55555b7067e0
[1755364177.268786] [eos0397:1063738:0]     ucp_context.c:858  UCX  DEBUG apply UCT configuration IB_SEG_SIZE=8192
[1755364177.268852] [eos0397:1063738:0]        ib_iface.c:1078 UCX  DEBUG using pkey[0] 0xffff on mlx5_6:1/IB
[1755364177.269619] [eos0397:1063738:0]        ib_iface.c:1666 UCX  DEBUG created uct_ib_iface_t headroom_ofs 12 payload_ofs 92 hdr_ofs 91 data_sz 8192
[1755364177.269632] [eos0397:1063738:0]           mpool.c:138  UCX  DEBUG mpool rc_recv_desc: align 8, maxelems 4294967295, elemsize 8291
[1755364177.269633] [eos0397:1063738:0]           mpool.c:138  UCX  DEBUG mpool rc_send_desc: align 64, maxelems 4294967295, elemsize 8256
[1755364177.269696] [eos0397:1063738:0]           mpool.c:138  UCX  DEBUG mpool send-ops-mpool: align 64, maxelems 4294967295, elemsize 48
[1755364177.269977] [eos0397:1063738:0]           mpool.c:138  UCX  DEBUG mpool pending-ops: align 1, maxelems 4294967295, elemsize 64
[1755364177.269978] [eos0397:1063738:0]           mpool.c:138  UCX  DEBUG mpool rc_verbs_short_desc: align 64, maxelems 4294967295, elemsize 192
[1755364177.270241] [eos0397:1063738:0]        ib_iface.c:1203 UCX  DEBUG mlx5_6: iface 0x55555cfcc020 created RC QP 0x9b1 on mlx5_6:1 TX wr:409 sge:5 inl:124 resp:64 RX wr:0 sge:0 resp:64
[1755364177.270638] [eos0397:1063738:0]      ucp_worker.c:1436 UCX  DEBUG created interface[39]=0x55555cfcc020 using rc_verbs/mlx5_6:1 on worker 0x55555b7067e0
[1755364177.270711] [eos0397:1063738:0]     ucp_context.c:858  UCX  DEBUG apply UCT configuration IB_SEG_SIZE=8192
[1755364177.270769] [eos0397:1063738:0]        ib_iface.c:1078 UCX  DEBUG using pkey[0] 0xffff on mlx5_6:1/IB
[1755364177.271380] [eos0397:1063738:0]        ib_iface.c:1666 UCX  DEBUG created uct_ib_iface_t headroom_ofs 12 payload_ofs 92 hdr_ofs 44 data_sz 4136
[1755364177.271710] [eos0397:1063738:0]        ib_iface.c:1203 UCX  DEBUG mlx5_6: iface 0x55555cb1d560 created UD QP 0x1eae on mlx5_6:1 TX wr:341 sge:6 inl:124 resp:0 RX wr:4096 sge:1 resp:0
[1755364177.272001] [eos0397:1063738:0]           mpool.c:138  UCX  DEBUG mpool ud_recv_skb: align 8, maxelems 4294967295, elemsize 4188
[1755364177.272154] [eos0397:1063738:0]           mpool.c:282  UCX  DEBUG mpool ud_recv_skb: allocated chunk 0x7fffc777c018 of 540648 bytes with 128 elements
[1755364177.272167] [eos0397:1063738:0]           mpool.c:138  UCX  DEBUG mpool ud_tx_skb: align 64, maxelems 4294967295, elemsize 4208
[1755364177.272179] [eos0397:1063738:0]        ud_iface.c:383  UCX  DEBUG iface 0x55555cb1d560: adding gid fe80::946d:ae03:f:7336 to hash on device mlx5_6 port 1 index 0)
[1755364177.272185] [eos0397:1063738:0]        ud_iface.c:383  UCX  DEBUG iface 0x55555cb1d560: adding gid fe80:: to hash on device mlx5_6 port 1 index 1)
[1755364177.272191] [eos0397:1063738:0]        ud_iface.c:383  UCX  DEBUG iface 0x55555cb1d560: adding gid fe80:: to hash on device mlx5_6 port 1 index 2)
[1755364177.272196] [eos0397:1063738:0]        ud_iface.c:383  UCX  DEBUG iface 0x55555cb1d560: adding gid fe80:: to hash on device mlx5_6 port 1 index 3)
[1755364177.272203] [eos0397:1063738:0]        ud_iface.c:383  UCX  DEBUG iface 0x55555cb1d560: adding gid fe80:: to hash on device mlx5_6 port 1 index 4)
[1755364177.272214] [eos0397:1063738:0]        ud_iface.c:383  UCX  DEBUG iface 0x55555cb1d560: adding gid fe80:: to hash on device mlx5_6 port 1 index 5)
[1755364177.272222] [eos0397:1063738:0]        ud_iface.c:383  UCX  DEBUG iface 0x55555cb1d560: adding gid fe80:: to hash on device mlx5_6 port 1 index 6)
[1755364177.272232] [eos0397:1063738:0]        ud_iface.c:383  UCX  DEBUG iface 0x55555cb1d560: adding gid fe80:: to hash on device mlx5_6 port 1 index 7)
[1755364177.272323] [eos0397:1063738:0]     timer_wheel.c:41   UCX  DEBUG high res timer created log=23 resolution=4240.642659 usec wanted: 2499.999678 usec
[1755364177.272325] [eos0397:1063738:0]           async.c:248  UCX  DEBUG added async handler 0x55555d096010 [id=340 ref 1] uct_ud_verbs_iface_async_handler() to hash
[1755364177.272332] [eos0397:1063738:0]           async.c:522  UCX  DEBUG listening to async event fd 340 events 0x5 mode thread_spinlock
[1755364177.272384] [eos0397:1063738:0]      ucp_worker.c:1436 UCX  DEBUG created interface[40]=0x55555cb1d560 using ud_verbs/mlx5_6:1 on worker 0x55555b7067e0
[1755364177.272536] [eos0397:1063738:0]     ucp_context.c:858  UCX  DEBUG apply UCT configuration IB_SEG_SIZE=8192
[1755364177.272595] [eos0397:1063738:0]        ib_iface.c:1078 UCX  DEBUG using pkey[0] 0xffff on mlx5_6:1/IB
[1755364177.272814] [eos0397:1063738:0]           mpool.c:282  UCX  DEBUG mpool devx dbrec: allocated chunk 0x55555d1e2010 of 8176 bytes with 127 elements
[1755364177.275284] [eos0397:1063738:0]        ib_iface.c:1666 UCX  DEBUG created uct_ib_iface_t headroom_ofs 12 payload_ofs 92 hdr_ofs 90 data_sz 8192
[1755364177.275294] [eos0397:1063738:0]           mpool.c:138  UCX  DEBUG mpool rc_recv_desc: align 8, maxelems 4294967295, elemsize 8290
[1755364177.275295] [eos0397:1063738:0]           mpool.c:138  UCX  DEBUG mpool rc_send_desc: align 64, maxelems 4294967295, elemsize 8256
[1755364177.275712] [eos0397:1063738:0]           mpool.c:138  UCX  DEBUG mpool send-ops-mpool: align 64, maxelems 4294967295, elemsize 48
[1755364177.276050] [eos0397:1063738:0]           mpool.c:138  UCX  DEBUG mpool pending-ops: align 1, maxelems 4294967295, elemsize 112
[1755364177.276154] [eos0397:1063738:0]         ib_mlx5.c:1083 UCX  DEBUG SL=0 (AR support - no) was selected on mlx5_6:1, SLs with AR support = { 1, 2, 3, 4, 5, 6, 7, 8, 9, 10, 11, 12, 13, 14, 15 }, SLs without AR support = { 0 }
[1755364177.276594] [eos0397:1063738:0]           mpool.c:138  UCX  DEBUG mpool mlx5_dm_desc: align 64, maxelems 1, elemsize 64
[1755364177.276595] [eos0397:1063738:0]           mpool.c:138  UCX  DEBUG mpool rc_mlx5_atomic_desc: align 64, maxelems 4294967295, elemsize 72
[1755364177.276600] [eos0397:1063738:0]           async.c:248  UCX  DEBUG added async handler 0x55555d265010 [id=342 ref 1] uct_rc_mlx5_devx_iface_event_handler() to hash
[1755364177.276607] [eos0397:1063738:0]           async.c:522  UCX  DEBUG listening to async event fd 342 events 0x1 mode thread_spinlock
[1755364177.277609] [eos0397:1063738:0]    ib_mlx5dv_md.c:2616 UCX  DEBUG counter_set_id on mlx5_6:1 is 0x1
[1755364177.278202] [eos0397:1063738:0]         dc_mlx5.c:407  UCX  DEBUG created DevX DCI 0x9b3, rdma_wr_disabled=0
[1755364177.278517] [eos0397:1063738:0]         dc_mlx5.c:1729 UCX  DEBUG dc iface 0x55555d1d9030: using 'dcs_quota' policy with 32 dcis and 32768 cqes, dct 0x1eb0
[1755364177.278519] [eos0397:1063738:0]         dc_mlx5.c:822  UCX  DEBUG creating dci pool 0 with 32 QPs
[1755364177.278520] [eos0397:1063738:0]         dc_mlx5.c:805  UCX  DEBUG dci pool config: (path_index=0, max_rd_atomic=64)
[1755364177.284809] [eos0397:1063738:0]           mpool.c:282  UCX  DEBUG mpool rc_recv_desc: allocated chunk 0x7e69fc200018 of 37748712 bytes with 4550 elements
[1755364177.284979] [eos0397:1063738:0]         dc_mlx5.c:1749 UCX  DEBUG created dc iface 0x55555d1d9030
[1755364177.285022] [eos0397:1063738:0]      ucp_worker.c:1436 UCX  DEBUG created interface[41]=0x55555d1d9030 using dc_mlx5/mlx5_6:1 on worker 0x55555b7067e0
[1755364177.285158] [eos0397:1063738:0]     ucp_context.c:858  UCX  DEBUG apply UCT configuration IB_SEG_SIZE=8192
[1755364177.285225] [eos0397:1063738:0]        ib_iface.c:1078 UCX  DEBUG using pkey[0] 0xffff on mlx5_6:1/IB
[1755364177.286255] [eos0397:1063738:0]        ib_iface.c:1666 UCX  DEBUG created uct_ib_iface_t headroom_ofs 12 payload_ofs 92 hdr_ofs 90 data_sz 8192
[1755364177.286259] [eos0397:1063738:0]           mpool.c:138  UCX  DEBUG mpool rc_recv_desc: align 8, maxelems 4294967295, elemsize 8290
[1755364177.286260] [eos0397:1063738:0]           mpool.c:138  UCX  DEBUG mpool rc_send_desc: align 64, maxelems 4294967295, elemsize 8256
[1755364177.286323] [eos0397:1063738:0]           mpool.c:138  UCX  DEBUG mpool send-ops-mpool: align 64, maxelems 4294967295, elemsize 48
[1755364177.286669] [eos0397:1063738:0]           mpool.c:138  UCX  DEBUG mpool pending-ops: align 1, maxelems 4294967295, elemsize 64
[1755364177.286761] [eos0397:1063738:0]         ib_mlx5.c:1083 UCX  DEBUG SL=0 (AR support - no) was selected on mlx5_6:1, SLs with AR support = { 1, 2, 3, 4, 5, 6, 7, 8, 9, 10, 11, 12, 13, 14, 15 }, SLs without AR support = { 0 }
[1755364177.286763] [eos0397:1063738:0]           mpool.c:138  UCX  DEBUG mpool rc_mlx5_atomic_desc: align 64, maxelems 4294967295, elemsize 72
[1755364177.286767] [eos0397:1063738:0]           async.c:248  UCX  DEBUG added async handler 0x55555d4e4010 [id=345 ref 1] uct_rc_mlx5_devx_iface_event_handler() to hash
[1755364177.286774] [eos0397:1063738:0]           async.c:522  UCX  DEBUG listening to async event fd 345 events 0x1 mode thread_spinlock
[1755364177.286852] [eos0397:1063738:0]      ucp_worker.c:1436 UCX  DEBUG created interface[42]=0x55555d3da060 using rc_mlx5/mlx5_6:1 on worker 0x55555b7067e0
[1755364177.286926] [eos0397:1063738:0]     ucp_context.c:858  UCX  DEBUG apply UCT configuration IB_SEG_SIZE=8192
[1755364177.287779] [eos0397:1063738:0]        ib_iface.c:1078 UCX  DEBUG using pkey[0] 0xffff on mlx5_6:1/IB
[1755364177.288408] [eos0397:1063738:0]        ib_iface.c:1666 UCX  DEBUG created uct_ib_iface_t headroom_ofs 12 payload_ofs 92 hdr_ofs 44 data_sz 4136
[1755364177.288668] [eos0397:1063738:0]        ib_iface.c:1203 UCX  DEBUG mlx5_6: iface 0x55555d120070 created UD QP 0x1eb4 on mlx5_6:1 TX wr:256 sge:2 inl:60 resp:0 RX wr:4096 sge:1 resp:0
[1755364177.288670] [eos0397:1063738:0]         ib_mlx5.c:776  UCX  DEBUG tx wq 32768 bytes [bb=64, nwqe=512] mmio_mode bf_post_mt
[1755364177.288954] [eos0397:1063738:0]           mpool.c:138  UCX  DEBUG mpool ud_recv_skb: align 8, maxelems 4294967295, elemsize 4188
[1755364177.289102] [eos0397:1063738:0]           mpool.c:282  UCX  DEBUG mpool ud_recv_skb: allocated chunk 0x7fffc76f8018 of 540648 bytes with 128 elements
[1755364177.289105] [eos0397:1063738:0]           mpool.c:138  UCX  DEBUG mpool ud_tx_skb: align 64, maxelems 4294967295, elemsize 4208
[1755364177.289134] [eos0397:1063738:0]        ud_iface.c:383  UCX  DEBUG iface 0x55555d120070: adding gid fe80::946d:ae03:f:7336 to hash on device mlx5_6 port 1 index 0)
[1755364177.289149] [eos0397:1063738:0]        ud_iface.c:383  UCX  DEBUG iface 0x55555d120070: adding gid fe80:: to hash on device mlx5_6 port 1 index 1)
[1755364177.289179] [eos0397:1063738:0]        ud_iface.c:383  UCX  DEBUG iface 0x55555d120070: adding gid fe80:: to hash on device mlx5_6 port 1 index 2)
[1755364177.289193] [eos0397:1063738:0]        ud_iface.c:383  UCX  DEBUG iface 0x55555d120070: adding gid fe80:: to hash on device mlx5_6 port 1 index 3)
[1755364177.289202] [eos0397:1063738:0]        ud_iface.c:383  UCX  DEBUG iface 0x55555d120070: adding gid fe80:: to hash on device mlx5_6 port 1 index 4)
[1755364177.289208] [eos0397:1063738:0]        ud_iface.c:383  UCX  DEBUG iface 0x55555d120070: adding gid fe80:: to hash on device mlx5_6 port 1 index 5)
[1755364177.289213] [eos0397:1063738:0]        ud_iface.c:383  UCX  DEBUG iface 0x55555d120070: adding gid fe80:: to hash on device mlx5_6 port 1 index 6)
[1755364177.289219] [eos0397:1063738:0]        ud_iface.c:383  UCX  DEBUG iface 0x55555d120070: adding gid fe80:: to hash on device mlx5_6 port 1 index 7)
[1755364177.289314] [eos0397:1063738:0]         ib_mlx5.c:1083 UCX  DEBUG SL=0 (AR support - no) was selected on mlx5_6:1, SLs with AR support = { 1, 2, 3, 4, 5, 6, 7, 8, 9, 10, 11, 12, 13, 14, 15 }, SLs without AR support = { 0 }
[1755364177.289327] [eos0397:1063738:0]     timer_wheel.c:41   UCX  DEBUG high res timer created log=23 resolution=4240.642659 usec wanted: 2499.999678 usec
[1755364177.289329] [eos0397:1063738:0]           async.c:248  UCX  DEBUG added async handler 0x55555d52f010 [id=347 ref 1] uct_ud_mlx5_iface_async_handler() to hash
[1755364177.289336] [eos0397:1063738:0]           async.c:522  UCX  DEBUG listening to async event fd 347 events 0x5 mode thread_spinlock
[1755364177.289395] [eos0397:1063738:0]      ucp_worker.c:1436 UCX  DEBUG created interface[43]=0x55555d120070 using ud_mlx5/mlx5_6:1 on worker 0x55555b7067e0
[1755364177.289518] [eos0397:1063738:0]     ucp_context.c:858  UCX  DEBUG apply UCT configuration IB_SEG_SIZE=8192
[1755364177.289574] [eos0397:1063738:0]        ib_iface.c:1078 UCX  DEBUG using pkey[0] 0xffff on mlx5_9:1/IB
[1755364177.290337] [eos0397:1063738:0]        ib_iface.c:1666 UCX  DEBUG created uct_ib_iface_t headroom_ofs 12 payload_ofs 92 hdr_ofs 91 data_sz 8192
[1755364177.290345] [eos0397:1063738:0]           mpool.c:138  UCX  DEBUG mpool rc_recv_desc: align 8, maxelems 4294967295, elemsize 8291
[1755364177.290346] [eos0397:1063738:0]           mpool.c:138  UCX  DEBUG mpool rc_send_desc: align 64, maxelems 4294967295, elemsize 8256
[1755364177.290417] [eos0397:1063738:0]           mpool.c:138  UCX  DEBUG mpool send-ops-mpool: align 64, maxelems 4294967295, elemsize 48
[1755364177.290759] [eos0397:1063738:0]           mpool.c:138  UCX  DEBUG mpool pending-ops: align 1, maxelems 4294967295, elemsize 64
[1755364177.290761] [eos0397:1063738:0]           mpool.c:138  UCX  DEBUG mpool rc_verbs_short_desc: align 64, maxelems 4294967295, elemsize 192
[1755364177.291027] [eos0397:1063738:0]        ib_iface.c:1203 UCX  DEBUG mlx5_9: iface 0x55555d5e6070 created RC QP 0x909 on mlx5_9:1 TX wr:409 sge:5 inl:124 resp:64 RX wr:0 sge:0 resp:64
[1755364177.291384] [eos0397:1063738:0]      ucp_worker.c:1436 UCX  DEBUG created interface[44]=0x55555d5e6070 using rc_verbs/mlx5_9:1 on worker 0x55555b7067e0
[1755364177.291454] [eos0397:1063738:0]     ucp_context.c:858  UCX  DEBUG apply UCT configuration IB_SEG_SIZE=8192
[1755364177.291512] [eos0397:1063738:0]        ib_iface.c:1078 UCX  DEBUG using pkey[0] 0xffff on mlx5_9:1/IB
[1755364177.292146] [eos0397:1063738:0]        ib_iface.c:1666 UCX  DEBUG created uct_ib_iface_t headroom_ofs 12 payload_ofs 92 hdr_ofs 44 data_sz 4136
[1755364177.292456] [eos0397:1063738:0]        ib_iface.c:1203 UCX  DEBUG mlx5_9: iface 0x55555cf15470 created UD QP 0x1e05 on mlx5_9:1 TX wr:341 sge:6 inl:124 resp:0 RX wr:4096 sge:1 resp:0
[1755364177.292731] [eos0397:1063738:0]           mpool.c:138  UCX  DEBUG mpool ud_recv_skb: align 8, maxelems 4294967295, elemsize 4188
[1755364177.292876] [eos0397:1063738:0]           mpool.c:282  UCX  DEBUG mpool ud_recv_skb: allocated chunk 0x7fffc7674018 of 540648 bytes with 128 elements
[1755364177.292878] [eos0397:1063738:0]           mpool.c:138  UCX  DEBUG mpool ud_tx_skb: align 64, maxelems 4294967295, elemsize 4208
[1755364177.292896] [eos0397:1063738:0]        ud_iface.c:383  UCX  DEBUG iface 0x55555cf15470: adding gid fe80::946d:ae03:f:733e to hash on device mlx5_9 port 1 index 0)
[1755364177.292907] [eos0397:1063738:0]        ud_iface.c:383  UCX  DEBUG iface 0x55555cf15470: adding gid fe80:: to hash on device mlx5_9 port 1 index 1)
[1755364177.292929] [eos0397:1063738:0]        ud_iface.c:383  UCX  DEBUG iface 0x55555cf15470: adding gid fe80:: to hash on device mlx5_9 port 1 index 2)
[1755364177.292942] [eos0397:1063738:0]        ud_iface.c:383  UCX  DEBUG iface 0x55555cf15470: adding gid fe80:: to hash on device mlx5_9 port 1 index 3)
[1755364177.292955] [eos0397:1063738:0]        ud_iface.c:383  UCX  DEBUG iface 0x55555cf15470: adding gid fe80:: to hash on device mlx5_9 port 1 index 4)
[1755364177.292966] [eos0397:1063738:0]        ud_iface.c:383  UCX  DEBUG iface 0x55555cf15470: adding gid fe80:: to hash on device mlx5_9 port 1 index 5)
[1755364177.292973] [eos0397:1063738:0]        ud_iface.c:383  UCX  DEBUG iface 0x55555cf15470: adding gid fe80:: to hash on device mlx5_9 port 1 index 6)
[1755364177.292990] [eos0397:1063738:0]        ud_iface.c:383  UCX  DEBUG iface 0x55555cf15470: adding gid fe80:: to hash on device mlx5_9 port 1 index 7)
[1755364177.293063] [eos0397:1063738:0]     timer_wheel.c:41   UCX  DEBUG high res timer created log=23 resolution=4240.642659 usec wanted: 2499.999678 usec
[1755364177.293064] [eos0397:1063738:0]           async.c:248  UCX  DEBUG added async handler 0x55555d671010 [id=349 ref 1] uct_ud_verbs_iface_async_handler() to hash
[1755364177.293071] [eos0397:1063738:0]           async.c:522  UCX  DEBUG listening to async event fd 349 events 0x5 mode thread_spinlock
[1755364177.293100] [eos0397:1063738:0]      ucp_worker.c:1436 UCX  DEBUG created interface[45]=0x55555cf15470 using ud_verbs/mlx5_9:1 on worker 0x55555b7067e0
[1755364177.293247] [eos0397:1063738:0]     ucp_context.c:858  UCX  DEBUG apply UCT configuration IB_SEG_SIZE=8192
[1755364177.293303] [eos0397:1063738:0]        ib_iface.c:1078 UCX  DEBUG using pkey[0] 0xffff on mlx5_9:1/IB
[1755364177.293491] [eos0397:1063738:0]           mpool.c:282  UCX  DEBUG mpool devx dbrec: allocated chunk 0x55555d754010 of 8176 bytes with 127 elements
[1755364177.295924] [eos0397:1063738:0]        ib_iface.c:1666 UCX  DEBUG created uct_ib_iface_t headroom_ofs 12 payload_ofs 92 hdr_ofs 90 data_sz 8192
[1755364177.295938] [eos0397:1063738:0]           mpool.c:138  UCX  DEBUG mpool rc_recv_desc: align 8, maxelems 4294967295, elemsize 8290
[1755364177.295939] [eos0397:1063738:0]           mpool.c:138  UCX  DEBUG mpool rc_send_desc: align 64, maxelems 4294967295, elemsize 8256
[1755364177.296349] [eos0397:1063738:0]           mpool.c:138  UCX  DEBUG mpool send-ops-mpool: align 64, maxelems 4294967295, elemsize 48
[1755364177.296677] [eos0397:1063738:0]           mpool.c:138  UCX  DEBUG mpool pending-ops: align 1, maxelems 4294967295, elemsize 112
[1755364177.296775] [eos0397:1063738:0]         ib_mlx5.c:1083 UCX  DEBUG SL=0 (AR support - no) was selected on mlx5_9:1, SLs with AR support = { 1, 2, 3, 4, 5, 6, 7, 8, 9, 10, 11, 12, 13, 14, 15 }, SLs without AR support = { 0 }
[1755364177.297195] [eos0397:1063738:0]           mpool.c:138  UCX  DEBUG mpool mlx5_dm_desc: align 64, maxelems 1, elemsize 64
[1755364177.297197] [eos0397:1063738:0]           mpool.c:138  UCX  DEBUG mpool rc_mlx5_atomic_desc: align 64, maxelems 4294967295, elemsize 72
[1755364177.297202] [eos0397:1063738:0]           async.c:248  UCX  DEBUG added async handler 0x55555d1acc30 [id=351 ref 1] uct_rc_mlx5_devx_iface_event_handler() to hash
[1755364177.297208] [eos0397:1063738:0]           async.c:522  UCX  DEBUG listening to async event fd 351 events 0x1 mode thread_spinlock
[1755364177.298182] [eos0397:1063738:0]    ib_mlx5dv_md.c:2616 UCX  DEBUG counter_set_id on mlx5_9:1 is 0x1
[1755364177.298765] [eos0397:1063738:0]         dc_mlx5.c:407  UCX  DEBUG created DevX DCI 0x90b, rdma_wr_disabled=0
[1755364177.299093] [eos0397:1063738:0]         dc_mlx5.c:1729 UCX  DEBUG dc iface 0x55555d7fe010: using 'dcs_quota' policy with 32 dcis and 32768 cqes, dct 0x1e08
[1755364177.299094] [eos0397:1063738:0]         dc_mlx5.c:822  UCX  DEBUG creating dci pool 0 with 32 QPs
[1755364177.299095] [eos0397:1063738:0]         dc_mlx5.c:805  UCX  DEBUG dci pool config: (path_index=0, max_rd_atomic=64)
[1755364177.305357] [eos0397:1063738:0]           mpool.c:282  UCX  DEBUG mpool rc_recv_desc: allocated chunk 0x7e69f9800018 of 37748712 bytes with 4550 elements
[1755364177.305517] [eos0397:1063738:0]         dc_mlx5.c:1749 UCX  DEBUG created dc iface 0x55555d7fe010
[1755364177.305570] [eos0397:1063738:0]      ucp_worker.c:1436 UCX  DEBUG created interface[46]=0x55555d7fe010 using dc_mlx5/mlx5_9:1 on worker 0x55555b7067e0
[1755364177.305706] [eos0397:1063738:0]     ucp_context.c:858  UCX  DEBUG apply UCT configuration IB_SEG_SIZE=8192
[1755364177.305771] [eos0397:1063738:0]        ib_iface.c:1078 UCX  DEBUG using pkey[0] 0xffff on mlx5_9:1/IB
[1755364177.306757] [eos0397:1063738:0]        ib_iface.c:1666 UCX  DEBUG created uct_ib_iface_t headroom_ofs 12 payload_ofs 92 hdr_ofs 90 data_sz 8192
[1755364177.306762] [eos0397:1063738:0]           mpool.c:138  UCX  DEBUG mpool rc_recv_desc: align 8, maxelems 4294967295, elemsize 8290
[1755364177.306763] [eos0397:1063738:0]           mpool.c:138  UCX  DEBUG mpool rc_send_desc: align 64, maxelems 4294967295, elemsize 8256
[1755364177.306832] [eos0397:1063738:0]           mpool.c:138  UCX  DEBUG mpool send-ops-mpool: align 64, maxelems 4294967295, elemsize 48
[1755364177.307169] [eos0397:1063738:0]           mpool.c:138  UCX  DEBUG mpool pending-ops: align 1, maxelems 4294967295, elemsize 64
[1755364177.307264] [eos0397:1063738:0]         ib_mlx5.c:1083 UCX  DEBUG SL=0 (AR support - no) was selected on mlx5_9:1, SLs with AR support = { 1, 2, 3, 4, 5, 6, 7, 8, 9, 10, 11, 12, 13, 14, 15 }, SLs without AR support = { 0 }
[1755364177.307266] [eos0397:1063738:0]           mpool.c:138  UCX  DEBUG mpool rc_mlx5_atomic_desc: align 64, maxelems 4294967295, elemsize 72
[1755364177.307270] [eos0397:1063738:0]           async.c:248  UCX  DEBUG added async handler 0x55555d75a010 [id=354 ref 1] uct_rc_mlx5_devx_iface_event_handler() to hash
[1755364177.307277] [eos0397:1063738:0]           async.c:522  UCX  DEBUG listening to async event fd 354 events 0x1 mode thread_spinlock
[1755364177.307314] [eos0397:1063738:0]      ucp_worker.c:1436 UCX  DEBUG created interface[47]=0x55555d9fa070 using rc_mlx5/mlx5_9:1 on worker 0x55555b7067e0
[1755364177.307387] [eos0397:1063738:0]     ucp_context.c:858  UCX  DEBUG apply UCT configuration IB_SEG_SIZE=8192
[1755364177.308203] [eos0397:1063738:0]        ib_iface.c:1078 UCX  DEBUG using pkey[0] 0xffff on mlx5_9:1/IB
[1755364177.308859] [eos0397:1063738:0]        ib_iface.c:1666 UCX  DEBUG created uct_ib_iface_t headroom_ofs 12 payload_ofs 92 hdr_ofs 44 data_sz 4136
[1755364177.309123] [eos0397:1063738:0]        ib_iface.c:1203 UCX  DEBUG mlx5_9: iface 0x55555d753110 created UD QP 0x1e0c on mlx5_9:1 TX wr:256 sge:2 inl:60 resp:0 RX wr:4096 sge:1 resp:0
[1755364177.309125] [eos0397:1063738:0]         ib_mlx5.c:776  UCX  DEBUG tx wq 32768 bytes [bb=64, nwqe=512] mmio_mode bf_post_mt
[1755364177.309401] [eos0397:1063738:0]           mpool.c:138  UCX  DEBUG mpool ud_recv_skb: align 8, maxelems 4294967295, elemsize 4188
[1755364177.309552] [eos0397:1063738:0]           mpool.c:282  UCX  DEBUG mpool ud_recv_skb: allocated chunk 0x7fffc737c018 of 540648 bytes with 128 elements
[1755364177.309554] [eos0397:1063738:0]           mpool.c:138  UCX  DEBUG mpool ud_tx_skb: align 64, maxelems 4294967295, elemsize 4208
[1755364177.309564] [eos0397:1063738:0]        ud_iface.c:383  UCX  DEBUG iface 0x55555d753110: adding gid fe80::946d:ae03:f:733e to hash on device mlx5_9 port 1 index 0)
[1755364177.309570] [eos0397:1063738:0]        ud_iface.c:383  UCX  DEBUG iface 0x55555d753110: adding gid fe80:: to hash on device mlx5_9 port 1 index 1)
[1755364177.309576] [eos0397:1063738:0]        ud_iface.c:383  UCX  DEBUG iface 0x55555d753110: adding gid fe80:: to hash on device mlx5_9 port 1 index 2)
[1755364177.309582] [eos0397:1063738:0]        ud_iface.c:383  UCX  DEBUG iface 0x55555d753110: adding gid fe80:: to hash on device mlx5_9 port 1 index 3)
[1755364177.309595] [eos0397:1063738:0]        ud_iface.c:383  UCX  DEBUG iface 0x55555d753110: adding gid fe80:: to hash on device mlx5_9 port 1 index 4)
[1755364177.309604] [eos0397:1063738:0]        ud_iface.c:383  UCX  DEBUG iface 0x55555d753110: adding gid fe80:: to hash on device mlx5_9 port 1 index 5)
[1755364177.309620] [eos0397:1063738:0]        ud_iface.c:383  UCX  DEBUG iface 0x55555d753110: adding gid fe80:: to hash on device mlx5_9 port 1 index 6)
[1755364177.309626] [eos0397:1063738:0]        ud_iface.c:383  UCX  DEBUG iface 0x55555d753110: adding gid fe80:: to hash on device mlx5_9 port 1 index 7)
[1755364177.309719] [eos0397:1063738:0]         ib_mlx5.c:1083 UCX  DEBUG SL=0 (AR support - no) was selected on mlx5_9:1, SLs with AR support = { 1, 2, 3, 4, 5, 6, 7, 8, 9, 10, 11, 12, 13, 14, 15 }, SLs without AR support = { 0 }
[1755364177.309732] [eos0397:1063738:0]     timer_wheel.c:41   UCX  DEBUG high res timer created log=23 resolution=4240.642659 usec wanted: 2499.999678 usec
[1755364177.309734] [eos0397:1063738:0]           async.c:248  UCX  DEBUG added async handler 0x55555dbe0010 [id=356 ref 1] uct_ud_mlx5_iface_async_handler() to hash
[1755364177.309739] [eos0397:1063738:0]           async.c:522  UCX  DEBUG listening to async event fd 356 events 0x5 mode thread_spinlock
[1755364177.309787] [eos0397:1063738:0]      ucp_worker.c:1436 UCX  DEBUG created interface[48]=0x55555d753110 using ud_mlx5/mlx5_9:1 on worker 0x55555b7067e0
[1755364177.309902] [eos0397:1063738:0]     ucp_context.c:858  UCX  DEBUG apply UCT configuration IB_SEG_SIZE=8192
[1755364177.309964] [eos0397:1063738:0]        ib_iface.c:1078 UCX  DEBUG using pkey[0] 0xffff on mlx5_10:1/IB
[1755364177.310702] [eos0397:1063738:0]        ib_iface.c:1666 UCX  DEBUG created uct_ib_iface_t headroom_ofs 12 payload_ofs 92 hdr_ofs 91 data_sz 8192
[1755364177.310713] [eos0397:1063738:0]           mpool.c:138  UCX  DEBUG mpool rc_recv_desc: align 8, maxelems 4294967295, elemsize 8291
[1755364177.310714] [eos0397:1063738:0]           mpool.c:138  UCX  DEBUG mpool rc_send_desc: align 64, maxelems 4294967295, elemsize 8256
[1755364177.310777] [eos0397:1063738:0]           mpool.c:138  UCX  DEBUG mpool send-ops-mpool: align 64, maxelems 4294967295, elemsize 48
[1755364177.311058] [eos0397:1063738:0]           mpool.c:138  UCX  DEBUG mpool pending-ops: align 1, maxelems 4294967295, elemsize 64
[1755364177.311060] [eos0397:1063738:0]           mpool.c:138  UCX  DEBUG mpool rc_verbs_short_desc: align 64, maxelems 4294967295, elemsize 192
[1755364177.311326] [eos0397:1063738:0]        ib_iface.c:1203 UCX  DEBUG mlx5_10: iface 0x55555dc05020 created RC QP 0x13df on mlx5_10:1 TX wr:409 sge:5 inl:124 resp:64 RX wr:0 sge:0 resp:64
[1755364177.311703] [eos0397:1063738:0]      ucp_worker.c:1436 UCX  DEBUG created interface[49]=0x55555dc05020 using rc_verbs/mlx5_10:1 on worker 0x55555b7067e0
[1755364177.311772] [eos0397:1063738:0]     ucp_context.c:858  UCX  DEBUG apply UCT configuration IB_SEG_SIZE=8192
[1755364177.311836] [eos0397:1063738:0]        ib_iface.c:1078 UCX  DEBUG using pkey[0] 0xffff on mlx5_10:1/IB
[1755364177.312388] [eos0397:1063738:0]        ib_iface.c:1666 UCX  DEBUG created uct_ib_iface_t headroom_ofs 12 payload_ofs 92 hdr_ofs 44 data_sz 4136
[1755364177.312719] [eos0397:1063738:0]        ib_iface.c:1203 UCX  DEBUG mlx5_10: iface 0x55555d756560 created UD QP 0x1e2d on mlx5_10:1 TX wr:341 sge:6 inl:124 resp:0 RX wr:4096 sge:1 resp:0
[1755364177.312997] [eos0397:1063738:0]           mpool.c:138  UCX  DEBUG mpool ud_recv_skb: align 8, maxelems 4294967295, elemsize 4188
[1755364177.313149] [eos0397:1063738:0]           mpool.c:282  UCX  DEBUG mpool ud_recv_skb: allocated chunk 0x7fffc72f8018 of 540648 bytes with 128 elements
[1755364177.313151] [eos0397:1063738:0]           mpool.c:138  UCX  DEBUG mpool ud_tx_skb: align 64, maxelems 4294967295, elemsize 4208
[1755364177.313171] [eos0397:1063738:0]        ud_iface.c:383  UCX  DEBUG iface 0x55555d756560: adding gid fe80::946d:ae03:f:733a to hash on device mlx5_10 port 1 index 0)
[1755364177.313180] [eos0397:1063738:0]        ud_iface.c:383  UCX  DEBUG iface 0x55555d756560: adding gid fe80:: to hash on device mlx5_10 port 1 index 1)
[1755364177.313187] [eos0397:1063738:0]        ud_iface.c:383  UCX  DEBUG iface 0x55555d756560: adding gid fe80:: to hash on device mlx5_10 port 1 index 2)
[1755364177.313198] [eos0397:1063738:0]        ud_iface.c:383  UCX  DEBUG iface 0x55555d756560: adding gid fe80:: to hash on device mlx5_10 port 1 index 3)
[1755364177.313208] [eos0397:1063738:0]        ud_iface.c:383  UCX  DEBUG iface 0x55555d756560: adding gid fe80:: to hash on device mlx5_10 port 1 index 4)
[1755364177.313213] [eos0397:1063738:0]        ud_iface.c:383  UCX  DEBUG iface 0x55555d756560: adding gid fe80:: to hash on device mlx5_10 port 1 index 5)
[1755364177.313222] [eos0397:1063738:0]        ud_iface.c:383  UCX  DEBUG iface 0x55555d756560: adding gid fe80:: to hash on device mlx5_10 port 1 index 6)
[1755364177.313228] [eos0397:1063738:0]        ud_iface.c:383  UCX  DEBUG iface 0x55555d756560: adding gid fe80:: to hash on device mlx5_10 port 1 index 7)
[1755364177.313308] [eos0397:1063738:0]     timer_wheel.c:41   UCX  DEBUG high res timer created log=23 resolution=4240.642659 usec wanted: 2499.999678 usec
[1755364177.313309] [eos0397:1063738:0]           async.c:248  UCX  DEBUG added async handler 0x55555dccf010 [id=358 ref 1] uct_ud_verbs_iface_async_handler() to hash
[1755364177.313316] [eos0397:1063738:0]           async.c:522  UCX  DEBUG listening to async event fd 358 events 0x5 mode thread_spinlock
[1755364177.313354] [eos0397:1063738:0]      ucp_worker.c:1436 UCX  DEBUG created interface[50]=0x55555d756560 using ud_verbs/mlx5_10:1 on worker 0x55555b7067e0
[1755364177.313500] [eos0397:1063738:0]     ucp_context.c:858  UCX  DEBUG apply UCT configuration IB_SEG_SIZE=8192
[1755364177.313559] [eos0397:1063738:0]        ib_iface.c:1078 UCX  DEBUG using pkey[0] 0xffff on mlx5_10:1/IB
[1755364177.313767] [eos0397:1063738:0]           mpool.c:282  UCX  DEBUG mpool devx dbrec: allocated chunk 0x55555de1b010 of 8176 bytes with 127 elements
[1755364177.316258] [eos0397:1063738:0]        ib_iface.c:1666 UCX  DEBUG created uct_ib_iface_t headroom_ofs 12 payload_ofs 92 hdr_ofs 90 data_sz 8192
[1755364177.316267] [eos0397:1063738:0]           mpool.c:138  UCX  DEBUG mpool rc_recv_desc: align 8, maxelems 4294967295, elemsize 8290
[1755364177.316268] [eos0397:1063738:0]           mpool.c:138  UCX  DEBUG mpool rc_send_desc: align 64, maxelems 4294967295, elemsize 8256
[1755364177.316685] [eos0397:1063738:0]           mpool.c:138  UCX  DEBUG mpool send-ops-mpool: align 64, maxelems 4294967295, elemsize 48
[1755364177.317014] [eos0397:1063738:0]           mpool.c:138  UCX  DEBUG mpool pending-ops: align 1, maxelems 4294967295, elemsize 112
[1755364177.317115] [eos0397:1063738:0]         ib_mlx5.c:1083 UCX  DEBUG SL=0 (AR support - no) was selected on mlx5_10:1, SLs with AR support = { 1, 2, 3, 4, 5, 6, 7, 8, 9, 10, 11, 12, 13, 14, 15 }, SLs without AR support = { 0 }
[1755364177.317547] [eos0397:1063738:0]           mpool.c:138  UCX  DEBUG mpool mlx5_dm_desc: align 64, maxelems 1, elemsize 64
[1755364177.317548] [eos0397:1063738:0]           mpool.c:138  UCX  DEBUG mpool rc_mlx5_atomic_desc: align 64, maxelems 4294967295, elemsize 72
[1755364177.317553] [eos0397:1063738:0]           async.c:248  UCX  DEBUG added async handler 0x55555de9e010 [id=360 ref 1] uct_rc_mlx5_devx_iface_event_handler() to hash
[1755364177.317559] [eos0397:1063738:0]           async.c:522  UCX  DEBUG listening to async event fd 360 events 0x1 mode thread_spinlock
[1755364177.318547] [eos0397:1063738:0]    ib_mlx5dv_md.c:2616 UCX  DEBUG counter_set_id on mlx5_10:1 is 0x1
[1755364177.319123] [eos0397:1063738:0]         dc_mlx5.c:407  UCX  DEBUG created DevX DCI 0x13e1, rdma_wr_disabled=0
[1755364177.319441] [eos0397:1063738:0]         dc_mlx5.c:1729 UCX  DEBUG dc iface 0x55555de12030: using 'dcs_quota' policy with 32 dcis and 32768 cqes, dct 0x1e30
[1755364177.319442] [eos0397:1063738:0]         dc_mlx5.c:822  UCX  DEBUG creating dci pool 0 with 32 QPs
[1755364177.319443] [eos0397:1063738:0]         dc_mlx5.c:805  UCX  DEBUG dci pool config: (path_index=0, max_rd_atomic=64)
[1755364177.325742] [eos0397:1063738:0]           mpool.c:282  UCX  DEBUG mpool rc_recv_desc: allocated chunk 0x7e69f6e00018 of 37748712 bytes with 4550 elements
[1755364177.325900] [eos0397:1063738:0]         dc_mlx5.c:1749 UCX  DEBUG created dc iface 0x55555de12030
[1755364177.325948] [eos0397:1063738:0]      ucp_worker.c:1436 UCX  DEBUG created interface[51]=0x55555de12030 using dc_mlx5/mlx5_10:1 on worker 0x55555b7067e0
[1755364177.326081] [eos0397:1063738:0]     ucp_context.c:858  UCX  DEBUG apply UCT configuration IB_SEG_SIZE=8192
[1755364177.326141] [eos0397:1063738:0]        ib_iface.c:1078 UCX  DEBUG using pkey[0] 0xffff on mlx5_10:1/IB
[1755364177.327183] [eos0397:1063738:0]        ib_iface.c:1666 UCX  DEBUG created uct_ib_iface_t headroom_ofs 12 payload_ofs 92 hdr_ofs 90 data_sz 8192
[1755364177.327187] [eos0397:1063738:0]           mpool.c:138  UCX  DEBUG mpool rc_recv_desc: align 8, maxelems 4294967295, elemsize 8290
[1755364177.327188] [eos0397:1063738:0]           mpool.c:138  UCX  DEBUG mpool rc_send_desc: align 64, maxelems 4294967295, elemsize 8256
[1755364177.327254] [eos0397:1063738:0]           mpool.c:138  UCX  DEBUG mpool send-ops-mpool: align 64, maxelems 4294967295, elemsize 48
[1755364177.327609] [eos0397:1063738:0]           mpool.c:138  UCX  DEBUG mpool pending-ops: align 1, maxelems 4294967295, elemsize 64
[1755364177.327704] [eos0397:1063738:0]         ib_mlx5.c:1083 UCX  DEBUG SL=0 (AR support - no) was selected on mlx5_10:1, SLs with AR support = { 1, 2, 3, 4, 5, 6, 7, 8, 9, 10, 11, 12, 13, 14, 15 }, SLs without AR support = { 0 }
[1755364177.327706] [eos0397:1063738:0]           mpool.c:138  UCX  DEBUG mpool rc_mlx5_atomic_desc: align 64, maxelems 4294967295, elemsize 72
[1755364177.327710] [eos0397:1063738:0]           async.c:248  UCX  DEBUG added async handler 0x55555e11d010 [id=363 ref 1] uct_rc_mlx5_devx_iface_event_handler() to hash
[1755364177.327717] [eos0397:1063738:0]           async.c:522  UCX  DEBUG listening to async event fd 363 events 0x1 mode thread_spinlock
[1755364177.327756] [eos0397:1063738:0]      ucp_worker.c:1436 UCX  DEBUG created interface[52]=0x55555e013060 using rc_mlx5/mlx5_10:1 on worker 0x55555b7067e0
[1755364177.327829] [eos0397:1063738:0]     ucp_context.c:858  UCX  DEBUG apply UCT configuration IB_SEG_SIZE=8192
[1755364177.328739] [eos0397:1063738:0]        ib_iface.c:1078 UCX  DEBUG using pkey[0] 0xffff on mlx5_10:1/IB
[1755364177.329414] [eos0397:1063738:0]        ib_iface.c:1666 UCX  DEBUG created uct_ib_iface_t headroom_ofs 12 payload_ofs 92 hdr_ofs 44 data_sz 4136
[1755364177.329735] [eos0397:1063738:0]        ib_iface.c:1203 UCX  DEBUG mlx5_10: iface 0x55555dd59480 created UD QP 0x1e34 on mlx5_10:1 TX wr:256 sge:2 inl:60 resp:0 RX wr:4096 sge:1 resp:0
[1755364177.329737] [eos0397:1063738:0]         ib_mlx5.c:776  UCX  DEBUG tx wq 32768 bytes [bb=64, nwqe=512] mmio_mode bf_post_mt
[1755364177.330016] [eos0397:1063738:0]           mpool.c:138  UCX  DEBUG mpool ud_recv_skb: align 8, maxelems 4294967295, elemsize 4188
[1755364177.330161] [eos0397:1063738:0]           mpool.c:282  UCX  DEBUG mpool ud_recv_skb: allocated chunk 0x7fffc7274018 of 540648 bytes with 128 elements
[1755364177.330163] [eos0397:1063738:0]           mpool.c:138  UCX  DEBUG mpool ud_tx_skb: align 64, maxelems 4294967295, elemsize 4208
[1755364177.330173] [eos0397:1063738:0]        ud_iface.c:383  UCX  DEBUG iface 0x55555dd59480: adding gid fe80::946d:ae03:f:733a to hash on device mlx5_10 port 1 index 0)
[1755364177.330178] [eos0397:1063738:0]        ud_iface.c:383  UCX  DEBUG iface 0x55555dd59480: adding gid fe80:: to hash on device mlx5_10 port 1 index 1)
[1755364177.330193] [eos0397:1063738:0]        ud_iface.c:383  UCX  DEBUG iface 0x55555dd59480: adding gid fe80:: to hash on device mlx5_10 port 1 index 2)
[1755364177.330198] [eos0397:1063738:0]        ud_iface.c:383  UCX  DEBUG iface 0x55555dd59480: adding gid fe80:: to hash on device mlx5_10 port 1 index 3)
[1755364177.330203] [eos0397:1063738:0]        ud_iface.c:383  UCX  DEBUG iface 0x55555dd59480: adding gid fe80:: to hash on device mlx5_10 port 1 index 4)
[1755364177.330208] [eos0397:1063738:0]        ud_iface.c:383  UCX  DEBUG iface 0x55555dd59480: adding gid fe80:: to hash on device mlx5_10 port 1 index 5)
[1755364177.330213] [eos0397:1063738:0]        ud_iface.c:383  UCX  DEBUG iface 0x55555dd59480: adding gid fe80:: to hash on device mlx5_10 port 1 index 6)
[1755364177.330218] [eos0397:1063738:0]        ud_iface.c:383  UCX  DEBUG iface 0x55555dd59480: adding gid fe80:: to hash on device mlx5_10 port 1 index 7)
[1755364177.330319] [eos0397:1063738:0]         ib_mlx5.c:1083 UCX  DEBUG SL=0 (AR support - no) was selected on mlx5_10:1, SLs with AR support = { 1, 2, 3, 4, 5, 6, 7, 8, 9, 10, 11, 12, 13, 14, 15 }, SLs without AR support = { 0 }
[1755364177.330332] [eos0397:1063738:0]     timer_wheel.c:41   UCX  DEBUG high res timer created log=23 resolution=4240.642659 usec wanted: 2499.999678 usec
[1755364177.330334] [eos0397:1063738:0]           async.c:248  UCX  DEBUG added async handler 0x55555e168010 [id=365 ref 1] uct_ud_mlx5_iface_async_handler() to hash
[1755364177.330340] [eos0397:1063738:0]           async.c:522  UCX  DEBUG listening to async event fd 365 events 0x5 mode thread_spinlock
[1755364177.330378] [eos0397:1063738:0]      ucp_worker.c:1436 UCX  DEBUG created interface[53]=0x55555dd59480 using ud_mlx5/mlx5_10:1 on worker 0x55555b7067e0
[1755364177.330494] [eos0397:1063738:0]     ucp_context.c:858  UCX  DEBUG apply UCT configuration IB_SEG_SIZE=8192
[1755364177.330553] [eos0397:1063738:0]        ib_iface.c:1078 UCX  DEBUG using pkey[0] 0xffff on mlx5_11:1/IB
[1755364177.331317] [eos0397:1063738:0]        ib_iface.c:1666 UCX  DEBUG created uct_ib_iface_t headroom_ofs 12 payload_ofs 92 hdr_ofs 91 data_sz 8192
[1755364177.331325] [eos0397:1063738:0]           mpool.c:138  UCX  DEBUG mpool rc_recv_desc: align 8, maxelems 4294967295, elemsize 8291
[1755364177.331326] [eos0397:1063738:0]           mpool.c:138  UCX  DEBUG mpool rc_send_desc: align 64, maxelems 4294967295, elemsize 8256
[1755364177.331391] [eos0397:1063738:0]           mpool.c:138  UCX  DEBUG mpool send-ops-mpool: align 64, maxelems 4294967295, elemsize 48
[1755364177.331674] [eos0397:1063738:0]           mpool.c:138  UCX  DEBUG mpool pending-ops: align 1, maxelems 4294967295, elemsize 64
[1755364177.331676] [eos0397:1063738:0]           mpool.c:138  UCX  DEBUG mpool rc_verbs_short_desc: align 64, maxelems 4294967295, elemsize 192
[1755364177.331894] [eos0397:1063738:0]        ib_iface.c:1203 UCX  DEBUG mlx5_11: iface 0x55555e21f070 created RC QP 0x90b on mlx5_11:1 TX wr:409 sge:5 inl:124 resp:64 RX wr:0 sge:0 resp:64
[1755364177.332238] [eos0397:1063738:0]      ucp_worker.c:1436 UCX  DEBUG created interface[54]=0x55555e21f070 using rc_verbs/mlx5_11:1 on worker 0x55555b7067e0
[1755364177.332305] [eos0397:1063738:0]     ucp_context.c:858  UCX  DEBUG apply UCT configuration IB_SEG_SIZE=8192
[1755364177.332360] [eos0397:1063738:0]        ib_iface.c:1078 UCX  DEBUG using pkey[0] 0xffff on mlx5_11:1/IB
[1755364177.332978] [eos0397:1063738:0]        ib_iface.c:1666 UCX  DEBUG created uct_ib_iface_t headroom_ofs 12 payload_ofs 92 hdr_ofs 44 data_sz 4136
[1755364177.333251] [eos0397:1063738:0]        ib_iface.c:1203 UCX  DEBUG mlx5_11: iface 0x55555dcf72c0 created UD QP 0x1e07 on mlx5_11:1 TX wr:341 sge:6 inl:124 resp:0 RX wr:4096 sge:1 resp:0
[1755364177.333525] [eos0397:1063738:0]           mpool.c:138  UCX  DEBUG mpool ud_recv_skb: align 8, maxelems 4294967295, elemsize 4188
[1755364177.333678] [eos0397:1063738:0]           mpool.c:282  UCX  DEBUG mpool ud_recv_skb: allocated chunk 0x7fffc6f7c018 of 540648 bytes with 128 elements
[1755364177.333680] [eos0397:1063738:0]           mpool.c:138  UCX  DEBUG mpool ud_tx_skb: align 64, maxelems 4294967295, elemsize 4208
[1755364177.333689] [eos0397:1063738:0]        ud_iface.c:383  UCX  DEBUG iface 0x55555dcf72c0: adding gid fe80::946d:ae03:f:7332 to hash on device mlx5_11 port 1 index 0)
[1755364177.333694] [eos0397:1063738:0]        ud_iface.c:383  UCX  DEBUG iface 0x55555dcf72c0: adding gid fe80:: to hash on device mlx5_11 port 1 index 1)
[1755364177.333699] [eos0397:1063738:0]        ud_iface.c:383  UCX  DEBUG iface 0x55555dcf72c0: adding gid fe80:: to hash on device mlx5_11 port 1 index 2)
[1755364177.333705] [eos0397:1063738:0]        ud_iface.c:383  UCX  DEBUG iface 0x55555dcf72c0: adding gid fe80:: to hash on device mlx5_11 port 1 index 3)
[1755364177.333710] [eos0397:1063738:0]        ud_iface.c:383  UCX  DEBUG iface 0x55555dcf72c0: adding gid fe80:: to hash on device mlx5_11 port 1 index 4)
[1755364177.333715] [eos0397:1063738:0]        ud_iface.c:383  UCX  DEBUG iface 0x55555dcf72c0: adding gid fe80:: to hash on device mlx5_11 port 1 index 5)
[1755364177.333720] [eos0397:1063738:0]        ud_iface.c:383  UCX  DEBUG iface 0x55555dcf72c0: adding gid fe80:: to hash on device mlx5_11 port 1 index 6)
[1755364177.333728] [eos0397:1063738:0]        ud_iface.c:383  UCX  DEBUG iface 0x55555dcf72c0: adding gid fe80:: to hash on device mlx5_11 port 1 index 7)
[1755364177.333799] [eos0397:1063738:0]     timer_wheel.c:41   UCX  DEBUG high res timer created log=23 resolution=4240.642659 usec wanted: 2499.999678 usec
[1755364177.333801] [eos0397:1063738:0]           async.c:248  UCX  DEBUG added async handler 0x55555e2aa010 [id=367 ref 1] uct_ud_verbs_iface_async_handler() to hash
[1755364177.333807] [eos0397:1063738:0]           async.c:522  UCX  DEBUG listening to async event fd 367 events 0x5 mode thread_spinlock
[1755364177.333840] [eos0397:1063738:0]      ucp_worker.c:1436 UCX  DEBUG created interface[55]=0x55555dcf72c0 using ud_verbs/mlx5_11:1 on worker 0x55555b7067e0
[1755364177.333982] [eos0397:1063738:0]     ucp_context.c:858  UCX  DEBUG apply UCT configuration IB_SEG_SIZE=8192
[1755364177.334039] [eos0397:1063738:0]        ib_iface.c:1078 UCX  DEBUG using pkey[0] 0xffff on mlx5_11:1/IB
[1755364177.334245] [eos0397:1063738:0]           mpool.c:282  UCX  DEBUG mpool devx dbrec: allocated chunk 0x55555e38f010 of 8176 bytes with 127 elements
[1755364177.336652] [eos0397:1063738:0]        ib_iface.c:1666 UCX  DEBUG created uct_ib_iface_t headroom_ofs 12 payload_ofs 92 hdr_ofs 90 data_sz 8192
[1755364177.336666] [eos0397:1063738:0]           mpool.c:138  UCX  DEBUG mpool rc_recv_desc: align 8, maxelems 4294967295, elemsize 8290
[1755364177.336667] [eos0397:1063738:0]           mpool.c:138  UCX  DEBUG mpool rc_send_desc: align 64, maxelems 4294967295, elemsize 8256
[1755364177.337081] [eos0397:1063738:0]           mpool.c:138  UCX  DEBUG mpool send-ops-mpool: align 64, maxelems 4294967295, elemsize 48
[1755364177.337416] [eos0397:1063738:0]           mpool.c:138  UCX  DEBUG mpool pending-ops: align 1, maxelems 4294967295, elemsize 112
[1755364177.337518] [eos0397:1063738:0]         ib_mlx5.c:1083 UCX  DEBUG SL=0 (AR support - no) was selected on mlx5_11:1, SLs with AR support = { 1, 2, 3, 4, 5, 6, 7, 8, 9, 10, 11, 12, 13, 14, 15 }, SLs without AR support = { 0 }
[1755364177.337946] [eos0397:1063738:0]           mpool.c:138  UCX  DEBUG mpool mlx5_dm_desc: align 64, maxelems 1, elemsize 64
[1755364177.337947] [eos0397:1063738:0]           mpool.c:138  UCX  DEBUG mpool rc_mlx5_atomic_desc: align 64, maxelems 4294967295, elemsize 72
[1755364177.337952] [eos0397:1063738:0]           async.c:248  UCX  DEBUG added async handler 0x55555d733e00 [id=369 ref 1] uct_rc_mlx5_devx_iface_event_handler() to hash
[1755364177.337959] [eos0397:1063738:0]           async.c:522  UCX  DEBUG listening to async event fd 369 events 0x1 mode thread_spinlock
[1755364177.338933] [eos0397:1063738:0]    ib_mlx5dv_md.c:2616 UCX  DEBUG counter_set_id on mlx5_11:1 is 0x1
[1755364177.339522] [eos0397:1063738:0]         dc_mlx5.c:407  UCX  DEBUG created DevX DCI 0x90d, rdma_wr_disabled=0
[1755364177.339853] [eos0397:1063738:0]         dc_mlx5.c:1729 UCX  DEBUG dc iface 0x55555e437010: using 'dcs_quota' policy with 32 dcis and 32768 cqes, dct 0x1e0a
[1755364177.339855] [eos0397:1063738:0]         dc_mlx5.c:822  UCX  DEBUG creating dci pool 0 with 32 QPs
[1755364177.339856] [eos0397:1063738:0]         dc_mlx5.c:805  UCX  DEBUG dci pool config: (path_index=0, max_rd_atomic=64)
[1755364177.346190] [eos0397:1063738:0]           mpool.c:282  UCX  DEBUG mpool rc_recv_desc: allocated chunk 0x7e69f4400018 of 37748712 bytes with 4550 elements
[1755364177.346344] [eos0397:1063738:0]         dc_mlx5.c:1749 UCX  DEBUG created dc iface 0x55555e437010
[1755364177.346391] [eos0397:1063738:0]      ucp_worker.c:1436 UCX  DEBUG created interface[56]=0x55555e437010 using dc_mlx5/mlx5_11:1 on worker 0x55555b7067e0
[1755364177.346531] [eos0397:1063738:0]     ucp_context.c:858  UCX  DEBUG apply UCT configuration IB_SEG_SIZE=8192
[1755364177.346595] [eos0397:1063738:0]        ib_iface.c:1078 UCX  DEBUG using pkey[0] 0xffff on mlx5_11:1/IB
[1755364177.347571] [eos0397:1063738:0]        ib_iface.c:1666 UCX  DEBUG created uct_ib_iface_t headroom_ofs 12 payload_ofs 92 hdr_ofs 90 data_sz 8192
[1755364177.347577] [eos0397:1063738:0]           mpool.c:138  UCX  DEBUG mpool rc_recv_desc: align 8, maxelems 4294967295, elemsize 8290
[1755364177.347577] [eos0397:1063738:0]           mpool.c:138  UCX  DEBUG mpool rc_send_desc: align 64, maxelems 4294967295, elemsize 8256
[1755364177.347643] [eos0397:1063738:0]           mpool.c:138  UCX  DEBUG mpool send-ops-mpool: align 64, maxelems 4294967295, elemsize 48
[1755364177.347976] [eos0397:1063738:0]           mpool.c:138  UCX  DEBUG mpool pending-ops: align 1, maxelems 4294967295, elemsize 64
[1755364177.348070] [eos0397:1063738:0]         ib_mlx5.c:1083 UCX  DEBUG SL=0 (AR support - no) was selected on mlx5_11:1, SLs with AR support = { 1, 2, 3, 4, 5, 6, 7, 8, 9, 10, 11, 12, 13, 14, 15 }, SLs without AR support = { 0 }
[1755364177.348072] [eos0397:1063738:0]           mpool.c:138  UCX  DEBUG mpool rc_mlx5_atomic_desc: align 64, maxelems 4294967295, elemsize 72
[1755364177.348076] [eos0397:1063738:0]           async.c:248  UCX  DEBUG added async handler 0x55555e73f010 [id=372 ref 1] uct_rc_mlx5_devx_iface_event_handler() to hash
[1755364177.348082] [eos0397:1063738:0]           async.c:522  UCX  DEBUG listening to async event fd 372 events 0x1 mode thread_spinlock
[1755364177.348124] [eos0397:1063738:0]      ucp_worker.c:1436 UCX  DEBUG created interface[57]=0x55555e6350b0 using rc_mlx5/mlx5_11:1 on worker 0x55555b7067e0
[1755364177.348199] [eos0397:1063738:0]     ucp_context.c:858  UCX  DEBUG apply UCT configuration IB_SEG_SIZE=8192
[1755364177.349040] [eos0397:1063738:0]        ib_iface.c:1078 UCX  DEBUG using pkey[0] 0xffff on mlx5_11:1/IB
[1755364177.349690] [eos0397:1063738:0]        ib_iface.c:1666 UCX  DEBUG created uct_ib_iface_t headroom_ofs 12 payload_ofs 92 hdr_ofs 44 data_sz 4136
[1755364177.349947] [eos0397:1063738:0]        ib_iface.c:1203 UCX  DEBUG mlx5_11: iface 0x55555e38e130 created UD QP 0x1e0e on mlx5_11:1 TX wr:256 sge:2 inl:60 resp:0 RX wr:4096 sge:1 resp:0
[1755364177.349949] [eos0397:1063738:0]         ib_mlx5.c:776  UCX  DEBUG tx wq 32768 bytes [bb=64, nwqe=512] mmio_mode bf_post_mt
[1755364177.350230] [eos0397:1063738:0]           mpool.c:138  UCX  DEBUG mpool ud_recv_skb: align 8, maxelems 4294967295, elemsize 4188
[1755364177.350372] [eos0397:1063738:0]           mpool.c:282  UCX  DEBUG mpool ud_recv_skb: allocated chunk 0x7fffc6ef8018 of 540648 bytes with 128 elements
[1755364177.350374] [eos0397:1063738:0]           mpool.c:138  UCX  DEBUG mpool ud_tx_skb: align 64, maxelems 4294967295, elemsize 4208
[1755364177.350384] [eos0397:1063738:0]        ud_iface.c:383  UCX  DEBUG iface 0x55555e38e130: adding gid fe80::946d:ae03:f:7332 to hash on device mlx5_11 port 1 index 0)
[1755364177.350390] [eos0397:1063738:0]        ud_iface.c:383  UCX  DEBUG iface 0x55555e38e130: adding gid fe80:: to hash on device mlx5_11 port 1 index 1)
[1755364177.350398] [eos0397:1063738:0]        ud_iface.c:383  UCX  DEBUG iface 0x55555e38e130: adding gid fe80:: to hash on device mlx5_11 port 1 index 2)
[1755364177.350407] [eos0397:1063738:0]        ud_iface.c:383  UCX  DEBUG iface 0x55555e38e130: adding gid fe80:: to hash on device mlx5_11 port 1 index 3)
[1755364177.350417] [eos0397:1063738:0]        ud_iface.c:383  UCX  DEBUG iface 0x55555e38e130: adding gid fe80:: to hash on device mlx5_11 port 1 index 4)
[1755364177.350422] [eos0397:1063738:0]        ud_iface.c:383  UCX  DEBUG iface 0x55555e38e130: adding gid fe80:: to hash on device mlx5_11 port 1 index 5)
[1755364177.350427] [eos0397:1063738:0]        ud_iface.c:383  UCX  DEBUG iface 0x55555e38e130: adding gid fe80:: to hash on device mlx5_11 port 1 index 6)
[1755364177.350434] [eos0397:1063738:0]        ud_iface.c:383  UCX  DEBUG iface 0x55555e38e130: adding gid fe80:: to hash on device mlx5_11 port 1 index 7)
[1755364177.350529] [eos0397:1063738:0]         ib_mlx5.c:1083 UCX  DEBUG SL=0 (AR support - no) was selected on mlx5_11:1, SLs with AR support = { 1, 2, 3, 4, 5, 6, 7, 8, 9, 10, 11, 12, 13, 14, 15 }, SLs without AR support = { 0 }
[1755364177.350538] [eos0397:1063738:0]     timer_wheel.c:41   UCX  DEBUG high res timer created log=23 resolution=4240.642659 usec wanted: 2499.999678 usec
[1755364177.350539] [eos0397:1063738:0]           async.c:248  UCX  DEBUG added async handler 0x55555e820010 [id=374 ref 1] uct_ud_mlx5_iface_async_handler() to hash
[1755364177.350545] [eos0397:1063738:0]           async.c:522  UCX  DEBUG listening to async event fd 374 events 0x5 mode thread_spinlock
[1755364177.350575] [eos0397:1063738:0]      ucp_worker.c:1436 UCX  DEBUG created interface[58]=0x55555e38e130 using ud_mlx5/mlx5_11:1 on worker 0x55555b7067e0
[1755364177.350604] [eos0397:1063738:0]           mpool.c:138  UCX  DEBUG mpool uct_scopy_iface_tx_mp: align 64, maxelems 4294967295, elemsize 736
[1755364177.350610] [eos0397:1063738:0]      ucp_worker.c:1436 UCX  DEBUG created interface[59]=0x55555dfde870 using cma/memory on worker 0x55555b7067e0
[1755364177.350614] [eos0397:1063738:0]      ucp_worker.c:1153 UCX  DEBUG selected scalable tl bitmap: 0xfffffffffffffff 0x0 (60 tls)
[1755364177.350619] [eos0397:1063738:0]           async.c:248  UCX  DEBUG added async handler 0x55555e78e010 [id=273 ref 1] ucp_worker_iface_async_fd_event() to hash
[1755364177.350623] [eos0397:1063738:0]           async.c:522  UCX  DEBUG listening to async event fd 273 events 0x0 mode thread_spinlock
[1755364177.350715] [eos0397:1063738:0]         tcp_net.c:61   UCX  DEBUG speed of bmc-redfish0 is UNKNOWN, assuming 100 Mbps
[1755364177.350782] [eos0397:1063738:0]            topo.c:895  UCX  DEBUG /sys/class/net/bmc-redfish0/lower_enx463c84c17a97: sysfs path undetected
[1755364177.350783] [eos0397:1063738:0]            topo.c:848  UCX  DEBUG bmc-redfish0: pci bandwidth undetected, using maximal value
[1755364177.350834] [eos0397:1063738:0]         tcp_net.c:61   UCX  DEBUG speed of bmc-redfish0 is UNKNOWN, assuming 100 Mbps
[1755364177.350905] [eos0397:1063738:0]            topo.c:895  UCX  DEBUG /sys/class/net/bmc-redfish0/lower_enx463c84c17a97: sysfs path undetected
[1755364177.350906] [eos0397:1063738:0]            topo.c:848  UCX  DEBUG bmc-redfish0: pci bandwidth undetected, using maximal value
[1755364177.350926] [eos0397:1063738:0]         tcp_net.c:61   UCX  DEBUG speed of bmc-redfish0 is UNKNOWN, assuming 100 Mbps
[1755364177.350958] [eos0397:1063738:0]            topo.c:895  UCX  DEBUG /sys/class/net/bmc-redfish0/lower_enx463c84c17a97: sysfs path undetected
[1755364177.350959] [eos0397:1063738:0]            topo.c:848  UCX  DEBUG bmc-redfish0: pci bandwidth undetected, using maximal value
[1755364177.351058] [eos0397:1063738:0]         tcp_net.c:61   UCX  DEBUG speed of bmc-redfish0 is UNKNOWN, assuming 100 Mbps
[1755364177.351109] [eos0397:1063738:0]            topo.c:895  UCX  DEBUG /sys/class/net/bmc-redfish0/lower_enx463c84c17a97: sysfs path undetected
[1755364177.351109] [eos0397:1063738:0]            topo.c:848  UCX  DEBUG bmc-redfish0: pci bandwidth undetected, using maximal value
[1755364177.351202] [eos0397:1063738:0]         tcp_net.c:61   UCX  DEBUG speed of bmc-redfish0 is UNKNOWN, assuming 100 Mbps
[1755364177.351256] [eos0397:1063738:0]            topo.c:895  UCX  DEBUG /sys/class/net/bmc-redfish0/lower_enx463c84c17a97: sysfs path undetected
[1755364177.351257] [eos0397:1063738:0]            topo.c:848  UCX  DEBUG bmc-redfish0: pci bandwidth undetected, using maximal value
[1755364177.351275] [eos0397:1063738:0]         tcp_net.c:61   UCX  DEBUG speed of bmc-redfish0 is UNKNOWN, assuming 100 Mbps
[1755364177.351333] [eos0397:1063738:0]            topo.c:895  UCX  DEBUG /sys/class/net/bmc-redfish0/lower_enx463c84c17a97: sysfs path undetected
[1755364177.351333] [eos0397:1063738:0]            topo.c:848  UCX  DEBUG bmc-redfish0: pci bandwidth undetected, using maximal value
[1755364177.351415] [eos0397:1063738:0]         tcp_net.c:61   UCX  DEBUG speed of bmc-redfish0 is UNKNOWN, assuming 100 Mbps
[1755364177.351476] [eos0397:1063738:0]            topo.c:895  UCX  DEBUG /sys/class/net/bmc-redfish0/lower_enx463c84c17a97: sysfs path undetected
[1755364177.351477] [eos0397:1063738:0]            topo.c:848  UCX  DEBUG bmc-redfish0: pci bandwidth undetected, using maximal value
[1755364177.351495] [eos0397:1063738:0]         tcp_net.c:61   UCX  DEBUG speed of bmc-redfish0 is UNKNOWN, assuming 100 Mbps
[1755364177.351538] [eos0397:1063738:0]            topo.c:895  UCX  DEBUG /sys/class/net/bmc-redfish0/lower_enx463c84c17a97: sysfs path undetected
[1755364177.351539] [eos0397:1063738:0]            topo.c:848  UCX  DEBUG bmc-redfish0: pci bandwidth undetected, using maximal value
[1755364177.351645] [eos0397:1063738:0]         tcp_net.c:61   UCX  DEBUG speed of bmc-redfish0 is UNKNOWN, assuming 100 Mbps
[1755364177.351692] [eos0397:1063738:0]            topo.c:895  UCX  DEBUG /sys/class/net/bmc-redfish0/lower_enx463c84c17a97: sysfs path undetected
[1755364177.351692] [eos0397:1063738:0]            topo.c:848  UCX  DEBUG bmc-redfish0: pci bandwidth undetected, using maximal value
[1755364177.351722] [eos0397:1063738:0]         tcp_net.c:61   UCX  DEBUG speed of bmc-redfish0 is UNKNOWN, assuming 100 Mbps
[1755364177.351780] [eos0397:1063738:0]            topo.c:895  UCX  DEBUG /sys/class/net/bmc-redfish0/lower_enx463c84c17a97: sysfs path undetected
[1755364177.351781] [eos0397:1063738:0]            topo.c:848  UCX  DEBUG bmc-redfish0: pci bandwidth undetected, using maximal value
[1755364177.351798] [eos0397:1063738:0]         tcp_net.c:61   UCX  DEBUG speed of bmc-redfish0 is UNKNOWN, assuming 100 Mbps
[1755364177.351836] [eos0397:1063738:0]            topo.c:895  UCX  DEBUG /sys/class/net/bmc-redfish0/lower_enx463c84c17a97: sysfs path undetected
[1755364177.351837] [eos0397:1063738:0]            topo.c:848  UCX  DEBUG bmc-redfish0: pci bandwidth undetected, using maximal value
[1755364177.351934] [eos0397:1063738:0]         tcp_net.c:61   UCX  DEBUG speed of bmc-redfish0 is UNKNOWN, assuming 100 Mbps
[1755364177.351991] [eos0397:1063738:0]            topo.c:895  UCX  DEBUG /sys/class/net/bmc-redfish0/lower_enx463c84c17a97: sysfs path undetected
[1755364177.351991] [eos0397:1063738:0]            topo.c:848  UCX  DEBUG bmc-redfish0: pci bandwidth undetected, using maximal value
[1755364177.352075] [eos0397:1063738:0]         tcp_net.c:61   UCX  DEBUG speed of bmc-redfish0 is UNKNOWN, assuming 100 Mbps
[1755364177.352122] [eos0397:1063738:0]            topo.c:895  UCX  DEBUG /sys/class/net/bmc-redfish0/lower_enx463c84c17a97: sysfs path undetected
[1755364177.352122] [eos0397:1063738:0]            topo.c:848  UCX  DEBUG bmc-redfish0: pci bandwidth undetected, using maximal value
[1755364177.352142] [eos0397:1063738:0]         tcp_net.c:61   UCX  DEBUG speed of bmc-redfish0 is UNKNOWN, assuming 100 Mbps
[1755364177.352193] [eos0397:1063738:0]            topo.c:895  UCX  DEBUG /sys/class/net/bmc-redfish0/lower_enx463c84c17a97: sysfs path undetected
[1755364177.352194] [eos0397:1063738:0]            topo.c:848  UCX  DEBUG bmc-redfish0: pci bandwidth undetected, using maximal value
[1755364177.352213] [eos0397:1063738:0]           async.c:248  UCX  DEBUG added async handler 0x55555c78f010 [id=275 ref 1] ucp_worker_iface_async_fd_event() to hash
[1755364177.352216] [eos0397:1063738:0]           async.c:522  UCX  DEBUG listening to async event fd 275 events 0x0 mode thread_spinlock
[1755364177.352813] [eos0397:1063738:0]            topo.c:899  UCX  DEBUG /sys/class/net/eth3: PF sysfs path is '/sys/devices/pci0000:80/0000:80:05.0/0000:82:00.1'
[1755364177.353136] [eos0397:1063738:0]            topo.c:899  UCX  DEBUG /sys/class/net/eth3: PF sysfs path is '/sys/devices/pci0000:80/0000:80:05.0/0000:82:00.1'
[1755364177.353501] [eos0397:1063738:0]            topo.c:899  UCX  DEBUG /sys/class/net/eth3: PF sysfs path is '/sys/devices/pci0000:80/0000:80:05.0/0000:82:00.1'
[1755364177.353846] [eos0397:1063738:0]            topo.c:899  UCX  DEBUG /sys/class/net/eth3: PF sysfs path is '/sys/devices/pci0000:80/0000:80:05.0/0000:82:00.1'
[1755364177.354244] [eos0397:1063738:0]            topo.c:899  UCX  DEBUG /sys/class/net/eth3: PF sysfs path is '/sys/devices/pci0000:80/0000:80:05.0/0000:82:00.1'
[1755364177.354571] [eos0397:1063738:0]            topo.c:899  UCX  DEBUG /sys/class/net/eth3: PF sysfs path is '/sys/devices/pci0000:80/0000:80:05.0/0000:82:00.1'
[1755364177.354903] [eos0397:1063738:0]            topo.c:899  UCX  DEBUG /sys/class/net/eth3: PF sysfs path is '/sys/devices/pci0000:80/0000:80:05.0/0000:82:00.1'
[1755364177.355236] [eos0397:1063738:0]            topo.c:899  UCX  DEBUG /sys/class/net/eth3: PF sysfs path is '/sys/devices/pci0000:80/0000:80:05.0/0000:82:00.1'
[1755364177.355571] [eos0397:1063738:0]            topo.c:899  UCX  DEBUG /sys/class/net/eth3: PF sysfs path is '/sys/devices/pci0000:80/0000:80:05.0/0000:82:00.1'
[1755364177.355923] [eos0397:1063738:0]            topo.c:899  UCX  DEBUG /sys/class/net/eth3: PF sysfs path is '/sys/devices/pci0000:80/0000:80:05.0/0000:82:00.1'
[1755364177.356263] [eos0397:1063738:0]            topo.c:899  UCX  DEBUG /sys/class/net/eth3: PF sysfs path is '/sys/devices/pci0000:80/0000:80:05.0/0000:82:00.1'
[1755364177.356653] [eos0397:1063738:0]            topo.c:899  UCX  DEBUG /sys/class/net/eth3: PF sysfs path is '/sys/devices/pci0000:80/0000:80:05.0/0000:82:00.1'
[1755364177.357045] [eos0397:1063738:0]            topo.c:899  UCX  DEBUG /sys/class/net/eth3: PF sysfs path is '/sys/devices/pci0000:80/0000:80:05.0/0000:82:00.1'
[1755364177.357407] [eos0397:1063738:0]            topo.c:899  UCX  DEBUG /sys/class/net/eth3: PF sysfs path is '/sys/devices/pci0000:80/0000:80:05.0/0000:82:00.1'
[1755364177.357423] [eos0397:1063738:0]           async.c:248  UCX  DEBUG added async handler 0x55555e395d90 [id=277 ref 1] ucp_worker_iface_async_fd_event() to hash
[1755364177.357427] [eos0397:1063738:0]           async.c:522  UCX  DEBUG listening to async event fd 277 events 0x0 mode thread_spinlock
[1755364177.357613] [eos0397:1063738:0]            topo.c:899  UCX  DEBUG /sys/class/net/ibp154s0: PF sysfs path is '/sys/devices/pci0000:97/0000:97:01.0/0000:98:00.0/0000:99:00.0/0000:9a:00.0'
[1755364177.357801] [eos0397:1063738:0]            topo.c:899  UCX  DEBUG /sys/class/net/ibp154s0: PF sysfs path is '/sys/devices/pci0000:97/0000:97:01.0/0000:98:00.0/0000:99:00.0/0000:9a:00.0'
[1755364177.358043] [eos0397:1063738:0]            topo.c:899  UCX  DEBUG /sys/class/net/ibp154s0: PF sysfs path is '/sys/devices/pci0000:97/0000:97:01.0/0000:98:00.0/0000:99:00.0/0000:9a:00.0'
[1755364177.358238] [eos0397:1063738:0]            topo.c:899  UCX  DEBUG /sys/class/net/ibp154s0: PF sysfs path is '/sys/devices/pci0000:97/0000:97:01.0/0000:98:00.0/0000:99:00.0/0000:9a:00.0'
[1755364177.358420] [eos0397:1063738:0]            topo.c:899  UCX  DEBUG /sys/class/net/ibp154s0: PF sysfs path is '/sys/devices/pci0000:97/0000:97:01.0/0000:98:00.0/0000:99:00.0/0000:9a:00.0'
[1755364177.358538] [eos0397:1063738:0]            topo.c:899  UCX  DEBUG /sys/class/net/ibp154s0: PF sysfs path is '/sys/devices/pci0000:97/0000:97:01.0/0000:98:00.0/0000:99:00.0/0000:9a:00.0'
[1755364177.358664] [eos0397:1063738:0]            topo.c:899  UCX  DEBUG /sys/class/net/ibp154s0: PF sysfs path is '/sys/devices/pci0000:97/0000:97:01.0/0000:98:00.0/0000:99:00.0/0000:9a:00.0'
[1755364177.358857] [eos0397:1063738:0]            topo.c:899  UCX  DEBUG /sys/class/net/ibp154s0: PF sysfs path is '/sys/devices/pci0000:97/0000:97:01.0/0000:98:00.0/0000:99:00.0/0000:9a:00.0'
[1755364177.358978] [eos0397:1063738:0]            topo.c:899  UCX  DEBUG /sys/class/net/ibp154s0: PF sysfs path is '/sys/devices/pci0000:97/0000:97:01.0/0000:98:00.0/0000:99:00.0/0000:9a:00.0'
[1755364177.359231] [eos0397:1063738:0]            topo.c:899  UCX  DEBUG /sys/class/net/ibp154s0: PF sysfs path is '/sys/devices/pci0000:97/0000:97:01.0/0000:98:00.0/0000:99:00.0/0000:9a:00.0'
[1755364177.359424] [eos0397:1063738:0]            topo.c:899  UCX  DEBUG /sys/class/net/ibp154s0: PF sysfs path is '/sys/devices/pci0000:97/0000:97:01.0/0000:98:00.0/0000:99:00.0/0000:9a:00.0'
[1755364177.359617] [eos0397:1063738:0]            topo.c:899  UCX  DEBUG /sys/class/net/ibp154s0: PF sysfs path is '/sys/devices/pci0000:97/0000:97:01.0/0000:98:00.0/0000:99:00.0/0000:9a:00.0'
[1755364177.359739] [eos0397:1063738:0]            topo.c:899  UCX  DEBUG /sys/class/net/ibp154s0: PF sysfs path is '/sys/devices/pci0000:97/0000:97:01.0/0000:98:00.0/0000:99:00.0/0000:9a:00.0'
[1755364177.359925] [eos0397:1063738:0]            topo.c:899  UCX  DEBUG /sys/class/net/ibp154s0: PF sysfs path is '/sys/devices/pci0000:97/0000:97:01.0/0000:98:00.0/0000:99:00.0/0000:9a:00.0'
[1755364177.359963] [eos0397:1063738:0]           async.c:248  UCX  DEBUG added async handler 0x55555c5731e0 [id=279 ref 1] ucp_worker_iface_async_fd_event() to hash
[1755364177.359967] [eos0397:1063738:0]           async.c:522  UCX  DEBUG listening to async event fd 279 events 0x0 mode thread_spinlock
[1755364177.360184] [eos0397:1063738:0]            topo.c:899  UCX  DEBUG /sys/class/net/ibp170s0f0: PF sysfs path is '/sys/devices/pci0000:a5/0000:a5:01.0/0000:a6:00.0/0000:a7:00.0/0000:a8:00.0/0000:a9:00.0/0000:aa:00.0'
[1755364177.360307] [eos0397:1063738:0]            topo.c:899  UCX  DEBUG /sys/class/net/ibp170s0f0: PF sysfs path is '/sys/devices/pci0000:a5/0000:a5:01.0/0000:a6:00.0/0000:a7:00.0/0000:a8:00.0/0000:a9:00.0/0000:aa:00.0'
[1755364177.360500] [eos0397:1063738:0]            topo.c:899  UCX  DEBUG /sys/class/net/ibp170s0f0: PF sysfs path is '/sys/devices/pci0000:a5/0000:a5:01.0/0000:a6:00.0/0000:a7:00.0/0000:a8:00.0/0000:a9:00.0/0000:aa:00.0'
[1755364177.360696] [eos0397:1063738:0]            topo.c:899  UCX  DEBUG /sys/class/net/ibp170s0f0: PF sysfs path is '/sys/devices/pci0000:a5/0000:a5:01.0/0000:a6:00.0/0000:a7:00.0/0000:a8:00.0/0000:a9:00.0/0000:aa:00.0'
[1755364177.360897] [eos0397:1063738:0]            topo.c:899  UCX  DEBUG /sys/class/net/ibp170s0f0: PF sysfs path is '/sys/devices/pci0000:a5/0000:a5:01.0/0000:a6:00.0/0000:a7:00.0/0000:a8:00.0/0000:a9:00.0/0000:aa:00.0'
[1755364177.361155] [eos0397:1063738:0]            topo.c:899  UCX  DEBUG /sys/class/net/ibp170s0f0: PF sysfs path is '/sys/devices/pci0000:a5/0000:a5:01.0/0000:a6:00.0/0000:a7:00.0/0000:a8:00.0/0000:a9:00.0/0000:aa:00.0'
[1755364177.361355] [eos0397:1063738:0]            topo.c:899  UCX  DEBUG /sys/class/net/ibp170s0f0: PF sysfs path is '/sys/devices/pci0000:a5/0000:a5:01.0/0000:a6:00.0/0000:a7:00.0/0000:a8:00.0/0000:a9:00.0/0000:aa:00.0'
[1755364177.361610] [eos0397:1063738:0]            topo.c:899  UCX  DEBUG /sys/class/net/ibp170s0f0: PF sysfs path is '/sys/devices/pci0000:a5/0000:a5:01.0/0000:a6:00.0/0000:a7:00.0/0000:a8:00.0/0000:a9:00.0/0000:aa:00.0'
[1755364177.361862] [eos0397:1063738:0]            topo.c:899  UCX  DEBUG /sys/class/net/ibp170s0f0: PF sysfs path is '/sys/devices/pci0000:a5/0000:a5:01.0/0000:a6:00.0/0000:a7:00.0/0000:a8:00.0/0000:a9:00.0/0000:aa:00.0'
[1755364177.362072] [eos0397:1063738:0]            topo.c:899  UCX  DEBUG /sys/class/net/ibp170s0f0: PF sysfs path is '/sys/devices/pci0000:a5/0000:a5:01.0/0000:a6:00.0/0000:a7:00.0/0000:a8:00.0/0000:a9:00.0/0000:aa:00.0'
[1755364177.362270] [eos0397:1063738:0]            topo.c:899  UCX  DEBUG /sys/class/net/ibp170s0f0: PF sysfs path is '/sys/devices/pci0000:a5/0000:a5:01.0/0000:a6:00.0/0000:a7:00.0/0000:a8:00.0/0000:a9:00.0/0000:aa:00.0'
[1755364177.362549] [eos0397:1063738:0]            topo.c:899  UCX  DEBUG /sys/class/net/ibp170s0f0: PF sysfs path is '/sys/devices/pci0000:a5/0000:a5:01.0/0000:a6:00.0/0000:a7:00.0/0000:a8:00.0/0000:a9:00.0/0000:aa:00.0'
[1755364177.362730] [eos0397:1063738:0]            topo.c:899  UCX  DEBUG /sys/class/net/ibp170s0f0: PF sysfs path is '/sys/devices/pci0000:a5/0000:a5:01.0/0000:a6:00.0/0000:a7:00.0/0000:a8:00.0/0000:a9:00.0/0000:aa:00.0'
[1755364177.362905] [eos0397:1063738:0]            topo.c:899  UCX  DEBUG /sys/class/net/ibp170s0f0: PF sysfs path is '/sys/devices/pci0000:a5/0000:a5:01.0/0000:a6:00.0/0000:a7:00.0/0000:a8:00.0/0000:a9:00.0/0000:aa:00.0'
[1755364177.362943] [eos0397:1063738:0]           async.c:248  UCX  DEBUG added async handler 0x55555bb56010 [id=281 ref 1] ucp_worker_iface_async_fd_event() to hash
[1755364177.362947] [eos0397:1063738:0]           async.c:522  UCX  DEBUG listening to async event fd 281 events 0x0 mode thread_spinlock
[1755364177.363074] [eos0397:1063738:0]            topo.c:899  UCX  DEBUG /sys/class/net/ibp192s0: PF sysfs path is '/sys/devices/pci0000:bd/0000:bd:01.0/0000:be:00.0/0000:bf:00.0/0000:c0:00.0'
[1755364177.363208] [eos0397:1063738:0]            topo.c:899  UCX  DEBUG /sys/class/net/ibp192s0: PF sysfs path is '/sys/devices/pci0000:bd/0000:bd:01.0/0000:be:00.0/0000:bf:00.0/0000:c0:00.0'
[1755364177.363361] [eos0397:1063738:0]            topo.c:899  UCX  DEBUG /sys/class/net/ibp192s0: PF sysfs path is '/sys/devices/pci0000:bd/0000:bd:01.0/0000:be:00.0/0000:bf:00.0/0000:c0:00.0'
[1755364177.363489] [eos0397:1063738:0]            topo.c:899  UCX  DEBUG /sys/class/net/ibp192s0: PF sysfs path is '/sys/devices/pci0000:bd/0000:bd:01.0/0000:be:00.0/0000:bf:00.0/0000:c0:00.0'
[1755364177.363620] [eos0397:1063738:0]            topo.c:899  UCX  DEBUG /sys/class/net/ibp192s0: PF sysfs path is '/sys/devices/pci0000:bd/0000:bd:01.0/0000:be:00.0/0000:bf:00.0/0000:c0:00.0'
[1755364177.363752] [eos0397:1063738:0]            topo.c:899  UCX  DEBUG /sys/class/net/ibp192s0: PF sysfs path is '/sys/devices/pci0000:bd/0000:bd:01.0/0000:be:00.0/0000:bf:00.0/0000:c0:00.0'
[1755364177.363887] [eos0397:1063738:0]            topo.c:899  UCX  DEBUG /sys/class/net/ibp192s0: PF sysfs path is '/sys/devices/pci0000:bd/0000:bd:01.0/0000:be:00.0/0000:bf:00.0/0000:c0:00.0'
[1755364177.364021] [eos0397:1063738:0]            topo.c:899  UCX  DEBUG /sys/class/net/ibp192s0: PF sysfs path is '/sys/devices/pci0000:bd/0000:bd:01.0/0000:be:00.0/0000:bf:00.0/0000:c0:00.0'
[1755364177.364160] [eos0397:1063738:0]            topo.c:899  UCX  DEBUG /sys/class/net/ibp192s0: PF sysfs path is '/sys/devices/pci0000:bd/0000:bd:01.0/0000:be:00.0/0000:bf:00.0/0000:c0:00.0'
[1755364177.364293] [eos0397:1063738:0]            topo.c:899  UCX  DEBUG /sys/class/net/ibp192s0: PF sysfs path is '/sys/devices/pci0000:bd/0000:bd:01.0/0000:be:00.0/0000:bf:00.0/0000:c0:00.0'
[1755364177.364413] [eos0397:1063738:0]            topo.c:899  UCX  DEBUG /sys/class/net/ibp192s0: PF sysfs path is '/sys/devices/pci0000:bd/0000:bd:01.0/0000:be:00.0/0000:bf:00.0/0000:c0:00.0'
[1755364177.364553] [eos0397:1063738:0]            topo.c:899  UCX  DEBUG /sys/class/net/ibp192s0: PF sysfs path is '/sys/devices/pci0000:bd/0000:bd:01.0/0000:be:00.0/0000:bf:00.0/0000:c0:00.0'
[1755364177.364680] [eos0397:1063738:0]            topo.c:899  UCX  DEBUG /sys/class/net/ibp192s0: PF sysfs path is '/sys/devices/pci0000:bd/0000:bd:01.0/0000:be:00.0/0000:bf:00.0/0000:c0:00.0'
[1755364177.364839] [eos0397:1063738:0]            topo.c:899  UCX  DEBUG /sys/class/net/ibp192s0: PF sysfs path is '/sys/devices/pci0000:bd/0000:bd:01.0/0000:be:00.0/0000:bf:00.0/0000:c0:00.0'
[1755364177.364878] [eos0397:1063738:0]           async.c:248  UCX  DEBUG added async handler 0x55555b93a130 [id=283 ref 1] ucp_worker_iface_async_fd_event() to hash
[1755364177.364882] [eos0397:1063738:0]           async.c:522  UCX  DEBUG listening to async event fd 283 events 0x0 mode thread_spinlock
[1755364177.364990] [eos0397:1063738:0]            topo.c:899  UCX  DEBUG /sys/class/net/ibp206s0: PF sysfs path is '/sys/devices/pci0000:cb/0000:cb:01.0/0000:cc:00.0/0000:cd:00.0/0000:ce:00.0'
[1755364177.365124] [eos0397:1063738:0]            topo.c:899  UCX  DEBUG /sys/class/net/ibp206s0: PF sysfs path is '/sys/devices/pci0000:cb/0000:cb:01.0/0000:cc:00.0/0000:cd:00.0/0000:ce:00.0'
[1755364177.365248] [eos0397:1063738:0]            topo.c:899  UCX  DEBUG /sys/class/net/ibp206s0: PF sysfs path is '/sys/devices/pci0000:cb/0000:cb:01.0/0000:cc:00.0/0000:cd:00.0/0000:ce:00.0'
[1755364177.365400] [eos0397:1063738:0]            topo.c:899  UCX  DEBUG /sys/class/net/ibp206s0: PF sysfs path is '/sys/devices/pci0000:cb/0000:cb:01.0/0000:cc:00.0/0000:cd:00.0/0000:ce:00.0'
[1755364177.365529] [eos0397:1063738:0]            topo.c:899  UCX  DEBUG /sys/class/net/ibp206s0: PF sysfs path is '/sys/devices/pci0000:cb/0000:cb:01.0/0000:cc:00.0/0000:cd:00.0/0000:ce:00.0'
[1755364177.365666] [eos0397:1063738:0]            topo.c:899  UCX  DEBUG /sys/class/net/ibp206s0: PF sysfs path is '/sys/devices/pci0000:cb/0000:cb:01.0/0000:cc:00.0/0000:cd:00.0/0000:ce:00.0'
[1755364177.365815] [eos0397:1063738:0]            topo.c:899  UCX  DEBUG /sys/class/net/ibp206s0: PF sysfs path is '/sys/devices/pci0000:cb/0000:cb:01.0/0000:cc:00.0/0000:cd:00.0/0000:ce:00.0'
[1755364177.365954] [eos0397:1063738:0]            topo.c:899  UCX  DEBUG /sys/class/net/ibp206s0: PF sysfs path is '/sys/devices/pci0000:cb/0000:cb:01.0/0000:cc:00.0/0000:cd:00.0/0000:ce:00.0'
[1755364177.366121] [eos0397:1063738:0]            topo.c:899  UCX  DEBUG /sys/class/net/ibp206s0: PF sysfs path is '/sys/devices/pci0000:cb/0000:cb:01.0/0000:cc:00.0/0000:cd:00.0/0000:ce:00.0'
[1755364177.366270] [eos0397:1063738:0]            topo.c:899  UCX  DEBUG /sys/class/net/ibp206s0: PF sysfs path is '/sys/devices/pci0000:cb/0000:cb:01.0/0000:cc:00.0/0000:cd:00.0/0000:ce:00.0'
[1755364177.366432] [eos0397:1063738:0]            topo.c:899  UCX  DEBUG /sys/class/net/ibp206s0: PF sysfs path is '/sys/devices/pci0000:cb/0000:cb:01.0/0000:cc:00.0/0000:cd:00.0/0000:ce:00.0'
[1755364177.366562] [eos0397:1063738:0]            topo.c:899  UCX  DEBUG /sys/class/net/ibp206s0: PF sysfs path is '/sys/devices/pci0000:cb/0000:cb:01.0/0000:cc:00.0/0000:cd:00.0/0000:ce:00.0'
[1755364177.366681] [eos0397:1063738:0]            topo.c:899  UCX  DEBUG /sys/class/net/ibp206s0: PF sysfs path is '/sys/devices/pci0000:cb/0000:cb:01.0/0000:cc:00.0/0000:cd:00.0/0000:ce:00.0'
[1755364177.366811] [eos0397:1063738:0]            topo.c:899  UCX  DEBUG /sys/class/net/ibp206s0: PF sysfs path is '/sys/devices/pci0000:cb/0000:cb:01.0/0000:cc:00.0/0000:cd:00.0/0000:ce:00.0'
[1755364177.366850] [eos0397:1063738:0]           async.c:248  UCX  DEBUG added async handler 0x55555e395490 [id=285 ref 1] ucp_worker_iface_async_fd_event() to hash
[1755364177.366853] [eos0397:1063738:0]           async.c:522  UCX  DEBUG listening to async event fd 285 events 0x0 mode thread_spinlock
[1755364177.366951] [eos0397:1063738:0]            topo.c:899  UCX  DEBUG /sys/class/net/ibp220s0: PF sysfs path is '/sys/devices/pci0000:d9/0000:d9:01.0/0000:da:00.0/0000:db:00.0/0000:dc:00.0'
[1755364177.367071] [eos0397:1063738:0]            topo.c:899  UCX  DEBUG /sys/class/net/ibp220s0: PF sysfs path is '/sys/devices/pci0000:d9/0000:d9:01.0/0000:da:00.0/0000:db:00.0/0000:dc:00.0'
[1755364177.367187] [eos0397:1063738:0]            topo.c:899  UCX  DEBUG /sys/class/net/ibp220s0: PF sysfs path is '/sys/devices/pci0000:d9/0000:d9:01.0/0000:da:00.0/0000:db:00.0/0000:dc:00.0'
[1755364177.367312] [eos0397:1063738:0]            topo.c:899  UCX  DEBUG /sys/class/net/ibp220s0: PF sysfs path is '/sys/devices/pci0000:d9/0000:d9:01.0/0000:da:00.0/0000:db:00.0/0000:dc:00.0'
[1755364177.367435] [eos0397:1063738:0]            topo.c:899  UCX  DEBUG /sys/class/net/ibp220s0: PF sysfs path is '/sys/devices/pci0000:d9/0000:d9:01.0/0000:da:00.0/0000:db:00.0/0000:dc:00.0'
[1755364177.367566] [eos0397:1063738:0]            topo.c:899  UCX  DEBUG /sys/class/net/ibp220s0: PF sysfs path is '/sys/devices/pci0000:d9/0000:d9:01.0/0000:da:00.0/0000:db:00.0/0000:dc:00.0'
[1755364177.367690] [eos0397:1063738:0]            topo.c:899  UCX  DEBUG /sys/class/net/ibp220s0: PF sysfs path is '/sys/devices/pci0000:d9/0000:d9:01.0/0000:da:00.0/0000:db:00.0/0000:dc:00.0'
[1755364177.367824] [eos0397:1063738:0]            topo.c:899  UCX  DEBUG /sys/class/net/ibp220s0: PF sysfs path is '/sys/devices/pci0000:d9/0000:d9:01.0/0000:da:00.0/0000:db:00.0/0000:dc:00.0'
[1755364177.368015] [eos0397:1063738:0]            topo.c:899  UCX  DEBUG /sys/class/net/ibp220s0: PF sysfs path is '/sys/devices/pci0000:d9/0000:d9:01.0/0000:da:00.0/0000:db:00.0/0000:dc:00.0'
[1755364177.368160] [eos0397:1063738:0]            topo.c:899  UCX  DEBUG /sys/class/net/ibp220s0: PF sysfs path is '/sys/devices/pci0000:d9/0000:d9:01.0/0000:da:00.0/0000:db:00.0/0000:dc:00.0'
[1755364177.368304] [eos0397:1063738:0]            topo.c:899  UCX  DEBUG /sys/class/net/ibp220s0: PF sysfs path is '/sys/devices/pci0000:d9/0000:d9:01.0/0000:da:00.0/0000:db:00.0/0000:dc:00.0'
[1755364177.368424] [eos0397:1063738:0]            topo.c:899  UCX  DEBUG /sys/class/net/ibp220s0: PF sysfs path is '/sys/devices/pci0000:d9/0000:d9:01.0/0000:da:00.0/0000:db:00.0/0000:dc:00.0'
[1755364177.368556] [eos0397:1063738:0]            topo.c:899  UCX  DEBUG /sys/class/net/ibp220s0: PF sysfs path is '/sys/devices/pci0000:d9/0000:d9:01.0/0000:da:00.0/0000:db:00.0/0000:dc:00.0'
[1755364177.368686] [eos0397:1063738:0]            topo.c:899  UCX  DEBUG /sys/class/net/ibp220s0: PF sysfs path is '/sys/devices/pci0000:d9/0000:d9:01.0/0000:da:00.0/0000:db:00.0/0000:dc:00.0'
[1755364177.368724] [eos0397:1063738:0]           async.c:248  UCX  DEBUG added async handler 0x55555e38ef80 [id=287 ref 1] ucp_worker_iface_async_fd_event() to hash
[1755364177.368728] [eos0397:1063738:0]           async.c:522  UCX  DEBUG listening to async event fd 287 events 0x0 mode thread_spinlock
[1755364177.368844] [eos0397:1063738:0]            topo.c:899  UCX  DEBUG /sys/class/net/ibp24s0: PF sysfs path is '/sys/devices/pci0000:15/0000:15:01.0/0000:16:00.0/0000:17:00.0/0000:18:00.0'
[1755364177.368975] [eos0397:1063738:0]            topo.c:899  UCX  DEBUG /sys/class/net/ibp24s0: PF sysfs path is '/sys/devices/pci0000:15/0000:15:01.0/0000:16:00.0/0000:17:00.0/0000:18:00.0'
[1755364177.369104] [eos0397:1063738:0]            topo.c:899  UCX  DEBUG /sys/class/net/ibp24s0: PF sysfs path is '/sys/devices/pci0000:15/0000:15:01.0/0000:16:00.0/0000:17:00.0/0000:18:00.0'
[1755364177.369229] [eos0397:1063738:0]            topo.c:899  UCX  DEBUG /sys/class/net/ibp24s0: PF sysfs path is '/sys/devices/pci0000:15/0000:15:01.0/0000:16:00.0/0000:17:00.0/0000:18:00.0'
[1755364177.369362] [eos0397:1063738:0]            topo.c:899  UCX  DEBUG /sys/class/net/ibp24s0: PF sysfs path is '/sys/devices/pci0000:15/0000:15:01.0/0000:16:00.0/0000:17:00.0/0000:18:00.0'
[1755364177.369497] [eos0397:1063738:0]            topo.c:899  UCX  DEBUG /sys/class/net/ibp24s0: PF sysfs path is '/sys/devices/pci0000:15/0000:15:01.0/0000:16:00.0/0000:17:00.0/0000:18:00.0'
[1755364177.369629] [eos0397:1063738:0]            topo.c:899  UCX  DEBUG /sys/class/net/ibp24s0: PF sysfs path is '/sys/devices/pci0000:15/0000:15:01.0/0000:16:00.0/0000:17:00.0/0000:18:00.0'
[1755364177.369762] [eos0397:1063738:0]            topo.c:899  UCX  DEBUG /sys/class/net/ibp24s0: PF sysfs path is '/sys/devices/pci0000:15/0000:15:01.0/0000:16:00.0/0000:17:00.0/0000:18:00.0'
[1755364177.369922] [eos0397:1063738:0]            topo.c:899  UCX  DEBUG /sys/class/net/ibp24s0: PF sysfs path is '/sys/devices/pci0000:15/0000:15:01.0/0000:16:00.0/0000:17:00.0/0000:18:00.0'
[1755364177.370041] [eos0397:1063738:0]            topo.c:899  UCX  DEBUG /sys/class/net/ibp24s0: PF sysfs path is '/sys/devices/pci0000:15/0000:15:01.0/0000:16:00.0/0000:17:00.0/0000:18:00.0'
[1755364177.370175] [eos0397:1063738:0]            topo.c:899  UCX  DEBUG /sys/class/net/ibp24s0: PF sysfs path is '/sys/devices/pci0000:15/0000:15:01.0/0000:16:00.0/0000:17:00.0/0000:18:00.0'
[1755364177.370296] [eos0397:1063738:0]            topo.c:899  UCX  DEBUG /sys/class/net/ibp24s0: PF sysfs path is '/sys/devices/pci0000:15/0000:15:01.0/0000:16:00.0/0000:17:00.0/0000:18:00.0'
[1755364177.370433] [eos0397:1063738:0]            topo.c:899  UCX  DEBUG /sys/class/net/ibp24s0: PF sysfs path is '/sys/devices/pci0000:15/0000:15:01.0/0000:16:00.0/0000:17:00.0/0000:18:00.0'
[1755364177.370557] [eos0397:1063738:0]            topo.c:899  UCX  DEBUG /sys/class/net/ibp24s0: PF sysfs path is '/sys/devices/pci0000:15/0000:15:01.0/0000:16:00.0/0000:17:00.0/0000:18:00.0'
[1755364177.370598] [eos0397:1063738:0]           async.c:248  UCX  DEBUG added async handler 0x55555e38efc0 [id=289 ref 1] ucp_worker_iface_async_fd_event() to hash
[1755364177.370602] [eos0397:1063738:0]           async.c:522  UCX  DEBUG listening to async event fd 289 events 0x0 mode thread_spinlock
[1755364177.370707] [eos0397:1063738:0]            topo.c:899  UCX  DEBUG /sys/class/net/ibp41s0f0: PF sysfs path is '/sys/devices/pci0000:24/0000:24:01.0/0000:25:00.0/0000:26:00.0/0000:27:00.0/0000:28:00.0/0000:29:00.0'
[1755364177.370840] [eos0397:1063738:0]            topo.c:899  UCX  DEBUG /sys/class/net/ibp41s0f0: PF sysfs path is '/sys/devices/pci0000:24/0000:24:01.0/0000:25:00.0/0000:26:00.0/0000:27:00.0/0000:28:00.0/0000:29:00.0'
[1755364177.370954] [eos0397:1063738:0]            topo.c:899  UCX  DEBUG /sys/class/net/ibp41s0f0: PF sysfs path is '/sys/devices/pci0000:24/0000:24:01.0/0000:25:00.0/0000:26:00.0/0000:27:00.0/0000:28:00.0/0000:29:00.0'
[1755364177.371084] [eos0397:1063738:0]            topo.c:899  UCX  DEBUG /sys/class/net/ibp41s0f0: PF sysfs path is '/sys/devices/pci0000:24/0000:24:01.0/0000:25:00.0/0000:26:00.0/0000:27:00.0/0000:28:00.0/0000:29:00.0'
[1755364177.371220] [eos0397:1063738:0]            topo.c:899  UCX  DEBUG /sys/class/net/ibp41s0f0: PF sysfs path is '/sys/devices/pci0000:24/0000:24:01.0/0000:25:00.0/0000:26:00.0/0000:27:00.0/0000:28:00.0/0000:29:00.0'
[1755364177.371358] [eos0397:1063738:0]            topo.c:899  UCX  DEBUG /sys/class/net/ibp41s0f0: PF sysfs path is '/sys/devices/pci0000:24/0000:24:01.0/0000:25:00.0/0000:26:00.0/0000:27:00.0/0000:28:00.0/0000:29:00.0'
[1755364177.371492] [eos0397:1063738:0]            topo.c:899  UCX  DEBUG /sys/class/net/ibp41s0f0: PF sysfs path is '/sys/devices/pci0000:24/0000:24:01.0/0000:25:00.0/0000:26:00.0/0000:27:00.0/0000:28:00.0/0000:29:00.0'
[1755364177.371650] [eos0397:1063738:0]            topo.c:899  UCX  DEBUG /sys/class/net/ibp41s0f0: PF sysfs path is '/sys/devices/pci0000:24/0000:24:01.0/0000:25:00.0/0000:26:00.0/0000:27:00.0/0000:28:00.0/0000:29:00.0'
[1755364177.371802] [eos0397:1063738:0]            topo.c:899  UCX  DEBUG /sys/class/net/ibp41s0f0: PF sysfs path is '/sys/devices/pci0000:24/0000:24:01.0/0000:25:00.0/0000:26:00.0/0000:27:00.0/0000:28:00.0/0000:29:00.0'
[1755364177.371942] [eos0397:1063738:0]            topo.c:899  UCX  DEBUG /sys/class/net/ibp41s0f0: PF sysfs path is '/sys/devices/pci0000:24/0000:24:01.0/0000:25:00.0/0000:26:00.0/0000:27:00.0/0000:28:00.0/0000:29:00.0'
[1755364177.372090] [eos0397:1063738:0]            topo.c:899  UCX  DEBUG /sys/class/net/ibp41s0f0: PF sysfs path is '/sys/devices/pci0000:24/0000:24:01.0/0000:25:00.0/0000:26:00.0/0000:27:00.0/0000:28:00.0/0000:29:00.0'
[1755364177.372224] [eos0397:1063738:0]            topo.c:899  UCX  DEBUG /sys/class/net/ibp41s0f0: PF sysfs path is '/sys/devices/pci0000:24/0000:24:01.0/0000:25:00.0/0000:26:00.0/0000:27:00.0/0000:28:00.0/0000:29:00.0'
[1755364177.372370] [eos0397:1063738:0]            topo.c:899  UCX  DEBUG /sys/class/net/ibp41s0f0: PF sysfs path is '/sys/devices/pci0000:24/0000:24:01.0/0000:25:00.0/0000:26:00.0/0000:27:00.0/0000:28:00.0/0000:29:00.0'
[1755364177.372508] [eos0397:1063738:0]            topo.c:899  UCX  DEBUG /sys/class/net/ibp41s0f0: PF sysfs path is '/sys/devices/pci0000:24/0000:24:01.0/0000:25:00.0/0000:26:00.0/0000:27:00.0/0000:28:00.0/0000:29:00.0'
[1755364177.372545] [eos0397:1063738:0]           async.c:248  UCX  DEBUG added async handler 0x555558b613e0 [id=291 ref 1] ucp_worker_iface_async_fd_event() to hash
[1755364177.372549] [eos0397:1063738:0]           async.c:522  UCX  DEBUG listening to async event fd 291 events 0x0 mode thread_spinlock
[1755364177.372670] [eos0397:1063738:0]            topo.c:899  UCX  DEBUG /sys/class/net/ibp64s0: PF sysfs path is '/sys/devices/pci0000:3d/0000:3d:01.0/0000:3e:00.0/0000:3f:00.0/0000:40:00.0'
[1755364177.372792] [eos0397:1063738:0]            topo.c:899  UCX  DEBUG /sys/class/net/ibp64s0: PF sysfs path is '/sys/devices/pci0000:3d/0000:3d:01.0/0000:3e:00.0/0000:3f:00.0/0000:40:00.0'
[1755364177.372910] [eos0397:1063738:0]            topo.c:899  UCX  DEBUG /sys/class/net/ibp64s0: PF sysfs path is '/sys/devices/pci0000:3d/0000:3d:01.0/0000:3e:00.0/0000:3f:00.0/0000:40:00.0'
[1755364177.373029] [eos0397:1063738:0]            topo.c:899  UCX  DEBUG /sys/class/net/ibp64s0: PF sysfs path is '/sys/devices/pci0000:3d/0000:3d:01.0/0000:3e:00.0/0000:3f:00.0/0000:40:00.0'
[1755364177.373152] [eos0397:1063738:0]            topo.c:899  UCX  DEBUG /sys/class/net/ibp64s0: PF sysfs path is '/sys/devices/pci0000:3d/0000:3d:01.0/0000:3e:00.0/0000:3f:00.0/0000:40:00.0'
[1755364177.373280] [eos0397:1063738:0]            topo.c:899  UCX  DEBUG /sys/class/net/ibp64s0: PF sysfs path is '/sys/devices/pci0000:3d/0000:3d:01.0/0000:3e:00.0/0000:3f:00.0/0000:40:00.0'
[1755364177.373395] [eos0397:1063738:0]            topo.c:899  UCX  DEBUG /sys/class/net/ibp64s0: PF sysfs path is '/sys/devices/pci0000:3d/0000:3d:01.0/0000:3e:00.0/0000:3f:00.0/0000:40:00.0'
[1755364177.373515] [eos0397:1063738:0]            topo.c:899  UCX  DEBUG /sys/class/net/ibp64s0: PF sysfs path is '/sys/devices/pci0000:3d/0000:3d:01.0/0000:3e:00.0/0000:3f:00.0/0000:40:00.0'
[1755364177.373627] [eos0397:1063738:0]            topo.c:899  UCX  DEBUG /sys/class/net/ibp64s0: PF sysfs path is '/sys/devices/pci0000:3d/0000:3d:01.0/0000:3e:00.0/0000:3f:00.0/0000:40:00.0'
[1755364177.373742] [eos0397:1063738:0]            topo.c:899  UCX  DEBUG /sys/class/net/ibp64s0: PF sysfs path is '/sys/devices/pci0000:3d/0000:3d:01.0/0000:3e:00.0/0000:3f:00.0/0000:40:00.0'
[1755364177.373856] [eos0397:1063738:0]            topo.c:899  UCX  DEBUG /sys/class/net/ibp64s0: PF sysfs path is '/sys/devices/pci0000:3d/0000:3d:01.0/0000:3e:00.0/0000:3f:00.0/0000:40:00.0'
[1755364177.373977] [eos0397:1063738:0]            topo.c:899  UCX  DEBUG /sys/class/net/ibp64s0: PF sysfs path is '/sys/devices/pci0000:3d/0000:3d:01.0/0000:3e:00.0/0000:3f:00.0/0000:40:00.0'
[1755364177.374089] [eos0397:1063738:0]            topo.c:899  UCX  DEBUG /sys/class/net/ibp64s0: PF sysfs path is '/sys/devices/pci0000:3d/0000:3d:01.0/0000:3e:00.0/0000:3f:00.0/0000:40:00.0'
[1755364177.374203] [eos0397:1063738:0]            topo.c:899  UCX  DEBUG /sys/class/net/ibp64s0: PF sysfs path is '/sys/devices/pci0000:3d/0000:3d:01.0/0000:3e:00.0/0000:3f:00.0/0000:40:00.0'
[1755364177.374239] [eos0397:1063738:0]           async.c:248  UCX  DEBUG added async handler 0x555558b61420 [id=293 ref 1] ucp_worker_iface_async_fd_event() to hash
[1755364177.374242] [eos0397:1063738:0]           async.c:522  UCX  DEBUG listening to async event fd 293 events 0x0 mode thread_spinlock
[1755364177.374375] [eos0397:1063738:0]            topo.c:899  UCX  DEBUG /sys/class/net/ibp79s0: PF sysfs path is '/sys/devices/pci0000:4c/0000:4c:01.0/0000:4d:00.0/0000:4e:00.0/0000:4f:00.0'
[1755364177.374494] [eos0397:1063738:0]            topo.c:899  UCX  DEBUG /sys/class/net/ibp79s0: PF sysfs path is '/sys/devices/pci0000:4c/0000:4c:01.0/0000:4d:00.0/0000:4e:00.0/0000:4f:00.0'
[1755364177.374622] [eos0397:1063738:0]            topo.c:899  UCX  DEBUG /sys/class/net/ibp79s0: PF sysfs path is '/sys/devices/pci0000:4c/0000:4c:01.0/0000:4d:00.0/0000:4e:00.0/0000:4f:00.0'
[1755364177.374736] [eos0397:1063738:0]            topo.c:899  UCX  DEBUG /sys/class/net/ibp79s0: PF sysfs path is '/sys/devices/pci0000:4c/0000:4c:01.0/0000:4d:00.0/0000:4e:00.0/0000:4f:00.0'
[1755364177.374848] [eos0397:1063738:0]            topo.c:899  UCX  DEBUG /sys/class/net/ibp79s0: PF sysfs path is '/sys/devices/pci0000:4c/0000:4c:01.0/0000:4d:00.0/0000:4e:00.0/0000:4f:00.0'
[1755364177.374971] [eos0397:1063738:0]            topo.c:899  UCX  DEBUG /sys/class/net/ibp79s0: PF sysfs path is '/sys/devices/pci0000:4c/0000:4c:01.0/0000:4d:00.0/0000:4e:00.0/0000:4f:00.0'
[1755364177.375088] [eos0397:1063738:0]            topo.c:899  UCX  DEBUG /sys/class/net/ibp79s0: PF sysfs path is '/sys/devices/pci0000:4c/0000:4c:01.0/0000:4d:00.0/0000:4e:00.0/0000:4f:00.0'
[1755364177.375208] [eos0397:1063738:0]            topo.c:899  UCX  DEBUG /sys/class/net/ibp79s0: PF sysfs path is '/sys/devices/pci0000:4c/0000:4c:01.0/0000:4d:00.0/0000:4e:00.0/0000:4f:00.0'
[1755364177.375336] [eos0397:1063738:0]            topo.c:899  UCX  DEBUG /sys/class/net/ibp79s0: PF sysfs path is '/sys/devices/pci0000:4c/0000:4c:01.0/0000:4d:00.0/0000:4e:00.0/0000:4f:00.0'
[1755364177.375455] [eos0397:1063738:0]            topo.c:899  UCX  DEBUG /sys/class/net/ibp79s0: PF sysfs path is '/sys/devices/pci0000:4c/0000:4c:01.0/0000:4d:00.0/0000:4e:00.0/0000:4f:00.0'
[1755364177.375571] [eos0397:1063738:0]            topo.c:899  UCX  DEBUG /sys/class/net/ibp79s0: PF sysfs path is '/sys/devices/pci0000:4c/0000:4c:01.0/0000:4d:00.0/0000:4e:00.0/0000:4f:00.0'
[1755364177.375687] [eos0397:1063738:0]            topo.c:899  UCX  DEBUG /sys/class/net/ibp79s0: PF sysfs path is '/sys/devices/pci0000:4c/0000:4c:01.0/0000:4d:00.0/0000:4e:00.0/0000:4f:00.0'
[1755364177.375818] [eos0397:1063738:0]            topo.c:899  UCX  DEBUG /sys/class/net/ibp79s0: PF sysfs path is '/sys/devices/pci0000:4c/0000:4c:01.0/0000:4d:00.0/0000:4e:00.0/0000:4f:00.0'
[1755364177.375938] [eos0397:1063738:0]            topo.c:899  UCX  DEBUG /sys/class/net/ibp79s0: PF sysfs path is '/sys/devices/pci0000:4c/0000:4c:01.0/0000:4d:00.0/0000:4e:00.0/0000:4f:00.0'
[1755364177.375976] [eos0397:1063738:0]           async.c:248  UCX  DEBUG added async handler 0x555558b61460 [id=295 ref 1] ucp_worker_iface_async_fd_event() to hash
[1755364177.375979] [eos0397:1063738:0]           async.c:522  UCX  DEBUG listening to async event fd 295 events 0x0 mode thread_spinlock
[1755364177.376071] [eos0397:1063738:0]            topo.c:899  UCX  DEBUG /sys/class/net/ibp94s0: PF sysfs path is '/sys/devices/pci0000:5b/0000:5b:01.0/0000:5c:00.0/0000:5d:00.0/0000:5e:00.0'
[1755364177.376191] [eos0397:1063738:0]            topo.c:899  UCX  DEBUG /sys/class/net/ibp94s0: PF sysfs path is '/sys/devices/pci0000:5b/0000:5b:01.0/0000:5c:00.0/0000:5d:00.0/0000:5e:00.0'
[1755364177.376306] [eos0397:1063738:0]            topo.c:899  UCX  DEBUG /sys/class/net/ibp94s0: PF sysfs path is '/sys/devices/pci0000:5b/0000:5b:01.0/0000:5c:00.0/0000:5d:00.0/0000:5e:00.0'
[1755364177.376428] [eos0397:1063738:0]            topo.c:899  UCX  DEBUG /sys/class/net/ibp94s0: PF sysfs path is '/sys/devices/pci0000:5b/0000:5b:01.0/0000:5c:00.0/0000:5d:00.0/0000:5e:00.0'
[1755364177.376561] [eos0397:1063738:0]            topo.c:899  UCX  DEBUG /sys/class/net/ibp94s0: PF sysfs path is '/sys/devices/pci0000:5b/0000:5b:01.0/0000:5c:00.0/0000:5d:00.0/0000:5e:00.0'
[1755364177.376674] [eos0397:1063738:0]            topo.c:899  UCX  DEBUG /sys/class/net/ibp94s0: PF sysfs path is '/sys/devices/pci0000:5b/0000:5b:01.0/0000:5c:00.0/0000:5d:00.0/0000:5e:00.0'
[1755364177.376789] [eos0397:1063738:0]            topo.c:899  UCX  DEBUG /sys/class/net/ibp94s0: PF sysfs path is '/sys/devices/pci0000:5b/0000:5b:01.0/0000:5c:00.0/0000:5d:00.0/0000:5e:00.0'
[1755364177.376904] [eos0397:1063738:0]            topo.c:899  UCX  DEBUG /sys/class/net/ibp94s0: PF sysfs path is '/sys/devices/pci0000:5b/0000:5b:01.0/0000:5c:00.0/0000:5d:00.0/0000:5e:00.0'
[1755364177.377020] [eos0397:1063738:0]            topo.c:899  UCX  DEBUG /sys/class/net/ibp94s0: PF sysfs path is '/sys/devices/pci0000:5b/0000:5b:01.0/0000:5c:00.0/0000:5d:00.0/0000:5e:00.0'
[1755364177.377144] [eos0397:1063738:0]            topo.c:899  UCX  DEBUG /sys/class/net/ibp94s0: PF sysfs path is '/sys/devices/pci0000:5b/0000:5b:01.0/0000:5c:00.0/0000:5d:00.0/0000:5e:00.0'
[1755364177.377260] [eos0397:1063738:0]            topo.c:899  UCX  DEBUG /sys/class/net/ibp94s0: PF sysfs path is '/sys/devices/pci0000:5b/0000:5b:01.0/0000:5c:00.0/0000:5d:00.0/0000:5e:00.0'
[1755364177.377375] [eos0397:1063738:0]            topo.c:899  UCX  DEBUG /sys/class/net/ibp94s0: PF sysfs path is '/sys/devices/pci0000:5b/0000:5b:01.0/0000:5c:00.0/0000:5d:00.0/0000:5e:00.0'
[1755364177.377498] [eos0397:1063738:0]            topo.c:899  UCX  DEBUG /sys/class/net/ibp94s0: PF sysfs path is '/sys/devices/pci0000:5b/0000:5b:01.0/0000:5c:00.0/0000:5d:00.0/0000:5e:00.0'
[1755364177.377614] [eos0397:1063738:0]            topo.c:899  UCX  DEBUG /sys/class/net/ibp94s0: PF sysfs path is '/sys/devices/pci0000:5b/0000:5b:01.0/0000:5c:00.0/0000:5d:00.0/0000:5e:00.0'
[1755364177.377649] [eos0397:1063738:0]           async.c:248  UCX  DEBUG added async handler 0x555558b614a0 [id=297 ref 1] ucp_worker_iface_async_fd_event() to hash
[1755364177.377653] [eos0397:1063738:0]           async.c:522  UCX  DEBUG listening to async event fd 297 events 0x0 mode thread_spinlock
[1755364177.377657] [eos0397:1063738:0]            sock.c:90   UCX  DEBUG ioctl(req=35142, ifr_name=lo) failed: Operation not supported
[1755364177.377659] [eos0397:1063738:0]         tcp_net.c:61   UCX  DEBUG speed of lo is UNKNOWN, assuming 100 Mbps
[1755364177.377685] [eos0397:1063738:0]            topo.c:895  UCX  DEBUG /sys/class/net/lo: sysfs path undetected
[1755364177.377686] [eos0397:1063738:0]            topo.c:848  UCX  DEBUG lo: pci bandwidth undetected, using maximal value
[1755364177.377703] [eos0397:1063738:0]            sock.c:90   UCX  DEBUG ioctl(req=35142, ifr_name=lo) failed: Operation not supported
[1755364177.377704] [eos0397:1063738:0]         tcp_net.c:61   UCX  DEBUG speed of lo is UNKNOWN, assuming 100 Mbps
[1755364177.377719] [eos0397:1063738:0]            topo.c:895  UCX  DEBUG /sys/class/net/lo: sysfs path undetected
[1755364177.377720] [eos0397:1063738:0]            topo.c:848  UCX  DEBUG lo: pci bandwidth undetected, using maximal value
[1755364177.377734] [eos0397:1063738:0]            sock.c:90   UCX  DEBUG ioctl(req=35142, ifr_name=lo) failed: Operation not supported
[1755364177.377736] [eos0397:1063738:0]         tcp_net.c:61   UCX  DEBUG speed of lo is UNKNOWN, assuming 100 Mbps
[1755364177.377751] [eos0397:1063738:0]            topo.c:895  UCX  DEBUG /sys/class/net/lo: sysfs path undetected
[1755364177.377752] [eos0397:1063738:0]            topo.c:848  UCX  DEBUG lo: pci bandwidth undetected, using maximal value
[1755364177.377766] [eos0397:1063738:0]            sock.c:90   UCX  DEBUG ioctl(req=35142, ifr_name=lo) failed: Operation not supported
[1755364177.377768] [eos0397:1063738:0]         tcp_net.c:61   UCX  DEBUG speed of lo is UNKNOWN, assuming 100 Mbps
[1755364177.377790] [eos0397:1063738:0]            topo.c:895  UCX  DEBUG /sys/class/net/lo: sysfs path undetected
[1755364177.377791] [eos0397:1063738:0]            topo.c:848  UCX  DEBUG lo: pci bandwidth undetected, using maximal value
[1755364177.377805] [eos0397:1063738:0]            sock.c:90   UCX  DEBUG ioctl(req=35142, ifr_name=lo) failed: Operation not supported
[1755364177.377806] [eos0397:1063738:0]         tcp_net.c:61   UCX  DEBUG speed of lo is UNKNOWN, assuming 100 Mbps
[1755364177.377823] [eos0397:1063738:0]            topo.c:895  UCX  DEBUG /sys/class/net/lo: sysfs path undetected
[1755364177.377824] [eos0397:1063738:0]            topo.c:848  UCX  DEBUG lo: pci bandwidth undetected, using maximal value
[1755364177.377839] [eos0397:1063738:0]            sock.c:90   UCX  DEBUG ioctl(req=35142, ifr_name=lo) failed: Operation not supported
[1755364177.377840] [eos0397:1063738:0]         tcp_net.c:61   UCX  DEBUG speed of lo is UNKNOWN, assuming 100 Mbps
[1755364177.377854] [eos0397:1063738:0]            topo.c:895  UCX  DEBUG /sys/class/net/lo: sysfs path undetected
[1755364177.377855] [eos0397:1063738:0]            topo.c:848  UCX  DEBUG lo: pci bandwidth undetected, using maximal value
[1755364177.377869] [eos0397:1063738:0]            sock.c:90   UCX  DEBUG ioctl(req=35142, ifr_name=lo) failed: Operation not supported
[1755364177.377874] [eos0397:1063738:0]         tcp_net.c:61   UCX  DEBUG speed of lo is UNKNOWN, assuming 100 Mbps
[1755364177.377898] [eos0397:1063738:0]            topo.c:895  UCX  DEBUG /sys/class/net/lo: sysfs path undetected
[1755364177.377898] [eos0397:1063738:0]            topo.c:848  UCX  DEBUG lo: pci bandwidth undetected, using maximal value
[1755364177.377913] [eos0397:1063738:0]            sock.c:90   UCX  DEBUG ioctl(req=35142, ifr_name=lo) failed: Operation not supported
[1755364177.377915] [eos0397:1063738:0]         tcp_net.c:61   UCX  DEBUG speed of lo is UNKNOWN, assuming 100 Mbps
[1755364177.377930] [eos0397:1063738:0]            topo.c:895  UCX  DEBUG /sys/class/net/lo: sysfs path undetected
[1755364177.377930] [eos0397:1063738:0]            topo.c:848  UCX  DEBUG lo: pci bandwidth undetected, using maximal value
[1755364177.377944] [eos0397:1063738:0]            sock.c:90   UCX  DEBUG ioctl(req=35142, ifr_name=lo) failed: Operation not supported
[1755364177.377946] [eos0397:1063738:0]         tcp_net.c:61   UCX  DEBUG speed of lo is UNKNOWN, assuming 100 Mbps
[1755364177.377960] [eos0397:1063738:0]            topo.c:895  UCX  DEBUG /sys/class/net/lo: sysfs path undetected
[1755364177.377961] [eos0397:1063738:0]            topo.c:848  UCX  DEBUG lo: pci bandwidth undetected, using maximal value
[1755364177.377975] [eos0397:1063738:0]            sock.c:90   UCX  DEBUG ioctl(req=35142, ifr_name=lo) failed: Operation not supported
[1755364177.377976] [eos0397:1063738:0]         tcp_net.c:61   UCX  DEBUG speed of lo is UNKNOWN, assuming 100 Mbps
[1755364177.377991] [eos0397:1063738:0]            topo.c:895  UCX  DEBUG /sys/class/net/lo: sysfs path undetected
[1755364177.377992] [eos0397:1063738:0]            topo.c:848  UCX  DEBUG lo: pci bandwidth undetected, using maximal value
[1755364177.378007] [eos0397:1063738:0]            sock.c:90   UCX  DEBUG ioctl(req=35142, ifr_name=lo) failed: Operation not supported
[1755364177.378008] [eos0397:1063738:0]         tcp_net.c:61   UCX  DEBUG speed of lo is UNKNOWN, assuming 100 Mbps
[1755364177.378023] [eos0397:1063738:0]            topo.c:895  UCX  DEBUG /sys/class/net/lo: sysfs path undetected
[1755364177.378024] [eos0397:1063738:0]            topo.c:848  UCX  DEBUG lo: pci bandwidth undetected, using maximal value
[1755364177.378038] [eos0397:1063738:0]            sock.c:90   UCX  DEBUG ioctl(req=35142, ifr_name=lo) failed: Operation not supported
[1755364177.378039] [eos0397:1063738:0]         tcp_net.c:61   UCX  DEBUG speed of lo is UNKNOWN, assuming 100 Mbps
[1755364177.378054] [eos0397:1063738:0]            topo.c:895  UCX  DEBUG /sys/class/net/lo: sysfs path undetected
[1755364177.378055] [eos0397:1063738:0]            topo.c:848  UCX  DEBUG lo: pci bandwidth undetected, using maximal value
[1755364177.378070] [eos0397:1063738:0]            sock.c:90   UCX  DEBUG ioctl(req=35142, ifr_name=lo) failed: Operation not supported
[1755364177.378072] [eos0397:1063738:0]         tcp_net.c:61   UCX  DEBUG speed of lo is UNKNOWN, assuming 100 Mbps
[1755364177.378087] [eos0397:1063738:0]            topo.c:895  UCX  DEBUG /sys/class/net/lo: sysfs path undetected
[1755364177.378087] [eos0397:1063738:0]            topo.c:848  UCX  DEBUG lo: pci bandwidth undetected, using maximal value
[1755364177.378104] [eos0397:1063738:0]            sock.c:90   UCX  DEBUG ioctl(req=35142, ifr_name=lo) failed: Operation not supported
[1755364177.378106] [eos0397:1063738:0]         tcp_net.c:61   UCX  DEBUG speed of lo is UNKNOWN, assuming 100 Mbps
[1755364177.378121] [eos0397:1063738:0]            topo.c:895  UCX  DEBUG /sys/class/net/lo: sysfs path undetected
[1755364177.378122] [eos0397:1063738:0]            topo.c:848  UCX  DEBUG lo: pci bandwidth undetected, using maximal value
[1755364177.378137] [eos0397:1063738:0]           async.c:248  UCX  DEBUG added async handler 0x55555e36de00 [id=299 ref 1] ucp_worker_iface_async_fd_event() to hash
[1755364177.378142] [eos0397:1063738:0]           async.c:522  UCX  DEBUG listening to async event fd 299 events 0x0 mode thread_spinlock
[1755364177.378146] [eos0397:1063738:0]           async.c:248  UCX  DEBUG added async handler 0x55555e36de40 [id=301 ref 1] ucp_worker_iface_async_fd_event() to hash
[1755364177.378151] [eos0397:1063738:0]           async.c:522  UCX  DEBUG listening to async event fd 301 events 0x0 mode thread_spinlock
[1755364177.378157] [eos0397:1063738:0]           async.c:248  UCX  DEBUG added async handler 0x55555e36de80 [id=375 ref 1] ucp_worker_iface_async_fd_event() to hash
[1755364177.378160] [eos0397:1063738:0]           async.c:522  UCX  DEBUG listening to async event fd 375 events 0x0 mode thread_spinlock
[1755364177.378163] [eos0397:1063738:0]           async.c:248  UCX  DEBUG added async handler 0x55555e36dec0 [id=376 ref 1] ucp_worker_iface_async_fd_event() to hash
[1755364177.378167] [eos0397:1063738:0]           async.c:522  UCX  DEBUG listening to async event fd 376 events 0x0 mode thread_spinlock
[1755364177.378169] [eos0397:1063738:0]           async.c:248  UCX  DEBUG added async handler 0x55555e36df00 [id=303 ref 1] ucp_worker_iface_async_fd_event() to hash
[1755364177.378172] [eos0397:1063738:0]           async.c:522  UCX  DEBUG listening to async event fd 303 events 0x0 mode thread_spinlock
[1755364177.378183] [eos0397:1063738:0]           async.c:248  UCX  DEBUG added async handler 0x55555e36df40 [id=307 ref 1] ucp_worker_iface_async_fd_event() to hash
[1755364177.378186] [eos0397:1063738:0]           async.c:522  UCX  DEBUG listening to async event fd 307 events 0x0 mode thread_spinlock
[1755364177.378193] [eos0397:1063738:0]           async.c:248  UCX  DEBUG added async handler 0x55555e36df80 [id=310 ref 1] ucp_worker_iface_async_fd_event() to hash
[1755364177.378196] [eos0397:1063738:0]           async.c:522  UCX  DEBUG listening to async event fd 310 events 0x0 mode thread_spinlock
[1755364177.378204] [eos0397:1063738:0]           async.c:248  UCX  DEBUG added async handler 0x55555e36dfc0 [id=312 ref 1] ucp_worker_iface_async_fd_event() to hash
[1755364177.378207] [eos0397:1063738:0]           async.c:522  UCX  DEBUG listening to async event fd 312 events 0x0 mode thread_spinlock
[1755364177.378214] [eos0397:1063738:0]           async.c:248  UCX  DEBUG added async handler 0x55555e63ddd0 [id=316 ref 1] ucp_worker_iface_async_fd_event() to hash
[1755364177.378217] [eos0397:1063738:0]           async.c:522  UCX  DEBUG listening to async event fd 316 events 0x0 mode thread_spinlock
[1755364177.378221] [eos0397:1063738:0]           async.c:248  UCX  DEBUG added async handler 0x55555e63de10 [id=319 ref 1] ucp_worker_iface_async_fd_event() to hash
[1755364177.378226] [eos0397:1063738:0]           async.c:522  UCX  DEBUG listening to async event fd 319 events 0x0 mode thread_spinlock
[1755364177.378232] [eos0397:1063738:0]           async.c:248  UCX  DEBUG added async handler 0x55555e63de50 [id=321 ref 1] ucp_worker_iface_async_fd_event() to hash
[1755364177.378236] [eos0397:1063738:0]           async.c:522  UCX  DEBUG listening to async event fd 321 events 0x0 mode thread_spinlock
[1755364177.378242] [eos0397:1063738:0]           async.c:248  UCX  DEBUG added async handler 0x55555e63de90 [id=325 ref 1] ucp_worker_iface_async_fd_event() to hash
[1755364177.378246] [eos0397:1063738:0]           async.c:522  UCX  DEBUG listening to async event fd 325 events 0x0 mode thread_spinlock
[1755364177.378250] [eos0397:1063738:0]           async.c:248  UCX  DEBUG added async handler 0x55555e63ded0 [id=328 ref 1] ucp_worker_iface_async_fd_event() to hash
[1755364177.378253] [eos0397:1063738:0]           async.c:522  UCX  DEBUG listening to async event fd 328 events 0x0 mode thread_spinlock
[1755364177.378259] [eos0397:1063738:0]           async.c:248  UCX  DEBUG added async handler 0x55555e63df10 [id=330 ref 1] ucp_worker_iface_async_fd_event() to hash
[1755364177.378262] [eos0397:1063738:0]           async.c:522  UCX  DEBUG listening to async event fd 330 events 0x0 mode thread_spinlock
[1755364177.378272] [eos0397:1063738:0]           async.c:248  UCX  DEBUG added async handler 0x55555e63df50 [id=334 ref 1] ucp_worker_iface_async_fd_event() to hash
[1755364177.378279] [eos0397:1063738:0]           async.c:522  UCX  DEBUG listening to async event fd 334 events 0x0 mode thread_spinlock
[1755364177.378283] [eos0397:1063738:0]           async.c:248  UCX  DEBUG added async handler 0x55555e63df90 [id=337 ref 1] ucp_worker_iface_async_fd_event() to hash
[1755364177.378286] [eos0397:1063738:0]           async.c:522  UCX  DEBUG listening to async event fd 337 events 0x0 mode thread_spinlock
[1755364177.378292] [eos0397:1063738:0]           async.c:248  UCX  DEBUG added async handler 0x55555dfdedc0 [id=339 ref 1] ucp_worker_iface_async_fd_event() to hash
[1755364177.378295] [eos0397:1063738:0]           async.c:522  UCX  DEBUG listening to async event fd 339 events 0x0 mode thread_spinlock
[1755364177.378302] [eos0397:1063738:0]           async.c:248  UCX  DEBUG added async handler 0x55555dfdee00 [id=343 ref 1] ucp_worker_iface_async_fd_event() to hash
[1755364177.378306] [eos0397:1063738:0]           async.c:522  UCX  DEBUG listening to async event fd 343 events 0x0 mode thread_spinlock
[1755364177.378310] [eos0397:1063738:0]           async.c:248  UCX  DEBUG added async handler 0x55555dfdee40 [id=346 ref 1] ucp_worker_iface_async_fd_event() to hash
[1755364177.378313] [eos0397:1063738:0]           async.c:522  UCX  DEBUG listening to async event fd 346 events 0x0 mode thread_spinlock
[1755364177.378319] [eos0397:1063738:0]           async.c:248  UCX  DEBUG added async handler 0x55555dfdee80 [id=348 ref 1] ucp_worker_iface_async_fd_event() to hash
[1755364177.378323] [eos0397:1063738:0]           async.c:522  UCX  DEBUG listening to async event fd 348 events 0x0 mode thread_spinlock
[1755364177.378328] [eos0397:1063738:0]           async.c:248  UCX  DEBUG added async handler 0x55555dfdeec0 [id=352 ref 1] ucp_worker_iface_async_fd_event() to hash
[1755364177.378332] [eos0397:1063738:0]           async.c:522  UCX  DEBUG listening to async event fd 352 events 0x0 mode thread_spinlock
[1755364177.378336] [eos0397:1063738:0]           async.c:248  UCX  DEBUG added async handler 0x55555dfdef00 [id=355 ref 1] ucp_worker_iface_async_fd_event() to hash
[1755364177.378340] [eos0397:1063738:0]           async.c:522  UCX  DEBUG listening to async event fd 355 events 0x0 mode thread_spinlock
[1755364177.378345] [eos0397:1063738:0]           async.c:248  UCX  DEBUG added async handler 0x55555dfdef40 [id=357 ref 1] ucp_worker_iface_async_fd_event() to hash
[1755364177.378349] [eos0397:1063738:0]           async.c:522  UCX  DEBUG listening to async event fd 357 events 0x0 mode thread_spinlock
[1755364177.378355] [eos0397:1063738:0]           async.c:248  UCX  DEBUG added async handler 0x55555dfdef80 [id=361 ref 1] ucp_worker_iface_async_fd_event() to hash
[1755364177.378358] [eos0397:1063738:0]           async.c:522  UCX  DEBUG listening to async event fd 361 events 0x0 mode thread_spinlock
[1755364177.378362] [eos0397:1063738:0]           async.c:248  UCX  DEBUG added async handler 0x55555dfdefc0 [id=364 ref 1] ucp_worker_iface_async_fd_event() to hash
[1755364177.378372] [eos0397:1063738:0]           async.c:522  UCX  DEBUG listening to async event fd 364 events 0x0 mode thread_spinlock
[1755364177.378378] [eos0397:1063738:0]           async.c:248  UCX  DEBUG added async handler 0x555557fb2a10 [id=366 ref 1] ucp_worker_iface_async_fd_event() to hash
[1755364177.378381] [eos0397:1063738:0]           async.c:522  UCX  DEBUG listening to async event fd 366 events 0x0 mode thread_spinlock
[1755364177.378388] [eos0397:1063738:0]           async.c:248  UCX  DEBUG added async handler 0x555557fb2a50 [id=370 ref 1] ucp_worker_iface_async_fd_event() to hash
[1755364177.378391] [eos0397:1063738:0]           async.c:522  UCX  DEBUG listening to async event fd 370 events 0x0 mode thread_spinlock
[1755364177.378395] [eos0397:1063738:0]           async.c:248  UCX  DEBUG added async handler 0x555557fb2a90 [id=373 ref 1] ucp_worker_iface_async_fd_event() to hash
[1755364177.378398] [eos0397:1063738:0]           async.c:522  UCX  DEBUG listening to async event fd 373 events 0x0 mode thread_spinlock
[1755364177.378423] [eos0397:1063738:0]           async.c:248  UCX  DEBUG added async handler 0x55555e145e00 [id=377 ref 1] uct_rdmacm_cm_event_handler() to hash
[1755364177.378426] [eos0397:1063738:0]           async.c:522  UCX  DEBUG listening to async event fd 377 events 0x1 mode thread_spinlock
[1755364177.378428] [eos0397:1063738:0]       rdmacm_cm.c:982  UCX  DEBUG created rdmacm_cm 0x55555e145870 with event_channel 0x55555e3954d0 (fd=377)
[1755364177.378435] [eos0397:1063738:0]      tcp_sockcm.c:225  UCX  DEBUG created tcp_sockcm 0x55555acf1460
[1755364177.378546] [eos0397:1063738:0]          ucp_ep.c:405  UCX  DEBUG created ep 0x7fffc9251000 to <no debug data> mem_type_ep:cuda
[1755364177.378791] [eos0397:1063738:0]      proto_rndv.c:515  UCX  DEBUG         no active message lane for rndv/rtr
[1755364177.378792] [eos0397:1063738:0]      proto_rndv.c:515  UCX  DEBUG         no active message lane for rndv/rtr/mtype
[1755364177.378799] [eos0397:1063738:0]      proto_rndv.c:515  UCX  DEBUG         no active message lane for am/rndv
[1755364177.378809] [eos0397:1063738:0]      proto_rndv.c:515  UCX  DEBUG               no active message lane for rndv/rtr
[1755364177.378810] [eos0397:1063738:0]      proto_rndv.c:515  UCX  DEBUG               no active message lane for rndv/rtr/mtype
[1755364177.378823] [eos0397:1063738:0]      proto_rndv.c:515  UCX  DEBUG             no active message lane for rndv/ats
[1755364177.378825] [eos0397:1063738:0]      proto_rndv.c:515  UCX  DEBUG             no active message lane for rndv/rtr
[1755364177.378830] [eos0397:1063738:0]      proto_rndv.c:515  UCX  DEBUG                 no active message lane for rndv/rtr
[1755364177.378832] [eos0397:1063738:0]      proto_rndv.c:515  UCX  DEBUG                 no active message lane for rndv/rtr/mtype
[1755364177.378837] [eos0397:1063738:0]      proto_rndv.c:515  UCX  DEBUG                     no active message lane for rndv/rtr
[1755364177.378838] [eos0397:1063738:0]      proto_rndv.c:515  UCX  DEBUG                     no active message lane for rndv/rtr/mtype
[1755364177.378844] [eos0397:1063738:0]      proto_rndv.c:515  UCX  DEBUG             no active message lane for rndv/rtr/mtype
[1755364177.378848] [eos0397:1063738:0]      proto_rndv.c:515  UCX  DEBUG                 no active message lane for rndv/rtr
[1755364177.378850] [eos0397:1063738:0]      proto_rndv.c:515  UCX  DEBUG                 no active message lane for rndv/rtr/mtype
[1755364177.378859] [eos0397:1063738:0]      proto_rndv.c:515  UCX  DEBUG         no active message lane for rndv/rtr
[1755364177.378860] [eos0397:1063738:0]      proto_rndv.c:515  UCX  DEBUG         no active message lane for rndv/rtr/mtype
[1755364177.378864] [eos0397:1063738:0]      proto_rndv.c:515  UCX  DEBUG         no active message lane for am/rndv
[1755364177.378869] [eos0397:1063738:0]          wireup.c:1227 UCX  DEBUG   ep 0x7fffc9251000: am_lane <none> wireup_msg_lane <none> cm_lane <none> keepalive_lane <none> reachable_mds 0x50
[1755364177.378871] [eos0397:1063738:0]          wireup.c:1237 UCX  DEBUG   ep 0x7fffc9251000: lane[0]: 16:cuda_copy/cuda.0 md[4]        -> addr[0].md[4]/cuda_cpy/sysdev[0] seg 4294967295 rma_bw#0
[1755364177.378873] [eos0397:1063738:0]          wireup.c:1237 UCX  DEBUG   ep 0x7fffc9251000: lane[1]: 18:gdr_copy/cuda.0 md[6]         -> addr[2].md[6]/gdr_copy/sysdev[0] seg 4294967295
[1755364177.378874] [eos0397:1063738:0]          wireup.c:1241 UCX  DEBUG   ep 0x7fffc9251000: err mode 0, flags 0x1
[1755364177.378912] [eos0397:1063738:0]          ucp_ep.c:405  UCX  DEBUG created ep 0x7fffc9251040 to <no debug data> mem_type_ep:cuda-managed
[1755364177.379084] [eos0397:1063738:0]      proto_rndv.c:515  UCX  DEBUG         no active message lane for rndv/rtr
[1755364177.379085] [eos0397:1063738:0]      proto_rndv.c:515  UCX  DEBUG         no active message lane for rndv/rtr/mtype
[1755364177.379088] [eos0397:1063738:0]      proto_rndv.c:515  UCX  DEBUG         no active message lane for am/rndv
[1755364177.379094] [eos0397:1063738:0]      proto_rndv.c:515  UCX  DEBUG               no active message lane for rndv/rtr
[1755364177.379099] [eos0397:1063738:0]      proto_rndv.c:515  UCX  DEBUG               no active message lane for rndv/rtr/mtype
[1755364177.379117] [eos0397:1063738:0]         uct_mem.c:296  UCX  DEBUG               could not allocate memory with any of the provided methods
[1755364177.379464] [eos0397:1063738:0]      proto_rndv.c:515  UCX  DEBUG             no active message lane for rndv/ats
[1755364177.379465] [eos0397:1063738:0]      proto_rndv.c:515  UCX  DEBUG             no active message lane for rndv/rtr
[1755364177.379471] [eos0397:1063738:0]      proto_rndv.c:515  UCX  DEBUG                 no active message lane for rndv/rtr
[1755364177.379473] [eos0397:1063738:0]      proto_rndv.c:515  UCX  DEBUG                 no active message lane for rndv/rtr/mtype
[1755364177.379477] [eos0397:1063738:0]      proto_rndv.c:515  UCX  DEBUG                     no active message lane for rndv/rtr
[1755364177.379478] [eos0397:1063738:0]      proto_rndv.c:515  UCX  DEBUG                     no active message lane for rndv/rtr/mtype
[1755364177.379485] [eos0397:1063738:0]      proto_rndv.c:515  UCX  DEBUG             no active message lane for rndv/rtr/mtype
[1755364177.379508] [eos0397:1063738:0]      proto_rndv.c:515  UCX  DEBUG                   no active message lane for rndv/rtr
[1755364177.379509] [eos0397:1063738:0]      proto_rndv.c:515  UCX  DEBUG                   no active message lane for rndv/rtr/mtype
[1755364177.379530] [eos0397:1063738:0]      proto_rndv.c:515  UCX  DEBUG                   no active message lane for rndv/rtr
[1755364177.379531] [eos0397:1063738:0]      proto_rndv.c:515  UCX  DEBUG                   no active message lane for rndv/rtr/mtype
[1755364177.379549] [eos0397:1063738:0]      proto_rndv.c:515  UCX  DEBUG                   no active message lane for rndv/rtr
[1755364177.379550] [eos0397:1063738:0]      proto_rndv.c:515  UCX  DEBUG                   no active message lane for rndv/rtr/mtype
[1755364177.379559] [eos0397:1063738:0]      proto_rndv.c:515  UCX  DEBUG                 no active message lane for rndv/rtr
[1755364177.379560] [eos0397:1063738:0]      proto_rndv.c:515  UCX  DEBUG                 no active message lane for rndv/rtr/mtype
[1755364177.379564] [eos0397:1063738:0]      proto_rndv.c:515  UCX  DEBUG                     no active message lane for rndv/rtr
[1755364177.379565] [eos0397:1063738:0]      proto_rndv.c:515  UCX  DEBUG                     no active message lane for rndv/rtr/mtype
[1755364177.379597] [eos0397:1063738:0]      proto_rndv.c:515  UCX  DEBUG                 no active message lane for rndv/send/ppln
[1755364177.379610] [eos0397:1063738:0]      proto_rndv.c:515  UCX  DEBUG                 no active message lane for rndv/put/mtype
[1755364177.379617] [eos0397:1063738:0]      proto_rndv.c:515  UCX  DEBUG                 no active message lane for rndv/rtr
[1755364177.379618] [eos0397:1063738:0]      proto_rndv.c:515  UCX  DEBUG                 no active message lane for rndv/rtr/mtype
[1755364177.379628] [eos0397:1063738:0]      proto_rndv.c:515  UCX  DEBUG                     no active message lane for rndv/rtr
[1755364177.379629] [eos0397:1063738:0]      proto_rndv.c:515  UCX  DEBUG                     no active message lane for rndv/rtr/mtype
[1755364177.379635] [eos0397:1063738:0]      proto_rndv.c:515  UCX  DEBUG                     no active message lane for rndv/send/ppln
[1755364177.379647] [eos0397:1063738:0]      proto_rndv.c:515  UCX  DEBUG                     no active message lane for rndv/put/mtype
[1755364177.379658] [eos0397:1063738:0]      proto_rndv.c:515  UCX  DEBUG         no active message lane for rndv/rtr
[1755364177.379659] [eos0397:1063738:0]      proto_rndv.c:515  UCX  DEBUG         no active message lane for rndv/rtr/mtype
[1755364177.379662] [eos0397:1063738:0]      proto_rndv.c:515  UCX  DEBUG         no active message lane for am/rndv
[1755364177.379666] [eos0397:1063738:0]          wireup.c:1227 UCX  DEBUG   ep 0x7fffc9251040: am_lane <none> wireup_msg_lane <none> cm_lane <none> keepalive_lane <none> reachable_mds 0x10
[1755364177.379668] [eos0397:1063738:0]          wireup.c:1237 UCX  DEBUG   ep 0x7fffc9251040: lane[0]: 16:cuda_copy/cuda.0 md[4]        -> addr[0].md[4]/cuda_cpy/sysdev[0] seg 4294967295 rma_bw#0
[1755364177.379669] [eos0397:1063738:0]          wireup.c:1241 UCX  DEBUG   ep 0x7fffc9251040: err mode 0, flags 0x1
[1755364177.379676] [eos0397:1063738:0]           mpool.c:138  UCX  DEBUG mpool ucp_requests: align 64, maxelems 4294967295, elemsize 272
[1755364177.379677] [eos0397:1063738:0]           mpool.c:138  UCX  DEBUG mpool ucp_rkeys: align 64, maxelems 4294967295, elemsize 104
[1755364177.379678] [eos0397:1063738:0]           mpool.c:138  UCX  DEBUG mpool ucp_reg_bufs: align 64, maxelems 4294967295, elemsize 8216
[1755364177.379680] [eos0397:1063738:0]           mpool.c:138  UCX  DEBUG mpool ucp_am_bufs: align 64, maxelems 4294967295, elemsize 160
[1755364177.379680] [eos0397:1063738:0]           mpool.c:138  UCX  DEBUG mpool ucp_am_bufs: align 64, maxelems 4294967295, elemsize 1120
[1755364177.379681] [eos0397:1063738:0]           mpool.c:138  UCX  DEBUG mpool ucp_am_bufs: align 64, maxelems 4294967295, elemsize 65632
[1755364177.379683] [eos0397:1063738:0]       mpool_set.c:130  UCX  DEBUG mpool_set:ucp_am_bufs, sizes map 0x80000440, largest size 65536, mpools num 3
[2 - 7ffff7bb5bc0]    0.000000 {5}{ucp}: UCP worker does not support multiple-thread mode
[1755364177.379718] [eos0397:1063738:0]      ucp_worker.c:2886 UCX  DEBUG destroy worker 0x55555b7067e0
[1755364177.379720] [eos0397:1063738:0]      ucp_worker.c:2872 UCX  DEBUG worker 0x55555b7067e0: destroy all endpoints
[1755364177.379720] [eos0397:1063738:0]      ucp_worker.c:2872 UCX  DEBUG worker 0x55555b7067e0: destroy internal endpoints
[1755364177.379723] [eos0397:1063738:0]          ucp_ep.c:1279 UCX  DEBUG ep 0x7fffc9251000: purge uct_ep[0]=0x55555e622490
[1755364177.379724] [eos0397:1063738:0]          ucp_ep.c:1279 UCX  DEBUG ep 0x7fffc9251000: purge uct_ep[1]=0x55555e6224b0
[1755364177.379728] [eos0397:1063738:0]          ucp_ep.c:1286 UCX  DEBUG ep 0x7fffc9251000: destroy
[1755364177.379729] [eos0397:1063738:0]          ucp_ep.c:1604 UCX  DEBUG ep 0x7fffc9251000: cleanup lanes
[1755364177.379730] [eos0397:1063738:0]          ucp_ep.c:1615 UCX  DEBUG ep 0x7fffc9251000: pending & destroy uct_ep[0]=0x55555e622490
[1755364177.379733] [eos0397:1063738:0]          ucp_ep.c:1615 UCX  DEBUG ep 0x7fffc9251000: pending & destroy uct_ep[1]=0x55555e6224b0
[1755364177.379738] [eos0397:1063738:0]          ucp_ep.c:1279 UCX  DEBUG ep 0x7fffc9251040: purge uct_ep[0]=0x55555d50cfa0
[1755364177.379739] [eos0397:1063738:0]          ucp_ep.c:1286 UCX  DEBUG ep 0x7fffc9251040: destroy
[1755364177.379739] [eos0397:1063738:0]          ucp_ep.c:1604 UCX  DEBUG ep 0x7fffc9251040: cleanup lanes
[1755364177.379740] [eos0397:1063738:0]          ucp_ep.c:1615 UCX  DEBUG ep 0x7fffc9251040: pending & destroy uct_ep[0]=0x55555d50cfa0
[1755364177.379742] [eos0397:1063738:0]      ucp_worker.c:244  UCX  DEBUG worker 0x55555b7067e0: remove active message handlers
[1755364177.379757] [eos0397:1063738:0]         tcp_net.c:61   UCX  DEBUG speed of bmc-redfish0 is UNKNOWN, assuming 100 Mbps
[1755364177.379831] [eos0397:1063738:0]            topo.c:895  UCX  DEBUG /sys/class/net/bmc-redfish0/lower_enx463c84c17a97: sysfs path undetected
[1755364177.379832] [eos0397:1063738:0]            topo.c:848  UCX  DEBUG bmc-redfish0: pci bandwidth undetected, using maximal value
[1755364177.379865] [eos0397:1063738:0]         tcp_net.c:61   UCX  DEBUG speed of bmc-redfish0 is UNKNOWN, assuming 100 Mbps
[1755364177.379895] [eos0397:1063738:0]            topo.c:895  UCX  DEBUG /sys/class/net/bmc-redfish0/lower_enx463c84c17a97: sysfs path undetected
[1755364177.379896] [eos0397:1063738:0]            topo.c:848  UCX  DEBUG bmc-redfish0: pci bandwidth undetected, using maximal value
[1755364177.379914] [eos0397:1063738:0]         tcp_net.c:61   UCX  DEBUG speed of bmc-redfish0 is UNKNOWN, assuming 100 Mbps
[1755364177.379959] [eos0397:1063738:0]            topo.c:895  UCX  DEBUG /sys/class/net/bmc-redfish0/lower_enx463c84c17a97: sysfs path undetected
[1755364177.379960] [eos0397:1063738:0]            topo.c:848  UCX  DEBUG bmc-redfish0: pci bandwidth undetected, using maximal value
[1755364177.379976] [eos0397:1063738:0]         tcp_net.c:61   UCX  DEBUG speed of bmc-redfish0 is UNKNOWN, assuming 100 Mbps
[1755364177.380015] [eos0397:1063738:0]            topo.c:895  UCX  DEBUG /sys/class/net/bmc-redfish0/lower_enx463c84c17a97: sysfs path undetected
[1755364177.380015] [eos0397:1063738:0]            topo.c:848  UCX  DEBUG bmc-redfish0: pci bandwidth undetected, using maximal value
[1755364177.380031] [eos0397:1063738:0]         tcp_net.c:61   UCX  DEBUG speed of bmc-redfish0 is UNKNOWN, assuming 100 Mbps
[1755364177.380060] [eos0397:1063738:0]            topo.c:895  UCX  DEBUG /sys/class/net/bmc-redfish0/lower_enx463c84c17a97: sysfs path undetected
[1755364177.380060] [eos0397:1063738:0]            topo.c:848  UCX  DEBUG bmc-redfish0: pci bandwidth undetected, using maximal value
[1755364177.380075] [eos0397:1063738:0]         tcp_net.c:61   UCX  DEBUG speed of bmc-redfish0 is UNKNOWN, assuming 100 Mbps
[1755364177.380113] [eos0397:1063738:0]            topo.c:895  UCX  DEBUG /sys/class/net/bmc-redfish0/lower_enx463c84c17a97: sysfs path undetected
[1755364177.380114] [eos0397:1063738:0]            topo.c:848  UCX  DEBUG bmc-redfish0: pci bandwidth undetected, using maximal value
[1755364177.380129] [eos0397:1063738:0]         tcp_net.c:61   UCX  DEBUG speed of bmc-redfish0 is UNKNOWN, assuming 100 Mbps
[1755364177.380157] [eos0397:1063738:0]            topo.c:895  UCX  DEBUG /sys/class/net/bmc-redfish0/lower_enx463c84c17a97: sysfs path undetected
[1755364177.380158] [eos0397:1063738:0]            topo.c:848  UCX  DEBUG bmc-redfish0: pci bandwidth undetected, using maximal value
[1755364177.380173] [eos0397:1063738:0]         tcp_net.c:61   UCX  DEBUG speed of bmc-redfish0 is UNKNOWN, assuming 100 Mbps
[1755364177.380202] [eos0397:1063738:0]            topo.c:895  UCX  DEBUG /sys/class/net/bmc-redfish0/lower_enx463c84c17a97: sysfs path undetected
[1755364177.380202] [eos0397:1063738:0]            topo.c:848  UCX  DEBUG bmc-redfish0: pci bandwidth undetected, using maximal value
[1755364177.380217] [eos0397:1063738:0]         tcp_net.c:61   UCX  DEBUG speed of bmc-redfish0 is UNKNOWN, assuming 100 Mbps
[1755364177.380256] [eos0397:1063738:0]            topo.c:895  UCX  DEBUG /sys/class/net/bmc-redfish0/lower_enx463c84c17a97: sysfs path undetected
[1755364177.380257] [eos0397:1063738:0]            topo.c:848  UCX  DEBUG bmc-redfish0: pci bandwidth undetected, using maximal value
[1755364177.380271] [eos0397:1063738:0]         tcp_net.c:61   UCX  DEBUG speed of bmc-redfish0 is UNKNOWN, assuming 100 Mbps
[1755364177.380299] [eos0397:1063738:0]            topo.c:895  UCX  DEBUG /sys/class/net/bmc-redfish0/lower_enx463c84c17a97: sysfs path undetected
[1755364177.380299] [eos0397:1063738:0]            topo.c:848  UCX  DEBUG bmc-redfish0: pci bandwidth undetected, using maximal value
[1755364177.380314] [eos0397:1063738:0]         tcp_net.c:61   UCX  DEBUG speed of bmc-redfish0 is UNKNOWN, assuming 100 Mbps
[1755364177.380342] [eos0397:1063738:0]            topo.c:895  UCX  DEBUG /sys/class/net/bmc-redfish0/lower_enx463c84c17a97: sysfs path undetected
[1755364177.380342] [eos0397:1063738:0]            topo.c:848  UCX  DEBUG bmc-redfish0: pci bandwidth undetected, using maximal value
[1755364177.380358] [eos0397:1063738:0]         tcp_net.c:61   UCX  DEBUG speed of bmc-redfish0 is UNKNOWN, assuming 100 Mbps
[1755364177.380385] [eos0397:1063738:0]            topo.c:895  UCX  DEBUG /sys/class/net/bmc-redfish0/lower_enx463c84c17a97: sysfs path undetected
[1755364177.380386] [eos0397:1063738:0]            topo.c:848  UCX  DEBUG bmc-redfish0: pci bandwidth undetected, using maximal value
[1755364177.380401] [eos0397:1063738:0]         tcp_net.c:61   UCX  DEBUG speed of bmc-redfish0 is UNKNOWN, assuming 100 Mbps
[1755364177.380431] [eos0397:1063738:0]            topo.c:895  UCX  DEBUG /sys/class/net/bmc-redfish0/lower_enx463c84c17a97: sysfs path undetected
[1755364177.380432] [eos0397:1063738:0]            topo.c:848  UCX  DEBUG bmc-redfish0: pci bandwidth undetected, using maximal value
[1755364177.380447] [eos0397:1063738:0]         tcp_net.c:61   UCX  DEBUG speed of bmc-redfish0 is UNKNOWN, assuming 100 Mbps
[1755364177.380475] [eos0397:1063738:0]            topo.c:895  UCX  DEBUG /sys/class/net/bmc-redfish0/lower_enx463c84c17a97: sysfs path undetected
[1755364177.380476] [eos0397:1063738:0]            topo.c:848  UCX  DEBUG bmc-redfish0: pci bandwidth undetected, using maximal value
[1755364177.380726] [eos0397:1063738:0]            topo.c:899  UCX  DEBUG /sys/class/net/eth3: PF sysfs path is '/sys/devices/pci0000:80/0000:80:05.0/0000:82:00.1'
[1755364177.380978] [eos0397:1063738:0]            topo.c:899  UCX  DEBUG /sys/class/net/eth3: PF sysfs path is '/sys/devices/pci0000:80/0000:80:05.0/0000:82:00.1'
[1755364177.381218] [eos0397:1063738:0]            topo.c:899  UCX  DEBUG /sys/class/net/eth3: PF sysfs path is '/sys/devices/pci0000:80/0000:80:05.0/0000:82:00.1'
[1755364177.381464] [eos0397:1063738:0]            topo.c:899  UCX  DEBUG /sys/class/net/eth3: PF sysfs path is '/sys/devices/pci0000:80/0000:80:05.0/0000:82:00.1'
[1755364177.381702] [eos0397:1063738:0]            topo.c:899  UCX  DEBUG /sys/class/net/eth3: PF sysfs path is '/sys/devices/pci0000:80/0000:80:05.0/0000:82:00.1'
[1755364177.381949] [eos0397:1063738:0]            topo.c:899  UCX  DEBUG /sys/class/net/eth3: PF sysfs path is '/sys/devices/pci0000:80/0000:80:05.0/0000:82:00.1'
[1755364177.382189] [eos0397:1063738:0]            topo.c:899  UCX  DEBUG /sys/class/net/eth3: PF sysfs path is '/sys/devices/pci0000:80/0000:80:05.0/0000:82:00.1'
[1755364177.382835] [eos0397:1063738:0]            topo.c:899  UCX  DEBUG /sys/class/net/eth3: PF sysfs path is '/sys/devices/pci0000:80/0000:80:05.0/0000:82:00.1'
[1755364177.383074] [eos0397:1063738:0]            topo.c:899  UCX  DEBUG /sys/class/net/eth3: PF sysfs path is '/sys/devices/pci0000:80/0000:80:05.0/0000:82:00.1'
[1755364177.383312] [eos0397:1063738:0]            topo.c:899  UCX  DEBUG /sys/class/net/eth3: PF sysfs path is '/sys/devices/pci0000:80/0000:80:05.0/0000:82:00.1'
[1755364177.383552] [eos0397:1063738:0]            topo.c:899  UCX  DEBUG /sys/class/net/eth3: PF sysfs path is '/sys/devices/pci0000:80/0000:80:05.0/0000:82:00.1'
[1755364177.383792] [eos0397:1063738:0]            topo.c:899  UCX  DEBUG /sys/class/net/eth3: PF sysfs path is '/sys/devices/pci0000:80/0000:80:05.0/0000:82:00.1'
[1755364177.384030] [eos0397:1063738:0]            topo.c:899  UCX  DEBUG /sys/class/net/eth3: PF sysfs path is '/sys/devices/pci0000:80/0000:80:05.0/0000:82:00.1'
[1755364177.384269] [eos0397:1063738:0]            topo.c:899  UCX  DEBUG /sys/class/net/eth3: PF sysfs path is '/sys/devices/pci0000:80/0000:80:05.0/0000:82:00.1'
[1755364177.384452] [eos0397:1063738:0]            topo.c:899  UCX  DEBUG /sys/class/net/ibp154s0: PF sysfs path is '/sys/devices/pci0000:97/0000:97:01.0/0000:98:00.0/0000:99:00.0/0000:9a:00.0'
[1755364177.384585] [eos0397:1063738:0]            topo.c:899  UCX  DEBUG /sys/class/net/ibp154s0: PF sysfs path is '/sys/devices/pci0000:97/0000:97:01.0/0000:98:00.0/0000:99:00.0/0000:9a:00.0'
[1755364177.384704] [eos0397:1063738:0]            topo.c:899  UCX  DEBUG /sys/class/net/ibp154s0: PF sysfs path is '/sys/devices/pci0000:97/0000:97:01.0/0000:98:00.0/0000:99:00.0/0000:9a:00.0'
[1755364177.384822] [eos0397:1063738:0]            topo.c:899  UCX  DEBUG /sys/class/net/ibp154s0: PF sysfs path is '/sys/devices/pci0000:97/0000:97:01.0/0000:98:00.0/0000:99:00.0/0000:9a:00.0'
[1755364177.384947] [eos0397:1063738:0]            topo.c:899  UCX  DEBUG /sys/class/net/ibp154s0: PF sysfs path is '/sys/devices/pci0000:97/0000:97:01.0/0000:98:00.0/0000:99:00.0/0000:9a:00.0'
[1755364177.385069] [eos0397:1063738:0]            topo.c:899  UCX  DEBUG /sys/class/net/ibp154s0: PF sysfs path is '/sys/devices/pci0000:97/0000:97:01.0/0000:98:00.0/0000:99:00.0/0000:9a:00.0'
[1755364177.385196] [eos0397:1063738:0]            topo.c:899  UCX  DEBUG /sys/class/net/ibp154s0: PF sysfs path is '/sys/devices/pci0000:97/0000:97:01.0/0000:98:00.0/0000:99:00.0/0000:9a:00.0'
[1755364177.385313] [eos0397:1063738:0]            topo.c:899  UCX  DEBUG /sys/class/net/ibp154s0: PF sysfs path is '/sys/devices/pci0000:97/0000:97:01.0/0000:98:00.0/0000:99:00.0/0000:9a:00.0'
[1755364177.385441] [eos0397:1063738:0]            topo.c:899  UCX  DEBUG /sys/class/net/ibp154s0: PF sysfs path is '/sys/devices/pci0000:97/0000:97:01.0/0000:98:00.0/0000:99:00.0/0000:9a:00.0'
[1755364177.385562] [eos0397:1063738:0]            topo.c:899  UCX  DEBUG /sys/class/net/ibp154s0: PF sysfs path is '/sys/devices/pci0000:97/0000:97:01.0/0000:98:00.0/0000:99:00.0/0000:9a:00.0'
[1755364177.385686] [eos0397:1063738:0]            topo.c:899  UCX  DEBUG /sys/class/net/ibp154s0: PF sysfs path is '/sys/devices/pci0000:97/0000:97:01.0/0000:98:00.0/0000:99:00.0/0000:9a:00.0'
[1755364177.385809] [eos0397:1063738:0]            topo.c:899  UCX  DEBUG /sys/class/net/ibp154s0: PF sysfs path is '/sys/devices/pci0000:97/0000:97:01.0/0000:98:00.0/0000:99:00.0/0000:9a:00.0'
[1755364177.385935] [eos0397:1063738:0]            topo.c:899  UCX  DEBUG /sys/class/net/ibp154s0: PF sysfs path is '/sys/devices/pci0000:97/0000:97:01.0/0000:98:00.0/0000:99:00.0/0000:9a:00.0'
[1755364177.386063] [eos0397:1063738:0]            topo.c:899  UCX  DEBUG /sys/class/net/ibp154s0: PF sysfs path is '/sys/devices/pci0000:97/0000:97:01.0/0000:98:00.0/0000:99:00.0/0000:9a:00.0'
[1755364177.386295] [eos0397:1063738:0]            topo.c:899  UCX  DEBUG /sys/class/net/ibp170s0f0: PF sysfs path is '/sys/devices/pci0000:a5/0000:a5:01.0/0000:a6:00.0/0000:a7:00.0/0000:a8:00.0/0000:a9:00.0/0000:aa:00.0'
[1755364177.386414] [eos0397:1063738:0]            topo.c:899  UCX  DEBUG /sys/class/net/ibp170s0f0: PF sysfs path is '/sys/devices/pci0000:a5/0000:a5:01.0/0000:a6:00.0/0000:a7:00.0/0000:a8:00.0/0000:a9:00.0/0000:aa:00.0'
[1755364177.386532] [eos0397:1063738:0]            topo.c:899  UCX  DEBUG /sys/class/net/ibp170s0f0: PF sysfs path is '/sys/devices/pci0000:a5/0000:a5:01.0/0000:a6:00.0/0000:a7:00.0/0000:a8:00.0/0000:a9:00.0/0000:aa:00.0'
[1755364177.386649] [eos0397:1063738:0]            topo.c:899  UCX  DEBUG /sys/class/net/ibp170s0f0: PF sysfs path is '/sys/devices/pci0000:a5/0000:a5:01.0/0000:a6:00.0/0000:a7:00.0/0000:a8:00.0/0000:a9:00.0/0000:aa:00.0'
[1755364177.386763] [eos0397:1063738:0]            topo.c:899  UCX  DEBUG /sys/class/net/ibp170s0f0: PF sysfs path is '/sys/devices/pci0000:a5/0000:a5:01.0/0000:a6:00.0/0000:a7:00.0/0000:a8:00.0/0000:a9:00.0/0000:aa:00.0'
[1755364177.386878] [eos0397:1063738:0]            topo.c:899  UCX  DEBUG /sys/class/net/ibp170s0f0: PF sysfs path is '/sys/devices/pci0000:a5/0000:a5:01.0/0000:a6:00.0/0000:a7:00.0/0000:a8:00.0/0000:a9:00.0/0000:aa:00.0'
[1755364177.386994] [eos0397:1063738:0]            topo.c:899  UCX  DEBUG /sys/class/net/ibp170s0f0: PF sysfs path is '/sys/devices/pci0000:a5/0000:a5:01.0/0000:a6:00.0/0000:a7:00.0/0000:a8:00.0/0000:a9:00.0/0000:aa:00.0'
[1755364177.387116] [eos0397:1063738:0]            topo.c:899  UCX  DEBUG /sys/class/net/ibp170s0f0: PF sysfs path is '/sys/devices/pci0000:a5/0000:a5:01.0/0000:a6:00.0/0000:a7:00.0/0000:a8:00.0/0000:a9:00.0/0000:aa:00.0'
[1755364177.387237] [eos0397:1063738:0]            topo.c:899  UCX  DEBUG /sys/class/net/ibp170s0f0: PF sysfs path is '/sys/devices/pci0000:a5/0000:a5:01.0/0000:a6:00.0/0000:a7:00.0/0000:a8:00.0/0000:a9:00.0/0000:aa:00.0'
[1755364177.387352] [eos0397:1063738:0]            topo.c:899  UCX  DEBUG /sys/class/net/ibp170s0f0: PF sysfs path is '/sys/devices/pci0000:a5/0000:a5:01.0/0000:a6:00.0/0000:a7:00.0/0000:a8:00.0/0000:a9:00.0/0000:aa:00.0'
[1755364177.387467] [eos0397:1063738:0]            topo.c:899  UCX  DEBUG /sys/class/net/ibp170s0f0: PF sysfs path is '/sys/devices/pci0000:a5/0000:a5:01.0/0000:a6:00.0/0000:a7:00.0/0000:a8:00.0/0000:a9:00.0/0000:aa:00.0'
[1755364177.387580] [eos0397:1063738:0]            topo.c:899  UCX  DEBUG /sys/class/net/ibp170s0f0: PF sysfs path is '/sys/devices/pci0000:a5/0000:a5:01.0/0000:a6:00.0/0000:a7:00.0/0000:a8:00.0/0000:a9:00.0/0000:aa:00.0'
[1755364177.387699] [eos0397:1063738:0]            topo.c:899  UCX  DEBUG /sys/class/net/ibp170s0f0: PF sysfs path is '/sys/devices/pci0000:a5/0000:a5:01.0/0000:a6:00.0/0000:a7:00.0/0000:a8:00.0/0000:a9:00.0/0000:aa:00.0'
[1755364177.387818] [eos0397:1063738:0]            topo.c:899  UCX  DEBUG /sys/class/net/ibp170s0f0: PF sysfs path is '/sys/devices/pci0000:a5/0000:a5:01.0/0000:a6:00.0/0000:a7:00.0/0000:a8:00.0/0000:a9:00.0/0000:aa:00.0'
[1755364177.388006] [eos0397:1063738:0]            topo.c:899  UCX  DEBUG /sys/class/net/ibp192s0: PF sysfs path is '/sys/devices/pci0000:bd/0000:bd:01.0/0000:be:00.0/0000:bf:00.0/0000:c0:00.0'
[1755364177.388128] [eos0397:1063738:0]            topo.c:899  UCX  DEBUG /sys/class/net/ibp192s0: PF sysfs path is '/sys/devices/pci0000:bd/0000:bd:01.0/0000:be:00.0/0000:bf:00.0/0000:c0:00.0'
[1755364177.388243] [eos0397:1063738:0]            topo.c:899  UCX  DEBUG /sys/class/net/ibp192s0: PF sysfs path is '/sys/devices/pci0000:bd/0000:bd:01.0/0000:be:00.0/0000:bf:00.0/0000:c0:00.0'
[1755364177.388357] [eos0397:1063738:0]            topo.c:899  UCX  DEBUG /sys/class/net/ibp192s0: PF sysfs path is '/sys/devices/pci0000:bd/0000:bd:01.0/0000:be:00.0/0000:bf:00.0/0000:c0:00.0'
[1755364177.388469] [eos0397:1063738:0]            topo.c:899  UCX  DEBUG /sys/class/net/ibp192s0: PF sysfs path is '/sys/devices/pci0000:bd/0000:bd:01.0/0000:be:00.0/0000:bf:00.0/0000:c0:00.0'
[1755364177.388586] [eos0397:1063738:0]            topo.c:899  UCX  DEBUG /sys/class/net/ibp192s0: PF sysfs path is '/sys/devices/pci0000:bd/0000:bd:01.0/0000:be:00.0/0000:bf:00.0/0000:c0:00.0'
[1755364177.388702] [eos0397:1063738:0]            topo.c:899  UCX  DEBUG /sys/class/net/ibp192s0: PF sysfs path is '/sys/devices/pci0000:bd/0000:bd:01.0/0000:be:00.0/0000:bf:00.0/0000:c0:00.0'
[1755364177.388823] [eos0397:1063738:0]            topo.c:899  UCX  DEBUG /sys/class/net/ibp192s0: PF sysfs path is '/sys/devices/pci0000:bd/0000:bd:01.0/0000:be:00.0/0000:bf:00.0/0000:c0:00.0'
[1755364177.388938] [eos0397:1063738:0]            topo.c:899  UCX  DEBUG /sys/class/net/ibp192s0: PF sysfs path is '/sys/devices/pci0000:bd/0000:bd:01.0/0000:be:00.0/0000:bf:00.0/0000:c0:00.0'
[1755364177.389052] [eos0397:1063738:0]            topo.c:899  UCX  DEBUG /sys/class/net/ibp192s0: PF sysfs path is '/sys/devices/pci0000:bd/0000:bd:01.0/0000:be:00.0/0000:bf:00.0/0000:c0:00.0'
[1755364177.389169] [eos0397:1063738:0]            topo.c:899  UCX  DEBUG /sys/class/net/ibp192s0: PF sysfs path is '/sys/devices/pci0000:bd/0000:bd:01.0/0000:be:00.0/0000:bf:00.0/0000:c0:00.0'
[1755364177.389290] [eos0397:1063738:0]            topo.c:899  UCX  DEBUG /sys/class/net/ibp192s0: PF sysfs path is '/sys/devices/pci0000:bd/0000:bd:01.0/0000:be:00.0/0000:bf:00.0/0000:c0:00.0'
[1755364177.389404] [eos0397:1063738:0]            topo.c:899  UCX  DEBUG /sys/class/net/ibp192s0: PF sysfs path is '/sys/devices/pci0000:bd/0000:bd:01.0/0000:be:00.0/0000:bf:00.0/0000:c0:00.0'
[1755364177.389515] [eos0397:1063738:0]            topo.c:899  UCX  DEBUG /sys/class/net/ibp192s0: PF sysfs path is '/sys/devices/pci0000:bd/0000:bd:01.0/0000:be:00.0/0000:bf:00.0/0000:c0:00.0'
[1755364177.389682] [eos0397:1063738:0]            topo.c:899  UCX  DEBUG /sys/class/net/ibp206s0: PF sysfs path is '/sys/devices/pci0000:cb/0000:cb:01.0/0000:cc:00.0/0000:cd:00.0/0000:ce:00.0'
[1755364177.389810] [eos0397:1063738:0]            topo.c:899  UCX  DEBUG /sys/class/net/ibp206s0: PF sysfs path is '/sys/devices/pci0000:cb/0000:cb:01.0/0000:cc:00.0/0000:cd:00.0/0000:ce:00.0'
[1755364177.389926] [eos0397:1063738:0]            topo.c:899  UCX  DEBUG /sys/class/net/ibp206s0: PF sysfs path is '/sys/devices/pci0000:cb/0000:cb:01.0/0000:cc:00.0/0000:cd:00.0/0000:ce:00.0'
[1755364177.390044] [eos0397:1063738:0]            topo.c:899  UCX  DEBUG /sys/class/net/ibp206s0: PF sysfs path is '/sys/devices/pci0000:cb/0000:cb:01.0/0000:cc:00.0/0000:cd:00.0/0000:ce:00.0'
[1755364177.390167] [eos0397:1063738:0]            topo.c:899  UCX  DEBUG /sys/class/net/ibp206s0: PF sysfs path is '/sys/devices/pci0000:cb/0000:cb:01.0/0000:cc:00.0/0000:cd:00.0/0000:ce:00.0'
[1755364177.390286] [eos0397:1063738:0]            topo.c:899  UCX  DEBUG /sys/class/net/ibp206s0: PF sysfs path is '/sys/devices/pci0000:cb/0000:cb:01.0/0000:cc:00.0/0000:cd:00.0/0000:ce:00.0'
[1755364177.390410] [eos0397:1063738:0]            topo.c:899  UCX  DEBUG /sys/class/net/ibp206s0: PF sysfs path is '/sys/devices/pci0000:cb/0000:cb:01.0/0000:cc:00.0/0000:cd:00.0/0000:ce:00.0'
[1755364177.390523] [eos0397:1063738:0]            topo.c:899  UCX  DEBUG /sys/class/net/ibp206s0: PF sysfs path is '/sys/devices/pci0000:cb/0000:cb:01.0/0000:cc:00.0/0000:cd:00.0/0000:ce:00.0'
[1755364177.390640] [eos0397:1063738:0]            topo.c:899  UCX  DEBUG /sys/class/net/ibp206s0: PF sysfs path is '/sys/devices/pci0000:cb/0000:cb:01.0/0000:cc:00.0/0000:cd:00.0/0000:ce:00.0'
[1755364177.390754] [eos0397:1063738:0]            topo.c:899  UCX  DEBUG /sys/class/net/ibp206s0: PF sysfs path is '/sys/devices/pci0000:cb/0000:cb:01.0/0000:cc:00.0/0000:cd:00.0/0000:ce:00.0'
[1755364177.390874] [eos0397:1063738:0]            topo.c:899  UCX  DEBUG /sys/class/net/ibp206s0: PF sysfs path is '/sys/devices/pci0000:cb/0000:cb:01.0/0000:cc:00.0/0000:cd:00.0/0000:ce:00.0'
[1755364177.390985] [eos0397:1063738:0]            topo.c:899  UCX  DEBUG /sys/class/net/ibp206s0: PF sysfs path is '/sys/devices/pci0000:cb/0000:cb:01.0/0000:cc:00.0/0000:cd:00.0/0000:ce:00.0'
[1755364177.391101] [eos0397:1063738:0]            topo.c:899  UCX  DEBUG /sys/class/net/ibp206s0: PF sysfs path is '/sys/devices/pci0000:cb/0000:cb:01.0/0000:cc:00.0/0000:cd:00.0/0000:ce:00.0'
[1755364177.391215] [eos0397:1063738:0]            topo.c:899  UCX  DEBUG /sys/class/net/ibp206s0: PF sysfs path is '/sys/devices/pci0000:cb/0000:cb:01.0/0000:cc:00.0/0000:cd:00.0/0000:ce:00.0'
[1755364177.391392] [eos0397:1063738:0]            topo.c:899  UCX  DEBUG /sys/class/net/ibp220s0: PF sysfs path is '/sys/devices/pci0000:d9/0000:d9:01.0/0000:da:00.0/0000:db:00.0/0000:dc:00.0'
[1755364177.391524] [eos0397:1063738:0]            topo.c:899  UCX  DEBUG /sys/class/net/ibp220s0: PF sysfs path is '/sys/devices/pci0000:d9/0000:d9:01.0/0000:da:00.0/0000:db:00.0/0000:dc:00.0'
[1755364177.391638] [eos0397:1063738:0]            topo.c:899  UCX  DEBUG /sys/class/net/ibp220s0: PF sysfs path is '/sys/devices/pci0000:d9/0000:d9:01.0/0000:da:00.0/0000:db:00.0/0000:dc:00.0'
[1755364177.391759] [eos0397:1063738:0]            topo.c:899  UCX  DEBUG /sys/class/net/ibp220s0: PF sysfs path is '/sys/devices/pci0000:d9/0000:d9:01.0/0000:da:00.0/0000:db:00.0/0000:dc:00.0'
[1755364177.391873] [eos0397:1063738:0]            topo.c:899  UCX  DEBUG /sys/class/net/ibp220s0: PF sysfs path is '/sys/devices/pci0000:d9/0000:d9:01.0/0000:da:00.0/0000:db:00.0/0000:dc:00.0'
[1755364177.391988] [eos0397:1063738:0]            topo.c:899  UCX  DEBUG /sys/class/net/ibp220s0: PF sysfs path is '/sys/devices/pci0000:d9/0000:d9:01.0/0000:da:00.0/0000:db:00.0/0000:dc:00.0'
[1755364177.392103] [eos0397:1063738:0]            topo.c:899  UCX  DEBUG /sys/class/net/ibp220s0: PF sysfs path is '/sys/devices/pci0000:d9/0000:d9:01.0/0000:da:00.0/0000:db:00.0/0000:dc:00.0'
[1755364177.392216] [eos0397:1063738:0]            topo.c:899  UCX  DEBUG /sys/class/net/ibp220s0: PF sysfs path is '/sys/devices/pci0000:d9/0000:d9:01.0/0000:da:00.0/0000:db:00.0/0000:dc:00.0'
[1755364177.392336] [eos0397:1063738:0]            topo.c:899  UCX  DEBUG /sys/class/net/ibp220s0: PF sysfs path is '/sys/devices/pci0000:d9/0000:d9:01.0/0000:da:00.0/0000:db:00.0/0000:dc:00.0'
[1755364177.392465] [eos0397:1063738:0]            topo.c:899  UCX  DEBUG /sys/class/net/ibp220s0: PF sysfs path is '/sys/devices/pci0000:d9/0000:d9:01.0/0000:da:00.0/0000:db:00.0/0000:dc:00.0'
[1755364177.392582] [eos0397:1063738:0]            topo.c:899  UCX  DEBUG /sys/class/net/ibp220s0: PF sysfs path is '/sys/devices/pci0000:d9/0000:d9:01.0/0000:da:00.0/0000:db:00.0/0000:dc:00.0'
[1755364177.392695] [eos0397:1063738:0]            topo.c:899  UCX  DEBUG /sys/class/net/ibp220s0: PF sysfs path is '/sys/devices/pci0000:d9/0000:d9:01.0/0000:da:00.0/0000:db:00.0/0000:dc:00.0'
[1755364177.392812] [eos0397:1063738:0]            topo.c:899  UCX  DEBUG /sys/class/net/ibp220s0: PF sysfs path is '/sys/devices/pci0000:d9/0000:d9:01.0/0000:da:00.0/0000:db:00.0/0000:dc:00.0'
[1755364177.392923] [eos0397:1063738:0]            topo.c:899  UCX  DEBUG /sys/class/net/ibp220s0: PF sysfs path is '/sys/devices/pci0000:d9/0000:d9:01.0/0000:da:00.0/0000:db:00.0/0000:dc:00.0'
[1755364177.393102] [eos0397:1063738:0]            topo.c:899  UCX  DEBUG /sys/class/net/ibp24s0: PF sysfs path is '/sys/devices/pci0000:15/0000:15:01.0/0000:16:00.0/0000:17:00.0/0000:18:00.0'
[1755364177.393226] [eos0397:1063738:0]            topo.c:899  UCX  DEBUG /sys/class/net/ibp24s0: PF sysfs path is '/sys/devices/pci0000:15/0000:15:01.0/0000:16:00.0/0000:17:00.0/0000:18:00.0'
[1755364177.393337] [eos0397:1063738:0]            topo.c:899  UCX  DEBUG /sys/class/net/ibp24s0: PF sysfs path is '/sys/devices/pci0000:15/0000:15:01.0/0000:16:00.0/0000:17:00.0/0000:18:00.0'
[1755364177.393446] [eos0397:1063738:0]            topo.c:899  UCX  DEBUG /sys/class/net/ibp24s0: PF sysfs path is '/sys/devices/pci0000:15/0000:15:01.0/0000:16:00.0/0000:17:00.0/0000:18:00.0'
[1755364177.393557] [eos0397:1063738:0]            topo.c:899  UCX  DEBUG /sys/class/net/ibp24s0: PF sysfs path is '/sys/devices/pci0000:15/0000:15:01.0/0000:16:00.0/0000:17:00.0/0000:18:00.0'
[1755364177.393667] [eos0397:1063738:0]            topo.c:899  UCX  DEBUG /sys/class/net/ibp24s0: PF sysfs path is '/sys/devices/pci0000:15/0000:15:01.0/0000:16:00.0/0000:17:00.0/0000:18:00.0'
[1755364177.393780] [eos0397:1063738:0]            topo.c:899  UCX  DEBUG /sys/class/net/ibp24s0: PF sysfs path is '/sys/devices/pci0000:15/0000:15:01.0/0000:16:00.0/0000:17:00.0/0000:18:00.0'
[1755364177.393895] [eos0397:1063738:0]            topo.c:899  UCX  DEBUG /sys/class/net/ibp24s0: PF sysfs path is '/sys/devices/pci0000:15/0000:15:01.0/0000:16:00.0/0000:17:00.0/0000:18:00.0'
[1755364177.394014] [eos0397:1063738:0]            topo.c:899  UCX  DEBUG /sys/class/net/ibp24s0: PF sysfs path is '/sys/devices/pci0000:15/0000:15:01.0/0000:16:00.0/0000:17:00.0/0000:18:00.0'
[1755364177.394126] [eos0397:1063738:0]            topo.c:899  UCX  DEBUG /sys/class/net/ibp24s0: PF sysfs path is '/sys/devices/pci0000:15/0000:15:01.0/0000:16:00.0/0000:17:00.0/0000:18:00.0'
[1755364177.394247] [eos0397:1063738:0]            topo.c:899  UCX  DEBUG /sys/class/net/ibp24s0: PF sysfs path is '/sys/devices/pci0000:15/0000:15:01.0/0000:16:00.0/0000:17:00.0/0000:18:00.0'
[1755364177.394357] [eos0397:1063738:0]            topo.c:899  UCX  DEBUG /sys/class/net/ibp24s0: PF sysfs path is '/sys/devices/pci0000:15/0000:15:01.0/0000:16:00.0/0000:17:00.0/0000:18:00.0'
[1755364177.394469] [eos0397:1063738:0]            topo.c:899  UCX  DEBUG /sys/class/net/ibp24s0: PF sysfs path is '/sys/devices/pci0000:15/0000:15:01.0/0000:16:00.0/0000:17:00.0/0000:18:00.0'
[1755364177.394580] [eos0397:1063738:0]            topo.c:899  UCX  DEBUG /sys/class/net/ibp24s0: PF sysfs path is '/sys/devices/pci0000:15/0000:15:01.0/0000:16:00.0/0000:17:00.0/0000:18:00.0'
[1755364177.394705] [eos0397:1063738:0]            topo.c:899  UCX  DEBUG /sys/class/net/ibp41s0f0: PF sysfs path is '/sys/devices/pci0000:24/0000:24:01.0/0000:25:00.0/0000:26:00.0/0000:27:00.0/0000:28:00.0/0000:29:00.0'
[1755364177.394839] [eos0397:1063738:0]            topo.c:899  UCX  DEBUG /sys/class/net/ibp41s0f0: PF sysfs path is '/sys/devices/pci0000:24/0000:24:01.0/0000:25:00.0/0000:26:00.0/0000:27:00.0/0000:28:00.0/0000:29:00.0'
[1755364177.394955] [eos0397:1063738:0]            topo.c:899  UCX  DEBUG /sys/class/net/ibp41s0f0: PF sysfs path is '/sys/devices/pci0000:24/0000:24:01.0/0000:25:00.0/0000:26:00.0/0000:27:00.0/0000:28:00.0/0000:29:00.0'
[1755364177.395073] [eos0397:1063738:0]            topo.c:899  UCX  DEBUG /sys/class/net/ibp41s0f0: PF sysfs path is '/sys/devices/pci0000:24/0000:24:01.0/0000:25:00.0/0000:26:00.0/0000:27:00.0/0000:28:00.0/0000:29:00.0'
[1755364177.395190] [eos0397:1063738:0]            topo.c:899  UCX  DEBUG /sys/class/net/ibp41s0f0: PF sysfs path is '/sys/devices/pci0000:24/0000:24:01.0/0000:25:00.0/0000:26:00.0/0000:27:00.0/0000:28:00.0/0000:29:00.0'
[1755364177.395302] [eos0397:1063738:0]            topo.c:899  UCX  DEBUG /sys/class/net/ibp41s0f0: PF sysfs path is '/sys/devices/pci0000:24/0000:24:01.0/0000:25:00.0/0000:26:00.0/0000:27:00.0/0000:28:00.0/0000:29:00.0'
[1755364177.395413] [eos0397:1063738:0]            topo.c:899  UCX  DEBUG /sys/class/net/ibp41s0f0: PF sysfs path is '/sys/devices/pci0000:24/0000:24:01.0/0000:25:00.0/0000:26:00.0/0000:27:00.0/0000:28:00.0/0000:29:00.0'
[1755364177.395532] [eos0397:1063738:0]            topo.c:899  UCX  DEBUG /sys/class/net/ibp41s0f0: PF sysfs path is '/sys/devices/pci0000:24/0000:24:01.0/0000:25:00.0/0000:26:00.0/0000:27:00.0/0000:28:00.0/0000:29:00.0'
[1755364177.395646] [eos0397:1063738:0]            topo.c:899  UCX  DEBUG /sys/class/net/ibp41s0f0: PF sysfs path is '/sys/devices/pci0000:24/0000:24:01.0/0000:25:00.0/0000:26:00.0/0000:27:00.0/0000:28:00.0/0000:29:00.0'
[1755364177.395759] [eos0397:1063738:0]            topo.c:899  UCX  DEBUG /sys/class/net/ibp41s0f0: PF sysfs path is '/sys/devices/pci0000:24/0000:24:01.0/0000:25:00.0/0000:26:00.0/0000:27:00.0/0000:28:00.0/0000:29:00.0'
[1755364177.395867] [eos0397:1063738:0]            topo.c:899  UCX  DEBUG /sys/class/net/ibp41s0f0: PF sysfs path is '/sys/devices/pci0000:24/0000:24:01.0/0000:25:00.0/0000:26:00.0/0000:27:00.0/0000:28:00.0/0000:29:00.0'
[1755364177.395987] [eos0397:1063738:0]            topo.c:899  UCX  DEBUG /sys/class/net/ibp41s0f0: PF sysfs path is '/sys/devices/pci0000:24/0000:24:01.0/0000:25:00.0/0000:26:00.0/0000:27:00.0/0000:28:00.0/0000:29:00.0'
[1755364177.396102] [eos0397:1063738:0]            topo.c:899  UCX  DEBUG /sys/class/net/ibp41s0f0: PF sysfs path is '/sys/devices/pci0000:24/0000:24:01.0/0000:25:00.0/0000:26:00.0/0000:27:00.0/0000:28:00.0/0000:29:00.0'
[1755364177.396235] [eos0397:1063738:0]            topo.c:899  UCX  DEBUG /sys/class/net/ibp41s0f0: PF sysfs path is '/sys/devices/pci0000:24/0000:24:01.0/0000:25:00.0/0000:26:00.0/0000:27:00.0/0000:28:00.0/0000:29:00.0'
[1755364177.396430] [eos0397:1063738:0]            topo.c:899  UCX  DEBUG /sys/class/net/ibp64s0: PF sysfs path is '/sys/devices/pci0000:3d/0000:3d:01.0/0000:3e:00.0/0000:3f:00.0/0000:40:00.0'
[1755364177.396552] [eos0397:1063738:0]            topo.c:899  UCX  DEBUG /sys/class/net/ibp64s0: PF sysfs path is '/sys/devices/pci0000:3d/0000:3d:01.0/0000:3e:00.0/0000:3f:00.0/0000:40:00.0'
[1755364177.396664] [eos0397:1063738:0]            topo.c:899  UCX  DEBUG /sys/class/net/ibp64s0: PF sysfs path is '/sys/devices/pci0000:3d/0000:3d:01.0/0000:3e:00.0/0000:3f:00.0/0000:40:00.0'
[1755364177.396773] [eos0397:1063738:0]            topo.c:899  UCX  DEBUG /sys/class/net/ibp64s0: PF sysfs path is '/sys/devices/pci0000:3d/0000:3d:01.0/0000:3e:00.0/0000:3f:00.0/0000:40:00.0'
[1755364177.396883] [eos0397:1063738:0]            topo.c:899  UCX  DEBUG /sys/class/net/ibp64s0: PF sysfs path is '/sys/devices/pci0000:3d/0000:3d:01.0/0000:3e:00.0/0000:3f:00.0/0000:40:00.0'
[1755364177.396999] [eos0397:1063738:0]            topo.c:899  UCX  DEBUG /sys/class/net/ibp64s0: PF sysfs path is '/sys/devices/pci0000:3d/0000:3d:01.0/0000:3e:00.0/0000:3f:00.0/0000:40:00.0'
[1755364177.397118] [eos0397:1063738:0]            topo.c:899  UCX  DEBUG /sys/class/net/ibp64s0: PF sysfs path is '/sys/devices/pci0000:3d/0000:3d:01.0/0000:3e:00.0/0000:3f:00.0/0000:40:00.0'
[1755364177.397232] [eos0397:1063738:0]            topo.c:899  UCX  DEBUG /sys/class/net/ibp64s0: PF sysfs path is '/sys/devices/pci0000:3d/0000:3d:01.0/0000:3e:00.0/0000:3f:00.0/0000:40:00.0'
[1755364177.397339] [eos0397:1063738:0]            topo.c:899  UCX  DEBUG /sys/class/net/ibp64s0: PF sysfs path is '/sys/devices/pci0000:3d/0000:3d:01.0/0000:3e:00.0/0000:3f:00.0/0000:40:00.0'
[1755364177.397448] [eos0397:1063738:0]            topo.c:899  UCX  DEBUG /sys/class/net/ibp64s0: PF sysfs path is '/sys/devices/pci0000:3d/0000:3d:01.0/0000:3e:00.0/0000:3f:00.0/0000:40:00.0'
[1755364177.397556] [eos0397:1063738:0]            topo.c:899  UCX  DEBUG /sys/class/net/ibp64s0: PF sysfs path is '/sys/devices/pci0000:3d/0000:3d:01.0/0000:3e:00.0/0000:3f:00.0/0000:40:00.0'
[1755364177.397665] [eos0397:1063738:0]            topo.c:899  UCX  DEBUG /sys/class/net/ibp64s0: PF sysfs path is '/sys/devices/pci0000:3d/0000:3d:01.0/0000:3e:00.0/0000:3f:00.0/0000:40:00.0'
[1755364177.397779] [eos0397:1063738:0]            topo.c:899  UCX  DEBUG /sys/class/net/ibp64s0: PF sysfs path is '/sys/devices/pci0000:3d/0000:3d:01.0/0000:3e:00.0/0000:3f:00.0/0000:40:00.0'
[1755364177.397892] [eos0397:1063738:0]            topo.c:899  UCX  DEBUG /sys/class/net/ibp64s0: PF sysfs path is '/sys/devices/pci0000:3d/0000:3d:01.0/0000:3e:00.0/0000:3f:00.0/0000:40:00.0'
[1755364177.398092] [eos0397:1063738:0]            topo.c:899  UCX  DEBUG /sys/class/net/ibp79s0: PF sysfs path is '/sys/devices/pci0000:4c/0000:4c:01.0/0000:4d:00.0/0000:4e:00.0/0000:4f:00.0'
[1755364177.398218] [eos0397:1063738:0]            topo.c:899  UCX  DEBUG /sys/class/net/ibp79s0: PF sysfs path is '/sys/devices/pci0000:4c/0000:4c:01.0/0000:4d:00.0/0000:4e:00.0/0000:4f:00.0'
[1755364177.398478] [eos0397:1063738:0]            topo.c:899  UCX  DEBUG /sys/class/net/ibp79s0: PF sysfs path is '/sys/devices/pci0000:4c/0000:4c:01.0/0000:4d:00.0/0000:4e:00.0/0000:4f:00.0'
[1755364177.398592] [eos0397:1063738:0]            topo.c:899  UCX  DEBUG /sys/class/net/ibp79s0: PF sysfs path is '/sys/devices/pci0000:4c/0000:4c:01.0/0000:4d:00.0/0000:4e:00.0/0000:4f:00.0'
[1755364177.398707] [eos0397:1063738:0]            topo.c:899  UCX  DEBUG /sys/class/net/ibp79s0: PF sysfs path is '/sys/devices/pci0000:4c/0000:4c:01.0/0000:4d:00.0/0000:4e:00.0/0000:4f:00.0'
[1755364177.398823] [eos0397:1063738:0]            topo.c:899  UCX  DEBUG /sys/class/net/ibp79s0: PF sysfs path is '/sys/devices/pci0000:4c/0000:4c:01.0/0000:4d:00.0/0000:4e:00.0/0000:4f:00.0'
[1755364177.398937] [eos0397:1063738:0]            topo.c:899  UCX  DEBUG /sys/class/net/ibp79s0: PF sysfs path is '/sys/devices/pci0000:4c/0000:4c:01.0/0000:4d:00.0/0000:4e:00.0/0000:4f:00.0'
[1755364177.399047] [eos0397:1063738:0]            topo.c:899  UCX  DEBUG /sys/class/net/ibp79s0: PF sysfs path is '/sys/devices/pci0000:4c/0000:4c:01.0/0000:4d:00.0/0000:4e:00.0/0000:4f:00.0'
[1755364177.399164] [eos0397:1063738:0]            topo.c:899  UCX  DEBUG /sys/class/net/ibp79s0: PF sysfs path is '/sys/devices/pci0000:4c/0000:4c:01.0/0000:4d:00.0/0000:4e:00.0/0000:4f:00.0'
[1755364177.399285] [eos0397:1063738:0]            topo.c:899  UCX  DEBUG /sys/class/net/ibp79s0: PF sysfs path is '/sys/devices/pci0000:4c/0000:4c:01.0/0000:4d:00.0/0000:4e:00.0/0000:4f:00.0'
[1755364177.399396] [eos0397:1063738:0]            topo.c:899  UCX  DEBUG /sys/class/net/ibp79s0: PF sysfs path is '/sys/devices/pci0000:4c/0000:4c:01.0/0000:4d:00.0/0000:4e:00.0/0000:4f:00.0'
[1755364177.399516] [eos0397:1063738:0]            topo.c:899  UCX  DEBUG /sys/class/net/ibp79s0: PF sysfs path is '/sys/devices/pci0000:4c/0000:4c:01.0/0000:4d:00.0/0000:4e:00.0/0000:4f:00.0'
[1755364177.399633] [eos0397:1063738:0]            topo.c:899  UCX  DEBUG /sys/class/net/ibp79s0: PF sysfs path is '/sys/devices/pci0000:4c/0000:4c:01.0/0000:4d:00.0/0000:4e:00.0/0000:4f:00.0'
[1755364177.399751] [eos0397:1063738:0]            topo.c:899  UCX  DEBUG /sys/class/net/ibp79s0: PF sysfs path is '/sys/devices/pci0000:4c/0000:4c:01.0/0000:4d:00.0/0000:4e:00.0/0000:4f:00.0'
[1755364177.399972] [eos0397:1063738:0]            topo.c:899  UCX  DEBUG /sys/class/net/ibp94s0: PF sysfs path is '/sys/devices/pci0000:5b/0000:5b:01.0/0000:5c:00.0/0000:5d:00.0/0000:5e:00.0'
[1755364177.400094] [eos0397:1063738:0]            topo.c:899  UCX  DEBUG /sys/class/net/ibp94s0: PF sysfs path is '/sys/devices/pci0000:5b/0000:5b:01.0/0000:5c:00.0/0000:5d:00.0/0000:5e:00.0'
[1755364177.400212] [eos0397:1063738:0]            topo.c:899  UCX  DEBUG /sys/class/net/ibp94s0: PF sysfs path is '/sys/devices/pci0000:5b/0000:5b:01.0/0000:5c:00.0/0000:5d:00.0/0000:5e:00.0'
[1755364177.400328] [eos0397:1063738:0]            topo.c:899  UCX  DEBUG /sys/class/net/ibp94s0: PF sysfs path is '/sys/devices/pci0000:5b/0000:5b:01.0/0000:5c:00.0/0000:5d:00.0/0000:5e:00.0'
[1755364177.400449] [eos0397:1063738:0]            topo.c:899  UCX  DEBUG /sys/class/net/ibp94s0: PF sysfs path is '/sys/devices/pci0000:5b/0000:5b:01.0/0000:5c:00.0/0000:5d:00.0/0000:5e:00.0'
[1755364177.400566] [eos0397:1063738:0]            topo.c:899  UCX  DEBUG /sys/class/net/ibp94s0: PF sysfs path is '/sys/devices/pci0000:5b/0000:5b:01.0/0000:5c:00.0/0000:5d:00.0/0000:5e:00.0'
[1755364177.400680] [eos0397:1063738:0]            topo.c:899  UCX  DEBUG /sys/class/net/ibp94s0: PF sysfs path is '/sys/devices/pci0000:5b/0000:5b:01.0/0000:5c:00.0/0000:5d:00.0/0000:5e:00.0'
[1755364177.400790] [eos0397:1063738:0]            topo.c:899  UCX  DEBUG /sys/class/net/ibp94s0: PF sysfs path is '/sys/devices/pci0000:5b/0000:5b:01.0/0000:5c:00.0/0000:5d:00.0/0000:5e:00.0'
[1755364177.400913] [eos0397:1063738:0]            topo.c:899  UCX  DEBUG /sys/class/net/ibp94s0: PF sysfs path is '/sys/devices/pci0000:5b/0000:5b:01.0/0000:5c:00.0/0000:5d:00.0/0000:5e:00.0'
[1755364177.401027] [eos0397:1063738:0]            topo.c:899  UCX  DEBUG /sys/class/net/ibp94s0: PF sysfs path is '/sys/devices/pci0000:5b/0000:5b:01.0/0000:5c:00.0/0000:5d:00.0/0000:5e:00.0'
[1755364177.401144] [eos0397:1063738:0]            topo.c:899  UCX  DEBUG /sys/class/net/ibp94s0: PF sysfs path is '/sys/devices/pci0000:5b/0000:5b:01.0/0000:5c:00.0/0000:5d:00.0/0000:5e:00.0'
[1755364177.401258] [eos0397:1063738:0]            topo.c:899  UCX  DEBUG /sys/class/net/ibp94s0: PF sysfs path is '/sys/devices/pci0000:5b/0000:5b:01.0/0000:5c:00.0/0000:5d:00.0/0000:5e:00.0'
[1755364177.401388] [eos0397:1063738:0]            topo.c:899  UCX  DEBUG /sys/class/net/ibp94s0: PF sysfs path is '/sys/devices/pci0000:5b/0000:5b:01.0/0000:5c:00.0/0000:5d:00.0/0000:5e:00.0'
[1755364177.401502] [eos0397:1063738:0]            topo.c:899  UCX  DEBUG /sys/class/net/ibp94s0: PF sysfs path is '/sys/devices/pci0000:5b/0000:5b:01.0/0000:5c:00.0/0000:5d:00.0/0000:5e:00.0'
[1755364177.401543] [eos0397:1063738:0]            sock.c:90   UCX  DEBUG ioctl(req=35142, ifr_name=lo) failed: Operation not supported
[1755364177.401545] [eos0397:1063738:0]         tcp_net.c:61   UCX  DEBUG speed of lo is UNKNOWN, assuming 100 Mbps
[1755364177.401564] [eos0397:1063738:0]            topo.c:895  UCX  DEBUG /sys/class/net/lo: sysfs path undetected
[1755364177.401565] [eos0397:1063738:0]            topo.c:848  UCX  DEBUG lo: pci bandwidth undetected, using maximal value
[1755364177.401581] [eos0397:1063738:0]            sock.c:90   UCX  DEBUG ioctl(req=35142, ifr_name=lo) failed: Operation not supported
[1755364177.401583] [eos0397:1063738:0]         tcp_net.c:61   UCX  DEBUG speed of lo is UNKNOWN, assuming 100 Mbps
[1755364177.401598] [eos0397:1063738:0]            topo.c:895  UCX  DEBUG /sys/class/net/lo: sysfs path undetected
[1755364177.401599] [eos0397:1063738:0]            topo.c:848  UCX  DEBUG lo: pci bandwidth undetected, using maximal value
[1755364177.401617] [eos0397:1063738:0]            sock.c:90   UCX  DEBUG ioctl(req=35142, ifr_name=lo) failed: Operation not supported
[1755364177.401618] [eos0397:1063738:0]         tcp_net.c:61   UCX  DEBUG speed of lo is UNKNOWN, assuming 100 Mbps
[1755364177.401633] [eos0397:1063738:0]            topo.c:895  UCX  DEBUG /sys/class/net/lo: sysfs path undetected
[1755364177.401633] [eos0397:1063738:0]            topo.c:848  UCX  DEBUG lo: pci bandwidth undetected, using maximal value
[1755364177.401648] [eos0397:1063738:0]            sock.c:90   UCX  DEBUG ioctl(req=35142, ifr_name=lo) failed: Operation not supported
[1755364177.401649] [eos0397:1063738:0]         tcp_net.c:61   UCX  DEBUG speed of lo is UNKNOWN, assuming 100 Mbps
[1755364177.401670] [eos0397:1063738:0]            topo.c:895  UCX  DEBUG /sys/class/net/lo: sysfs path undetected
[1755364177.401671] [eos0397:1063738:0]            topo.c:848  UCX  DEBUG lo: pci bandwidth undetected, using maximal value
[1755364177.401685] [eos0397:1063738:0]            sock.c:90   UCX  DEBUG ioctl(req=35142, ifr_name=lo) failed: Operation not supported
[1755364177.401687] [eos0397:1063738:0]         tcp_net.c:61   UCX  DEBUG speed of lo is UNKNOWN, assuming 100 Mbps
[1755364177.401701] [eos0397:1063738:0]            topo.c:895  UCX  DEBUG /sys/class/net/lo: sysfs path undetected
[1755364177.401701] [eos0397:1063738:0]            topo.c:848  UCX  DEBUG lo: pci bandwidth undetected, using maximal value
[1755364177.401716] [eos0397:1063738:0]            sock.c:90   UCX  DEBUG ioctl(req=35142, ifr_name=lo) failed: Operation not supported
[1755364177.401717] [eos0397:1063738:0]         tcp_net.c:61   UCX  DEBUG speed of lo is UNKNOWN, assuming 100 Mbps
[1755364177.401731] [eos0397:1063738:0]            topo.c:895  UCX  DEBUG /sys/class/net/lo: sysfs path undetected
[1755364177.401732] [eos0397:1063738:0]            topo.c:848  UCX  DEBUG lo: pci bandwidth undetected, using maximal value
[1755364177.401746] [eos0397:1063738:0]            sock.c:90   UCX  DEBUG ioctl(req=35142, ifr_name=lo) failed: Operation not supported
[1755364177.401747] [eos0397:1063738:0]         tcp_net.c:61   UCX  DEBUG speed of lo is UNKNOWN, assuming 100 Mbps
[1755364177.401761] [eos0397:1063738:0]            topo.c:895  UCX  DEBUG /sys/class/net/lo: sysfs path undetected
[1755364177.401762] [eos0397:1063738:0]            topo.c:848  UCX  DEBUG lo: pci bandwidth undetected, using maximal value
[1755364177.401777] [eos0397:1063738:0]            sock.c:90   UCX  DEBUG ioctl(req=35142, ifr_name=lo) failed: Operation not supported
[1755364177.401778] [eos0397:1063738:0]         tcp_net.c:61   UCX  DEBUG speed of lo is UNKNOWN, assuming 100 Mbps
[1755364177.401792] [eos0397:1063738:0]            topo.c:895  UCX  DEBUG /sys/class/net/lo: sysfs path undetected
[1755364177.401793] [eos0397:1063738:0]            topo.c:848  UCX  DEBUG lo: pci bandwidth undetected, using maximal value
[1755364177.401807] [eos0397:1063738:0]            sock.c:90   UCX  DEBUG ioctl(req=35142, ifr_name=lo) failed: Operation not supported
[1755364177.401808] [eos0397:1063738:0]         tcp_net.c:61   UCX  DEBUG speed of lo is UNKNOWN, assuming 100 Mbps
[1755364177.401822] [eos0397:1063738:0]            topo.c:895  UCX  DEBUG /sys/class/net/lo: sysfs path undetected
[1755364177.401823] [eos0397:1063738:0]            topo.c:848  UCX  DEBUG lo: pci bandwidth undetected, using maximal value
[1755364177.401844] [eos0397:1063738:0]            sock.c:90   UCX  DEBUG ioctl(req=35142, ifr_name=lo) failed: Operation not supported
[1755364177.401846] [eos0397:1063738:0]         tcp_net.c:61   UCX  DEBUG speed of lo is UNKNOWN, assuming 100 Mbps
[1755364177.401860] [eos0397:1063738:0]            topo.c:895  UCX  DEBUG /sys/class/net/lo: sysfs path undetected
[1755364177.401860] [eos0397:1063738:0]            topo.c:848  UCX  DEBUG lo: pci bandwidth undetected, using maximal value
[1755364177.401874] [eos0397:1063738:0]            sock.c:90   UCX  DEBUG ioctl(req=35142, ifr_name=lo) failed: Operation not supported
[1755364177.401876] [eos0397:1063738:0]         tcp_net.c:61   UCX  DEBUG speed of lo is UNKNOWN, assuming 100 Mbps
[1755364177.401890] [eos0397:1063738:0]            topo.c:895  UCX  DEBUG /sys/class/net/lo: sysfs path undetected
[1755364177.401890] [eos0397:1063738:0]            topo.c:848  UCX  DEBUG lo: pci bandwidth undetected, using maximal value
[1755364177.401904] [eos0397:1063738:0]            sock.c:90   UCX  DEBUG ioctl(req=35142, ifr_name=lo) failed: Operation not supported
[1755364177.401906] [eos0397:1063738:0]         tcp_net.c:61   UCX  DEBUG speed of lo is UNKNOWN, assuming 100 Mbps
[1755364177.401920] [eos0397:1063738:0]            topo.c:895  UCX  DEBUG /sys/class/net/lo: sysfs path undetected
[1755364177.401920] [eos0397:1063738:0]            topo.c:848  UCX  DEBUG lo: pci bandwidth undetected, using maximal value
[1755364177.401935] [eos0397:1063738:0]            sock.c:90   UCX  DEBUG ioctl(req=35142, ifr_name=lo) failed: Operation not supported
[1755364177.401940] [eos0397:1063738:0]         tcp_net.c:61   UCX  DEBUG speed of lo is UNKNOWN, assuming 100 Mbps
[1755364177.401954] [eos0397:1063738:0]            topo.c:895  UCX  DEBUG /sys/class/net/lo: sysfs path undetected
[1755364177.401955] [eos0397:1063738:0]            topo.c:848  UCX  DEBUG lo: pci bandwidth undetected, using maximal value
[1755364177.401971] [eos0397:1063738:0]            sock.c:90   UCX  DEBUG ioctl(req=35142, ifr_name=lo) failed: Operation not supported
[1755364177.401973] [eos0397:1063738:0]         tcp_net.c:61   UCX  DEBUG speed of lo is UNKNOWN, assuming 100 Mbps
[1755364177.401987] [eos0397:1063738:0]            topo.c:895  UCX  DEBUG /sys/class/net/lo: sysfs path undetected
[1755364177.401988] [eos0397:1063738:0]            topo.c:848  UCX  DEBUG lo: pci bandwidth undetected, using maximal value
[1755364177.402061] [eos0397:1063738:0]           mpool.c:194  UCX  DEBUG mpool ucp_reg_bufs destroyed
[1755364177.402063] [eos0397:1063738:0]           mpool.c:194  UCX  DEBUG mpool ucp_am_bufs destroyed
[1755364177.402064] [eos0397:1063738:0]           mpool.c:194  UCX  DEBUG mpool ucp_am_bufs destroyed
[1755364177.402064] [eos0397:1063738:0]           mpool.c:194  UCX  DEBUG mpool ucp_am_bufs destroyed
[1755364177.402065] [eos0397:1063738:0]           mpool.c:194  UCX  DEBUG mpool ucp_rkeys destroyed
[1755364177.402066] [eos0397:1063738:0]           mpool.c:194  UCX  DEBUG mpool ucp_requests destroyed
[1755364177.402073] [eos0397:1063738:0]           async.c:173  UCX  DEBUG removed async handler 0x55555e145e00 [id=377 ref 1] uct_rdmacm_cm_event_handler() from hash
[1755364177.402074] [eos0397:1063738:0]           async.c:576  UCX  DEBUG removing async handler 0x55555e145e00 [id=377 ref 1] uct_rdmacm_cm_event_handler()
[1755364177.402079] [eos0397:1063738:0]           async.c:188  UCX  DEBUG release async handler 0x55555e145e00 [id=377 ref 0] uct_rdmacm_cm_event_handler()
[1755364177.402096] [eos0397:1063738:0]           mpool.c:194  UCX  DEBUG mpool self_msg_desc destroyed
[1755364177.402098] [eos0397:1063738:0]           async.c:173  UCX  DEBUG removed async handler 0x55555e78e010 [id=273 ref 1] ucp_worker_iface_async_fd_event() from hash
[1755364177.402099] [eos0397:1063738:0]           async.c:576  UCX  DEBUG removing async handler 0x55555e78e010 [id=273 ref 1] ucp_worker_iface_async_fd_event()
[1755364177.402101] [eos0397:1063738:0]           async.c:188  UCX  DEBUG release async handler 0x55555e78e010 [id=273 ref 0] ucp_worker_iface_async_fd_event()
[1755364177.402103] [eos0397:1063738:0]       tcp_iface.c:857  UCX  DEBUG tcp_iface 0x55555b3eb3b0: destroying
[1755364177.402104] [eos0397:1063738:0]           async.c:173  UCX  DEBUG removed async handler 0x55555b1a0e00 [id=274 ref 1] uct_tcp_iface_connect_handler() from hash
[1755364177.402105] [eos0397:1063738:0]           async.c:576  UCX  DEBUG removing async handler 0x55555b1a0e00 [id=274 ref 1] uct_tcp_iface_connect_handler()
[1755364177.402108] [eos0397:1063738:0]           async.c:188  UCX  DEBUG release async handler 0x55555b1a0e00 [id=274 ref 0] uct_tcp_iface_connect_handler()
[1755364177.402109] [eos0397:1063738:0]           mpool.c:194  UCX  DEBUG mpool uct_tcp_iface_rx_buf_mp destroyed
[1755364177.402110] [eos0397:1063738:0]           mpool.c:194  UCX  DEBUG mpool uct_tcp_iface_tx_buf_mp destroyed
[1755364177.402116] [eos0397:1063738:0]           async.c:173  UCX  DEBUG removed async handler 0x55555c78f010 [id=275 ref 1] ucp_worker_iface_async_fd_event() from hash
[1755364177.402117] [eos0397:1063738:0]           async.c:576  UCX  DEBUG removing async handler 0x55555c78f010 [id=275 ref 1] ucp_worker_iface_async_fd_event()
[1755364177.402119] [eos0397:1063738:0]           async.c:188  UCX  DEBUG release async handler 0x55555c78f010 [id=275 ref 0] ucp_worker_iface_async_fd_event()
[1755364177.402121] [eos0397:1063738:0]       tcp_iface.c:857  UCX  DEBUG tcp_iface 0x55555b3efdd0: destroying
[1755364177.402122] [eos0397:1063738:0]           async.c:173  UCX  DEBUG removed async handler 0x55555b1ec6e0 [id=276 ref 1] uct_tcp_iface_connect_handler() from hash
[1755364177.402122] [eos0397:1063738:0]           async.c:576  UCX  DEBUG removing async handler 0x55555b1ec6e0 [id=276 ref 1] uct_tcp_iface_connect_handler()
[1755364177.402124] [eos0397:1063738:0]           async.c:188  UCX  DEBUG release async handler 0x55555b1ec6e0 [id=276 ref 0] uct_tcp_iface_connect_handler()
[1755364177.402125] [eos0397:1063738:0]           mpool.c:194  UCX  DEBUG mpool uct_tcp_iface_rx_buf_mp destroyed
[1755364177.402126] [eos0397:1063738:0]           mpool.c:194  UCX  DEBUG mpool uct_tcp_iface_tx_buf_mp destroyed
[1755364177.402131] [eos0397:1063738:0]           async.c:173  UCX  DEBUG removed async handler 0x55555e395d90 [id=277 ref 1] ucp_worker_iface_async_fd_event() from hash
[1755364177.402132] [eos0397:1063738:0]           async.c:576  UCX  DEBUG removing async handler 0x55555e395d90 [id=277 ref 1] ucp_worker_iface_async_fd_event()
[1755364177.402133] [eos0397:1063738:0]           async.c:188  UCX  DEBUG release async handler 0x55555e395d90 [id=277 ref 0] ucp_worker_iface_async_fd_event()
[1755364177.402135] [eos0397:1063738:0]       tcp_iface.c:857  UCX  DEBUG tcp_iface 0x55555b3f0aa0: destroying
[1755364177.402136] [eos0397:1063738:0]           async.c:173  UCX  DEBUG removed async handler 0x55555b1ed5c0 [id=278 ref 1] uct_tcp_iface_connect_handler() from hash
[1755364177.402136] [eos0397:1063738:0]           async.c:576  UCX  DEBUG removing async handler 0x55555b1ed5c0 [id=278 ref 1] uct_tcp_iface_connect_handler()
[1755364177.402138] [eos0397:1063738:0]           async.c:188  UCX  DEBUG release async handler 0x55555b1ed5c0 [id=278 ref 0] uct_tcp_iface_connect_handler()
[1755364177.402139] [eos0397:1063738:0]           mpool.c:194  UCX  DEBUG mpool uct_tcp_iface_rx_buf_mp destroyed
[1755364177.402140] [eos0397:1063738:0]           mpool.c:194  UCX  DEBUG mpool uct_tcp_iface_tx_buf_mp destroyed
[1755364177.402144] [eos0397:1063738:0]           async.c:173  UCX  DEBUG removed async handler 0x55555c5731e0 [id=279 ref 1] ucp_worker_iface_async_fd_event() from hash
[1755364177.402145] [eos0397:1063738:0]           async.c:576  UCX  DEBUG removing async handler 0x55555c5731e0 [id=279 ref 1] ucp_worker_iface_async_fd_event()
[1755364177.402146] [eos0397:1063738:0]           async.c:188  UCX  DEBUG release async handler 0x55555c5731e0 [id=279 ref 0] ucp_worker_iface_async_fd_event()
[1755364177.402148] [eos0397:1063738:0]       tcp_iface.c:857  UCX  DEBUG tcp_iface 0x55555b3f1620: destroying
[1755364177.402149] [eos0397:1063738:0]           async.c:173  UCX  DEBUG removed async handler 0x55555b1ed730 [id=280 ref 1] uct_tcp_iface_connect_handler() from hash
[1755364177.402150] [eos0397:1063738:0]           async.c:576  UCX  DEBUG removing async handler 0x55555b1ed730 [id=280 ref 1] uct_tcp_iface_connect_handler()
[1755364177.402151] [eos0397:1063738:0]           async.c:188  UCX  DEBUG release async handler 0x55555b1ed730 [id=280 ref 0] uct_tcp_iface_connect_handler()
[1755364177.402152] [eos0397:1063738:0]           mpool.c:194  UCX  DEBUG mpool uct_tcp_iface_rx_buf_mp destroyed
[1755364177.402153] [eos0397:1063738:0]           mpool.c:194  UCX  DEBUG mpool uct_tcp_iface_tx_buf_mp destroyed
[1755364177.402158] [eos0397:1063738:0]           async.c:173  UCX  DEBUG removed async handler 0x55555bb56010 [id=281 ref 1] ucp_worker_iface_async_fd_event() from hash
[1755364177.402159] [eos0397:1063738:0]           async.c:576  UCX  DEBUG removing async handler 0x55555bb56010 [id=281 ref 1] ucp_worker_iface_async_fd_event()
[1755364177.402160] [eos0397:1063738:0]           async.c:188  UCX  DEBUG release async handler 0x55555bb56010 [id=281 ref 0] ucp_worker_iface_async_fd_event()
[1755364177.402162] [eos0397:1063738:0]       tcp_iface.c:857  UCX  DEBUG tcp_iface 0x55555b3f21a0: destroying
[1755364177.402163] [eos0397:1063738:0]           async.c:173  UCX  DEBUG removed async handler 0x55555b19a7e0 [id=282 ref 1] uct_tcp_iface_connect_handler() from hash
[1755364177.402164] [eos0397:1063738:0]           async.c:576  UCX  DEBUG removing async handler 0x55555b19a7e0 [id=282 ref 1] uct_tcp_iface_connect_handler()
[1755364177.402169] [eos0397:1063738:0]           async.c:188  UCX  DEBUG release async handler 0x55555b19a7e0 [id=282 ref 0] uct_tcp_iface_connect_handler()
[1755364177.402170] [eos0397:1063738:0]           mpool.c:194  UCX  DEBUG mpool uct_tcp_iface_rx_buf_mp destroyed
[1755364177.402171] [eos0397:1063738:0]           mpool.c:194  UCX  DEBUG mpool uct_tcp_iface_tx_buf_mp destroyed
[1755364177.402175] [eos0397:1063738:0]           async.c:173  UCX  DEBUG removed async handler 0x55555b93a130 [id=283 ref 1] ucp_worker_iface_async_fd_event() from hash
[1755364177.402176] [eos0397:1063738:0]           async.c:576  UCX  DEBUG removing async handler 0x55555b93a130 [id=283 ref 1] ucp_worker_iface_async_fd_event()
[1755364177.402178] [eos0397:1063738:0]           async.c:188  UCX  DEBUG release async handler 0x55555b93a130 [id=283 ref 0] ucp_worker_iface_async_fd_event()
[1755364177.402179] [eos0397:1063738:0]       tcp_iface.c:857  UCX  DEBUG tcp_iface 0x55555b3f2d20: destroying
[1755364177.402180] [eos0397:1063738:0]           async.c:173  UCX  DEBUG removed async handler 0x55555b19b460 [id=284 ref 1] uct_tcp_iface_connect_handler() from hash
[1755364177.402181] [eos0397:1063738:0]           async.c:576  UCX  DEBUG removing async handler 0x55555b19b460 [id=284 ref 1] uct_tcp_iface_connect_handler()
[1755364177.402183] [eos0397:1063738:0]           async.c:188  UCX  DEBUG release async handler 0x55555b19b460 [id=284 ref 0] uct_tcp_iface_connect_handler()
[1755364177.402183] [eos0397:1063738:0]           mpool.c:194  UCX  DEBUG mpool uct_tcp_iface_rx_buf_mp destroyed
[1755364177.402184] [eos0397:1063738:0]           mpool.c:194  UCX  DEBUG mpool uct_tcp_iface_tx_buf_mp destroyed
[1755364177.402188] [eos0397:1063738:0]           async.c:173  UCX  DEBUG removed async handler 0x55555e395490 [id=285 ref 1] ucp_worker_iface_async_fd_event() from hash
[1755364177.402189] [eos0397:1063738:0]           async.c:576  UCX  DEBUG removing async handler 0x55555e395490 [id=285 ref 1] ucp_worker_iface_async_fd_event()
[1755364177.402191] [eos0397:1063738:0]           async.c:188  UCX  DEBUG release async handler 0x55555e395490 [id=285 ref 0] ucp_worker_iface_async_fd_event()
[1755364177.402192] [eos0397:1063738:0]       tcp_iface.c:857  UCX  DEBUG tcp_iface 0x55555b3f3960: destroying
[1755364177.402193] [eos0397:1063738:0]           async.c:173  UCX  DEBUG removed async handler 0x55555b19a180 [id=286 ref 1] uct_tcp_iface_connect_handler() from hash
[1755364177.402194] [eos0397:1063738:0]           async.c:576  UCX  DEBUG removing async handler 0x55555b19a180 [id=286 ref 1] uct_tcp_iface_connect_handler()
[1755364177.402196] [eos0397:1063738:0]           async.c:188  UCX  DEBUG release async handler 0x55555b19a180 [id=286 ref 0] uct_tcp_iface_connect_handler()
[1755364177.402196] [eos0397:1063738:0]           mpool.c:194  UCX  DEBUG mpool uct_tcp_iface_rx_buf_mp destroyed
[1755364177.402197] [eos0397:1063738:0]           mpool.c:194  UCX  DEBUG mpool uct_tcp_iface_tx_buf_mp destroyed
[1755364177.402201] [eos0397:1063738:0]           async.c:173  UCX  DEBUG removed async handler 0x55555e38ef80 [id=287 ref 1] ucp_worker_iface_async_fd_event() from hash
[1755364177.402202] [eos0397:1063738:0]           async.c:576  UCX  DEBUG removing async handler 0x55555e38ef80 [id=287 ref 1] ucp_worker_iface_async_fd_event()
[1755364177.402203] [eos0397:1063738:0]           async.c:188  UCX  DEBUG release async handler 0x55555e38ef80 [id=287 ref 0] ucp_worker_iface_async_fd_event()
[1755364177.402205] [eos0397:1063738:0]       tcp_iface.c:857  UCX  DEBUG tcp_iface 0x55555b3f45a0: destroying
[1755364177.402206] [eos0397:1063738:0]           async.c:173  UCX  DEBUG removed async handler 0x55555b3d03c0 [id=288 ref 1] uct_tcp_iface_connect_handler() from hash
[1755364177.402207] [eos0397:1063738:0]           async.c:576  UCX  DEBUG removing async handler 0x55555b3d03c0 [id=288 ref 1] uct_tcp_iface_connect_handler()
[1755364177.402208] [eos0397:1063738:0]           async.c:188  UCX  DEBUG release async handler 0x55555b3d03c0 [id=288 ref 0] uct_tcp_iface_connect_handler()
[1755364177.402209] [eos0397:1063738:0]           mpool.c:194  UCX  DEBUG mpool uct_tcp_iface_rx_buf_mp destroyed
[1755364177.402210] [eos0397:1063738:0]           mpool.c:194  UCX  DEBUG mpool uct_tcp_iface_tx_buf_mp destroyed
[1755364177.402214] [eos0397:1063738:0]           async.c:173  UCX  DEBUG removed async handler 0x55555e38efc0 [id=289 ref 1] ucp_worker_iface_async_fd_event() from hash
[1755364177.402215] [eos0397:1063738:0]           async.c:576  UCX  DEBUG removing async handler 0x55555e38efc0 [id=289 ref 1] ucp_worker_iface_async_fd_event()
[1755364177.402216] [eos0397:1063738:0]           async.c:188  UCX  DEBUG release async handler 0x55555e38efc0 [id=289 ref 0] ucp_worker_iface_async_fd_event()
[1755364177.402218] [eos0397:1063738:0]       tcp_iface.c:857  UCX  DEBUG tcp_iface 0x55555b3f51e0: destroying
[1755364177.402219] [eos0397:1063738:0]           async.c:173  UCX  DEBUG removed async handler 0x55555b3d2400 [id=290 ref 1] uct_tcp_iface_connect_handler() from hash
[1755364177.402219] [eos0397:1063738:0]           async.c:576  UCX  DEBUG removing async handler 0x55555b3d2400 [id=290 ref 1] uct_tcp_iface_connect_handler()
[1755364177.402221] [eos0397:1063738:0]           async.c:188  UCX  DEBUG release async handler 0x55555b3d2400 [id=290 ref 0] uct_tcp_iface_connect_handler()
[1755364177.402222] [eos0397:1063738:0]           mpool.c:194  UCX  DEBUG mpool uct_tcp_iface_rx_buf_mp destroyed
[1755364177.402223] [eos0397:1063738:0]           mpool.c:194  UCX  DEBUG mpool uct_tcp_iface_tx_buf_mp destroyed
[1755364177.402226] [eos0397:1063738:0]           async.c:173  UCX  DEBUG removed async handler 0x555558b613e0 [id=291 ref 1] ucp_worker_iface_async_fd_event() from hash
[1755364177.402227] [eos0397:1063738:0]           async.c:576  UCX  DEBUG removing async handler 0x555558b613e0 [id=291 ref 1] ucp_worker_iface_async_fd_event()
[1755364177.402229] [eos0397:1063738:0]           async.c:188  UCX  DEBUG release async handler 0x555558b613e0 [id=291 ref 0] ucp_worker_iface_async_fd_event()
[1755364177.402230] [eos0397:1063738:0]       tcp_iface.c:857  UCX  DEBUG tcp_iface 0x55555b3f5e20: destroying
[1755364177.402231] [eos0397:1063738:0]           async.c:173  UCX  DEBUG removed async handler 0x55555b2386d0 [id=292 ref 1] uct_tcp_iface_connect_handler() from hash
[1755364177.402232] [eos0397:1063738:0]           async.c:576  UCX  DEBUG removing async handler 0x55555b2386d0 [id=292 ref 1] uct_tcp_iface_connect_handler()
[1755364177.402233] [eos0397:1063738:0]           async.c:188  UCX  DEBUG release async handler 0x55555b2386d0 [id=292 ref 0] uct_tcp_iface_connect_handler()
[1755364177.402234] [eos0397:1063738:0]           mpool.c:194  UCX  DEBUG mpool uct_tcp_iface_rx_buf_mp destroyed
[1755364177.402235] [eos0397:1063738:0]           mpool.c:194  UCX  DEBUG mpool uct_tcp_iface_tx_buf_mp destroyed
[1755364177.402239] [eos0397:1063738:0]           async.c:173  UCX  DEBUG removed async handler 0x555558b61420 [id=293 ref 1] ucp_worker_iface_async_fd_event() from hash
[1755364177.402240] [eos0397:1063738:0]           async.c:576  UCX  DEBUG removing async handler 0x555558b61420 [id=293 ref 1] ucp_worker_iface_async_fd_event()
[1755364177.402242] [eos0397:1063738:0]           async.c:188  UCX  DEBUG release async handler 0x555558b61420 [id=293 ref 0] ucp_worker_iface_async_fd_event()
[1755364177.402244] [eos0397:1063738:0]       tcp_iface.c:857  UCX  DEBUG tcp_iface 0x55555b3f6ac0: destroying
[1755364177.402244] [eos0397:1063738:0]           async.c:173  UCX  DEBUG removed async handler 0x55555b1a1bd0 [id=294 ref 1] uct_tcp_iface_connect_handler() from hash
[1755364177.402245] [eos0397:1063738:0]           async.c:576  UCX  DEBUG removing async handler 0x55555b1a1bd0 [id=294 ref 1] uct_tcp_iface_connect_handler()
[1755364177.402247] [eos0397:1063738:0]           async.c:188  UCX  DEBUG release async handler 0x55555b1a1bd0 [id=294 ref 0] uct_tcp_iface_connect_handler()
[1755364177.402248] [eos0397:1063738:0]           mpool.c:194  UCX  DEBUG mpool uct_tcp_iface_rx_buf_mp destroyed
[1755364177.402253] [eos0397:1063738:0]           mpool.c:194  UCX  DEBUG mpool uct_tcp_iface_tx_buf_mp destroyed
[1755364177.402257] [eos0397:1063738:0]           async.c:173  UCX  DEBUG removed async handler 0x555558b61460 [id=295 ref 1] ucp_worker_iface_async_fd_event() from hash
[1755364177.402258] [eos0397:1063738:0]           async.c:576  UCX  DEBUG removing async handler 0x555558b61460 [id=295 ref 1] ucp_worker_iface_async_fd_event()
[1755364177.402260] [eos0397:1063738:0]           async.c:188  UCX  DEBUG release async handler 0x555558b61460 [id=295 ref 0] ucp_worker_iface_async_fd_event()
[1755364177.402261] [eos0397:1063738:0]       tcp_iface.c:857  UCX  DEBUG tcp_iface 0x55555b3f7760: destroying
[1755364177.402262] [eos0397:1063738:0]           async.c:173  UCX  DEBUG removed async handler 0x55555b40df00 [id=296 ref 1] uct_tcp_iface_connect_handler() from hash
[1755364177.402263] [eos0397:1063738:0]           async.c:576  UCX  DEBUG removing async handler 0x55555b40df00 [id=296 ref 1] uct_tcp_iface_connect_handler()
[1755364177.402264] [eos0397:1063738:0]           async.c:188  UCX  DEBUG release async handler 0x55555b40df00 [id=296 ref 0] uct_tcp_iface_connect_handler()
[1755364177.402265] [eos0397:1063738:0]           mpool.c:194  UCX  DEBUG mpool uct_tcp_iface_rx_buf_mp destroyed
[1755364177.402266] [eos0397:1063738:0]           mpool.c:194  UCX  DEBUG mpool uct_tcp_iface_tx_buf_mp destroyed
[1755364177.402270] [eos0397:1063738:0]           async.c:173  UCX  DEBUG removed async handler 0x555558b614a0 [id=297 ref 1] ucp_worker_iface_async_fd_event() from hash
[1755364177.402270] [eos0397:1063738:0]           async.c:576  UCX  DEBUG removing async handler 0x555558b614a0 [id=297 ref 1] ucp_worker_iface_async_fd_event()
[1755364177.402272] [eos0397:1063738:0]           async.c:188  UCX  DEBUG release async handler 0x555558b614a0 [id=297 ref 0] ucp_worker_iface_async_fd_event()
[1755364177.402274] [eos0397:1063738:0]       tcp_iface.c:857  UCX  DEBUG tcp_iface 0x55555b3f8400: destroying
[1755364177.402275] [eos0397:1063738:0]           async.c:173  UCX  DEBUG removed async handler 0x55555b3ff820 [id=298 ref 1] uct_tcp_iface_connect_handler() from hash
[1755364177.402276] [eos0397:1063738:0]           async.c:576  UCX  DEBUG removing async handler 0x55555b3ff820 [id=298 ref 1] uct_tcp_iface_connect_handler()
[1755364177.402277] [eos0397:1063738:0]           async.c:188  UCX  DEBUG release async handler 0x55555b3ff820 [id=298 ref 0] uct_tcp_iface_connect_handler()
[1755364177.402278] [eos0397:1063738:0]           mpool.c:194  UCX  DEBUG mpool uct_tcp_iface_rx_buf_mp destroyed
[1755364177.402278] [eos0397:1063738:0]           mpool.c:194  UCX  DEBUG mpool uct_tcp_iface_tx_buf_mp destroyed
[1755364177.402282] [eos0397:1063738:0]           async.c:173  UCX  DEBUG removed async handler 0x55555e36de00 [id=299 ref 1] ucp_worker_iface_async_fd_event() from hash
[1755364177.402283] [eos0397:1063738:0]           async.c:576  UCX  DEBUG removing async handler 0x55555e36de00 [id=299 ref 1] ucp_worker_iface_async_fd_event()
[1755364177.402284] [eos0397:1063738:0]           async.c:188  UCX  DEBUG release async handler 0x55555e36de00 [id=299 ref 0] ucp_worker_iface_async_fd_event()
[1755364177.402458] [eos0397:1063738:0]           mpool.c:194  UCX  DEBUG mpool mm_recv_desc destroyed
[1755364177.402473] [eos0397:1063738:0]           async.c:173  UCX  DEBUG removed async handler 0x55555e36de40 [id=301 ref 1] ucp_worker_iface_async_fd_event() from hash
[1755364177.402474] [eos0397:1063738:0]           async.c:576  UCX  DEBUG removing async handler 0x55555e36de40 [id=301 ref 1] ucp_worker_iface_async_fd_event()
[1755364177.402476] [eos0397:1063738:0]           async.c:188  UCX  DEBUG release async handler 0x55555e36de40 [id=301 ref 0] ucp_worker_iface_async_fd_event()
[1755364177.402747] [eos0397:1063738:0]           mpool.c:194  UCX  DEBUG mpool mm_recv_desc destroyed
[1755364177.402760] [eos0397:1063738:0]           async.c:173  UCX  DEBUG removed async handler 0x55555e36de80 [id=375 ref 1] ucp_worker_iface_async_fd_event() from hash
[1755364177.402761] [eos0397:1063738:0]           async.c:576  UCX  DEBUG removing async handler 0x55555e36de80 [id=375 ref 1] ucp_worker_iface_async_fd_event()
[1755364177.402762] [eos0397:1063738:0]           async.c:188  UCX  DEBUG release async handler 0x55555e36de80 [id=375 ref 0] ucp_worker_iface_async_fd_event()
[1755364177.402767] [eos0397:1063738:0]           mpool.c:194  UCX  DEBUG mpool CUDA EVENT objects destroyed
[1755364177.402771] [eos0397:1063738:0]           async.c:173  UCX  DEBUG removed async handler 0x55555e36dec0 [id=376 ref 1] ucp_worker_iface_async_fd_event() from hash
[1755364177.402772] [eos0397:1063738:0]           async.c:576  UCX  DEBUG removing async handler 0x55555e36dec0 [id=376 ref 1] ucp_worker_iface_async_fd_event()
[1755364177.402774] [eos0397:1063738:0]           async.c:188  UCX  DEBUG release async handler 0x55555e36dec0 [id=376 ref 0] ucp_worker_iface_async_fd_event()
[1755364177.402775] [eos0397:1063738:0]           mpool.c:194  UCX  DEBUG mpool CUDA_IPC EVENT objects destroyed
[1755364177.402779] [eos0397:1063738:0]           async.c:173  UCX  DEBUG removed async handler 0x55555e36df00 [id=303 ref 1] ucp_worker_iface_async_fd_event() from hash
[1755364177.402779] [eos0397:1063738:0]           async.c:576  UCX  DEBUG removing async handler 0x55555e36df00 [id=303 ref 1] ucp_worker_iface_async_fd_event()
[1755364177.402781] [eos0397:1063738:0]           async.c:188  UCX  DEBUG release async handler 0x55555e36df00 [id=303 ref 0] ucp_worker_iface_async_fd_event()
[1755364177.402787] [eos0397:1063738:0]           mpool.c:194  UCX  DEBUG mpool rc_verbs_short_desc destroyed
[1755364177.402995] [eos0397:1063738:0]           mpool.c:194  UCX  DEBUG mpool send-ops-mpool destroyed
[1755364177.402996] [eos0397:1063738:0]           mpool.c:194  UCX  DEBUG mpool rc_send_desc destroyed
[1755364177.402997] [eos0397:1063738:0]           mpool.c:194  UCX  DEBUG mpool rc_recv_desc destroyed
[1755364177.402998] [eos0397:1063738:0]           mpool.c:194  UCX  DEBUG mpool pending-ops destroyed
[1755364177.403333] [eos0397:1063738:0]           async.c:173  UCX  DEBUG removed async handler 0x55555b827010 [id=304 ref 1] uct_ud_verbs_iface_async_handler() from hash
[1755364177.403334] [eos0397:1063738:0]           async.c:576  UCX  DEBUG removing async handler 0x55555b827010 [id=304 ref 1] uct_ud_verbs_iface_async_handler()
[1755364177.403336] [eos0397:1063738:0]           async.c:188  UCX  DEBUG release async handler 0x55555b827010 [id=304 ref 0] uct_ud_verbs_iface_async_handler()
[1755364177.403338] [eos0397:1063738:0]        ud_iface.c:602  UCX  DEBUG iface(0x55555b84f060): cep cleanup
[1755364177.403339] [eos0397:1063738:0]           mpool.c:194  UCX  DEBUG mpool ud_tx_skb destroyed
[1755364177.403384] [eos0397:1063738:0]           mpool.c:194  UCX  DEBUG mpool ud_recv_skb destroyed
[1755364177.404146] [eos0397:1063738:0]        ud_iface.c:609  UCX  DEBUG iface(0x55555b84f060): ptr_array cleanup
[1755364177.404421] [eos0397:1063738:0]           async.c:173  UCX  DEBUG removed async handler 0x55555e36df40 [id=307 ref 1] ucp_worker_iface_async_fd_event() from hash
[1755364177.404422] [eos0397:1063738:0]           async.c:576  UCX  DEBUG removing async handler 0x55555e36df40 [id=307 ref 1] ucp_worker_iface_async_fd_event()
[1755364177.404424] [eos0397:1063738:0]           async.c:188  UCX  DEBUG release async handler 0x55555e36df40 [id=307 ref 0] ucp_worker_iface_async_fd_event()
[1755364177.404894] [eos0397:1063738:0]           async.c:173  UCX  DEBUG removed async handler 0x55555b9f3010 [id=306 ref 1] uct_rc_mlx5_devx_iface_event_handler() from hash
[1755364177.404895] [eos0397:1063738:0]           async.c:576  UCX  DEBUG removing async handler 0x55555b9f3010 [id=306 ref 1] uct_rc_mlx5_devx_iface_event_handler()
[1755364177.404897] [eos0397:1063738:0]           async.c:188  UCX  DEBUG release async handler 0x55555b9f3010 [id=306 ref 0] uct_rc_mlx5_devx_iface_event_handler()
[1755364177.404902] [eos0397:1063738:0]           mpool.c:194  UCX  DEBUG mpool rc_mlx5_atomic_desc destroyed
[1755364177.405301] [eos0397:1063738:0]           mpool.c:194  UCX  DEBUG mpool send-ops-mpool destroyed
[1755364177.405302] [eos0397:1063738:0]           mpool.c:194  UCX  DEBUG mpool rc_send_desc destroyed
[1755364177.405523] [eos0397:1063738:0]           mpool.c:194  UCX  DEBUG mpool rc_recv_desc destroyed
[1755364177.405524] [eos0397:1063738:0]           mpool.c:194  UCX  DEBUG mpool pending-ops destroyed
[1755364177.406105] [eos0397:1063738:0]           async.c:173  UCX  DEBUG removed async handler 0x55555e36df80 [id=310 ref 1] ucp_worker_iface_async_fd_event() from hash
[1755364177.406105] [eos0397:1063738:0]           async.c:576  UCX  DEBUG removing async handler 0x55555e36df80 [id=310 ref 1] ucp_worker_iface_async_fd_event()
[1755364177.406108] [eos0397:1063738:0]           async.c:188  UCX  DEBUG release async handler 0x55555e36df80 [id=310 ref 0] ucp_worker_iface_async_fd_event()
[1755364177.406111] [eos0397:1063738:0]           async.c:173  UCX  DEBUG removed async handler 0x55555bc72010 [id=309 ref 1] uct_rc_mlx5_devx_iface_event_handler() from hash
[1755364177.406112] [eos0397:1063738:0]           async.c:576  UCX  DEBUG removing async handler 0x55555bc72010 [id=309 ref 1] uct_rc_mlx5_devx_iface_event_handler()
[1755364177.406114] [eos0397:1063738:0]           async.c:188  UCX  DEBUG release async handler 0x55555bc72010 [id=309 ref 0] uct_rc_mlx5_devx_iface_event_handler()
[1755364177.406118] [eos0397:1063738:0]           mpool.c:194  UCX  DEBUG mpool rc_mlx5_atomic_desc destroyed
[1755364177.406119] [eos0397:1063738:0]           mpool.c:194  UCX  DEBUG mpool mlx5_dm_desc destroyed
[1755364177.406917] [eos0397:1063738:0]           mpool.c:194  UCX  DEBUG mpool send-ops-mpool destroyed
[1755364177.406918] [eos0397:1063738:0]           mpool.c:194  UCX  DEBUG mpool rc_send_desc destroyed
[1755364177.406919] [eos0397:1063738:0]           mpool.c:194  UCX  DEBUG mpool rc_recv_desc destroyed
[1755364177.406920] [eos0397:1063738:0]           mpool.c:194  UCX  DEBUG mpool pending-ops destroyed
[1755364177.407404] [eos0397:1063738:0]           async.c:173  UCX  DEBUG removed async handler 0x55555bd4f010 [id=311 ref 1] uct_ud_mlx5_iface_async_handler() from hash
[1755364177.407406] [eos0397:1063738:0]           async.c:576  UCX  DEBUG removing async handler 0x55555bd4f010 [id=311 ref 1] uct_ud_mlx5_iface_async_handler()
[1755364177.407409] [eos0397:1063738:0]           async.c:188  UCX  DEBUG release async handler 0x55555bd4f010 [id=311 ref 0] uct_ud_mlx5_iface_async_handler()
[1755364177.407411] [eos0397:1063738:0]        ud_iface.c:602  UCX  DEBUG iface(0x55555b93a4d0): cep cleanup
[1755364177.407412] [eos0397:1063738:0]           mpool.c:194  UCX  DEBUG mpool ud_tx_skb destroyed
[1755364177.407457] [eos0397:1063738:0]           mpool.c:194  UCX  DEBUG mpool ud_recv_skb destroyed
[1755364177.408017] [eos0397:1063738:0]        ud_iface.c:609  UCX  DEBUG iface(0x55555b93a4d0): ptr_array cleanup
[1755364177.408304] [eos0397:1063738:0]           async.c:173  UCX  DEBUG removed async handler 0x55555e36dfc0 [id=312 ref 1] ucp_worker_iface_async_fd_event() from hash
[1755364177.408305] [eos0397:1063738:0]           async.c:576  UCX  DEBUG removing async handler 0x55555e36dfc0 [id=312 ref 1] ucp_worker_iface_async_fd_event()
[1755364177.408308] [eos0397:1063738:0]           async.c:188  UCX  DEBUG release async handler 0x55555e36dfc0 [id=312 ref 0] ucp_worker_iface_async_fd_event()
[1755364177.408310] [eos0397:1063738:0]           mpool.c:194  UCX  DEBUG mpool rc_verbs_short_desc destroyed
[1755364177.408501] [eos0397:1063738:0]           mpool.c:194  UCX  DEBUG mpool send-ops-mpool destroyed
[1755364177.408502] [eos0397:1063738:0]           mpool.c:194  UCX  DEBUG mpool rc_send_desc destroyed
[1755364177.408503] [eos0397:1063738:0]           mpool.c:194  UCX  DEBUG mpool rc_recv_desc destroyed
[1755364177.408504] [eos0397:1063738:0]           mpool.c:194  UCX  DEBUG mpool pending-ops destroyed
[1755364177.408803] [eos0397:1063738:0]           async.c:173  UCX  DEBUG removed async handler 0x55555bf8c010 [id=313 ref 1] uct_ud_verbs_iface_async_handler() from hash
[1755364177.408804] [eos0397:1063738:0]           async.c:576  UCX  DEBUG removing async handler 0x55555bf8c010 [id=313 ref 1] uct_ud_verbs_iface_async_handler()
[1755364177.408806] [eos0397:1063738:0]           async.c:188  UCX  DEBUG release async handler 0x55555bf8c010 [id=313 ref 0] uct_ud_verbs_iface_async_handler()
[1755364177.408808] [eos0397:1063738:0]        ud_iface.c:602  UCX  DEBUG iface(0x55555bd57060): cep cleanup
[1755364177.408809] [eos0397:1063738:0]           mpool.c:194  UCX  DEBUG mpool ud_tx_skb destroyed
[1755364177.408853] [eos0397:1063738:0]           mpool.c:194  UCX  DEBUG mpool ud_recv_skb destroyed
[1755364177.409548] [eos0397:1063738:0]        ud_iface.c:609  UCX  DEBUG iface(0x55555bd57060): ptr_array cleanup
[1755364177.409852] [eos0397:1063738:0]           async.c:173  UCX  DEBUG removed async handler 0x55555e63ddd0 [id=316 ref 1] ucp_worker_iface_async_fd_event() from hash
[1755364177.409853] [eos0397:1063738:0]           async.c:576  UCX  DEBUG removing async handler 0x55555e63ddd0 [id=316 ref 1] ucp_worker_iface_async_fd_event()
[1755364177.409855] [eos0397:1063738:0]           async.c:188  UCX  DEBUG release async handler 0x55555e63ddd0 [id=316 ref 0] ucp_worker_iface_async_fd_event()
[1755364177.410271] [eos0397:1063738:0]           async.c:173  UCX  DEBUG removed async handler 0x55555bcbd010 [id=315 ref 1] uct_rc_mlx5_devx_iface_event_handler() from hash
[1755364177.410272] [eos0397:1063738:0]           async.c:576  UCX  DEBUG removing async handler 0x55555bcbd010 [id=315 ref 1] uct_rc_mlx5_devx_iface_event_handler()
[1755364177.410274] [eos0397:1063738:0]           async.c:188  UCX  DEBUG release async handler 0x55555bcbd010 [id=315 ref 0] uct_rc_mlx5_devx_iface_event_handler()
[1755364177.410279] [eos0397:1063738:0]           mpool.c:194  UCX  DEBUG mpool rc_mlx5_atomic_desc destroyed
[1755364177.410682] [eos0397:1063738:0]           mpool.c:194  UCX  DEBUG mpool send-ops-mpool destroyed
[1755364177.410683] [eos0397:1063738:0]           mpool.c:194  UCX  DEBUG mpool rc_send_desc destroyed
[1755364177.410965] [eos0397:1063738:0]           mpool.c:194  UCX  DEBUG mpool rc_recv_desc destroyed
[1755364177.410967] [eos0397:1063738:0]           mpool.c:194  UCX  DEBUG mpool pending-ops destroyed
[1755364177.411545] [eos0397:1063738:0]           async.c:173  UCX  DEBUG removed async handler 0x55555e63de10 [id=319 ref 1] ucp_worker_iface_async_fd_event() from hash
[1755364177.411547] [eos0397:1063738:0]           async.c:576  UCX  DEBUG removing async handler 0x55555e63de10 [id=319 ref 1] ucp_worker_iface_async_fd_event()
[1755364177.411549] [eos0397:1063738:0]           async.c:188  UCX  DEBUG release async handler 0x55555e63de10 [id=319 ref 0] ucp_worker_iface_async_fd_event()
[1755364177.411553] [eos0397:1063738:0]           async.c:173  UCX  DEBUG removed async handler 0x55555bee8010 [id=318 ref 1] uct_rc_mlx5_devx_iface_event_handler() from hash
[1755364177.411554] [eos0397:1063738:0]           async.c:576  UCX  DEBUG removing async handler 0x55555bee8010 [id=318 ref 1] uct_rc_mlx5_devx_iface_event_handler()
[1755364177.411556] [eos0397:1063738:0]           async.c:188  UCX  DEBUG release async handler 0x55555bee8010 [id=318 ref 0] uct_rc_mlx5_devx_iface_event_handler()
[1755364177.411561] [eos0397:1063738:0]           mpool.c:194  UCX  DEBUG mpool rc_mlx5_atomic_desc destroyed
[1755364177.411562] [eos0397:1063738:0]           mpool.c:194  UCX  DEBUG mpool mlx5_dm_desc destroyed
[1755364177.412373] [eos0397:1063738:0]           mpool.c:194  UCX  DEBUG mpool send-ops-mpool destroyed
[1755364177.412374] [eos0397:1063738:0]           mpool.c:194  UCX  DEBUG mpool rc_send_desc destroyed
[1755364177.412375] [eos0397:1063738:0]           mpool.c:194  UCX  DEBUG mpool rc_recv_desc destroyed
[1755364177.412376] [eos0397:1063738:0]           mpool.c:194  UCX  DEBUG mpool pending-ops destroyed
[1755364177.412812] [eos0397:1063738:0]           async.c:173  UCX  DEBUG removed async handler 0x55555c36e010 [id=320 ref 1] uct_ud_mlx5_iface_async_handler() from hash
[1755364177.412822] [eos0397:1063738:0]           async.c:576  UCX  DEBUG removing async handler 0x55555c36e010 [id=320 ref 1] uct_ud_mlx5_iface_async_handler()
[1755364177.412824] [eos0397:1063738:0]           async.c:188  UCX  DEBUG release async handler 0x55555c36e010 [id=320 ref 0] uct_ud_mlx5_iface_async_handler()
[1755364177.412826] [eos0397:1063738:0]        ud_iface.c:602  UCX  DEBUG iface(0x55555c2120f0): cep cleanup
[1755364177.412827] [eos0397:1063738:0]           mpool.c:194  UCX  DEBUG mpool ud_tx_skb destroyed
[1755364177.412870] [eos0397:1063738:0]           mpool.c:194  UCX  DEBUG mpool ud_recv_skb destroyed
[1755364177.413421] [eos0397:1063738:0]        ud_iface.c:609  UCX  DEBUG iface(0x55555c2120f0): ptr_array cleanup
[1755364177.413707] [eos0397:1063738:0]           async.c:173  UCX  DEBUG removed async handler 0x55555e63de50 [id=321 ref 1] ucp_worker_iface_async_fd_event() from hash
[1755364177.413708] [eos0397:1063738:0]           async.c:576  UCX  DEBUG removing async handler 0x55555e63de50 [id=321 ref 1] ucp_worker_iface_async_fd_event()
[1755364177.413711] [eos0397:1063738:0]           async.c:188  UCX  DEBUG release async handler 0x55555e63de50 [id=321 ref 0] ucp_worker_iface_async_fd_event()
[1755364177.413713] [eos0397:1063738:0]           mpool.c:194  UCX  DEBUG mpool rc_verbs_short_desc destroyed
[1755364177.413904] [eos0397:1063738:0]           mpool.c:194  UCX  DEBUG mpool send-ops-mpool destroyed
[1755364177.413905] [eos0397:1063738:0]           mpool.c:194  UCX  DEBUG mpool rc_send_desc destroyed
[1755364177.413906] [eos0397:1063738:0]           mpool.c:194  UCX  DEBUG mpool rc_recv_desc destroyed
[1755364177.413907] [eos0397:1063738:0]           mpool.c:194  UCX  DEBUG mpool pending-ops destroyed
[1755364177.414239] [eos0397:1063738:0]           async.c:173  UCX  DEBUG removed async handler 0x55555c45d010 [id=322 ref 1] uct_ud_verbs_iface_async_handler() from hash
[1755364177.414240] [eos0397:1063738:0]           async.c:576  UCX  DEBUG removing async handler 0x55555c45d010 [id=322 ref 1] uct_ud_verbs_iface_async_handler()
[1755364177.414242] [eos0397:1063738:0]           async.c:188  UCX  DEBUG release async handler 0x55555c45d010 [id=322 ref 0] uct_ud_verbs_iface_async_handler()
[1755364177.414243] [eos0397:1063738:0]        ud_iface.c:602  UCX  DEBUG iface(0x55555bee4150): cep cleanup
[1755364177.414244] [eos0397:1063738:0]           mpool.c:194  UCX  DEBUG mpool ud_tx_skb destroyed
[1755364177.414287] [eos0397:1063738:0]           mpool.c:194  UCX  DEBUG mpool ud_recv_skb destroyed
[1755364177.415025] [eos0397:1063738:0]        ud_iface.c:609  UCX  DEBUG iface(0x55555bee4150): ptr_array cleanup
[1755364177.415346] [eos0397:1063738:0]           async.c:173  UCX  DEBUG removed async handler 0x55555e63de90 [id=325 ref 1] ucp_worker_iface_async_fd_event() from hash
[1755364177.415347] [eos0397:1063738:0]           async.c:576  UCX  DEBUG removing async handler 0x55555e63de90 [id=325 ref 1] ucp_worker_iface_async_fd_event()
[1755364177.415349] [eos0397:1063738:0]           async.c:188  UCX  DEBUG release async handler 0x55555e63de90 [id=325 ref 0] ucp_worker_iface_async_fd_event()
[1755364177.415781] [eos0397:1063738:0]           async.c:173  UCX  DEBUG removed async handler 0x55555c62c010 [id=324 ref 1] uct_rc_mlx5_devx_iface_event_handler() from hash
[1755364177.415782] [eos0397:1063738:0]           async.c:576  UCX  DEBUG removing async handler 0x55555c62c010 [id=324 ref 1] uct_rc_mlx5_devx_iface_event_handler()
[1755364177.415785] [eos0397:1063738:0]           async.c:188  UCX  DEBUG release async handler 0x55555c62c010 [id=324 ref 0] uct_rc_mlx5_devx_iface_event_handler()
[1755364177.415790] [eos0397:1063738:0]           mpool.c:194  UCX  DEBUG mpool rc_mlx5_atomic_desc destroyed
[1755364177.416156] [eos0397:1063738:0]           mpool.c:194  UCX  DEBUG mpool send-ops-mpool destroyed
[1755364177.416157] [eos0397:1063738:0]           mpool.c:194  UCX  DEBUG mpool rc_send_desc destroyed
[1755364177.416430] [eos0397:1063738:0]           mpool.c:194  UCX  DEBUG mpool rc_recv_desc destroyed
[1755364177.416432] [eos0397:1063738:0]           mpool.c:194  UCX  DEBUG mpool pending-ops destroyed
[1755364177.417022] [eos0397:1063738:0]           async.c:173  UCX  DEBUG removed async handler 0x55555e63ded0 [id=328 ref 1] ucp_worker_iface_async_fd_event() from hash
[1755364177.417023] [eos0397:1063738:0]           async.c:576  UCX  DEBUG removing async handler 0x55555e63ded0 [id=328 ref 1] ucp_worker_iface_async_fd_event()
[1755364177.417026] [eos0397:1063738:0]           async.c:188  UCX  DEBUG release async handler 0x55555e63ded0 [id=328 ref 0] ucp_worker_iface_async_fd_event()
[1755364177.417029] [eos0397:1063738:0]           async.c:173  UCX  DEBUG removed async handler 0x55555c8ab010 [id=327 ref 1] uct_rc_mlx5_devx_iface_event_handler() from hash
[1755364177.417030] [eos0397:1063738:0]           async.c:576  UCX  DEBUG removing async handler 0x55555c8ab010 [id=327 ref 1] uct_rc_mlx5_devx_iface_event_handler()
[1755364177.417032] [eos0397:1063738:0]           async.c:188  UCX  DEBUG release async handler 0x55555c8ab010 [id=327 ref 0] uct_rc_mlx5_devx_iface_event_handler()
[1755364177.417037] [eos0397:1063738:0]           mpool.c:194  UCX  DEBUG mpool rc_mlx5_atomic_desc destroyed
[1755364177.417038] [eos0397:1063738:0]           mpool.c:194  UCX  DEBUG mpool mlx5_dm_desc destroyed
[1755364177.417828] [eos0397:1063738:0]           mpool.c:194  UCX  DEBUG mpool send-ops-mpool destroyed
[1755364177.417829] [eos0397:1063738:0]           mpool.c:194  UCX  DEBUG mpool rc_send_desc destroyed
[1755364177.417830] [eos0397:1063738:0]           mpool.c:194  UCX  DEBUG mpool rc_recv_desc destroyed
[1755364177.417831] [eos0397:1063738:0]           mpool.c:194  UCX  DEBUG mpool pending-ops destroyed
[1755364177.418324] [eos0397:1063738:0]           async.c:173  UCX  DEBUG removed async handler 0x55555c988010 [id=329 ref 1] uct_ud_mlx5_iface_async_handler() from hash
[1755364177.418325] [eos0397:1063738:0]           async.c:576  UCX  DEBUG removing async handler 0x55555c988010 [id=329 ref 1] uct_ud_mlx5_iface_async_handler()
[1755364177.418327] [eos0397:1063738:0]           async.c:188  UCX  DEBUG release async handler 0x55555c988010 [id=329 ref 0] uct_ud_mlx5_iface_async_handler()
[1755364177.418329] [eos0397:1063738:0]        ud_iface.c:602  UCX  DEBUG iface(0x55555c376060): cep cleanup
[1755364177.418329] [eos0397:1063738:0]           mpool.c:194  UCX  DEBUG mpool ud_tx_skb destroyed
[1755364177.418372] [eos0397:1063738:0]           mpool.c:194  UCX  DEBUG mpool ud_recv_skb destroyed
[1755364177.418918] [eos0397:1063738:0]        ud_iface.c:609  UCX  DEBUG iface(0x55555c376060): ptr_array cleanup
[1755364177.419198] [eos0397:1063738:0]           async.c:173  UCX  DEBUG removed async handler 0x55555e63df10 [id=330 ref 1] ucp_worker_iface_async_fd_event() from hash
[1755364177.419199] [eos0397:1063738:0]           async.c:576  UCX  DEBUG removing async handler 0x55555e63df10 [id=330 ref 1] ucp_worker_iface_async_fd_event()
[1755364177.419200] [eos0397:1063738:0]           async.c:188  UCX  DEBUG release async handler 0x55555e63df10 [id=330 ref 0] ucp_worker_iface_async_fd_event()
[1755364177.419202] [eos0397:1063738:0]           mpool.c:194  UCX  DEBUG mpool rc_verbs_short_desc destroyed
[1755364177.419376] [eos0397:1063738:0]           mpool.c:194  UCX  DEBUG mpool send-ops-mpool destroyed
[1755364177.419377] [eos0397:1063738:0]           mpool.c:194  UCX  DEBUG mpool rc_send_desc destroyed
[1755364177.419377] [eos0397:1063738:0]           mpool.c:194  UCX  DEBUG mpool rc_recv_desc destroyed
[1755364177.419378] [eos0397:1063738:0]           mpool.c:194  UCX  DEBUG mpool pending-ops destroyed
[1755364177.419703] [eos0397:1063738:0]           async.c:173  UCX  DEBUG removed async handler 0x55555cbc5010 [id=331 ref 1] uct_ud_verbs_iface_async_handler() from hash
[1755364177.419704] [eos0397:1063738:0]           async.c:576  UCX  DEBUG removing async handler 0x55555cbc5010 [id=331 ref 1] uct_ud_verbs_iface_async_handler()
[1755364177.419706] [eos0397:1063738:0]           async.c:188  UCX  DEBUG release async handler 0x55555cbc5010 [id=331 ref 0] uct_ud_verbs_iface_async_handler()
[1755364177.419713] [eos0397:1063738:0]        ud_iface.c:602  UCX  DEBUG iface(0x55555c990060): cep cleanup
[1755364177.419714] [eos0397:1063738:0]           mpool.c:194  UCX  DEBUG mpool ud_tx_skb destroyed
[1755364177.419755] [eos0397:1063738:0]           mpool.c:194  UCX  DEBUG mpool ud_recv_skb destroyed
[1755364177.420413] [eos0397:1063738:0]        ud_iface.c:609  UCX  DEBUG iface(0x55555c990060): ptr_array cleanup
[1755364177.420733] [eos0397:1063738:0]           async.c:173  UCX  DEBUG removed async handler 0x55555e63df50 [id=334 ref 1] ucp_worker_iface_async_fd_event() from hash
[1755364177.420734] [eos0397:1063738:0]           async.c:576  UCX  DEBUG removing async handler 0x55555e63df50 [id=334 ref 1] ucp_worker_iface_async_fd_event()
[1755364177.420736] [eos0397:1063738:0]           async.c:188  UCX  DEBUG release async handler 0x55555e63df50 [id=334 ref 0] ucp_worker_iface_async_fd_event()
[1755364177.421178] [eos0397:1063738:0]           async.c:173  UCX  DEBUG removed async handler 0x55555c8f6010 [id=333 ref 1] uct_rc_mlx5_devx_iface_event_handler() from hash
[1755364177.421179] [eos0397:1063738:0]           async.c:576  UCX  DEBUG removing async handler 0x55555c8f6010 [id=333 ref 1] uct_rc_mlx5_devx_iface_event_handler()
[1755364177.421181] [eos0397:1063738:0]           async.c:188  UCX  DEBUG release async handler 0x55555c8f6010 [id=333 ref 0] uct_rc_mlx5_devx_iface_event_handler()
[1755364177.421185] [eos0397:1063738:0]           mpool.c:194  UCX  DEBUG mpool rc_mlx5_atomic_desc destroyed
[1755364177.421578] [eos0397:1063738:0]           mpool.c:194  UCX  DEBUG mpool send-ops-mpool destroyed
[1755364177.421579] [eos0397:1063738:0]           mpool.c:194  UCX  DEBUG mpool rc_send_desc destroyed
[1755364177.421843] [eos0397:1063738:0]           mpool.c:194  UCX  DEBUG mpool rc_recv_desc destroyed
[1755364177.421844] [eos0397:1063738:0]           mpool.c:194  UCX  DEBUG mpool pending-ops destroyed
[1755364177.422415] [eos0397:1063738:0]           async.c:173  UCX  DEBUG removed async handler 0x55555e63df90 [id=337 ref 1] ucp_worker_iface_async_fd_event() from hash
[1755364177.422416] [eos0397:1063738:0]           async.c:576  UCX  DEBUG removing async handler 0x55555e63df90 [id=337 ref 1] ucp_worker_iface_async_fd_event()
[1755364177.422419] [eos0397:1063738:0]           async.c:188  UCX  DEBUG release async handler 0x55555e63df90 [id=337 ref 0] ucp_worker_iface_async_fd_event()
[1755364177.422421] [eos0397:1063738:0]           async.c:173  UCX  DEBUG removed async handler 0x55555cb21010 [id=336 ref 1] uct_rc_mlx5_devx_iface_event_handler() from hash
[1755364177.422422] [eos0397:1063738:0]           async.c:576  UCX  DEBUG removing async handler 0x55555cb21010 [id=336 ref 1] uct_rc_mlx5_devx_iface_event_handler()
[1755364177.422424] [eos0397:1063738:0]           async.c:188  UCX  DEBUG release async handler 0x55555cb21010 [id=336 ref 0] uct_rc_mlx5_devx_iface_event_handler()
[1755364177.422428] [eos0397:1063738:0]           mpool.c:194  UCX  DEBUG mpool rc_mlx5_atomic_desc destroyed
[1755364177.422429] [eos0397:1063738:0]           mpool.c:194  UCX  DEBUG mpool mlx5_dm_desc destroyed
[1755364177.423231] [eos0397:1063738:0]           mpool.c:194  UCX  DEBUG mpool send-ops-mpool destroyed
[1755364177.423232] [eos0397:1063738:0]           mpool.c:194  UCX  DEBUG mpool rc_send_desc destroyed
[1755364177.423232] [eos0397:1063738:0]           mpool.c:194  UCX  DEBUG mpool rc_recv_desc destroyed
[1755364177.423233] [eos0397:1063738:0]           mpool.c:194  UCX  DEBUG mpool pending-ops destroyed
[1755364177.423642] [eos0397:1063738:0]           async.c:173  UCX  DEBUG removed async handler 0x55555cfa7010 [id=338 ref 1] uct_ud_mlx5_iface_async_handler() from hash
[1755364177.423643] [eos0397:1063738:0]           async.c:576  UCX  DEBUG removing async handler 0x55555cfa7010 [id=338 ref 1] uct_ud_mlx5_iface_async_handler()
[1755364177.423645] [eos0397:1063738:0]           async.c:188  UCX  DEBUG release async handler 0x55555cfa7010 [id=338 ref 0] uct_ud_mlx5_iface_async_handler()
[1755364177.423646] [eos0397:1063738:0]        ud_iface.c:602  UCX  DEBUG iface(0x55555ce4b0f0): cep cleanup
[1755364177.423647] [eos0397:1063738:0]           mpool.c:194  UCX  DEBUG mpool ud_tx_skb destroyed
[1755364177.423687] [eos0397:1063738:0]           mpool.c:194  UCX  DEBUG mpool ud_recv_skb destroyed
[1755364177.424223] [eos0397:1063738:0]        ud_iface.c:609  UCX  DEBUG iface(0x55555ce4b0f0): ptr_array cleanup
[1755364177.424482] [eos0397:1063738:0]           async.c:173  UCX  DEBUG removed async handler 0x55555dfdedc0 [id=339 ref 1] ucp_worker_iface_async_fd_event() from hash
[1755364177.424483] [eos0397:1063738:0]           async.c:576  UCX  DEBUG removing async handler 0x55555dfdedc0 [id=339 ref 1] ucp_worker_iface_async_fd_event()
[1755364177.424485] [eos0397:1063738:0]           async.c:188  UCX  DEBUG release async handler 0x55555dfdedc0 [id=339 ref 0] ucp_worker_iface_async_fd_event()
[1755364177.424487] [eos0397:1063738:0]           mpool.c:194  UCX  DEBUG mpool rc_verbs_short_desc destroyed
[1755364177.424659] [eos0397:1063738:0]           mpool.c:194  UCX  DEBUG mpool send-ops-mpool destroyed
[1755364177.424660] [eos0397:1063738:0]           mpool.c:194  UCX  DEBUG mpool rc_send_desc destroyed
[1755364177.424660] [eos0397:1063738:0]           mpool.c:194  UCX  DEBUG mpool rc_recv_desc destroyed
[1755364177.424661] [eos0397:1063738:0]           mpool.c:194  UCX  DEBUG mpool pending-ops destroyed
[1755364177.425006] [eos0397:1063738:0]           async.c:173  UCX  DEBUG removed async handler 0x55555d096010 [id=340 ref 1] uct_ud_verbs_iface_async_handler() from hash
[1755364177.425007] [eos0397:1063738:0]           async.c:576  UCX  DEBUG removing async handler 0x55555d096010 [id=340 ref 1] uct_ud_verbs_iface_async_handler()
[1755364177.425009] [eos0397:1063738:0]           async.c:188  UCX  DEBUG release async handler 0x55555d096010 [id=340 ref 0] uct_ud_verbs_iface_async_handler()
[1755364177.425010] [eos0397:1063738:0]        ud_iface.c:602  UCX  DEBUG iface(0x55555cb1d560): cep cleanup
[1755364177.425011] [eos0397:1063738:0]           mpool.c:194  UCX  DEBUG mpool ud_tx_skb destroyed
[1755364177.425052] [eos0397:1063738:0]           mpool.c:194  UCX  DEBUG mpool ud_recv_skb destroyed
[1755364177.425849] [eos0397:1063738:0]        ud_iface.c:609  UCX  DEBUG iface(0x55555cb1d560): ptr_array cleanup
[1755364177.426122] [eos0397:1063738:0]           async.c:173  UCX  DEBUG removed async handler 0x55555dfdee00 [id=343 ref 1] ucp_worker_iface_async_fd_event() from hash
[1755364177.426123] [eos0397:1063738:0]           async.c:576  UCX  DEBUG removing async handler 0x55555dfdee00 [id=343 ref 1] ucp_worker_iface_async_fd_event()
[1755364177.426125] [eos0397:1063738:0]           async.c:188  UCX  DEBUG release async handler 0x55555dfdee00 [id=343 ref 0] ucp_worker_iface_async_fd_event()
[1755364177.426557] [eos0397:1063738:0]           async.c:173  UCX  DEBUG removed async handler 0x55555d265010 [id=342 ref 1] uct_rc_mlx5_devx_iface_event_handler() from hash
[1755364177.426558] [eos0397:1063738:0]           async.c:576  UCX  DEBUG removing async handler 0x55555d265010 [id=342 ref 1] uct_rc_mlx5_devx_iface_event_handler()
[1755364177.426560] [eos0397:1063738:0]           async.c:188  UCX  DEBUG release async handler 0x55555d265010 [id=342 ref 0] uct_rc_mlx5_devx_iface_event_handler()
[1755364177.426564] [eos0397:1063738:0]           mpool.c:194  UCX  DEBUG mpool rc_mlx5_atomic_desc destroyed
[1755364177.426933] [eos0397:1063738:0]           mpool.c:194  UCX  DEBUG mpool send-ops-mpool destroyed
[1755364177.426934] [eos0397:1063738:0]           mpool.c:194  UCX  DEBUG mpool rc_send_desc destroyed
[1755364177.427186] [eos0397:1063738:0]           mpool.c:194  UCX  DEBUG mpool rc_recv_desc destroyed
[1755364177.427187] [eos0397:1063738:0]           mpool.c:194  UCX  DEBUG mpool pending-ops destroyed
[1755364177.427788] [eos0397:1063738:0]           async.c:173  UCX  DEBUG removed async handler 0x55555dfdee40 [id=346 ref 1] ucp_worker_iface_async_fd_event() from hash
[1755364177.427789] [eos0397:1063738:0]           async.c:576  UCX  DEBUG removing async handler 0x55555dfdee40 [id=346 ref 1] ucp_worker_iface_async_fd_event()
[1755364177.427799] [eos0397:1063738:0]           async.c:188  UCX  DEBUG release async handler 0x55555dfdee40 [id=346 ref 0] ucp_worker_iface_async_fd_event()
[1755364177.427801] [eos0397:1063738:0]           async.c:173  UCX  DEBUG removed async handler 0x55555d4e4010 [id=345 ref 1] uct_rc_mlx5_devx_iface_event_handler() from hash
[1755364177.427802] [eos0397:1063738:0]           async.c:576  UCX  DEBUG removing async handler 0x55555d4e4010 [id=345 ref 1] uct_rc_mlx5_devx_iface_event_handler()
[1755364177.427804] [eos0397:1063738:0]           async.c:188  UCX  DEBUG release async handler 0x55555d4e4010 [id=345 ref 0] uct_rc_mlx5_devx_iface_event_handler()
[1755364177.427808] [eos0397:1063738:0]           mpool.c:194  UCX  DEBUG mpool rc_mlx5_atomic_desc destroyed
[1755364177.427809] [eos0397:1063738:0]           mpool.c:194  UCX  DEBUG mpool mlx5_dm_desc destroyed
[1755364177.428621] [eos0397:1063738:0]           mpool.c:194  UCX  DEBUG mpool send-ops-mpool destroyed
[1755364177.428622] [eos0397:1063738:0]           mpool.c:194  UCX  DEBUG mpool rc_send_desc destroyed
[1755364177.428623] [eos0397:1063738:0]           mpool.c:194  UCX  DEBUG mpool rc_recv_desc destroyed
[1755364177.428623] [eos0397:1063738:0]           mpool.c:194  UCX  DEBUG mpool pending-ops destroyed
[1755364177.429035] [eos0397:1063738:0]           async.c:173  UCX  DEBUG removed async handler 0x55555d52f010 [id=347 ref 1] uct_ud_mlx5_iface_async_handler() from hash
[1755364177.429036] [eos0397:1063738:0]           async.c:576  UCX  DEBUG removing async handler 0x55555d52f010 [id=347 ref 1] uct_ud_mlx5_iface_async_handler()
[1755364177.429038] [eos0397:1063738:0]           async.c:188  UCX  DEBUG release async handler 0x55555d52f010 [id=347 ref 0] uct_ud_mlx5_iface_async_handler()
[1755364177.429039] [eos0397:1063738:0]        ud_iface.c:602  UCX  DEBUG iface(0x55555d120070): cep cleanup
[1755364177.429040] [eos0397:1063738:0]           mpool.c:194  UCX  DEBUG mpool ud_tx_skb destroyed
[1755364177.429080] [eos0397:1063738:0]           mpool.c:194  UCX  DEBUG mpool ud_recv_skb destroyed
[1755364177.429604] [eos0397:1063738:0]        ud_iface.c:609  UCX  DEBUG iface(0x55555d120070): ptr_array cleanup
[1755364177.429863] [eos0397:1063738:0]           async.c:173  UCX  DEBUG removed async handler 0x55555dfdee80 [id=348 ref 1] ucp_worker_iface_async_fd_event() from hash
[1755364177.429863] [eos0397:1063738:0]           async.c:576  UCX  DEBUG removing async handler 0x55555dfdee80 [id=348 ref 1] ucp_worker_iface_async_fd_event()
[1755364177.429865] [eos0397:1063738:0]           async.c:188  UCX  DEBUG release async handler 0x55555dfdee80 [id=348 ref 0] ucp_worker_iface_async_fd_event()
[1755364177.429867] [eos0397:1063738:0]           mpool.c:194  UCX  DEBUG mpool rc_verbs_short_desc destroyed
[1755364177.430056] [eos0397:1063738:0]           mpool.c:194  UCX  DEBUG mpool send-ops-mpool destroyed
[1755364177.430057] [eos0397:1063738:0]           mpool.c:194  UCX  DEBUG mpool rc_send_desc destroyed
[1755364177.430058] [eos0397:1063738:0]           mpool.c:194  UCX  DEBUG mpool rc_recv_desc destroyed
[1755364177.430058] [eos0397:1063738:0]           mpool.c:194  UCX  DEBUG mpool pending-ops destroyed
[1755364177.430368] [eos0397:1063738:0]           async.c:173  UCX  DEBUG removed async handler 0x55555d671010 [id=349 ref 1] uct_ud_verbs_iface_async_handler() from hash
[1755364177.430369] [eos0397:1063738:0]           async.c:576  UCX  DEBUG removing async handler 0x55555d671010 [id=349 ref 1] uct_ud_verbs_iface_async_handler()
[1755364177.430371] [eos0397:1063738:0]           async.c:188  UCX  DEBUG release async handler 0x55555d671010 [id=349 ref 0] uct_ud_verbs_iface_async_handler()
[1755364177.430372] [eos0397:1063738:0]        ud_iface.c:602  UCX  DEBUG iface(0x55555cf15470): cep cleanup
[1755364177.430373] [eos0397:1063738:0]           mpool.c:194  UCX  DEBUG mpool ud_tx_skb destroyed
[1755364177.430412] [eos0397:1063738:0]           mpool.c:194  UCX  DEBUG mpool ud_recv_skb destroyed
[1755364177.431150] [eos0397:1063738:0]        ud_iface.c:609  UCX  DEBUG iface(0x55555cf15470): ptr_array cleanup
[1755364177.431410] [eos0397:1063738:0]           async.c:173  UCX  DEBUG removed async handler 0x55555dfdeec0 [id=352 ref 1] ucp_worker_iface_async_fd_event() from hash
[1755364177.431411] [eos0397:1063738:0]           async.c:576  UCX  DEBUG removing async handler 0x55555dfdeec0 [id=352 ref 1] ucp_worker_iface_async_fd_event()
[1755364177.431413] [eos0397:1063738:0]           async.c:188  UCX  DEBUG release async handler 0x55555dfdeec0 [id=352 ref 0] ucp_worker_iface_async_fd_event()
[1755364177.431877] [eos0397:1063738:0]           async.c:173  UCX  DEBUG removed async handler 0x55555d1acc30 [id=351 ref 1] uct_rc_mlx5_devx_iface_event_handler() from hash
[1755364177.431878] [eos0397:1063738:0]           async.c:576  UCX  DEBUG removing async handler 0x55555d1acc30 [id=351 ref 1] uct_rc_mlx5_devx_iface_event_handler()
[1755364177.431880] [eos0397:1063738:0]           async.c:188  UCX  DEBUG release async handler 0x55555d1acc30 [id=351 ref 0] uct_rc_mlx5_devx_iface_event_handler()
[1755364177.431886] [eos0397:1063738:0]           mpool.c:194  UCX  DEBUG mpool rc_mlx5_atomic_desc destroyed
[1755364177.432254] [eos0397:1063738:0]           mpool.c:194  UCX  DEBUG mpool send-ops-mpool destroyed
[1755364177.432255] [eos0397:1063738:0]           mpool.c:194  UCX  DEBUG mpool rc_send_desc destroyed
[1755364177.432483] [eos0397:1063738:0]           mpool.c:194  UCX  DEBUG mpool rc_recv_desc destroyed
[1755364177.432484] [eos0397:1063738:0]           mpool.c:194  UCX  DEBUG mpool pending-ops destroyed
[1755364177.433030] [eos0397:1063738:0]           async.c:173  UCX  DEBUG removed async handler 0x55555dfdef00 [id=355 ref 1] ucp_worker_iface_async_fd_event() from hash
[1755364177.433031] [eos0397:1063738:0]           async.c:576  UCX  DEBUG removing async handler 0x55555dfdef00 [id=355 ref 1] ucp_worker_iface_async_fd_event()
[1755364177.433033] [eos0397:1063738:0]           async.c:188  UCX  DEBUG release async handler 0x55555dfdef00 [id=355 ref 0] ucp_worker_iface_async_fd_event()
[1755364177.433035] [eos0397:1063738:0]           async.c:173  UCX  DEBUG removed async handler 0x55555d75a010 [id=354 ref 1] uct_rc_mlx5_devx_iface_event_handler() from hash
[1755364177.433036] [eos0397:1063738:0]           async.c:576  UCX  DEBUG removing async handler 0x55555d75a010 [id=354 ref 1] uct_rc_mlx5_devx_iface_event_handler()
[1755364177.433037] [eos0397:1063738:0]           async.c:188  UCX  DEBUG release async handler 0x55555d75a010 [id=354 ref 0] uct_rc_mlx5_devx_iface_event_handler()
[1755364177.433042] [eos0397:1063738:0]           mpool.c:194  UCX  DEBUG mpool rc_mlx5_atomic_desc destroyed
[1755364177.433042] [eos0397:1063738:0]           mpool.c:194  UCX  DEBUG mpool mlx5_dm_desc destroyed
[1755364177.433838] [eos0397:1063738:0]           mpool.c:194  UCX  DEBUG mpool send-ops-mpool destroyed
[1755364177.433838] [eos0397:1063738:0]           mpool.c:194  UCX  DEBUG mpool rc_send_desc destroyed
[1755364177.433839] [eos0397:1063738:0]           mpool.c:194  UCX  DEBUG mpool rc_recv_desc destroyed
[1755364177.433840] [eos0397:1063738:0]           mpool.c:194  UCX  DEBUG mpool pending-ops destroyed
[1755364177.434290] [eos0397:1063738:0]           async.c:173  UCX  DEBUG removed async handler 0x55555dbe0010 [id=356 ref 1] uct_ud_mlx5_iface_async_handler() from hash
[1755364177.434291] [eos0397:1063738:0]           async.c:576  UCX  DEBUG removing async handler 0x55555dbe0010 [id=356 ref 1] uct_ud_mlx5_iface_async_handler()
[1755364177.434292] [eos0397:1063738:0]           async.c:188  UCX  DEBUG release async handler 0x55555dbe0010 [id=356 ref 0] uct_ud_mlx5_iface_async_handler()
[1755364177.434294] [eos0397:1063738:0]        ud_iface.c:602  UCX  DEBUG iface(0x55555d753110): cep cleanup
[1755364177.434294] [eos0397:1063738:0]           mpool.c:194  UCX  DEBUG mpool ud_tx_skb destroyed
[1755364177.434335] [eos0397:1063738:0]           mpool.c:194  UCX  DEBUG mpool ud_recv_skb destroyed
[1755364177.434867] [eos0397:1063738:0]        ud_iface.c:609  UCX  DEBUG iface(0x55555d753110): ptr_array cleanup
[1755364177.435157] [eos0397:1063738:0]           async.c:173  UCX  DEBUG removed async handler 0x55555dfdef40 [id=357 ref 1] ucp_worker_iface_async_fd_event() from hash
[1755364177.435158] [eos0397:1063738:0]           async.c:576  UCX  DEBUG removing async handler 0x55555dfdef40 [id=357 ref 1] ucp_worker_iface_async_fd_event()
[1755364177.435159] [eos0397:1063738:0]           async.c:188  UCX  DEBUG release async handler 0x55555dfdef40 [id=357 ref 0] ucp_worker_iface_async_fd_event()
[1755364177.435161] [eos0397:1063738:0]           mpool.c:194  UCX  DEBUG mpool rc_verbs_short_desc destroyed
[1755364177.435342] [eos0397:1063738:0]           mpool.c:194  UCX  DEBUG mpool send-ops-mpool destroyed
[1755364177.435343] [eos0397:1063738:0]           mpool.c:194  UCX  DEBUG mpool rc_send_desc destroyed
[1755364177.435343] [eos0397:1063738:0]           mpool.c:194  UCX  DEBUG mpool rc_recv_desc destroyed
[1755364177.435344] [eos0397:1063738:0]           mpool.c:194  UCX  DEBUG mpool pending-ops destroyed
[1755364177.435706] [eos0397:1063738:0]           async.c:173  UCX  DEBUG removed async handler 0x55555dccf010 [id=358 ref 1] uct_ud_verbs_iface_async_handler() from hash
[1755364177.435707] [eos0397:1063738:0]           async.c:576  UCX  DEBUG removing async handler 0x55555dccf010 [id=358 ref 1] uct_ud_verbs_iface_async_handler()
[1755364177.435708] [eos0397:1063738:0]           async.c:188  UCX  DEBUG release async handler 0x55555dccf010 [id=358 ref 0] uct_ud_verbs_iface_async_handler()
[1755364177.435709] [eos0397:1063738:0]        ud_iface.c:602  UCX  DEBUG iface(0x55555d756560): cep cleanup
[1755364177.435710] [eos0397:1063738:0]           mpool.c:194  UCX  DEBUG mpool ud_tx_skb destroyed
[1755364177.435748] [eos0397:1063738:0]           mpool.c:194  UCX  DEBUG mpool ud_recv_skb destroyed
[1755364177.436472] [eos0397:1063738:0]        ud_iface.c:609  UCX  DEBUG iface(0x55555d756560): ptr_array cleanup
[1755364177.436775] [eos0397:1063738:0]           async.c:173  UCX  DEBUG removed async handler 0x55555dfdef80 [id=361 ref 1] ucp_worker_iface_async_fd_event() from hash
[1755364177.436776] [eos0397:1063738:0]           async.c:576  UCX  DEBUG removing async handler 0x55555dfdef80 [id=361 ref 1] ucp_worker_iface_async_fd_event()
[1755364177.436778] [eos0397:1063738:0]           async.c:188  UCX  DEBUG release async handler 0x55555dfdef80 [id=361 ref 0] ucp_worker_iface_async_fd_event()
[1755364177.437218] [eos0397:1063738:0]           async.c:173  UCX  DEBUG removed async handler 0x55555de9e010 [id=360 ref 1] uct_rc_mlx5_devx_iface_event_handler() from hash
[1755364177.437219] [eos0397:1063738:0]           async.c:576  UCX  DEBUG removing async handler 0x55555de9e010 [id=360 ref 1] uct_rc_mlx5_devx_iface_event_handler()
[1755364177.437221] [eos0397:1063738:0]           async.c:188  UCX  DEBUG release async handler 0x55555de9e010 [id=360 ref 0] uct_rc_mlx5_devx_iface_event_handler()
[1755364177.437225] [eos0397:1063738:0]           mpool.c:194  UCX  DEBUG mpool rc_mlx5_atomic_desc destroyed
[1755364177.437602] [eos0397:1063738:0]           mpool.c:194  UCX  DEBUG mpool send-ops-mpool destroyed
[1755364177.437603] [eos0397:1063738:0]           mpool.c:194  UCX  DEBUG mpool rc_send_desc destroyed
[1755364177.437790] [eos0397:1063738:0]           mpool.c:194  UCX  DEBUG mpool rc_recv_desc destroyed
[1755364177.437791] [eos0397:1063738:0]           mpool.c:194  UCX  DEBUG mpool pending-ops destroyed
[1755364177.438387] [eos0397:1063738:0]           async.c:173  UCX  DEBUG removed async handler 0x55555dfdefc0 [id=364 ref 1] ucp_worker_iface_async_fd_event() from hash
[1755364177.438388] [eos0397:1063738:0]           async.c:576  UCX  DEBUG removing async handler 0x55555dfdefc0 [id=364 ref 1] ucp_worker_iface_async_fd_event()
[1755364177.438390] [eos0397:1063738:0]           async.c:188  UCX  DEBUG release async handler 0x55555dfdefc0 [id=364 ref 0] ucp_worker_iface_async_fd_event()
[1755364177.438393] [eos0397:1063738:0]           async.c:173  UCX  DEBUG removed async handler 0x55555e11d010 [id=363 ref 1] uct_rc_mlx5_devx_iface_event_handler() from hash
[1755364177.438394] [eos0397:1063738:0]           async.c:576  UCX  DEBUG removing async handler 0x55555e11d010 [id=363 ref 1] uct_rc_mlx5_devx_iface_event_handler()
[1755364177.438396] [eos0397:1063738:0]           async.c:188  UCX  DEBUG release async handler 0x55555e11d010 [id=363 ref 0] uct_rc_mlx5_devx_iface_event_handler()
[1755364177.438399] [eos0397:1063738:0]           mpool.c:194  UCX  DEBUG mpool rc_mlx5_atomic_desc destroyed
[1755364177.438400] [eos0397:1063738:0]           mpool.c:194  UCX  DEBUG mpool mlx5_dm_desc destroyed
[1755364177.439203] [eos0397:1063738:0]           mpool.c:194  UCX  DEBUG mpool send-ops-mpool destroyed
[1755364177.439204] [eos0397:1063738:0]           mpool.c:194  UCX  DEBUG mpool rc_send_desc destroyed
[1755364177.439205] [eos0397:1063738:0]           mpool.c:194  UCX  DEBUG mpool rc_recv_desc destroyed
[1755364177.439205] [eos0397:1063738:0]           mpool.c:194  UCX  DEBUG mpool pending-ops destroyed
[1755364177.439604] [eos0397:1063738:0]           async.c:173  UCX  DEBUG removed async handler 0x55555e168010 [id=365 ref 1] uct_ud_mlx5_iface_async_handler() from hash
[1755364177.439605] [eos0397:1063738:0]           async.c:576  UCX  DEBUG removing async handler 0x55555e168010 [id=365 ref 1] uct_ud_mlx5_iface_async_handler()
[1755364177.439607] [eos0397:1063738:0]           async.c:188  UCX  DEBUG release async handler 0x55555e168010 [id=365 ref 0] uct_ud_mlx5_iface_async_handler()
[1755364177.439608] [eos0397:1063738:0]        ud_iface.c:602  UCX  DEBUG iface(0x55555dd59480): cep cleanup
[1755364177.439609] [eos0397:1063738:0]           mpool.c:194  UCX  DEBUG mpool ud_tx_skb destroyed
[1755364177.439645] [eos0397:1063738:0]           mpool.c:194  UCX  DEBUG mpool ud_recv_skb destroyed
[1755364177.440225] [eos0397:1063738:0]        ud_iface.c:609  UCX  DEBUG iface(0x55555dd59480): ptr_array cleanup
[1755364177.440486] [eos0397:1063738:0]           async.c:173  UCX  DEBUG removed async handler 0x555557fb2a10 [id=366 ref 1] ucp_worker_iface_async_fd_event() from hash
[1755364177.440487] [eos0397:1063738:0]           async.c:576  UCX  DEBUG removing async handler 0x555557fb2a10 [id=366 ref 1] ucp_worker_iface_async_fd_event()
[1755364177.440489] [eos0397:1063738:0]           async.c:188  UCX  DEBUG release async handler 0x555557fb2a10 [id=366 ref 0] ucp_worker_iface_async_fd_event()
[1755364177.440491] [eos0397:1063738:0]           mpool.c:194  UCX  DEBUG mpool rc_verbs_short_desc destroyed
[1755364177.440832] [eos0397:1063738:0]           mpool.c:194  UCX  DEBUG mpool send-ops-mpool destroyed
[1755364177.440832] [eos0397:1063738:0]           mpool.c:194  UCX  DEBUG mpool rc_send_desc destroyed
[1755364177.440833] [eos0397:1063738:0]           mpool.c:194  UCX  DEBUG mpool rc_recv_desc destroyed
[1755364177.440834] [eos0397:1063738:0]           mpool.c:194  UCX  DEBUG mpool pending-ops destroyed
[1755364177.441187] [eos0397:1063738:0]           async.c:173  UCX  DEBUG removed async handler 0x55555e2aa010 [id=367 ref 1] uct_ud_verbs_iface_async_handler() from hash
[1755364177.441188] [eos0397:1063738:0]           async.c:576  UCX  DEBUG removing async handler 0x55555e2aa010 [id=367 ref 1] uct_ud_verbs_iface_async_handler()
[1755364177.441190] [eos0397:1063738:0]           async.c:188  UCX  DEBUG release async handler 0x55555e2aa010 [id=367 ref 0] uct_ud_verbs_iface_async_handler()
[1755364177.441191] [eos0397:1063738:0]        ud_iface.c:602  UCX  DEBUG iface(0x55555dcf72c0): cep cleanup
[1755364177.441192] [eos0397:1063738:0]           mpool.c:194  UCX  DEBUG mpool ud_tx_skb destroyed
[1755364177.441229] [eos0397:1063738:0]           mpool.c:194  UCX  DEBUG mpool ud_recv_skb destroyed
[1755364177.442071] [eos0397:1063738:0]        ud_iface.c:609  UCX  DEBUG iface(0x55555dcf72c0): ptr_array cleanup
[1755364177.442396] [eos0397:1063738:0]           async.c:173  UCX  DEBUG removed async handler 0x555557fb2a50 [id=370 ref 1] ucp_worker_iface_async_fd_event() from hash
[1755364177.442404] [eos0397:1063738:0]           async.c:576  UCX  DEBUG removing async handler 0x555557fb2a50 [id=370 ref 1] ucp_worker_iface_async_fd_event()
[1755364177.442406] [eos0397:1063738:0]           async.c:188  UCX  DEBUG release async handler 0x555557fb2a50 [id=370 ref 0] ucp_worker_iface_async_fd_event()
[1755364177.442852] [eos0397:1063738:0]           async.c:173  UCX  DEBUG removed async handler 0x55555d733e00 [id=369 ref 1] uct_rc_mlx5_devx_iface_event_handler() from hash
[1755364177.442852] [eos0397:1063738:0]           async.c:576  UCX  DEBUG removing async handler 0x55555d733e00 [id=369 ref 1] uct_rc_mlx5_devx_iface_event_handler()
[1755364177.442854] [eos0397:1063738:0]           async.c:188  UCX  DEBUG release async handler 0x55555d733e00 [id=369 ref 0] uct_rc_mlx5_devx_iface_event_handler()
[1755364177.442858] [eos0397:1063738:0]           mpool.c:194  UCX  DEBUG mpool rc_mlx5_atomic_desc destroyed
[1755364177.443238] [eos0397:1063738:0]           mpool.c:194  UCX  DEBUG mpool send-ops-mpool destroyed
[1755364177.443239] [eos0397:1063738:0]           mpool.c:194  UCX  DEBUG mpool rc_send_desc destroyed
[1755364177.443510] [eos0397:1063738:0]           mpool.c:194  UCX  DEBUG mpool rc_recv_desc destroyed
[1755364177.443512] [eos0397:1063738:0]           mpool.c:194  UCX  DEBUG mpool pending-ops destroyed
[1755364177.444096] [eos0397:1063738:0]           async.c:173  UCX  DEBUG removed async handler 0x555557fb2a90 [id=373 ref 1] ucp_worker_iface_async_fd_event() from hash
[1755364177.444097] [eos0397:1063738:0]           async.c:576  UCX  DEBUG removing async handler 0x555557fb2a90 [id=373 ref 1] ucp_worker_iface_async_fd_event()
[1755364177.444100] [eos0397:1063738:0]           async.c:188  UCX  DEBUG release async handler 0x555557fb2a90 [id=373 ref 0] ucp_worker_iface_async_fd_event()
[1755364177.444102] [eos0397:1063738:0]           async.c:173  UCX  DEBUG removed async handler 0x55555e73f010 [id=372 ref 1] uct_rc_mlx5_devx_iface_event_handler() from hash
[1755364177.444103] [eos0397:1063738:0]           async.c:576  UCX  DEBUG removing async handler 0x55555e73f010 [id=372 ref 1] uct_rc_mlx5_devx_iface_event_handler()
[1755364177.444104] [eos0397:1063738:0]           async.c:188  UCX  DEBUG release async handler 0x55555e73f010 [id=372 ref 0] uct_rc_mlx5_devx_iface_event_handler()
[1755364177.444109] [eos0397:1063738:0]           mpool.c:194  UCX  DEBUG mpool rc_mlx5_atomic_desc destroyed
[1755364177.444110] [eos0397:1063738:0]           mpool.c:194  UCX  DEBUG mpool mlx5_dm_desc destroyed
[1755364177.444975] [eos0397:1063738:0]           mpool.c:194  UCX  DEBUG mpool send-ops-mpool destroyed
[1755364177.444976] [eos0397:1063738:0]           mpool.c:194  UCX  DEBUG mpool rc_send_desc destroyed
[1755364177.444976] [eos0397:1063738:0]           mpool.c:194  UCX  DEBUG mpool rc_recv_desc destroyed
[1755364177.444977] [eos0397:1063738:0]           mpool.c:194  UCX  DEBUG mpool pending-ops destroyed
[1755364177.445424] [eos0397:1063738:0]           async.c:173  UCX  DEBUG removed async handler 0x55555e820010 [id=374 ref 1] uct_ud_mlx5_iface_async_handler() from hash
[1755364177.445425] [eos0397:1063738:0]           async.c:576  UCX  DEBUG removing async handler 0x55555e820010 [id=374 ref 1] uct_ud_mlx5_iface_async_handler()
[1755364177.445427] [eos0397:1063738:0]           async.c:188  UCX  DEBUG release async handler 0x55555e820010 [id=374 ref 0] uct_ud_mlx5_iface_async_handler()
[1755364177.445428] [eos0397:1063738:0]        ud_iface.c:602  UCX  DEBUG iface(0x55555e38e130): cep cleanup
[1755364177.445429] [eos0397:1063738:0]           mpool.c:194  UCX  DEBUG mpool ud_tx_skb destroyed
[1755364177.445467] [eos0397:1063738:0]           mpool.c:194  UCX  DEBUG mpool ud_recv_skb destroyed
[1755364177.446020] [eos0397:1063738:0]        ud_iface.c:609  UCX  DEBUG iface(0x55555e38e130): ptr_array cleanup
[1755364177.446346] [eos0397:1063738:0]           mpool.c:194  UCX  DEBUG mpool uct_scopy_iface_tx_mp destroyed
[2 - 7ffff7bb5bc0]    0.000000 {5}{ucp}: failed to init worker for host context 0x55555b197d00
[2 - 7ffff7bb5bc0]    0.000000 {5}{ucp}: failed to create workers
[1755364177.446454] [eos0397:1063738:0]         pgtable.c:618  UCX  DEBUG purge empty page table
[1755364177.446481] [eos0397:1063738:0]           mpool.c:194  UCX  DEBUG mpool rcache_mp destroyed
[1755364177.446522] [eos0397:1063738:0]    ib_mlx5dv_md.c:2496 UCX  DEBUG mlx5_0: md=0x55555b3d4bb0 md->flags=0x3fb3f7f flush_rkey=0x202200
[1755364177.446897] [eos0397:1063738:0]           mpool.c:194  UCX  DEBUG mpool devx dbrec destroyed
[1755364177.446899] [eos0397:1063738:0]       ib_device.c:616  UCX  DEBUG destroying ib device mlx5_0
[1755364177.446900] [eos0397:1063738:0]           async.c:173  UCX  DEBUG removed async handler 0x55555b1ecf80 [id=256 ref 1] uct_ib_async_event_handler() from hash
[1755364177.446901] [eos0397:1063738:0]           async.c:576  UCX  DEBUG removing async handler 0x55555b1ecf80 [id=256 ref 1] uct_ib_async_event_handler()
[1755364177.446903] [eos0397:1063738:0]           async.c:188  UCX  DEBUG release async handler 0x55555b1ecf80 [id=256 ref 0] uct_ib_async_event_handler()
[1755364177.447390] [eos0397:1063738:0]    ib_mlx5dv_md.c:2496 UCX  DEBUG mlx5_3: md=0x55555b3d32d0 md->flags=0x3fb3f7f flush_rkey=0x202300
[1755364177.447883] [eos0397:1063738:0]           mpool.c:194  UCX  DEBUG mpool devx dbrec destroyed
[1755364177.447884] [eos0397:1063738:0]       ib_device.c:616  UCX  DEBUG destroying ib device mlx5_3
[1755364177.447885] [eos0397:1063738:0]           async.c:173  UCX  DEBUG removed async handler 0x55555b3d5490 [id=258 ref 1] uct_ib_async_event_handler() from hash
[1755364177.447886] [eos0397:1063738:0]           async.c:576  UCX  DEBUG removing async handler 0x55555b3d5490 [id=258 ref 1] uct_ib_async_event_handler()
[1755364177.447888] [eos0397:1063738:0]           async.c:188  UCX  DEBUG release async handler 0x55555b3d5490 [id=258 ref 0] uct_ib_async_event_handler()
[1755364177.448439] [eos0397:1063738:0]    ib_mlx5dv_md.c:2496 UCX  DEBUG mlx5_4: md=0x55555b3db2a0 md->flags=0x3fb3f7f flush_rkey=0x202300
[1755364177.448861] [eos0397:1063738:0]           mpool.c:194  UCX  DEBUG mpool devx dbrec destroyed
[1755364177.448862] [eos0397:1063738:0]       ib_device.c:616  UCX  DEBUG destroying ib device mlx5_4
[1755364177.448863] [eos0397:1063738:0]           async.c:173  UCX  DEBUG removed async handler 0x55555b3df010 [id=260 ref 1] uct_ib_async_event_handler() from hash
[1755364177.448864] [eos0397:1063738:0]           async.c:576  UCX  DEBUG removing async handler 0x55555b3df010 [id=260 ref 1] uct_ib_async_event_handler()
[1755364177.448866] [eos0397:1063738:0]           async.c:188  UCX  DEBUG release async handler 0x55555b3df010 [id=260 ref 0] uct_ib_async_event_handler()
[1755364177.449355] [eos0397:1063738:0]    ib_mlx5dv_md.c:2496 UCX  DEBUG mlx5_5: md=0x55555b3ddb80 md->flags=0x3fb3f7f flush_rkey=0x202200
[1755364177.449843] [eos0397:1063738:0]           mpool.c:194  UCX  DEBUG mpool devx dbrec destroyed
[1755364177.449844] [eos0397:1063738:0]       ib_device.c:616  UCX  DEBUG destroying ib device mlx5_5
[1755364177.449845] [eos0397:1063738:0]           async.c:173  UCX  DEBUG removed async handler 0x55555b3db8c0 [id=262 ref 1] uct_ib_async_event_handler() from hash
[1755364177.449846] [eos0397:1063738:0]           async.c:576  UCX  DEBUG removing async handler 0x55555b3db8c0 [id=262 ref 1] uct_ib_async_event_handler()
[1755364177.449848] [eos0397:1063738:0]           async.c:188  UCX  DEBUG release async handler 0x55555b3db8c0 [id=262 ref 0] uct_ib_async_event_handler()
[1755364177.450372] [eos0397:1063738:0]    ib_mlx5dv_md.c:2496 UCX  DEBUG mlx5_6: md=0x55555b3dd370 md->flags=0x3fb3f7f flush_rkey=0x202300
[1755364177.450798] [eos0397:1063738:0]           mpool.c:194  UCX  DEBUG mpool devx dbrec destroyed
[1755364177.450799] [eos0397:1063738:0]       ib_device.c:616  UCX  DEBUG destroying ib device mlx5_6
[1755364177.450800] [eos0397:1063738:0]           async.c:173  UCX  DEBUG removed async handler 0x55555b3de2a0 [id=264 ref 1] uct_ib_async_event_handler() from hash
[1755364177.450806] [eos0397:1063738:0]           async.c:576  UCX  DEBUG removing async handler 0x55555b3de2a0 [id=264 ref 1] uct_ib_async_event_handler()
[1755364177.450808] [eos0397:1063738:0]           async.c:188  UCX  DEBUG release async handler 0x55555b3de2a0 [id=264 ref 0] uct_ib_async_event_handler()
[1755364177.451314] [eos0397:1063738:0]    ib_mlx5dv_md.c:2496 UCX  DEBUG mlx5_9: md=0x55555b3d7a30 md->flags=0x3fb3f7f flush_rkey=0x202300
[1755364177.451677] [eos0397:1063738:0]           mpool.c:194  UCX  DEBUG mpool devx dbrec destroyed
[1755364177.451678] [eos0397:1063738:0]       ib_device.c:616  UCX  DEBUG destroying ib device mlx5_9
[1755364177.451679] [eos0397:1063738:0]           async.c:173  UCX  DEBUG removed async handler 0x55555b3ddb40 [id=266 ref 1] uct_ib_async_event_handler() from hash
[1755364177.451679] [eos0397:1063738:0]           async.c:576  UCX  DEBUG removing async handler 0x55555b3ddb40 [id=266 ref 1] uct_ib_async_event_handler()
[1755364177.451681] [eos0397:1063738:0]           async.c:188  UCX  DEBUG release async handler 0x55555b3ddb40 [id=266 ref 0] uct_ib_async_event_handler()
[1755364177.452160] [eos0397:1063738:0]    ib_mlx5dv_md.c:2496 UCX  DEBUG mlx5_10: md=0x55555b3df050 md->flags=0x3fb3f7f flush_rkey=0x202300
[1755364177.452494] [eos0397:1063738:0]           mpool.c:194  UCX  DEBUG mpool devx dbrec destroyed
[1755364177.452495] [eos0397:1063738:0]       ib_device.c:616  UCX  DEBUG destroying ib device mlx5_10
[1755364177.452496] [eos0397:1063738:0]           async.c:173  UCX  DEBUG removed async handler 0x55555b3d4250 [id=268 ref 1] uct_ib_async_event_handler() from hash
[1755364177.452497] [eos0397:1063738:0]           async.c:576  UCX  DEBUG removing async handler 0x55555b3d4250 [id=268 ref 1] uct_ib_async_event_handler()
[1755364177.452499] [eos0397:1063738:0]           async.c:188  UCX  DEBUG release async handler 0x55555b3d4250 [id=268 ref 0] uct_ib_async_event_handler()
[1755364177.453030] [eos0397:1063738:0]    ib_mlx5dv_md.c:2496 UCX  DEBUG mlx5_11: md=0x55555b3e3cc0 md->flags=0x3fb3f7f flush_rkey=0x202200
[1755364177.453341] [eos0397:1063738:0]           mpool.c:194  UCX  DEBUG mpool devx dbrec destroyed
[1755364177.453342] [eos0397:1063738:0]       ib_device.c:616  UCX  DEBUG destroying ib device mlx5_11
[1755364177.453343] [eos0397:1063738:0]           async.c:173  UCX  DEBUG removed async handler 0x55555b3ef010 [id=270 ref 1] uct_ib_async_event_handler() from hash
[1755364177.453343] [eos0397:1063738:0]           async.c:576  UCX  DEBUG removing async handler 0x55555b3ef010 [id=270 ref 1] uct_ib_async_event_handler()
[1755364177.453345] [eos0397:1063738:0]           async.c:188  UCX  DEBUG release async handler 0x55555b3ef010 [id=270 ref 0] uct_ib_async_event_handler()
[1755364177.453853] [eos0397:1063738:0]          rcache.c:697  UCX  WARN  ucp_rcache: destroying inuse region 0x55555b1ed600 [0x7ffd4c9f6000..0x7ffd4cdf7000] g- rw ref 1 md[0]=self md[1]=tcp md[7]=mlx5_0 md[8]=mlx5_3 md[9]=mlx5_4 md[10]=mlx5_5 md[11]=mlx5_6 md[12]=mlx5_9 md[13]=mlx5_10 md[14]=mlx
[1755364177.454132] [eos0397:1063738:0]          rcache.c:697  UCX  WARN  ucp_rcache: destroying inuse region 0x55555b1ed770 [0x7ffd4cdf7000..0x7ffd4d1f8000] g- rw ref 1 md[0]=self md[1]=tcp md[7]=mlx5_0 md[8]=mlx5_3 md[9]=mlx5_4 md[10]=mlx5_5 md[11]=mlx5_6 md[12]=mlx5_9 md[13]=mlx5_10 md[14]=mlx
[1755364177.454402] [eos0397:1063738:0]          rcache.c:697  UCX  WARN  ucp_rcache: destroying inuse region 0x55555b1ed490 [0x7fffc963a000..0x7fffc963f000] g- rw ref 1 md[0]=self md[1]=tcp md[7]=mlx5_0 md[8]=mlx5_3 md[9]=mlx5_4 md[10]=mlx5_5 md[11]=mlx5_6 md[12]=mlx5_9 md[13]=mlx5_10 md[14]=mlx
[1755364177.454542] [eos0397:1063738:0]           mpool.c:194  UCX  DEBUG mpool rcache_mp destroyed
[1755364177.454565] [eos0397:1063738:0]    ib_mlx5dv_md.c:2496 UCX  DEBUG mlx5_0: md=0x55555b1eb360 md->flags=0x3fb3f7f flush_rkey=0x201d00
[1755364177.454936] [eos0397:1063738:0]           mpool.c:194  UCX  DEBUG mpool devx dbrec destroyed
[1755364177.454937] [eos0397:1063738:0]       ib_device.c:616  UCX  DEBUG destroying ib device mlx5_0
[1755364177.454938] [eos0397:1063738:0]           async.c:173  UCX  DEBUG removed async handler 0x55555b19f910 [id=240 ref 1] uct_ib_async_event_handler() from hash
[1755364177.454938] [eos0397:1063738:0]           async.c:576  UCX  DEBUG removing async handler 0x55555b19f910 [id=240 ref 1] uct_ib_async_event_handler()
[1755364177.454940] [eos0397:1063738:0]           async.c:188  UCX  DEBUG release async handler 0x55555b19f910 [id=240 ref 0] uct_ib_async_event_handler()
[1755364177.455347] [eos0397:1063738:0]    ib_mlx5dv_md.c:2496 UCX  DEBUG mlx5_3: md=0x55555b1a7040 md->flags=0x3fb3f7f flush_rkey=0x201c00
[1755364177.455829] [eos0397:1063738:0]           mpool.c:194  UCX  DEBUG mpool devx dbrec destroyed
[1755364177.455830] [eos0397:1063738:0]       ib_device.c:616  UCX  DEBUG destroying ib device mlx5_3
[1755364177.455831] [eos0397:1063738:0]           async.c:173  UCX  DEBUG removed async handler 0x55555b236010 [id=242 ref 1] uct_ib_async_event_handler() from hash
[1755364177.455832] [eos0397:1063738:0]           async.c:576  UCX  DEBUG removing async handler 0x55555b236010 [id=242 ref 1] uct_ib_async_event_handler()
[1755364177.455833] [eos0397:1063738:0]           async.c:188  UCX  DEBUG release async handler 0x55555b236010 [id=242 ref 0] uct_ib_async_event_handler()
[1755364177.456266] [eos0397:1063738:0]    ib_mlx5dv_md.c:2496 UCX  DEBUG mlx5_4: md=0x55555b1a9390 md->flags=0x3fb3f7f flush_rkey=0x201c00
[1755364177.456690] [eos0397:1063738:0]           mpool.c:194  UCX  DEBUG mpool devx dbrec destroyed
[1755364177.456691] [eos0397:1063738:0]       ib_device.c:616  UCX  DEBUG destroying ib device mlx5_4
[1755364177.456692] [eos0397:1063738:0]           async.c:173  UCX  DEBUG removed async handler 0x55555b1a7840 [id=244 ref 1] uct_ib_async_event_handler() from hash
[1755364177.456693] [eos0397:1063738:0]           async.c:576  UCX  DEBUG removing async handler 0x55555b1a7840 [id=244 ref 1] uct_ib_async_event_handler()
[1755364177.456694] [eos0397:1063738:0]           async.c:188  UCX  DEBUG release async handler 0x55555b1a7840 [id=244 ref 0] uct_ib_async_event_handler()
[1755364177.457137] [eos0397:1063738:0]    ib_mlx5dv_md.c:2496 UCX  DEBUG mlx5_5: md=0x55555b1a7ea0 md->flags=0x3fb3f7f flush_rkey=0x201c00
[1755364177.457553] [eos0397:1063738:0]           mpool.c:194  UCX  DEBUG mpool devx dbrec destroyed
[1755364177.457554] [eos0397:1063738:0]       ib_device.c:616  UCX  DEBUG destroying ib device mlx5_5
[1755364177.457555] [eos0397:1063738:0]           async.c:173  UCX  DEBUG removed async handler 0x55555b1a99b0 [id=246 ref 1] uct_ib_async_event_handler() from hash
[1755364177.457556] [eos0397:1063738:0]           async.c:576  UCX  DEBUG removing async handler 0x55555b1a99b0 [id=246 ref 1] uct_ib_async_event_handler()
[1755364177.457558] [eos0397:1063738:0]           async.c:188  UCX  DEBUG release async handler 0x55555b1a99b0 [id=246 ref 0] uct_ib_async_event_handler()
[1755364177.457997] [eos0397:1063738:0]    ib_mlx5dv_md.c:2496 UCX  DEBUG mlx5_6: md=0x55555b234010 md->flags=0x3fb3f7f flush_rkey=0x201c00
[1755364177.458398] [eos0397:1063738:0]           mpool.c:194  UCX  DEBUG mpool devx dbrec destroyed
[1755364177.458399] [eos0397:1063738:0]       ib_device.c:616  UCX  DEBUG destroying ib device mlx5_6
[1755364177.458400] [eos0397:1063738:0]           async.c:173  UCX  DEBUG removed async handler 0x55555b1ef950 [id=248 ref 1] uct_ib_async_event_handler() from hash
[1755364177.458401] [eos0397:1063738:0]           async.c:576  UCX  DEBUG removing async handler 0x55555b1ef950 [id=248 ref 1] uct_ib_async_event_handler()
[1755364177.458402] [eos0397:1063738:0]           async.c:188  UCX  DEBUG release async handler 0x55555b1ef950 [id=248 ref 0] uct_ib_async_event_handler()
[1755364177.458833] [eos0397:1063738:0]    ib_mlx5dv_md.c:2496 UCX  DEBUG mlx5_9: md=0x55555b2355f0 md->flags=0x3fb3f7f flush_rkey=0x201c00
[1755364177.459204] [eos0397:1063738:0]           mpool.c:194  UCX  DEBUG mpool devx dbrec destroyed
[1755364177.459205] [eos0397:1063738:0]       ib_device.c:616  UCX  DEBU[eos0397:1063738] *** Process received signal ***
[eos0397:1063738] Signal: Aborted (6)
[eos0397:1063738] Signal code:  (-6)
[eos0397:1063738] [ 0] /usr/lib/x86_64-linux-gnu/libc.so.6(+0x42520)[0x7ffff7619520]
[eos0397:1063738] [ 1] /usr/lib/x86_64-linux-gnu/libc.so.6(pthread_kill+0x12c)[0x7ffff766d9fc]
[eos0397:1063738] [ 2] /usr/lib/x86_64-linux-gnu/libc.so.6(raise+0x16)[0x7ffff7619476]
[eos0397:1063738] [ 3] /usr/lib/x86_64-linux-gnu/libc.so.6(abort+0xd3)[0x7ffff75ff7f3]
[eos0397:1063738] [ 4] /root/miniconda3/envs/legate/lib/python3.13/site-packages/legate/core/_lib/data/../../../../../../librealm-legate.so.1(+0x916d2a)[0x7fffcec86d2a]
[eos0397:1063738] [ 5] /root/miniconda3/envs/legate/lib/python3.13/site-packages/legate/core/_lib/data/../../../../../../librealm-legate.so.1(+0x84aa07)[0x7fffcebbaa07]
[eos0397:1063738] [ 6] /root/miniconda3/envs/legate/lib/python3.13/site-packages/legate/core/_lib/data/../../../../../../liblegion-legate.so.1(_ZN6Legion8Internal7Runtime5startEiPPcbbb+0x85)[0x7fffd19ec7b5]
[eos0397:1063738] [ 7] /root/miniconda3/envs/legate/lib/python3.13/site-packages/legate/core/_lib/data/../../../../../../liblegate.so.25.05.00(_ZN6legate6detail7Runtime5startEv+0x388)[0x7fffea96af28]
[eos0397:1063738] [ 8] /root/miniconda3/envs/legate/lib/python3.13/site-packages/legate/core/_lib/data/../../../../../../liblegate.so.25.05.00(_ZN6legate5startEv+0xd)[0x7fffea938dcd]
[eos0397:1063738] [ 9] /root/miniconda3/envs/legate/lib/python3.13/site-packages/legate/core/_lib/runtime/runtime.cpython-313-x86_64-linux-gnu.so(+0x3d475)[0x7fffcb5b2475]
[eos0397:1063738] [10] /root/miniconda3/envs/legate/lib/python3.13/site-packages/legate/core/_lib/runtime/runtime.cpython-313-x86_64-linux-gnu.so(+0x3e6c2)[0x7fffcb5b36c2]
[eos0397:1063738] [11] python(PyObject_Vectorcall+0x2e)[0x5555557060fe]
[eos0397:1063738] [12] python(+0x9ee73)[0x5555555f2e73]
[eos0397:1063738] [13] python(PyEval_EvalCode+0xa1)[0x5555557c9171]
[eos0397:1063738] [14] python(+0x291699)[0x5555557e5699]
[eos0397:1063738] [15] python(+0x1cb51b)[0x55555571f51b]
[eos0397:1063738] [16] python(+0x9ea1c)[0x5555555f2a1c]
[eos0397:1063738] [17] python(+0x1d31d4)[0x5555557271d4]
[eos0397:1063738] [18] python(PyObject_CallMethodObjArgs+0xec)[0x5555557599ac]
[eos0397:1063738] [19] python(PyImport_ImportModuleLevelObject+0x23c)[0x5555557588bc]
[eos0397:1063738] [20] python(+0x212816)[0x555555766816]
[eos0397:1063738] [21] python(+0x1cb51b)[0x55555571f51b]
[eos0397:1063738] [22] python(+0x9ea1c)[0x5555555f2a1c]
[eos0397:1063738] [23] python(+0x1d31d4)[0x5555557271d4]
[eos0397:1063738] [24] python(PyObject_CallMethodObjArgs+0xec)[0x5555557599ac]
[eos0397:1063738] [25] python(PyImport_ImportModuleLevelObject+0x23c)[0x5555557588bc]
[eos0397:1063738] [26] python(+0xa22c3)[0x5555555f62c3]
[eos0397:1063738] [27] python(PyEval_EvalCode+0xa1)[0x5555557c9171]
[eos0397:1063738] [28] python(+0x291699)[0x5555557e5699]
[eos0397:1063738] [29] python(+0x1cb51b)[0x55555571f51b]
[eos0397:1063738] *** End of error message ***
