--- Starting Legate Application ---
[1755332989.348976] [eos0024:1808707:0]           debug.c:1158 UCX  DEBUG using signal stack 0x7ffff7b5b000 size 141824
[1755332989.370467] [eos0024:1808707:0]             cpu.c:339  UCX  DEBUG measured tsc frequency 1982.651 MHz after 0.08 ms
[1755332989.370487] [eos0024:1808707:0]            init.c:121  UCX  DEBUG /opt/nvidia/hpc_sdk/Linux_x86_64/25.3/comm_libs/12.8/hpcx/hpcx-2.22.1/ucx/lib/libucs.so.0 loaded at 0x7ffff7e30000
[1755332989.370500] [eos0024:1808707:0]            init.c:122  UCX  DEBUG cmd line: bash /root/miniconda3/envs/legate/share/legate/libexec/legate-bind.sh --launcher auto -- python /project/coreai_devtech_all/shixunw/cupynumeric.internal/test_fancy_indexing.py 
[1755332989.370507] [eos0024:1808707:0]          module.c:72   UCX  DEBUG ucs library path: /opt/nvidia/hpc_sdk/Linux_x86_64/25.3/comm_libs/12.8/hpcx/hpcx-2.22.1/ucx/lib/libucs.so.0
[1755332989.370509] [eos0024:1808707:0]          module.c:280  UCX  DEBUG loading modules for ucs
[1755332989.370510] [eos0024:1808707:0]          module.c:242  UCX  DEBUG loading module 'fuse' with mode 0x101
[1755332989.370590] [eos0024:1808707:0]          module.c:183  UCX  DEBUG loaded /opt/nvidia/hpc_sdk/Linux_x86_64/25.3/comm_libs/12.8/hpcx/hpcx-2.22.1/ucx/lib/ucx/libucs_fuse.so.0.0.0 [0x5555556b9580]
[eos0024.eos.clusters.nvidia.com:1808707] mca: base: components_register: registering framework btl components
[eos0024.eos.clusters.nvidia.com:1808707] mca: base: components_register: found loaded component vader
[eos0024.eos.clusters.nvidia.com:1808707] mca: base: components_register: component vader register function successful
[eos0024.eos.clusters.nvidia.com:1808707] mca: base: components_register: found loaded component self
[eos0024.eos.clusters.nvidia.com:1808707] mca: base: components_register: component self register function successful
[eos0024.eos.clusters.nvidia.com:1808707] mca: base: components_open: opening btl components
[eos0024.eos.clusters.nvidia.com:1808707] mca: base: components_open: found loaded component vader
[eos0024.eos.clusters.nvidia.com:1808707] mca: base: components_open: component vader open function successful
[eos0024.eos.clusters.nvidia.com:1808707] mca: base: components_open: found loaded component self
[eos0024.eos.clusters.nvidia.com:1808707] mca: base: components_open: component self open function successful
[eos0024.eos.clusters.nvidia.com:1808707] select: initializing btl component vader
[eos0024.eos.clusters.nvidia.com:1808707] select: init of component vader returned success
[eos0024.eos.clusters.nvidia.com:1808707] select: initializing btl component self
[eos0024.eos.clusters.nvidia.com:1808707] select: init of component self returned success
[1755332989.413184] [eos0024:1808707:0]           debug.c:1158 UCX  DEBUG using signal stack 0x7ffff7b92000 size 141824
[1755332989.434886] [eos0024:1808707:0]             cpu.c:339  UCX  DEBUG measured tsc frequency 1995.205 MHz after 0.24 ms
[1755332989.434914] [eos0024:1808707:0]            init.c:121  UCX  DEBUG /opt/nvidia/hpc_sdk/Linux_x86_64/25.3/comm_libs/12.8/hpcx/hpcx-2.22.1/ucx/lib/libucs.so.0 loaded at 0x7ffff7e30000
[1755332989.434924] [eos0024:1808707:0]            init.c:122  UCX  DEBUG cmd line: python /project/coreai_devtech_all/shixunw/cupynumeric.internal/test_fancy_indexing.py 
[1755332989.434931] [eos0024:1808707:0]          module.c:72   UCX  DEBUG ucs library path: /opt/nvidia/hpc_sdk/Linux_x86_64/25.3/comm_libs/12.8/hpcx/hpcx-2.22.1/ucx/lib/libucs.so.0
[1755332989.434932] [eos0024:1808707:0]          module.c:280  UCX  DEBUG loading modules for ucs
[1755332989.434935] [eos0024:1808707:0]          module.c:242  UCX  DEBUG loading module 'fuse' with mode 0x101
[1755332989.435019] [eos0024:1808707:0]          module.c:183  UCX  DEBUG loaded /opt/nvidia/hpc_sdk/Linux_x86_64/25.3/comm_libs/12.8/hpcx/hpcx-2.22.1/ucx/lib/ucx/libucs_fuse.so.0.0.0 [0x555555b33500]
[1755332989.676915] [eos0024:1808707:0]            time.c:22   UCX  DEBUG arch clock frequency: 1995205020.92 Hz
[1755332989.676970] [eos0024:1808707:0]     ucp_context.c:2257 UCX  INFO  Version 1.18.0 (loaded from /opt/nvidia/hpc_sdk/Linux_x86_64/25.3/comm_libs/12.8/hpcx/hpcx-2.22.1/ucx/lib/libucp.so.0)
[1755332989.676976] [eos0024:1808707:0]     ucp_context.c:2016 UCX  DEBUG estimated number of endpoints is 8
[1755332989.676977] [eos0024:1808707:0]     ucp_context.c:2023 UCX  DEBUG estimated number of endpoints per node is 1
[1755332989.676979] [eos0024:1808707:0]     ucp_context.c:2033 UCX  DEBUG estimated bcopy bandwidth is 7340032000.000000
[1755332989.676986] [eos0024:1808707:0]     ucp_context.c:2092 UCX  DEBUG allocation method[0] is md 'sysv'
[1755332989.676987] [eos0024:1808707:0]     ucp_context.c:2092 UCX  DEBUG allocation method[1] is md 'posix'
[1755332989.676996] [eos0024:1808707:0]     ucp_context.c:2104 UCX  DEBUG allocation method[2] is 'thp'
[1755332989.676996] [eos0024:1808707:0]     ucp_context.c:2092 UCX  DEBUG allocation method[3] is md '*'
[1755332989.676997] [eos0024:1808707:0]     ucp_context.c:2104 UCX  DEBUG allocation method[4] is 'mmap'
[1755332989.676998] [eos0024:1808707:0]     ucp_context.c:2104 UCX  DEBUG allocation method[5] is 'heap'
[1755332989.677010] [eos0024:1808707:0]          module.c:280  UCX  DEBUG loading modules for uct
[1755332989.677012] [eos0024:1808707:0]          module.c:242  UCX  DEBUG loading module 'cuda' with mode 0x1
[1755332994.311954] [eos0024:1808707:0]          module.c:183  UCX  DEBUG loaded /opt/nvidia/hpc_sdk/Linux_x86_64/25.3/comm_libs/12.8/hpcx/hpcx-2.22.1/ucx/lib/ucx/libuct_cuda.so.0.0.0 [0x555556311fd0]
[1755332994.311965] [eos0024:1808707:0]          module.c:192  UCX  DEBUG calling 'ucs_module_global_init' in '/opt/nvidia/hpc_sdk/Linux_x86_64/25.3/comm_libs/12.8/hpcx/hpcx-2.22.1/ucx/lib/ucx/libuct_cuda.so.0.0.0': [0x7fffcab0b470]
[1755332994.311973] [eos0024:1808707:0]          module.c:280  UCX  DEBUG loading modules for uct_cuda
[1755332994.311976] [eos0024:1808707:0]          module.c:242  UCX  DEBUG loading module 'gdrcopy' with mode 0x1
[1755332994.312187] [eos0024:1808707:0]          module.c:183  UCX  DEBUG loaded /opt/nvidia/hpc_sdk/Linux_x86_64/25.3/comm_libs/12.8/hpcx/hpcx-2.22.1/ucx/lib/ucx/libuct_cuda_gdrcopy.so.0.0.0 [0x55555631c690]
[1755332994.312190] [eos0024:1808707:0]          module.c:165  UCX  DEBUG ignoring 'ucs_module_global_init' (0x7fffcab0b470) from libuct_cuda.so.0 (0x7fffcab03000), expected in libuct_cuda_gdrcopy.so.0 (7fffcaa0a000)
[1755332994.312193] [eos0024:1808707:0]          module.c:242  UCX  DEBUG loading module 'ib' with mode 0x1
[1755332994.313082] [eos0024:1808707:0]          module.c:280  UCX  DEBUG loading modules for uct_ib
[1755332994.313084] [eos0024:1808707:0]          module.c:242  UCX  DEBUG loading module 'mlx5' with mode 0x1
[1755332994.313420] [eos0024:1808707:0]          module.c:183  UCX  DEBUG loaded /opt/nvidia/hpc_sdk/Linux_x86_64/25.3/comm_libs/12.8/hpcx/hpcx-2.22.1/ucx/lib/ucx/libuct_ib_mlx5.so.0.0.0 [0x55555631f710]
[1755332994.313429] [eos0024:1808707:0]          module.c:183  UCX  DEBUG loaded /opt/nvidia/hpc_sdk/Linux_x86_64/25.3/comm_libs/12.8/hpcx/hpcx-2.22.1/ucx/lib/ucx/libuct_ib.so.0.0.0 [0x55555631d390]
[1755332994.313431] [eos0024:1808707:0]          module.c:242  UCX  DEBUG loading module 'rdmacm' with mode 0x1
[1755332994.313659] [eos0024:1808707:0]          module.c:183  UCX  DEBUG loaded /opt/nvidia/hpc_sdk/Linux_x86_64/25.3/comm_libs/12.8/hpcx/hpcx-2.22.1/ucx/lib/ucx/libuct_rdmacm.so.0.0.0 [0x5555563209b0]
[1755332994.313661] [eos0024:1808707:0]          module.c:242  UCX  DEBUG loading module 'cma' with mode 0x1
[1755332994.313727] [eos0024:1808707:0]          module.c:183  UCX  DEBUG loaded /opt/nvidia/hpc_sdk/Linux_x86_64/25.3/comm_libs/12.8/hpcx/hpcx-2.22.1/ucx/lib/ucx/libuct_cma.so.0.0.0 [0x555556321a80]
[1755332994.313799] [eos0024:1808707:0]            topo.c:298  UCX  DEBUG added sys_dev 0 for bus id 1b:00.0
[1755332994.313819] [eos0024:1808707:0]            topo.c:298  UCX  DEBUG added sys_dev 1 for bus id 43:00.0
[1755332994.313835] [eos0024:1808707:0]            topo.c:298  UCX  DEBUG added sys_dev 2 for bus id 52:00.0
[1755332994.313851] [eos0024:1808707:0]            topo.c:298  UCX  DEBUG added sys_dev 3 for bus id 61:00.0
[1755332994.313868] [eos0024:1808707:0]            topo.c:298  UCX  DEBUG added sys_dev 4 for bus id 9d:00.0
[1755332994.313885] [eos0024:1808707:0]            topo.c:298  UCX  DEBUG added sys_dev 5 for bus id c3:00.0
[1755332994.313902] [eos0024:1808707:0]            topo.c:298  UCX  DEBUG added sys_dev 6 for bus id d1:00.0
[1755332994.313922] [eos0024:1808707:0]            topo.c:298  UCX  DEBUG added sys_dev 7 for bus id df:00.0
[1755332994.316395] [eos0024:1808707:0]            topo.c:895  UCX  DEBUG /sys/class/net/bmc-redfish0/lower_enx168143f84e6f: sysfs path undetected
[1755332994.316397] [eos0024:1808707:0]            topo.c:556  UCX  DEBUG bmc-redfish0: system device unknown
[1755332994.325314] [eos0024:1808707:0]            topo.c:899  UCX  DEBUG /sys/class/net/eth3: PF sysfs path is '/sys/devices/pci0000:80/0000:80:05.0/0000:82:00.1'
[1755332994.325334] [eos0024:1808707:0]            topo.c:298  UCX  DEBUG added sys_dev 8 for bus id 82:00.1
[1755332994.325336] [eos0024:1808707:0]            topo.c:552  UCX  DEBUG eth3: bdf_name 0000:82:00.1 sys_dev 8
[1755332994.326158] [eos0024:1808707:0]            topo.c:899  UCX  DEBUG /sys/class/net/ibp154s0: PF sysfs path is '/sys/devices/pci0000:97/0000:97:01.0/0000:98:00.0/0000:99:00.0/0000:9a:00.0'
[1755332994.326174] [eos0024:1808707:0]            topo.c:298  UCX  DEBUG added sys_dev 9 for bus id 9a:00.0
[1755332994.326175] [eos0024:1808707:0]            topo.c:552  UCX  DEBUG ibp154s0: bdf_name 0000:9a:00.0 sys_dev 9
[1755332994.326999] [eos0024:1808707:0]            topo.c:899  UCX  DEBUG /sys/class/net/ibp170s0f0: PF sysfs path is '/sys/devices/pci0000:a5/0000:a5:01.0/0000:a6:00.0/0000:a7:00.0/0000:a8:00.0/0000:a9:00.0/0000:aa:00.0'
[1755332994.327016] [eos0024:1808707:0]            topo.c:298  UCX  DEBUG added sys_dev 10 for bus id aa:00.0
[1755332994.327017] [eos0024:1808707:0]            topo.c:552  UCX  DEBUG ibp170s0f0: bdf_name 0000:aa:00.0 sys_dev 10
[1755332994.327809] [eos0024:1808707:0]            topo.c:899  UCX  DEBUG /sys/class/net/ibp192s0: PF sysfs path is '/sys/devices/pci0000:bd/0000:bd:01.0/0000:be:00.0/0000:bf:00.0/0000:c0:00.0'
[1755332994.327824] [eos0024:1808707:0]            topo.c:298  UCX  DEBUG added sys_dev 11 for bus id c0:00.0
[1755332994.327825] [eos0024:1808707:0]            topo.c:552  UCX  DEBUG ibp192s0: bdf_name 0000:c0:00.0 sys_dev 11
[1755332994.328645] [eos0024:1808707:0]            topo.c:899  UCX  DEBUG /sys/class/net/ibp206s0: PF sysfs path is '/sys/devices/pci0000:cb/0000:cb:01.0/0000:cc:00.0/0000:cd:00.0/0000:ce:00.0'
[1755332994.328660] [eos0024:1808707:0]            topo.c:298  UCX  DEBUG added sys_dev 12 for bus id ce:00.0
[1755332994.328676] [eos0024:1808707:0]            topo.c:552  UCX  DEBUG ibp206s0: bdf_name 0000:ce:00.0 sys_dev 12
[1755332994.329475] [eos0024:1808707:0]            topo.c:899  UCX  DEBUG /sys/class/net/ibp220s0: PF sysfs path is '/sys/devices/pci0000:d9/0000:d9:01.0/0000:da:00.0/0000:db:00.0/0000:dc:00.0'
[1755332994.329490] [eos0024:1808707:0]            topo.c:298  UCX  DEBUG added sys_dev 13 for bus id dc:00.0
[1755332994.329491] [eos0024:1808707:0]            topo.c:552  UCX  DEBUG ibp220s0: bdf_name 0000:dc:00.0 sys_dev 13
[1755332994.330289] [eos0024:1808707:0]            topo.c:899  UCX  DEBUG /sys/class/net/ibp24s0: PF sysfs path is '/sys/devices/pci0000:15/0000:15:01.0/0000:16:00.0/0000:17:00.0/0000:18:00.0'
[1755332994.330304] [eos0024:1808707:0]            topo.c:298  UCX  DEBUG added sys_dev 14 for bus id 18:00.0
[1755332994.330305] [eos0024:1808707:0]            topo.c:552  UCX  DEBUG ibp24s0: bdf_name 0000:18:00.0 sys_dev 14
[1755332994.331127] [eos0024:1808707:0]            topo.c:899  UCX  DEBUG /sys/class/net/ibp41s0f0: PF sysfs path is '/sys/devices/pci0000:24/0000:24:01.0/0000:25:00.0/0000:26:00.0/0000:27:00.0/0000:28:00.0/0000:29:00.0'
[1755332994.331143] [eos0024:1808707:0]            topo.c:298  UCX  DEBUG added sys_dev 15 for bus id 29:00.0
[1755332994.331144] [eos0024:1808707:0]            topo.c:552  UCX  DEBUG ibp41s0f0: bdf_name 0000:29:00.0 sys_dev 15
[1755332994.332461] [eos0024:1808707:0]            topo.c:899  UCX  DEBUG /sys/class/net/ibp64s0: PF sysfs path is '/sys/devices/pci0000:3d/0000:3d:01.0/0000:3e:00.0/0000:3f:00.0/0000:40:00.0'
[1755332994.332476] [eos0024:1808707:0]            topo.c:298  UCX  DEBUG added sys_dev 16 for bus id 40:00.0
[1755332994.332476] [eos0024:1808707:0]            topo.c:552  UCX  DEBUG ibp64s0: bdf_name 0000:40:00.0 sys_dev 16
[1755332994.333768] [eos0024:1808707:0]            topo.c:899  UCX  DEBUG /sys/class/net/ibp79s0: PF sysfs path is '/sys/devices/pci0000:4c/0000:4c:01.0/0000:4d:00.0/0000:4e:00.0/0000:4f:00.0'
[1755332994.333782] [eos0024:1808707:0]            topo.c:298  UCX  DEBUG added sys_dev 17 for bus id 4f:00.0
[1755332994.333783] [eos0024:1808707:0]            topo.c:552  UCX  DEBUG ibp79s0: bdf_name 0000:4f:00.0 sys_dev 17
[1755332994.335045] [eos0024:1808707:0]            topo.c:899  UCX  DEBUG /sys/class/net/ibp94s0: PF sysfs path is '/sys/devices/pci0000:5b/0000:5b:01.0/0000:5c:00.0/0000:5d:00.0/0000:5e:00.0'
[1755332994.335060] [eos0024:1808707:0]            topo.c:298  UCX  DEBUG added sys_dev 18 for bus id 5e:00.0
[1755332994.335061] [eos0024:1808707:0]            topo.c:552  UCX  DEBUG ibp94s0: bdf_name 0000:5e:00.0 sys_dev 18
[1755332994.336287] [eos0024:1808707:0]            topo.c:895  UCX  DEBUG /sys/class/net/lo: sysfs path undetected
[1755332994.336289] [eos0024:1808707:0]            topo.c:556  UCX  DEBUG lo: system device unknown
[1755332994.336425] [eos0024:1808707:0]    cuda_copy_md.c:104  UCX  DEBUG dmabuf is supported on cuda device 0
[1755332994.336444] [eos0024:1808707:0]      cuda_iface.c:52   UCX  DEBUG set cuda sys_device to `unknown` as no context is currently active
[1755332994.796511] [eos0024:1808707:0]     cuda_ipc_md.c:449  UCX  DEBUG fabric_info: state=3 status=0 uuid=00000000:00000000:00000000:00000000
[1755332994.823204] [eos0024:1808707:0]      cuda_iface.c:52   UCX  DEBUG set cuda sys_device to `unknown` as no context is currently active
[1755332994.823224] [eos0024:1808707:0]     ucp_context.c:1648 UCX  DEBUG closing md cuda_ipc because it has no selected transport resources
[1755332994.823266] [eos0024:1808707:0]           mpool.c:138  UCX  DEBUG mpool rcache_mp: align 8, maxelems 4294967295, elemsize 144
[1755332994.828745] [eos0024:1808707:0]           async.c:248  UCX  DEBUG added async handler 0x555556547720 [id=47 ref 1] ucs_rcache_invalidate_handler() to hash
[1755332994.828832] [eos0024:1808707:0]           async.c:522  UCX  DEBUG listening to async event fd 47 events 0x1 mode thread_spinlock
[1755332994.828865] [eos0024:1808707:0]          module.c:280  UCX  DEBUG loading modules for ucm
[1755332994.828867] [eos0024:1808707:0]          module.c:242  UCX  DEBUG loading module 'cuda' with mode 0x1001
[1755332994.829017] [eos0024:1808707:0]          module.c:183  UCX  DEBUG loaded /opt/nvidia/hpc_sdk/Linux_x86_64/25.3/comm_libs/12.8/hpcx/hpcx-2.22.1/ucx/lib/ucx/libucm_cuda.so.0.0.0 [0x555556594c50]
[1755332994.894182] [eos0024:1808707:0]      cuda_iface.c:52   UCX  DEBUG set cuda sys_device to `unknown` as no context is currently active
[1755332994.894192] [eos0024:1808707:0]     ucp_context.c:1648 UCX  DEBUG closing md gdr_copy because it has no selected transport resources
[1755332994.894204] [eos0024:1808707:0]           async.c:173  UCX  DEBUG removed async handler 0x555556547720 [id=47 ref 1] ucs_rcache_invalidate_handler() from hash
[1755332994.894206] [eos0024:1808707:0]           async.c:576  UCX  DEBUG removing async handler 0x555556547720 [id=47 ref 1] ucs_rcache_invalidate_handler()
[1755332994.894480] [eos0024:1808707:0]           async.c:188  UCX  DEBUG release async handler 0x555556547720 [id=47 ref 0] ucs_rcache_invalidate_handler()
[1755332994.894490] [eos0024:1808707:0]         pgtable.c:618  UCX  DEBUG purge empty page table
[1755332994.894493] [eos0024:1808707:0]           mpool.c:194  UCX  DEBUG mpool rcache_mp destroyed
[1755332994.895015] [eos0024:1808707:0]    ib_mlx5dv_md.c:2484 UCX  DEBUG mlx5_0: DEVX is not supported
[1755332994.895018] [eos0024:1808707:0]           ib_md.c:1027 UCX  DEBUG mlx5_0: md open by 'uct_ib_mlx5_devx_md_ops' failed, trying next
[1755332994.915785] [eos0024:1808707:0]            topo.c:899  UCX  DEBUG /sys/class/infiniband/mlx5_0: PF sysfs path is '/sys/devices/pci0000:15/0000:15:01.0/0000:16:00.0/0000:17:00.0/0000:18:00.0'
[1755332994.915790] [eos0024:1808707:0]            topo.c:552  UCX  DEBUG mlx5_0: bdf_name 0000:18:00.0 sys_dev 14
[1755332994.915804] [eos0024:1808707:0]       ib_device.c:498  UCX  DEBUG mlx5_0: vendor_id 0x15b3 device_id 4129
[1755332994.917275] [eos0024:1808707:0]    ib_mlx5dv_md.c:3158 UCX  DEBUG mlx5_0: DC is supported
[1755332994.921963] [eos0024:1808707:0]           async.c:248  UCX  DEBUG added async handler 0x55555672f010 [id=47 ref 1] uct_ib_async_event_handler() to hash
[1755332994.922032] [eos0024:1808707:0]           async.c:522  UCX  DEBUG listening to async event fd 47 events 0x1 mode thread_spinlock
[1755332994.922038] [eos0024:1808707:0]       ib_device.c:597  UCX  DEBUG initialized device 'mlx5_0' (InfiniBand channel adapter) with 1 ports
[1755332994.922044] [eos0024:1808707:0]           ib_md.c:1177 UCX  DEBUG mlx5_0: cuda GPUDirect RDMA is detected by checking /sys/kernel/mm/memory_peers/nv_mem/version
[1755332994.922048] [eos0024:1808707:0]           ib_md.c:1177 UCX  DEBUG mlx5_0: rocm GPUDirect RDMA is not detected by checking /dev/kfd
[1755332994.922058] [eos0024:1808707:0]           ib_md.c:1202 UCX  DEBUG mlx5_0: dmabuf is supported
[1755332994.922060] [eos0024:1808707:0]           ib_md.c:1161 UCX  DEBUG mlx5_0: relaxed order memory access is disabled
[1755332994.937475] [eos0024:1808707:0]           ib_md.c:1233 UCX  DEBUG mlx5_0: ODP is supported, version 1
[1755332994.937478] [eos0024:1808707:0]           ib_md.c:1031 UCX  DEBUG mlx5_0: md open by 'uct_ib_mlx5_md_ops' is successful
[1755332994.962745] [eos0024:1808707:0]     ucp_context.c:1648 UCX  DEBUG closing md mlx5_0 because it has no selected transport resources
[1755332994.962751] [eos0024:1808707:0]       ib_device.c:616  UCX  DEBUG destroying ib device mlx5_0
[1755332994.962755] [eos0024:1808707:0]           async.c:173  UCX  DEBUG removed async handler 0x55555672f010 [id=47 ref 1] uct_ib_async_event_handler() from hash
[1755332994.962756] [eos0024:1808707:0]           async.c:576  UCX  DEBUG removing async handler 0x55555672f010 [id=47 ref 1] uct_ib_async_event_handler()
[1755332994.962895] [eos0024:1808707:0]           async.c:188  UCX  DEBUG release async handler 0x55555672f010 [id=47 ref 0] uct_ib_async_event_handler()
[1755332994.963496] [eos0024:1808707:0]    ib_mlx5dv_md.c:2484 UCX  DEBUG mlx5_3: DEVX is not supported
[1755332994.963507] [eos0024:1808707:0]           ib_md.c:1027 UCX  DEBUG mlx5_3: md open by 'uct_ib_mlx5_devx_md_ops' failed, trying next
[1755332994.967198] [eos0024:1808707:0]            topo.c:899  UCX  DEBUG /sys/class/infiniband/mlx5_3: PF sysfs path is '/sys/devices/pci0000:3d/0000:3d:01.0/0000:3e:00.0/0000:3f:00.0/0000:40:00.0'
[1755332994.967202] [eos0024:1808707:0]            topo.c:552  UCX  DEBUG mlx5_3: bdf_name 0000:40:00.0 sys_dev 16
[1755332994.967209] [eos0024:1808707:0]       ib_device.c:498  UCX  DEBUG mlx5_3: vendor_id 0x15b3 device_id 4129
[1755332994.968855] [eos0024:1808707:0]    ib_mlx5dv_md.c:3158 UCX  DEBUG mlx5_3: DC is supported
[1755332994.968865] [eos0024:1808707:0]           async.c:248  UCX  DEBUG added async handler 0x555556854800 [id=47 ref 1] uct_ib_async_event_handler() to hash
[1755332994.968918] [eos0024:1808707:0]           async.c:522  UCX  DEBUG listening to async event fd 47 events 0x1 mode thread_spinlock
[1755332994.968919] [eos0024:1808707:0]       ib_device.c:597  UCX  DEBUG initialized device 'mlx5_3' (InfiniBand channel adapter) with 1 ports
[1755332994.968924] [eos0024:1808707:0]           ib_md.c:1177 UCX  DEBUG mlx5_3: cuda GPUDirect RDMA is detected by checking /sys/kernel/mm/memory_peers/nv_mem/version
[1755332994.968927] [eos0024:1808707:0]           ib_md.c:1177 UCX  DEBUG mlx5_3: rocm GPUDirect RDMA is not detected by checking /dev/kfd
[1755332994.968930] [eos0024:1808707:0]           ib_md.c:1202 UCX  DEBUG mlx5_3: dmabuf is supported
[1755332994.968931] [eos0024:1808707:0]           ib_md.c:1161 UCX  DEBUG mlx5_3: relaxed order memory access is disabled
[1755332994.995515] [eos0024:1808707:0]           ib_md.c:1233 UCX  DEBUG mlx5_3: ODP is supported, version 1
[1755332994.995516] [eos0024:1808707:0]           ib_md.c:1031 UCX  DEBUG mlx5_3: md open by 'uct_ib_mlx5_md_ops' is successful
[1755332995.019934] [eos0024:1808707:0]     ucp_context.c:1648 UCX  DEBUG closing md mlx5_3 because it has no selected transport resources
[1755332995.019937] [eos0024:1808707:0]       ib_device.c:616  UCX  DEBUG destroying ib device mlx5_3
[1755332995.019939] [eos0024:1808707:0]           async.c:173  UCX  DEBUG removed async handler 0x555556854800 [id=47 ref 1] uct_ib_async_event_handler() from hash
[1755332995.019940] [eos0024:1808707:0]           async.c:576  UCX  DEBUG removing async handler 0x555556854800 [id=47 ref 1] uct_ib_async_event_handler()
[1755332995.019979] [eos0024:1808707:0]           async.c:188  UCX  DEBUG release async handler 0x555556854800 [id=47 ref 0] uct_ib_async_event_handler()
[1755332995.020562] [eos0024:1808707:0]    ib_mlx5dv_md.c:2484 UCX  DEBUG mlx5_4: DEVX is not supported
[1755332995.020563] [eos0024:1808707:0]           ib_md.c:1027 UCX  DEBUG mlx5_4: md open by 'uct_ib_mlx5_devx_md_ops' failed, trying next
[1755332995.024194] [eos0024:1808707:0]            topo.c:899  UCX  DEBUG /sys/class/infiniband/mlx5_4: PF sysfs path is '/sys/devices/pci0000:4c/0000:4c:01.0/0000:4d:00.0/0000:4e:00.0/0000:4f:00.0'
[1755332995.024197] [eos0024:1808707:0]            topo.c:552  UCX  DEBUG mlx5_4: bdf_name 0000:4f:00.0 sys_dev 17
[1755332995.024204] [eos0024:1808707:0]       ib_device.c:498  UCX  DEBUG mlx5_4: vendor_id 0x15b3 device_id 4129
[1755332995.025653] [eos0024:1808707:0]    ib_mlx5dv_md.c:3158 UCX  DEBUG mlx5_4: DC is supported
[1755332995.025663] [eos0024:1808707:0]           async.c:248  UCX  DEBUG added async handler 0x555556854800 [id=47 ref 1] uct_ib_async_event_handler() to hash
[1755332995.025710] [eos0024:1808707:0]           async.c:522  UCX  DEBUG listening to async event fd 47 events 0x1 mode thread_spinlock
[1755332995.025711] [eos0024:1808707:0]       ib_device.c:597  UCX  DEBUG initialized device 'mlx5_4' (InfiniBand channel adapter) with 1 ports
[1755332995.025715] [eos0024:1808707:0]           ib_md.c:1177 UCX  DEBUG mlx5_4: cuda GPUDirect RDMA is detected by checking /sys/kernel/mm/memory_peers/nv_mem/version
[1755332995.025717] [eos0024:1808707:0]           ib_md.c:1177 UCX  DEBUG mlx5_4: rocm GPUDirect RDMA is not detected by checking /dev/kfd
[1755332995.025720] [eos0024:1808707:0]           ib_md.c:1202 UCX  DEBUG mlx5_4: dmabuf is supported
[1755332995.025721] [eos0024:1808707:0]           ib_md.c:1161 UCX  DEBUG mlx5_4: relaxed order memory access is disabled
[1755332995.026992] [eos0024:1808707:0]           ib_md.c:1233 UCX  DEBUG mlx5_4: ODP is supported, version 1
[1755332995.026993] [eos0024:1808707:0]           ib_md.c:1031 UCX  DEBUG mlx5_4: md open by 'uct_ib_mlx5_md_ops' is successful
[1755332995.051934] [eos0024:1808707:0]     ucp_context.c:1648 UCX  DEBUG closing md mlx5_4 because it has no selected transport resources
[1755332995.051937] [eos0024:1808707:0]       ib_device.c:616  UCX  DEBUG destroying ib device mlx5_4
[1755332995.051939] [eos0024:1808707:0]           async.c:173  UCX  DEBUG removed async handler 0x555556854800 [id=47 ref 1] uct_ib_async_event_handler() from hash
[1755332995.051939] [eos0024:1808707:0]           async.c:576  UCX  DEBUG removing async handler 0x555556854800 [id=47 ref 1] uct_ib_async_event_handler()
[1755332995.051966] [eos0024:1808707:0]           async.c:188  UCX  DEBUG release async handler 0x555556854800 [id=47 ref 0] uct_ib_async_event_handler()
[1755332995.052585] [eos0024:1808707:0]    ib_mlx5dv_md.c:2484 UCX  DEBUG mlx5_5: DEVX is not supported
[1755332995.052586] [eos0024:1808707:0]           ib_md.c:1027 UCX  DEBUG mlx5_5: md open by 'uct_ib_mlx5_devx_md_ops' failed, trying next
[1755332995.056590] [eos0024:1808707:0]            topo.c:899  UCX  DEBUG /sys/class/infiniband/mlx5_5: PF sysfs path is '/sys/devices/pci0000:5b/0000:5b:01.0/0000:5c:00.0/0000:5d:00.0/0000:5e:00.0'
[1755332995.056592] [eos0024:1808707:0]            topo.c:552  UCX  DEBUG mlx5_5: bdf_name 0000:5e:00.0 sys_dev 18
[1755332995.056600] [eos0024:1808707:0]       ib_device.c:498  UCX  DEBUG mlx5_5: vendor_id 0x15b3 device_id 4129
[1755332995.059099] [eos0024:1808707:0]    ib_mlx5dv_md.c:3158 UCX  DEBUG mlx5_5: DC is supported
[1755332995.059109] [eos0024:1808707:0]           async.c:248  UCX  DEBUG added async handler 0x555556854800 [id=47 ref 1] uct_ib_async_event_handler() to hash
[1755332995.059155] [eos0024:1808707:0]           async.c:522  UCX  DEBUG listening to async event fd 47 events 0x1 mode thread_spinlock
[1755332995.059156] [eos0024:1808707:0]       ib_device.c:597  UCX  DEBUG initialized device 'mlx5_5' (InfiniBand channel adapter) with 1 ports
[1755332995.059160] [eos0024:1808707:0]           ib_md.c:1177 UCX  DEBUG mlx5_5: cuda GPUDirect RDMA is detected by checking /sys/kernel/mm/memory_peers/nv_mem/version
[1755332995.059163] [eos0024:1808707:0]           ib_md.c:1177 UCX  DEBUG mlx5_5: rocm GPUDirect RDMA is not detected by checking /dev/kfd
[1755332995.059166] [eos0024:1808707:0]           ib_md.c:1202 UCX  DEBUG mlx5_5: dmabuf is supported
[1755332995.059167] [eos0024:1808707:0]           ib_md.c:1161 UCX  DEBUG mlx5_5: relaxed order memory access is disabled
[1755332995.085647] [eos0024:1808707:0]           ib_md.c:1233 UCX  DEBUG mlx5_5: ODP is supported, version 1
[1755332995.085648] [eos0024:1808707:0]           ib_md.c:1031 UCX  DEBUG mlx5_5: md open by 'uct_ib_mlx5_md_ops' is successful
[1755332995.110246] [eos0024:1808707:0]     ucp_context.c:1648 UCX  DEBUG closing md mlx5_5 because it has no selected transport resources
[1755332995.110250] [eos0024:1808707:0]       ib_device.c:616  UCX  DEBUG destroying ib device mlx5_5
[1755332995.110251] [eos0024:1808707:0]           async.c:173  UCX  DEBUG removed async handler 0x555556854800 [id=47 ref 1] uct_ib_async_event_handler() from hash
[1755332995.110252] [eos0024:1808707:0]           async.c:576  UCX  DEBUG removing async handler 0x555556854800 [id=47 ref 1] uct_ib_async_event_handler()
[1755332995.110388] [eos0024:1808707:0]           async.c:188  UCX  DEBUG release async handler 0x555556854800 [id=47 ref 0] uct_ib_async_event_handler()
[1755332995.110994] [eos0024:1808707:0]    ib_mlx5dv_md.c:2484 UCX  DEBUG mlx5_6: DEVX is not supported
[1755332995.110995] [eos0024:1808707:0]           ib_md.c:1027 UCX  DEBUG mlx5_6: md open by 'uct_ib_mlx5_devx_md_ops' failed, trying next
[1755332995.115046] [eos0024:1808707:0]            topo.c:899  UCX  DEBUG /sys/class/infiniband/mlx5_6: PF sysfs path is '/sys/devices/pci0000:97/0000:97:01.0/0000:98:00.0/0000:99:00.0/0000:9a:00.0'
[1755332995.115048] [eos0024:1808707:0]            topo.c:552  UCX  DEBUG mlx5_6: bdf_name 0000:9a:00.0 sys_dev 9
[1755332995.115056] [eos0024:1808707:0]       ib_device.c:498  UCX  DEBUG mlx5_6: vendor_id 0x15b3 device_id 4129
[1755332995.117418] [eos0024:1808707:0]    ib_mlx5dv_md.c:3158 UCX  DEBUG mlx5_6: DC is supported
[1755332995.117427] [eos0024:1808707:0]           async.c:248  UCX  DEBUG added async handler 0x5555565b1080 [id=47 ref 1] uct_ib_async_event_handler() to hash
[1755332995.117473] [eos0024:1808707:0]           async.c:522  UCX  DEBUG listening to async event fd 47 events 0x1 mode thread_spinlock
[1755332995.117474] [eos0024:1808707:0]       ib_device.c:597  UCX  DEBUG initialized device 'mlx5_6' (InfiniBand channel adapter) with 1 ports
[1755332995.117478] [eos0024:1808707:0]           ib_md.c:1177 UCX  DEBUG mlx5_6: cuda GPUDirect RDMA is detected by checking /sys/kernel/mm/memory_peers/nv_mem/version
[1755332995.117481] [eos0024:1808707:0]           ib_md.c:1177 UCX  DEBUG mlx5_6: rocm GPUDirect RDMA is not detected by checking /dev/kfd
[1755332995.117484] [eos0024:1808707:0]           ib_md.c:1202 UCX  DEBUG mlx5_6: dmabuf is supported
[1755332995.117485] [eos0024:1808707:0]           ib_md.c:1161 UCX  DEBUG mlx5_6: relaxed order memory access is disabled
[1755332995.143585] [eos0024:1808707:0]           ib_md.c:1233 UCX  DEBUG mlx5_6: ODP is supported, version 1
[1755332995.143586] [eos0024:1808707:0]           ib_md.c:1031 UCX  DEBUG mlx5_6: md open by 'uct_ib_mlx5_md_ops' is successful
[1755332995.168235] [eos0024:1808707:0]     ucp_context.c:1648 UCX  DEBUG closing md mlx5_6 because it has no selected transport resources
[1755332995.168238] [eos0024:1808707:0]       ib_device.c:616  UCX  DEBUG destroying ib device mlx5_6
[1755332995.168240] [eos0024:1808707:0]           async.c:173  UCX  DEBUG removed async handler 0x5555565b1080 [id=47 ref 1] uct_ib_async_event_handler() from hash
[1755332995.168241] [eos0024:1808707:0]           async.c:576  UCX  DEBUG removing async handler 0x5555565b1080 [id=47 ref 1] uct_ib_async_event_handler()
[1755332995.168380] [eos0024:1808707:0]           async.c:188  UCX  DEBUG release async handler 0x5555565b1080 [id=47 ref 0] uct_ib_async_event_handler()
[1755332995.169002] [eos0024:1808707:0]    ib_mlx5dv_md.c:2484 UCX  DEBUG mlx5_9: DEVX is not supported
[1755332995.169003] [eos0024:1808707:0]           ib_md.c:1027 UCX  DEBUG mlx5_9: md open by 'uct_ib_mlx5_devx_md_ops' failed, trying next
[1755332995.192065] [eos0024:1808707:0]            topo.c:899  UCX  DEBUG /sys/class/infiniband/mlx5_9: PF sysfs path is '/sys/devices/pci0000:bd/0000:bd:01.0/0000:be:00.0/0000:bf:00.0/0000:c0:00.0'
[1755332995.192069] [eos0024:1808707:0]            topo.c:552  UCX  DEBUG mlx5_9: bdf_name 0000:c0:00.0 sys_dev 11
[1755332995.192076] [eos0024:1808707:0]       ib_device.c:498  UCX  DEBUG mlx5_9: vendor_id 0x15b3 device_id 4129
[1755332995.193561] [eos0024:1808707:0]    ib_mlx5dv_md.c:3158 UCX  DEBUG mlx5_9: DC is supported
[1755332995.193569] [eos0024:1808707:0]           async.c:248  UCX  DEBUG added async handler 0x5555565b1080 [id=47 ref 1] uct_ib_async_event_handler() to hash
[1755332995.193613] [eos0024:1808707:0]           async.c:522  UCX  DEBUG listening to async event fd 47 events 0x1 mode thread_spinlock
[1755332995.193614] [eos0024:1808707:0]       ib_device.c:597  UCX  DEBUG initialized device 'mlx5_9' (InfiniBand channel adapter) with 1 ports
[1755332995.193618] [eos0024:1808707:0]           ib_md.c:1177 UCX  DEBUG mlx5_9: cuda GPUDirect RDMA is detected by checking /sys/kernel/mm/memory_peers/nv_mem/version
[1755332995.193620] [eos0024:1808707:0]           ib_md.c:1177 UCX  DEBUG mlx5_9: rocm GPUDirect RDMA is not detected by checking /dev/kfd
[1755332995.193623] [eos0024:1808707:0]           ib_md.c:1202 UCX  DEBUG mlx5_9: dmabuf is supported
[1755332995.193624] [eos0024:1808707:0]           ib_md.c:1161 UCX  DEBUG mlx5_9: relaxed order memory access is disabled
[1755332995.200738] [eos0024:1808707:0]           ib_md.c:1233 UCX  DEBUG mlx5_9: ODP is supported, version 1
[1755332995.200739] [eos0024:1808707:0]           ib_md.c:1031 UCX  DEBUG mlx5_9: md open by 'uct_ib_mlx5_md_ops' is successful
[1755332995.226354] [eos0024:1808707:0]     ucp_context.c:1648 UCX  DEBUG closing md mlx5_9 because it has no selected transport resources
[1755332995.226357] [eos0024:1808707:0]       ib_device.c:616  UCX  DEBUG destroying ib device mlx5_9
[1755332995.226358] [eos0024:1808707:0]           async.c:173  UCX  DEBUG removed async handler 0x5555565b1080 [id=47 ref 1] uct_ib_async_event_handler() from hash
[1755332995.226359] [eos0024:1808707:0]           async.c:576  UCX  DEBUG removing async handler 0x5555565b1080 [id=47 ref 1] uct_ib_async_event_handler()
[1755332995.226500] [eos0024:1808707:0]           async.c:188  UCX  DEBUG release async handler 0x5555565b1080 [id=47 ref 0] uct_ib_async_event_handler()
[1755332995.227166] [eos0024:1808707:0]    ib_mlx5dv_md.c:2484 UCX  DEBUG mlx5_10: DEVX is not supported
[1755332995.227167] [eos0024:1808707:0]           ib_md.c:1027 UCX  DEBUG mlx5_10: md open by 'uct_ib_mlx5_devx_md_ops' failed, trying next
[1755332995.231223] [eos0024:1808707:0]            topo.c:899  UCX  DEBUG /sys/class/infiniband/mlx5_10: PF sysfs path is '/sys/devices/pci0000:cb/0000:cb:01.0/0000:cc:00.0/0000:cd:00.0/0000:ce:00.0'
[1755332995.231225] [eos0024:1808707:0]            topo.c:552  UCX  DEBUG mlx5_10: bdf_name 0000:ce:00.0 sys_dev 12
[1755332995.231232] [eos0024:1808707:0]       ib_device.c:498  UCX  DEBUG mlx5_10: vendor_id 0x15b3 device_id 4129
[1755332995.233521] [eos0024:1808707:0]    ib_mlx5dv_md.c:3158 UCX  DEBUG mlx5_10: DC is supported
[1755332995.233535] [eos0024:1808707:0]           async.c:248  UCX  DEBUG added async handler 0x5555565b1080 [id=47 ref 1] uct_ib_async_event_handler() to hash
[1755332995.233587] [eos0024:1808707:0]           async.c:522  UCX  DEBUG listening to async event fd 47 events 0x1 mode thread_spinlock
[1755332995.233588] [eos0024:1808707:0]       ib_device.c:597  UCX  DEBUG initialized device 'mlx5_10' (InfiniBand channel adapter) with 1 ports
[1755332995.233592] [eos0024:1808707:0]           ib_md.c:1177 UCX  DEBUG mlx5_10: cuda GPUDirect RDMA is detected by checking /sys/kernel/mm/memory_peers/nv_mem/version
[1755332995.233594] [eos0024:1808707:0]           ib_md.c:1177 UCX  DEBUG mlx5_10: rocm GPUDirect RDMA is not detected by checking /dev/kfd
[1755332995.233597] [eos0024:1808707:0]           ib_md.c:1202 UCX  DEBUG mlx5_10: dmabuf is supported
[1755332995.233598] [eos0024:1808707:0]           ib_md.c:1161 UCX  DEBUG mlx5_10: relaxed order memory access is disabled
[1755332995.258751] [eos0024:1808707:0]           ib_md.c:1233 UCX  DEBUG mlx5_10: ODP is supported, version 1
[1755332995.258752] [eos0024:1808707:0]           ib_md.c:1031 UCX  DEBUG mlx5_10: md open by 'uct_ib_mlx5_md_ops' is successful
[1755332995.284010] [eos0024:1808707:0]     ucp_context.c:1648 UCX  DEBUG closing md mlx5_10 because it has no selected transport resources
[1755332995.284013] [eos0024:1808707:0]       ib_device.c:616  UCX  DEBUG destroying ib device mlx5_10
[1755332995.284014] [eos0024:1808707:0]           async.c:173  UCX  DEBUG removed async handler 0x5555565b1080 [id=47 ref 1] uct_ib_async_event_handler() from hash
[1755332995.284015] [eos0024:1808707:0]           async.c:576  UCX  DEBUG removing async handler 0x5555565b1080 [id=47 ref 1] uct_ib_async_event_handler()
[1755332995.284149] [eos0024:1808707:0]           async.c:188  UCX  DEBUG release async handler 0x5555565b1080 [id=47 ref 0] uct_ib_async_event_handler()
[1755332995.284788] [eos0024:1808707:0]    ib_mlx5dv_md.c:2484 UCX  DEBUG mlx5_11: DEVX is not supported
[1755332995.284788] [eos0024:1808707:0]           ib_md.c:1027 UCX  DEBUG mlx5_11: md open by 'uct_ib_mlx5_devx_md_ops' failed, trying next
[1755332995.288656] [eos0024:1808707:0]            topo.c:899  UCX  DEBUG /sys/class/infiniband/mlx5_11: PF sysfs path is '/sys/devices/pci0000:d9/0000:d9:01.0/0000:da:00.0/0000:db:00.0/0000:dc:00.0'
[1755332995.288667] [eos0024:1808707:0]            topo.c:552  UCX  DEBUG mlx5_11: bdf_name 0000:dc:00.0 sys_dev 13
[1755332995.288675] [eos0024:1808707:0]       ib_device.c:498  UCX  DEBUG mlx5_11: vendor_id 0x15b3 device_id 4129
[1755332995.290252] [eos0024:1808707:0]    ib_mlx5dv_md.c:3158 UCX  DEBUG mlx5_11: DC is supported
[1755332995.290265] [eos0024:1808707:0]           async.c:248  UCX  DEBUG added async handler 0x5555565b1080 [id=47 ref 1] uct_ib_async_event_handler() to hash
[1755332995.290314] [eos0024:1808707:0]           async.c:522  UCX  DEBUG listening to async event fd 47 events 0x1 mode thread_spinlock
[1755332995.290315] [eos0024:1808707:0]       ib_device.c:597  UCX  DEBUG initialized device 'mlx5_11' (InfiniBand channel adapter) with 1 ports
[1755332995.290319] [eos0024:1808707:0]           ib_md.c:1177 UCX  DEBUG mlx5_11: cuda GPUDirect RDMA is detected by checking /sys/kernel/mm/memory_peers/nv_mem/version
[1755332995.290322] [eos0024:1808707:0]           ib_md.c:1177 UCX  DEBUG mlx5_11: rocm GPUDirect RDMA is not detected by checking /dev/kfd
[1755332995.290325] [eos0024:1808707:0]           ib_md.c:1202 UCX  DEBUG mlx5_11: dmabuf is supported
[1755332995.290326] [eos0024:1808707:0]           ib_md.c:1161 UCX  DEBUG mlx5_11: relaxed order memory access is disabled
[1755332995.315989] [eos0024:1808707:0]           ib_md.c:1233 UCX  DEBUG mlx5_11: ODP is supported, version 1
[1755332995.315990] [eos0024:1808707:0]           ib_md.c:1031 UCX  DEBUG mlx5_11: md open by 'uct_ib_mlx5_md_ops' is successful
[1755332995.342215] [eos0024:1808707:0]     ucp_context.c:1648 UCX  DEBUG closing md mlx5_11 because it has no selected transport resources
[1755332995.342218] [eos0024:1808707:0]       ib_device.c:616  UCX  DEBUG destroying ib device mlx5_11
[1755332995.342220] [eos0024:1808707:0]           async.c:173  UCX  DEBUG removed async handler 0x5555565b1080 [id=47 ref 1] uct_ib_async_event_handler() from hash
[1755332995.342220] [eos0024:1808707:0]           async.c:576  UCX  DEBUG removing async handler 0x5555565b1080 [id=47 ref 1] uct_ib_async_event_handler()
[1755332995.342356] [eos0024:1808707:0]           async.c:188  UCX  DEBUG release async handler 0x5555565b1080 [id=47 ref 0] uct_ib_async_event_handler()
[1755332995.347624] [eos0024:1808707:0]            topo.c:899  UCX  DEBUG /sys/class/infiniband/mlx5_0: PF sysfs path is '/sys/devices/pci0000:15/0000:15:01.0/0000:16:00.0/0000:17:00.0/0000:18:00.0'
[1755332995.347627] [eos0024:1808707:0]            topo.c:552  UCX  DEBUG mlx5_0: bdf_name 0000:18:00.0 sys_dev 14
[1755332995.347634] [eos0024:1808707:0]       ib_device.c:498  UCX  DEBUG mlx5_0: vendor_id 0x15b3 device_id 4129
[1755332995.348111] [eos0024:1808707:0]    ib_mlx5dv_md.c:1875 UCX  DEBUG mlx5_0: cross gvmi alias mkey is supported
[1755332995.348112] [eos0024:1808707:0]    ib_mlx5dv_md.c:1925 UCX  DEBUG mlx5_0: mkey_by_name_reserve is not supported
[1755332995.348113] [eos0024:1808707:0]    ib_mlx5dv_md.c:1910 UCX  DEBUG mlx5_0: dp_ordering support: force=1 ooo_rw_rc=1 ooo_rw_dc=1
[1755332995.348245] [eos0024:1808707:0]    ib_mlx5dv_md.c:1705 UCX  DEBUG mlx5_0: ODP is disabled because version 1 is not supported for DevX QP
[1755332995.348363] [eos0024:1808707:0]           async.c:248  UCX  DEBUG added async handler 0x5555565b1080 [id=47 ref 1] uct_ib_async_event_handler() to hash
[1755332995.348412] [eos0024:1808707:0]           async.c:522  UCX  DEBUG listening to async event fd 47 events 0x1 mode thread_spinlock
[1755332995.348413] [eos0024:1808707:0]       ib_device.c:597  UCX  DEBUG initialized device 'mlx5_0' (InfiniBand channel adapter) with 1 ports
[1755332995.348417] [eos0024:1808707:0]           ib_md.c:1177 UCX  DEBUG mlx5_0: cuda GPUDirect RDMA is detected by checking /sys/kernel/mm/memory_peers/nv_mem/version
[1755332995.348420] [eos0024:1808707:0]           ib_md.c:1177 UCX  DEBUG mlx5_0: rocm GPUDirect RDMA is not detected by checking /dev/kfd
[1755332995.348423] [eos0024:1808707:0]           ib_md.c:1202 UCX  DEBUG mlx5_0: dmabuf is supported
[1755332995.348427] [eos0024:1808707:0]           mpool.c:138  UCX  DEBUG mpool devx dbrec: align 64, maxelems 4294967295, elemsize 40
[1755332995.348593] [eos0024:1808707:0]    ib_mlx5dv_md.c:2423 UCX  DEBUG mlx5_0: opened DEVX md log_max_qp=17
[1755332995.348991] [eos0024:1808707:0]    ib_mlx5dv_md.c:126  UCX  DEBUG mlx5_0: KSM dm memory registration status "Success" range 0x7fffcdab5000..0x7fffcdab5020 iova 0x0 mkey_index 0x0
[1755332995.349273] [eos0024:1808707:0]    ib_mlx5dv_md.c:96   UCX  DEBUG mlx5_0: mlx5dv_devx_obj_create(CREATE_MKEY, mode=KSM, start_addr=0x7fffcdab5000 length=32) failed, syndrome 0x45d3a4: Remote I/O error
[1755332995.349275] [eos0024:1808707:0]    ib_mlx5dv_md.c:126  UCX  DEBUG mlx5_0: KSM atomic-key memory registration status "Unsupported operation" range (nil)..0x20 iova 0x7fffcdab5000 atomic mkey_index 0x0
[1755332995.349632] [eos0024:1808707:0]           ib_md.c:1161 UCX  DEBUG mlx5_0: relaxed order memory access is disabled
[1755332995.349884] [eos0024:1808707:0]    ib_mlx5dv_md.c:126  UCX  DEBUG mlx5_0: KSM flush-mr memory registration status "Success" range 0x5555565ae000..0x5555565ae008 iova 0x0 mkey_index 0x0
[1755332995.349903] [eos0024:1808707:0]          uct_md.c:96   UCX  DEBUG failed to query gga_mlx5 resources: No such device
[1755332995.349904] [eos0024:1808707:0]     ucp_context.c:1188 UCX  DEBUG No tl resources found for md mlx5_0
[1755332995.349905] [eos0024:1808707:0]     ucp_context.c:1648 UCX  DEBUG closing md mlx5_0 because it has no selected transport resources
[1755332995.349908] [eos0024:1808707:0]    ib_mlx5dv_md.c:2496 UCX  DEBUG mlx5_0: md=0x555556596b60 md->flags=0x3fb3f7f flush_rkey=0x1f600
[1755332995.350155] [eos0024:1808707:0]           mpool.c:194  UCX  DEBUG mpool devx dbrec destroyed
[1755332995.350158] [eos0024:1808707:0]       ib_device.c:616  UCX  DEBUG destroying ib device mlx5_0
[1755332995.350159] [eos0024:1808707:0]           async.c:173  UCX  DEBUG removed async handler 0x5555565b1080 [id=47 ref 1] uct_ib_async_event_handler() from hash
[1755332995.350160] [eos0024:1808707:0]           async.c:576  UCX  DEBUG removing async handler 0x5555565b1080 [id=47 ref 1] uct_ib_async_event_handler()
[1755332995.350183] [eos0024:1808707:0]           async.c:188  UCX  DEBUG release async handler 0x5555565b1080 [id=47 ref 0] uct_ib_async_event_handler()
[1755332995.355226] [eos0024:1808707:0]            topo.c:899  UCX  DEBUG /sys/class/infiniband/mlx5_3: PF sysfs path is '/sys/devices/pci0000:3d/0000:3d:01.0/0000:3e:00.0/0000:3f:00.0/0000:40:00.0'
[1755332995.355229] [eos0024:1808707:0]            topo.c:552  UCX  DEBUG mlx5_3: bdf_name 0000:40:00.0 sys_dev 16
[1755332995.355236] [eos0024:1808707:0]       ib_device.c:498  UCX  DEBUG mlx5_3: vendor_id 0x15b3 device_id 4129
[1755332995.355720] [eos0024:1808707:0]    ib_mlx5dv_md.c:1875 UCX  DEBUG mlx5_3: cross gvmi alias mkey is supported
[1755332995.355721] [eos0024:1808707:0]    ib_mlx5dv_md.c:1925 UCX  DEBUG mlx5_3: mkey_by_name_reserve is not supported
[1755332995.355722] [eos0024:1808707:0]    ib_mlx5dv_md.c:1910 UCX  DEBUG mlx5_3: dp_ordering support: force=1 ooo_rw_rc=1 ooo_rw_dc=1
[1755332995.355863] [eos0024:1808707:0]    ib_mlx5dv_md.c:1705 UCX  DEBUG mlx5_3: ODP is disabled because version 1 is not supported for DevX QP
[1755332995.356002] [eos0024:1808707:0]           async.c:248  UCX  DEBUG added async handler 0x555556547720 [id=47 ref 1] uct_ib_async_event_handler() to hash
[1755332995.356051] [eos0024:1808707:0]           async.c:522  UCX  DEBUG listening to async event fd 47 events 0x1 mode thread_spinlock
[1755332995.356052] [eos0024:1808707:0]       ib_device.c:597  UCX  DEBUG initialized device 'mlx5_3' (InfiniBand channel adapter) with 1 ports
[1755332995.356056] [eos0024:1808707:0]           ib_md.c:1177 UCX  DEBUG mlx5_3: cuda GPUDirect RDMA is detected by checking /sys/kernel/mm/memory_peers/nv_mem/version
[1755332995.356059] [eos0024:1808707:0]           ib_md.c:1177 UCX  DEBUG mlx5_3: rocm GPUDirect RDMA is not detected by checking /dev/kfd
[1755332995.356071] [eos0024:1808707:0]           ib_md.c:1202 UCX  DEBUG mlx5_3: dmabuf is supported
[1755332995.356072] [eos0024:1808707:0]           mpool.c:138  UCX  DEBUG mpool devx dbrec: align 64, maxelems 4294967295, elemsize 40
[1755332995.356268] [eos0024:1808707:0]    ib_mlx5dv_md.c:2423 UCX  DEBUG mlx5_3: opened DEVX md log_max_qp=17
[1755332995.356673] [eos0024:1808707:0]    ib_mlx5dv_md.c:126  UCX  DEBUG mlx5_3: KSM dm memory registration status "Success" range 0x7fffcdab5000..0x7fffcdab5020 iova 0x0 mkey_index 0x0
[1755332995.356955] [eos0024:1808707:0]    ib_mlx5dv_md.c:96   UCX  DEBUG mlx5_3: mlx5dv_devx_obj_create(CREATE_MKEY, mode=KSM, start_addr=0x7fffcdab5000 length=32) failed, syndrome 0x45d3a4: Remote I/O error
[1755332995.356957] [eos0024:1808707:0]    ib_mlx5dv_md.c:126  UCX  DEBUG mlx5_3: KSM atomic-key memory registration status "Unsupported operation" range (nil)..0x20 iova 0x7fffcdab5000 atomic mkey_index 0x0
[1755332995.357310] [eos0024:1808707:0]           ib_md.c:1161 UCX  DEBUG mlx5_3: relaxed order memory access is disabled
[1755332995.357558] [eos0024:1808707:0]    ib_mlx5dv_md.c:126  UCX  DEBUG mlx5_3: KSM flush-mr memory registration status "Success" range 0x5555565ae000..0x5555565ae008 iova 0x0 mkey_index 0x0
[1755332995.357573] [eos0024:1808707:0]          uct_md.c:96   UCX  DEBUG failed to query gga_mlx5 resources: No such device
[1755332995.357574] [eos0024:1808707:0]     ucp_context.c:1188 UCX  DEBUG No tl resources found for md mlx5_3
[1755332995.357575] [eos0024:1808707:0]     ucp_context.c:1648 UCX  DEBUG closing md mlx5_3 because it has no selected transport resources
[1755332995.357578] [eos0024:1808707:0]    ib_mlx5dv_md.c:2496 UCX  DEBUG mlx5_3: md=0x555556596b60 md->flags=0x3fb3f7f flush_rkey=0x1e200
[1755332995.357823] [eos0024:1808707:0]           mpool.c:194  UCX  DEBUG mpool devx dbrec destroyed
[1755332995.357824] [eos0024:1808707:0]       ib_device.c:616  UCX  DEBUG destroying ib device mlx5_3
[1755332995.357826] [eos0024:1808707:0]           async.c:173  UCX  DEBUG removed async handler 0x555556547720 [id=47 ref 1] uct_ib_async_event_handler() from hash
[1755332995.357827] [eos0024:1808707:0]           async.c:576  UCX  DEBUG removing async handler 0x555556547720 [id=47 ref 1] uct_ib_async_event_handler()
[1755332995.357847] [eos0024:1808707:0]           async.c:188  UCX  DEBUG release async handler 0x555556547720 [id=47 ref 0] uct_ib_async_event_handler()
[1755332995.362779] [eos0024:1808707:0]            topo.c:899  UCX  DEBUG /sys/class/infiniband/mlx5_4: PF sysfs path is '/sys/devices/pci0000:4c/0000:4c:01.0/0000:4d:00.0/0000:4e:00.0/0000:4f:00.0'
[1755332995.362781] [eos0024:1808707:0]            topo.c:552  UCX  DEBUG mlx5_4: bdf_name 0000:4f:00.0 sys_dev 17
[1755332995.362789] [eos0024:1808707:0]       ib_device.c:498  UCX  DEBUG mlx5_4: vendor_id 0x15b3 device_id 4129
[1755332995.363285] [eos0024:1808707:0]    ib_mlx5dv_md.c:1875 UCX  DEBUG mlx5_4: cross gvmi alias mkey is supported
[1755332995.363286] [eos0024:1808707:0]    ib_mlx5dv_md.c:1925 UCX  DEBUG mlx5_4: mkey_by_name_reserve is not supported
[1755332995.363287] [eos0024:1808707:0]    ib_mlx5dv_md.c:1910 UCX  DEBUG mlx5_4: dp_ordering support: force=1 ooo_rw_rc=1 ooo_rw_dc=1
[1755332995.363412] [eos0024:1808707:0]    ib_mlx5dv_md.c:1705 UCX  DEBUG mlx5_4: ODP is disabled because version 1 is not supported for DevX QP
[1755332995.363529] [eos0024:1808707:0]           async.c:248  UCX  DEBUG added async handler 0x555556553850 [id=47 ref 1] uct_ib_async_event_handler() to hash
[1755332995.363574] [eos0024:1808707:0]           async.c:522  UCX  DEBUG listening to async event fd 47 events 0x1 mode thread_spinlock
[1755332995.363575] [eos0024:1808707:0]       ib_device.c:597  UCX  DEBUG initialized device 'mlx5_4' (InfiniBand channel adapter) with 1 ports
[1755332995.363579] [eos0024:1808707:0]           ib_md.c:1177 UCX  DEBUG mlx5_4: cuda GPUDirect RDMA is detected by checking /sys/kernel/mm/memory_peers/nv_mem/version
[1755332995.363582] [eos0024:1808707:0]           ib_md.c:1177 UCX  DEBUG mlx5_4: rocm GPUDirect RDMA is not detected by checking /dev/kfd
[1755332995.363584] [eos0024:1808707:0]           ib_md.c:1202 UCX  DEBUG mlx5_4: dmabuf is supported
[1755332995.363586] [eos0024:1808707:0]           mpool.c:138  UCX  DEBUG mpool devx dbrec: align 64, maxelems 4294967295, elemsize 40
[1755332995.363760] [eos0024:1808707:0]    ib_mlx5dv_md.c:2423 UCX  DEBUG mlx5_4: opened DEVX md log_max_qp=17
[1755332995.364140] [eos0024:1808707:0]    ib_mlx5dv_md.c:126  UCX  DEBUG mlx5_4: KSM dm memory registration status "Success" range 0x7fffcdab5000..0x7fffcdab5020 iova 0x0 mkey_index 0x0
[1755332995.364424] [eos0024:1808707:0]    ib_mlx5dv_md.c:96   UCX  DEBUG mlx5_4: mlx5dv_devx_obj_create(CREATE_MKEY, mode=KSM, start_addr=0x7fffcdab5000 length=32) failed, syndrome 0x45d3a4: Remote I/O error
[1755332995.364425] [eos0024:1808707:0]    ib_mlx5dv_md.c:126  UCX  DEBUG mlx5_4: KSM atomic-key memory registration status "Unsupported operation" range (nil)..0x20 iova 0x7fffcdab5000 atomic mkey_index 0x0
[1755332995.364780] [eos0024:1808707:0]           ib_md.c:1161 UCX  DEBUG mlx5_4: relaxed order memory access is disabled
[1755332995.365023] [eos0024:1808707:0]    ib_mlx5dv_md.c:126  UCX  DEBUG mlx5_4: KSM flush-mr memory registration status "Success" range 0x5555565ae000..0x5555565ae008 iova 0x0 mkey_index 0x0
[1755332995.365037] [eos0024:1808707:0]          uct_md.c:96   UCX  DEBUG failed to query gga_mlx5 resources: No such device
[1755332995.365038] [eos0024:1808707:0]     ucp_context.c:1188 UCX  DEBUG No tl resources found for md mlx5_4
[1755332995.365039] [eos0024:1808707:0]     ucp_context.c:1648 UCX  DEBUG closing md mlx5_4 because it has no selected transport resources
[1755332995.365042] [eos0024:1808707:0]    ib_mlx5dv_md.c:2496 UCX  DEBUG mlx5_4: md=0x555556596b60 md->flags=0x3fb3f7f flush_rkey=0x1eb00
[1755332995.365286] [eos0024:1808707:0]           mpool.c:194  UCX  DEBUG mpool devx dbrec destroyed
[1755332995.365287] [eos0024:1808707:0]       ib_device.c:616  UCX  DEBUG destroying ib device mlx5_4
[1755332995.365289] [eos0024:1808707:0]           async.c:173  UCX  DEBUG removed async handler 0x555556553850 [id=47 ref 1] uct_ib_async_event_handler() from hash
[1755332995.365289] [eos0024:1808707:0]           async.c:576  UCX  DEBUG removing async handler 0x555556553850 [id=47 ref 1] uct_ib_async_event_handler()
[1755332995.365319] [eos0024:1808707:0]           async.c:188  UCX  DEBUG release async handler 0x555556553850 [id=47 ref 0] uct_ib_async_event_handler()
[1755332995.370195] [eos0024:1808707:0]            topo.c:899  UCX  DEBUG /sys/class/infiniband/mlx5_5: PF sysfs path is '/sys/devices/pci0000:5b/0000:5b:01.0/0000:5c:00.0/0000:5d:00.0/0000:5e:00.0'
[1755332995.370197] [eos0024:1808707:0]            topo.c:552  UCX  DEBUG mlx5_5: bdf_name 0000:5e:00.0 sys_dev 18
[1755332995.370205] [eos0024:1808707:0]       ib_device.c:498  UCX  DEBUG mlx5_5: vendor_id 0x15b3 device_id 4129
[1755332995.370692] [eos0024:1808707:0]    ib_mlx5dv_md.c:1875 UCX  DEBUG mlx5_5: cross gvmi alias mkey is supported
[1755332995.370693] [eos0024:1808707:0]    ib_mlx5dv_md.c:1925 UCX  DEBUG mlx5_5: mkey_by_name_reserve is not supported
[1755332995.370694] [eos0024:1808707:0]    ib_mlx5dv_md.c:1910 UCX  DEBUG mlx5_5: dp_ordering support: force=1 ooo_rw_rc=1 ooo_rw_dc=1
[1755332995.370833] [eos0024:1808707:0]    ib_mlx5dv_md.c:1705 UCX  DEBUG mlx5_5: ODP is disabled because version 1 is not supported for DevX QP
[1755332995.370951] [eos0024:1808707:0]           async.c:248  UCX  DEBUG added async handler 0x5555565b1080 [id=47 ref 1] uct_ib_async_event_handler() to hash
[1755332995.370993] [eos0024:1808707:0]           async.c:522  UCX  DEBUG listening to async event fd 47 events 0x1 mode thread_spinlock
[1755332995.370994] [eos0024:1808707:0]       ib_device.c:597  UCX  DEBUG initialized device 'mlx5_5' (InfiniBand channel adapter) with 1 ports
[1755332995.370998] [eos0024:1808707:0]           ib_md.c:1177 UCX  DEBUG mlx5_5: cuda GPUDirect RDMA is detected by checking /sys/kernel/mm/memory_peers/nv_mem/version
[1755332995.371008] [eos0024:1808707:0]           ib_md.c:1177 UCX  DEBUG mlx5_5: rocm GPUDirect RDMA is not detected by checking /dev/kfd
[1755332995.371012] [eos0024:1808707:0]           ib_md.c:1202 UCX  DEBUG mlx5_5: dmabuf is supported
[1755332995.371013] [eos0024:1808707:0]           mpool.c:138  UCX  DEBUG mpool devx dbrec: align 64, maxelems 4294967295, elemsize 40
[1755332995.371187] [eos0024:1808707:0]    ib_mlx5dv_md.c:2423 UCX  DEBUG mlx5_5: opened DEVX md log_max_qp=17
[1755332995.371591] [eos0024:1808707:0]    ib_mlx5dv_md.c:126  UCX  DEBUG mlx5_5: KSM dm memory registration status "Success" range 0x7fffcdab5000..0x7fffcdab5020 iova 0x0 mkey_index 0x0
[1755332995.371892] [eos0024:1808707:0]    ib_mlx5dv_md.c:96   UCX  DEBUG mlx5_5: mlx5dv_devx_obj_create(CREATE_MKEY, mode=KSM, start_addr=0x7fffcdab5000 length=32) failed, syndrome 0x45d3a4: Remote I/O error
[1755332995.371893] [eos0024:1808707:0]    ib_mlx5dv_md.c:126  UCX  DEBUG mlx5_5: KSM atomic-key memory registration status "Unsupported operation" range (nil)..0x20 iova 0x7fffcdab5000 atomic mkey_index 0x0
[1755332995.372253] [eos0024:1808707:0]           ib_md.c:1161 UCX  DEBUG mlx5_5: relaxed order memory access is disabled
[1755332995.372493] [eos0024:1808707:0]    ib_mlx5dv_md.c:126  UCX  DEBUG mlx5_5: KSM flush-mr memory registration status "Success" range 0x5555565ae000..0x5555565ae008 iova 0x0 mkey_index 0x0
[1755332995.372507] [eos0024:1808707:0]          uct_md.c:96   UCX  DEBUG failed to query gga_mlx5 resources: No such device
[1755332995.372508] [eos0024:1808707:0]     ucp_context.c:1188 UCX  DEBUG No tl resources found for md mlx5_5
[1755332995.372509] [eos0024:1808707:0]     ucp_context.c:1648 UCX  DEBUG closing md mlx5_5 because it has no selected transport resources
[1755332995.372512] [eos0024:1808707:0]    ib_mlx5dv_md.c:2496 UCX  DEBUG mlx5_5: md=0x555556596b60 md->flags=0x3fb3f7f flush_rkey=0x1db00
[1755332995.372759] [eos0024:1808707:0]           mpool.c:194  UCX  DEBUG mpool devx dbrec destroyed
[1755332995.372760] [eos0024:1808707:0]       ib_device.c:616  UCX  DEBUG destroying ib device mlx5_5
[1755332995.372761] [eos0024:1808707:0]           async.c:173  UCX  DEBUG removed async handler 0x5555565b1080 [id=47 ref 1] uct_ib_async_event_handler() from hash
[1755332995.372762] [eos0024:1808707:0]           async.c:576  UCX  DEBUG removing async handler 0x5555565b1080 [id=47 ref 1] uct_ib_async_event_handler()
[1755332995.372782] [eos0024:1808707:0]           async.c:188  UCX  DEBUG release async handler 0x5555565b1080 [id=47 ref 0] uct_ib_async_event_handler()
[1755332995.377636] [eos0024:1808707:0]            topo.c:899  UCX  DEBUG /sys/class/infiniband/mlx5_6: PF sysfs path is '/sys/devices/pci0000:97/0000:97:01.0/0000:98:00.0/0000:99:00.0/0000:9a:00.0'
[1755332995.377638] [eos0024:1808707:0]            topo.c:552  UCX  DEBUG mlx5_6: bdf_name 0000:9a:00.0 sys_dev 9
[1755332995.377646] [eos0024:1808707:0]       ib_device.c:498  UCX  DEBUG mlx5_6: vendor_id 0x15b3 device_id 4129
[1755332995.378120] [eos0024:1808707:0]    ib_mlx5dv_md.c:1875 UCX  DEBUG mlx5_6: cross gvmi alias mkey is supported
[1755332995.378121] [eos0024:1808707:0]    ib_mlx5dv_md.c:1925 UCX  DEBUG mlx5_6: mkey_by_name_reserve is not supported
[1755332995.378122] [eos0024:1808707:0]    ib_mlx5dv_md.c:1910 UCX  DEBUG mlx5_6: dp_ordering support: force=1 ooo_rw_rc=1 ooo_rw_dc=1
[1755332995.378238] [eos0024:1808707:0]    ib_mlx5dv_md.c:1705 UCX  DEBUG mlx5_6: ODP is disabled because version 1 is not supported for DevX QP
[1755332995.378361] [eos0024:1808707:0]           async.c:248  UCX  DEBUG added async handler 0x555556547720 [id=47 ref 1] uct_ib_async_event_handler() to hash
[1755332995.378402] [eos0024:1808707:0]           async.c:522  UCX  DEBUG listening to async event fd 47 events 0x1 mode thread_spinlock
[1755332995.378403] [eos0024:1808707:0]       ib_device.c:597  UCX  DEBUG initialized device 'mlx5_6' (InfiniBand channel adapter) with 1 ports
[1755332995.378406] [eos0024:1808707:0]           ib_md.c:1177 UCX  DEBUG mlx5_6: cuda GPUDirect RDMA is detected by checking /sys/kernel/mm/memory_peers/nv_mem/version
[1755332995.378409] [eos0024:1808707:0]           ib_md.c:1177 UCX  DEBUG mlx5_6: rocm GPUDirect RDMA is not detected by checking /dev/kfd
[1755332995.378411] [eos0024:1808707:0]           ib_md.c:1202 UCX  DEBUG mlx5_6: dmabuf is supported
[1755332995.378413] [eos0024:1808707:0]           mpool.c:138  UCX  DEBUG mpool devx dbrec: align 64, maxelems 4294967295, elemsize 40
[1755332995.378609] [eos0024:1808707:0]    ib_mlx5dv_md.c:2423 UCX  DEBUG mlx5_6: opened DEVX md log_max_qp=17
[1755332995.379009] [eos0024:1808707:0]    ib_mlx5dv_md.c:126  UCX  DEBUG mlx5_6: KSM dm memory registration status "Success" range 0x7fffcdab5000..0x7fffcdab5020 iova 0x0 mkey_index 0x0
[1755332995.379301] [eos0024:1808707:0]    ib_mlx5dv_md.c:96   UCX  DEBUG mlx5_6: mlx5dv_devx_obj_create(CREATE_MKEY, mode=KSM, start_addr=0x7fffcdab5000 length=32) failed, syndrome 0x45d3a4: Remote I/O error
[1755332995.379303] [eos0024:1808707:0]    ib_mlx5dv_md.c:126  UCX  DEBUG mlx5_6: KSM atomic-key memory registration status "Unsupported operation" range (nil)..0x20 iova 0x7fffcdab5000 atomic mkey_index 0x0
[1755332995.379660] [eos0024:1808707:0]           ib_md.c:1161 UCX  DEBUG mlx5_6: relaxed order memory access is disabled
[1755332995.379994] [eos0024:1808707:0]    ib_mlx5dv_md.c:126  UCX  DEBUG mlx5_6: KSM flush-mr memory registration status "Success" range 0x5555565ae000..0x5555565ae008 iova 0x0 mkey_index 0x0
[1755332995.380008] [eos0024:1808707:0]          uct_md.c:96   UCX  DEBUG failed to query gga_mlx5 resources: No such device
[1755332995.380009] [eos0024:1808707:0]     ucp_context.c:1188 UCX  DEBUG No tl resources found for md mlx5_6
[1755332995.380010] [eos0024:1808707:0]     ucp_context.c:1648 UCX  DEBUG closing md mlx5_6 because it has no selected transport resources
[1755332995.380013] [eos0024:1808707:0]    ib_mlx5dv_md.c:2496 UCX  DEBUG mlx5_6: md=0x555556596b60 md->flags=0x3fb3f7f flush_rkey=0x1cc00
[1755332995.380251] [eos0024:1808707:0]           mpool.c:194  UCX  DEBUG mpool devx dbrec destroyed
[1755332995.380252] [eos0024:1808707:0]       ib_device.c:616  UCX  DEBUG destroying ib device mlx5_6
[1755332995.380253] [eos0024:1808707:0]           async.c:173  UCX  DEBUG removed async handler 0x555556547720 [id=47 ref 1] uct_ib_async_event_handler() from hash
[1755332995.380254] [eos0024:1808707:0]           async.c:576  UCX  DEBUG removing async handler 0x555556547720 [id=47 ref 1] uct_ib_async_event_handler()
[1755332995.380274] [eos0024:1808707:0]           async.c:188  UCX  DEBUG release async handler 0x555556547720 [id=47 ref 0] uct_ib_async_event_handler()
[1755332995.385248] [eos0024:1808707:0]            topo.c:899  UCX  DEBUG /sys/class/infiniband/mlx5_9: PF sysfs path is '/sys/devices/pci0000:bd/0000:bd:01.0/0000:be:00.0/0000:bf:00.0/0000:c0:00.0'
[1755332995.385251] [eos0024:1808707:0]            topo.c:552  UCX  DEBUG mlx5_9: bdf_name 0000:c0:00.0 sys_dev 11
[1755332995.385259] [eos0024:1808707:0]       ib_device.c:498  UCX  DEBUG mlx5_9: vendor_id 0x15b3 device_id 4129
[1755332995.385756] [eos0024:1808707:0]    ib_mlx5dv_md.c:1875 UCX  DEBUG mlx5_9: cross gvmi alias mkey is supported
[1755332995.385757] [eos0024:1808707:0]    ib_mlx5dv_md.c:1925 UCX  DEBUG mlx5_9: mkey_by_name_reserve is not supported
[1755332995.385758] [eos0024:1808707:0]    ib_mlx5dv_md.c:1910 UCX  DEBUG mlx5_9: dp_ordering support: force=1 ooo_rw_rc=1 ooo_rw_dc=1
[1755332995.385884] [eos0024:1808707:0]    ib_mlx5dv_md.c:1705 UCX  DEBUG mlx5_9: ODP is disabled because version 1 is not supported for DevX QP
[1755332995.386017] [eos0024:1808707:0]           async.c:248  UCX  DEBUG added async handler 0x555556553850 [id=47 ref 1] uct_ib_async_event_handler() to hash
[1755332995.386065] [eos0024:1808707:0]           async.c:522  UCX  DEBUG listening to async event fd 47 events 0x1 mode thread_spinlock
[1755332995.386066] [eos0024:1808707:0]       ib_device.c:597  UCX  DEBUG initialized device 'mlx5_9' (InfiniBand channel adapter) with 1 ports
[1755332995.386069] [eos0024:1808707:0]           ib_md.c:1177 UCX  DEBUG mlx5_9: cuda GPUDirect RDMA is detected by checking /sys/kernel/mm/memory_peers/nv_mem/version
[1755332995.386080] [eos0024:1808707:0]           ib_md.c:1177 UCX  DEBUG mlx5_9: rocm GPUDirect RDMA is not detected by checking /dev/kfd
[1755332995.386083] [eos0024:1808707:0]           ib_md.c:1202 UCX  DEBUG mlx5_9: dmabuf is supported
[1755332995.386085] [eos0024:1808707:0]           mpool.c:138  UCX  DEBUG mpool devx dbrec: align 64, maxelems 4294967295, elemsize 40
[1755332995.386293] [eos0024:1808707:0]    ib_mlx5dv_md.c:2423 UCX  DEBUG mlx5_9: opened DEVX md log_max_qp=17
[1755332995.386701] [eos0024:1808707:0]    ib_mlx5dv_md.c:126  UCX  DEBUG mlx5_9: KSM dm memory registration status "Success" range 0x7fffcdab5000..0x7fffcdab5020 iova 0x0 mkey_index 0x0
[1755332995.386988] [eos0024:1808707:0]    ib_mlx5dv_md.c:96   UCX  DEBUG mlx5_9: mlx5dv_devx_obj_create(CREATE_MKEY, mode=KSM, start_addr=0x7fffcdab5000 length=32) failed, syndrome 0x45d3a4: Remote I/O error
[1755332995.386989] [eos0024:1808707:0]    ib_mlx5dv_md.c:126  UCX  DEBUG mlx5_9: KSM atomic-key memory registration status "Unsupported operation" range (nil)..0x20 iova 0x7fffcdab5000 atomic mkey_index 0x0
[1755332995.387376] [eos0024:1808707:0]           ib_md.c:1161 UCX  DEBUG mlx5_9: relaxed order memory access is disabled
[1755332995.387611] [eos0024:1808707:0]    ib_mlx5dv_md.c:126  UCX  DEBUG mlx5_9: KSM flush-mr memory registration status "Success" range 0x5555565ae000..0x5555565ae008 iova 0x0 mkey_index 0x0
[1755332995.387626] [eos0024:1808707:0]          uct_md.c:96   UCX  DEBUG failed to query gga_mlx5 resources: No such device
[1755332995.387627] [eos0024:1808707:0]     ucp_context.c:1188 UCX  DEBUG No tl resources found for md mlx5_9
[1755332995.387628] [eos0024:1808707:0]     ucp_context.c:1648 UCX  DEBUG closing md mlx5_9 because it has no selected transport resources
[1755332995.387632] [eos0024:1808707:0]    ib_mlx5dv_md.c:2496 UCX  DEBUG mlx5_9: md=0x555556596b60 md->flags=0x3fb3f7f flush_rkey=0x1e200
[1755332995.387883] [eos0024:1808707:0]           mpool.c:194  UCX  DEBUG mpool devx dbrec destroyed
[1755332995.387884] [eos0024:1808707:0]       ib_device.c:616  UCX  DEBUG destroying ib device mlx5_9
[1755332995.387886] [eos0024:1808707:0]           async.c:173  UCX  DEBUG removed async handler 0x555556553850 [id=47 ref 1] uct_ib_async_event_handler() from hash
[1755332995.387886] [eos0024:1808707:0]           async.c:576  UCX  DEBUG removing async handler 0x555556553850 [id=47 ref 1] uct_ib_async_event_handler()
[1755332995.387915] [eos0024:1808707:0]           async.c:188  UCX  DEBUG release async handler 0x555556553850 [id=47 ref 0] uct_ib_async_event_handler()
[1755332995.392895] [eos0024:1808707:0]            topo.c:899  UCX  DEBUG /sys/class/infiniband/mlx5_10: PF sysfs path is '/sys/devices/pci0000:cb/0000:cb:01.0/0000:cc:00.0/0000:cd:00.0/0000:ce:00.0'
[1755332995.392897] [eos0024:1808707:0]            topo.c:552  UCX  DEBUG mlx5_10: bdf_name 0000:ce:00.0 sys_dev 12
[1755332995.392905] [eos0024:1808707:0]       ib_device.c:498  UCX  DEBUG mlx5_10: vendor_id 0x15b3 device_id 4129
[1755332995.393376] [eos0024:1808707:0]    ib_mlx5dv_md.c:1875 UCX  DEBUG mlx5_10: cross gvmi alias mkey is supported
[1755332995.393377] [eos0024:1808707:0]    ib_mlx5dv_md.c:1925 UCX  DEBUG mlx5_10: mkey_by_name_reserve is not supported
[1755332995.393378] [eos0024:1808707:0]    ib_mlx5dv_md.c:1910 UCX  DEBUG mlx5_10: dp_ordering support: force=1 ooo_rw_rc=1 ooo_rw_dc=1
[1755332995.393494] [eos0024:1808707:0]    ib_mlx5dv_md.c:1705 UCX  DEBUG mlx5_10: ODP is disabled because version 1 is not supported for DevX QP
[1755332995.393618] [eos0024:1808707:0]           async.c:248  UCX  DEBUG added async handler 0x5555565b1080 [id=47 ref 1] uct_ib_async_event_handler() to hash
[1755332995.393660] [eos0024:1808707:0]           async.c:522  UCX  DEBUG listening to async event fd 47 events 0x1 mode thread_spinlock
[1755332995.393661] [eos0024:1808707:0]       ib_device.c:597  UCX  DEBUG initialized device 'mlx5_10' (InfiniBand channel adapter) with 1 ports
[1755332995.393665] [eos0024:1808707:0]           ib_md.c:1177 UCX  DEBUG mlx5_10: cuda GPUDirect RDMA is detected by checking /sys/kernel/mm/memory_peers/nv_mem/version
[1755332995.393667] [eos0024:1808707:0]           ib_md.c:1177 UCX  DEBUG mlx5_10: rocm GPUDirect RDMA is not detected by checking /dev/kfd
[1755332995.393670] [eos0024:1808707:0]           ib_md.c:1202 UCX  DEBUG mlx5_10: dmabuf is supported
[1755332995.393671] [eos0024:1808707:0]           mpool.c:138  UCX  DEBUG mpool devx dbrec: align 64, maxelems 4294967295, elemsize 40
[1755332995.393854] [eos0024:1808707:0]    ib_mlx5dv_md.c:2423 UCX  DEBUG mlx5_10: opened DEVX md log_max_qp=17
[1755332995.394249] [eos0024:1808707:0]    ib_mlx5dv_md.c:126  UCX  DEBUG mlx5_10: KSM dm memory registration status "Success" range 0x7fffcdab5000..0x7fffcdab5020 iova 0x0 mkey_index 0x0
[1755332995.394523] [eos0024:1808707:0]    ib_mlx5dv_md.c:96   UCX  DEBUG mlx5_10: mlx5dv_devx_obj_create(CREATE_MKEY, mode=KSM, start_addr=0x7fffcdab5000 length=32) failed, syndrome 0x45d3a4: Remote I/O error
[1755332995.394524] [eos0024:1808707:0]    ib_mlx5dv_md.c:126  UCX  DEBUG mlx5_10: KSM atomic-key memory registration status "Unsupported operation" range (nil)..0x20 iova 0x7fffcdab5000 atomic mkey_index 0x0
[1755332995.394891] [eos0024:1808707:0]           ib_md.c:1161 UCX  DEBUG mlx5_10: relaxed order memory access is disabled
[1755332995.395125] [eos0024:1808707:0]    ib_mlx5dv_md.c:126  UCX  DEBUG mlx5_10: KSM flush-mr memory registration status "Success" range 0x5555565ae000..0x5555565ae008 iova 0x0 mkey_index 0x0
[1755332995.395139] [eos0024:1808707:0]          uct_md.c:96   UCX  DEBUG failed to query gga_mlx5 resources: No such device
[1755332995.395140] [eos0024:1808707:0]     ucp_context.c:1188 UCX  DEBUG No tl resources found for md mlx5_10
[1755332995.395141] [eos0024:1808707:0]     ucp_context.c:1648 UCX  DEBUG closing md mlx5_10 because it has no selected transport resources
[1755332995.395144] [eos0024:1808707:0]    ib_mlx5dv_md.c:2496 UCX  DEBUG mlx5_10: md=0x555556596b60 md->flags=0x3fb3f7f flush_rkey=0x19f00
[1755332995.395383] [eos0024:1808707:0]           mpool.c:194  UCX  DEBUG mpool devx dbrec destroyed
[1755332995.395384] [eos0024:1808707:0]       ib_device.c:616  UCX  DEBUG destroying ib device mlx5_10
[1755332995.395385] [eos0024:1808707:0]           async.c:173  UCX  DEBUG removed async handler 0x5555565b1080 [id=47 ref 1] uct_ib_async_event_handler() from hash
[1755332995.395386] [eos0024:1808707:0]           async.c:576  UCX  DEBUG removing async handler 0x5555565b1080 [id=47 ref 1] uct_ib_async_event_handler()
[1755332995.395406] [eos0024:1808707:0]           async.c:188  UCX  DEBUG release async handler 0x5555565b1080 [id=47 ref 0] uct_ib_async_event_handler()
[1755332995.400335] [eos0024:1808707:0]            topo.c:899  UCX  DEBUG /sys/class/infiniband/mlx5_11: PF sysfs path is '/sys/devices/pci0000:d9/0000:d9:01.0/0000:da:00.0/0000:db:00.0/0000:dc:00.0'
[1755332995.400337] [eos0024:1808707:0]            topo.c:552  UCX  DEBUG mlx5_11: bdf_name 0000:dc:00.0 sys_dev 13
[1755332995.400345] [eos0024:1808707:0]       ib_device.c:498  UCX  DEBUG mlx5_11: vendor_id 0x15b3 device_id 4129
[1755332995.400824] [eos0024:1808707:0]    ib_mlx5dv_md.c:1875 UCX  DEBUG mlx5_11: cross gvmi alias mkey is supported
[1755332995.400825] [eos0024:1808707:0]    ib_mlx5dv_md.c:1925 UCX  DEBUG mlx5_11: mkey_by_name_reserve is not supported
[1755332995.400826] [eos0024:1808707:0]    ib_mlx5dv_md.c:1910 UCX  DEBUG mlx5_11: dp_ordering support: force=1 ooo_rw_rc=1 ooo_rw_dc=1
[1755332995.400948] [eos0024:1808707:0]    ib_mlx5dv_md.c:1705 UCX  DEBUG mlx5_11: ODP is disabled because version 1 is not supported for DevX QP
[1755332995.401067] [eos0024:1808707:0]           async.c:248  UCX  DEBUG added async handler 0x555556547720 [id=47 ref 1] uct_ib_async_event_handler() to hash
[1755332995.401113] [eos0024:1808707:0]           async.c:522  UCX  DEBUG listening to async event fd 47 events 0x1 mode thread_spinlock
[1755332995.401114] [eos0024:1808707:0]      [eos0024.eos.clusters.nvidia.com:1808707] mca: bml: Using vader btl for send to [[34489,8965],0] on node eos0024
[eos0024.eos.clusters.nvidia.com:1808707] mca: bml: Using vader btl for send to [[34489,8965],1] on node eos0024
[eos0024.eos.clusters.nvidia.com:1808707] mca: bml: Using vader btl for send to [[34489,8965],2] on node eos0024
[eos0024.eos.clusters.nvidia.com:1808707] mca: bml: Using vader btl for send to [[34489,8965],4] on node eos0024
[eos0024.eos.clusters.nvidia.com:1808707] mca: bml: Using vader btl for send to [[34489,8965],5] on node eos0024
[eos0024.eos.clusters.nvidia.com:1808707] mca: bml: Using vader btl for send to [[34489,8965],6] on node eos0024
[eos0024.eos.clusters.nvidia.com:1808707] mca: bml: Using vader btl for send to [[34489,8965],7] on node eos0024
[eos0024.eos.clusters.nvidia.com:1808707] mca: bml: Using self btl for send to [[34489,8965],3] on node eos0024
[eos0024.eos.clusters.nvidia.com:1808707] Error: ../../../../../ompi/mca/coll/ucc/coll_ucc_module.c:273 - mca_coll_ucc_init_ctx() UCC library doesn't support MPI_THREAD_MULTIPLE
 ib_device.c:597  UCX  DEBUG initialized device 'mlx5_11' (InfiniBand channel adapter) with 1 ports
[1755332995.401125] [eos0024:1808707:0]           ib_md.c:1177 UCX  DEBUG mlx5_11: cuda GPUDirect RDMA is detected by checking /sys/kernel/mm/memory_peers/nv_mem/version
[1755332995.401128] [eos0024:1808707:0]           ib_md.c:1177 UCX  DEBUG mlx5_11: rocm GPUDirect RDMA is not detected by checking /dev/kfd
[1755332995.401131] [eos0024:1808707:0]           ib_md.c:1202 UCX  DEBUG mlx5_11: dmabuf is supported
[1755332995.401132] [eos0024:1808707:0]           mpool.c:138  UCX  DEBUG mpool devx dbrec: align 64, maxelems 4294967295, elemsize 40
[1755332995.401300] [eos0024:1808707:0]    ib_mlx5dv_md.c:2423 UCX  DEBUG mlx5_11: opened DEVX md log_max_qp=17
[1755332995.401691] [eos0024:1808707:0]    ib_mlx5dv_md.c:126  UCX  DEBUG mlx5_11: KSM dm memory registration status "Success" range 0x7fffcdab5000..0x7fffcdab5020 iova 0x0 mkey_index 0x0
[1755332995.401968] [eos0024:1808707:0]    ib_mlx5dv_md.c:96   UCX  DEBUG mlx5_11: mlx5dv_devx_obj_create(CREATE_MKEY, mode=KSM, start_addr=0x7fffcdab5000 length=32) failed, syndrome 0x45d3a4: Remote I/O error
[1755332995.401970] [eos0024:1808707:0]    ib_mlx5dv_md.c:126  UCX  DEBUG mlx5_11: KSM atomic-key memory registration status "Unsupported operation" range (nil)..0x20 iova 0x7fffcdab5000 atomic mkey_index 0x0
[1755332995.402345] [eos0024:1808707:0]           ib_md.c:1161 UCX  DEBUG mlx5_11: relaxed order memory access is disabled
[1755332995.402573] [eos0024:1808707:0]    ib_mlx5dv_md.c:126  UCX  DEBUG mlx5_11: KSM flush-mr memory registration status "Success" range 0x5555565ae000..0x5555565ae008 iova 0x0 mkey_index 0x0
[1755332995.402596] [eos0024:1808707:0]          uct_md.c:96   UCX  DEBUG failed to query gga_mlx5 resources: No such device
[1755332995.402597] [eos0024:1808707:0]     ucp_context.c:1188 UCX  DEBUG No tl resources found for md mlx5_11
[1755332995.402598] [eos0024:1808707:0]     ucp_context.c:1648 UCX  DEBUG closing md mlx5_11 because it has no selected transport resources
[1755332995.402601] [eos0024:1808707:0]    ib_mlx5dv_md.c:2496 UCX  DEBUG mlx5_11: md=0x555556596b60 md->flags=0x3fb3f7f flush_rkey=0x1c000
[1755332995.402839] [eos0024:1808707:0]           mpool.c:194  UCX  DEBUG mpool devx dbrec destroyed
[1755332995.402840] [eos0024:1808707:0]       ib_device.c:616  UCX  DEBUG destroying ib device mlx5_11
[1755332995.402842] [eos0024:1808707:0]           async.c:173  UCX  DEBUG removed async handler 0x555556547720 [id=47 ref 1] uct_ib_async_event_handler() from hash
[1755332995.402842] [eos0024:1808707:0]           async.c:576  UCX  DEBUG removing async handler 0x555556547720 [id=47 ref 1] uct_ib_async_event_handler()
[1755332995.402868] [eos0024:1808707:0]           async.c:188  UCX  DEBUG release async handler 0x555556547720 [id=47 ref 0] uct_ib_async_event_handler()
[1755332995.403257] [eos0024:1808707:0]     ucp_context.c:1713 UCX  DEBUG register host memory on: self, tcp, cuda_cpy, cma
[1755332995.403258] [eos0024:1808707:0]     ucp_context.c:1713 UCX  DEBUG register cuda memory on: cuda_cpy
[1755332995.403259] [eos0024:1808707:0]     ucp_context.c:1713 UCX  DEBUG register cuda-managed memory on: cuda_cpy
[1755332995.403260] [eos0024:1808707:0]     ucp_context.c:1701 UCX  DEBUG no memory domain supports registering rocm memory
[1755332995.403260] [eos0024:1808707:0]     ucp_context.c:1701 UCX  DEBUG no memory domain supports registering rocm-managed memory
[1755332995.403261] [eos0024:1808707:0]     ucp_context.c:1701 UCX  DEBUG no memory domain supports registering rdma memory
[1755332995.403262] [eos0024:1808707:0]     ucp_context.c:1701 UCX  DEBUG no memory domain supports registering ze-host memory
[1755332995.403262] [eos0024:1808707:0]     ucp_context.c:1701 UCX  DEBUG no memory domain supports registering ze-device memory
[1755332995.403263] [eos0024:1808707:0]     ucp_context.c:1701 UCX  DEBUG no memory domain supports registering ze-managed memory
[1755332995.403287] [eos0024:1808707:0]           mpool.c:138  UCX  DEBUG mpool rcache_mp: align 8, maxelems 4294967295, elemsize 144
[1755332995.403291] [eos0024:1808707:0]           async.c:248  UCX  DEBUG added async handler 0x555556553850 [id=46 ref 1] ucs_rcache_invalidate_handler() to hash
[1755332995.403332] [eos0024:1808707:0]           async.c:522  UCX  DEBUG listening to async event fd 46 events 0x1 mode thread_spinlock
[1755332995.403398] [eos0024:1808707:0]     ucp_context.c:2332 UCX  DEBUG created ucp context ucp_context_0 0x555556311a10 [6 mds 18 tls] features 0xe tl bitmap 0x3ffff 0x0
[1755332995.403458] [eos0024:1808707:0]           async.c:173  UCX  DEBUG removed async handler 0x555556553850 [id=46 ref 1] ucs_rcache_invalidate_handler() from hash
[1755332995.403459] [eos0024:1808707:0]           async.c:576  UCX  DEBUG removing async handler 0x555556553850 [id=46 ref 1] ucs_rcache_invalidate_handler()
[1755332995.403481] [eos0024:1808707:0]           async.c:188  UCX  DEBUG release async handler 0x555556553850 [id=46 ref 0] ucs_rcache_invalidate_handler()
[1755332995.403483] [eos0024:1808707:0]         pgtable.c:618  UCX  DEBUG purge empty page table
[1755332995.403484] [eos0024:1808707:0]           mpool.c:194  UCX  DEBUG mpool rcache_mp destroyed
[1755332995.672174] [eos0024:1808707:0]           mpool.c:138  UCX  DEBUG mpool ec cpu executors: align 64, maxelems 4294967295, elemsize 24
[1755332995.672178] [eos0024:1808707:0]           mpool.c:138  UCX  DEBUG mpool ec cpu executor tasks: align 64, maxelems 4294967295, elemsize 272
[1755332995.675165] [eos0024:1808707:0]           mpool.c:138  UCX  DEBUG mpool stub_tasks: align 64, maxelems 4294967295, elemsize 456
[1755332995.675180] [eos0024:1808707:0]           mpool.c:194  UCX  DEBUG mpool stub_tasks destroyed
[1755332995.675191] [eos0024:1808707:0]           mpool.c:194  UCX  DEBUG mpool ec cpu executors destroyed
[1755332995.675192] [eos0024:1808707:0]           mpool.c:194  UCX  DEBUG mpool ec cpu executor tasks destroyed
[1755332995.699317] [eos0024:1808707:0]           mpool.c:138  UCX  DEBUG mpool ec cpu executors: align 64, maxelems 4294967295, elemsize 24
[1755332995.699318] [eos0024:1808707:0]           mpool.c:138  UCX  DEBUG mpool ec cpu executor tasks: align 64, maxelems 4294967295, elemsize 272
[1755332995.721447] [eos0024:1808707:0]           mpool.c:138  UCX  DEBUG mpool stub_tasks: align 64, maxelems 4294967295, elemsize 456
[1755332995.721481] [eos0024:1808707:0]           mpool.c:138  UCX  DEBUG mpool tl_mlx5_req_mp: align 64, maxelems 4294967295, elemsize 624
[1755332995.721486] [eos0024:1808707:0]           mpool.c:138  UCX  DEBUG mpool rcache_mp: align 8, maxelems 4294967295, elemsize 144
[1755332995.721499] [eos0024:1808707:0]           async.c:248  UCX  DEBUG added async handler 0x555556735830 [id=46 ref 1] ucs_rcache_invalidate_handler() to hash
[1755332995.721580] [eos0024:1808707:0]           async.c:522  UCX  DEBUG listening to async event fd 46 events 0x1 mode thread_spinlock
[1755332995.721653] [eos0024:1808707:0]           mpool.c:138  UCX  DEBUG mpool tl_nccl_req_mp: align 64, maxelems 4294967295, elemsize 496
[1755332996.949900] [eos0024:1808707:0]           mpool.c:138  UCX  DEBUG mpool tl_self_req_mp: align 64, maxelems 4294967295, elemsize 496
[1755332996.949909] [eos0024:1808707:0]           mpool.c:138  UCX  DEBUG mpool tl_shm_req_mp: align 64, maxelems 4294967295, elemsize 568
[1755332996.949987] [eos0024:1808707:0]     ucp_context.c:2257 UCX  INFO  Version 1.18.0 (loaded from /opt/nvidia/hpc_sdk/Linux_x86_64/25.3/comm_libs/12.8/hpcx/hpcx-2.22.1/ucx/lib/libucp.so.0)
[1755332996.949990] [eos0024:1808707:0]     ucp_context.c:2016 UCX  DEBUG estimated number of endpoints is 1
[1755332996.949992] [eos0024:1808707:0]     ucp_context.c:2023 UCX  DEBUG estimated number of endpoints per node is 1
[1755332996.949995] [eos0024:1808707:0]     ucp_context.c:2033 UCX  DEBUG estimated bcopy bandwidth is 7340032000.000000
[1755332996.949997] [eos0024:1808707:0]     ucp_context.c:2092 UCX  DEBUG allocation method[0] is md 'sysv'
[1755332996.949998] [eos0024:1808707:0]     ucp_context.c:2092 UCX  DEBUG allocation method[1] is md 'posix'
[1755332996.950012] [eos0024:1808707:0]     ucp_context.c:2104 UCX  DEBUG allocation method[2] is 'thp'
[1755332996.950013] [eos0024:1808707:0]     ucp_context.c:2092 UCX  DEBUG allocation method[3] is md '*'
[1755332996.950014] [eos0024:1808707:0]     ucp_context.c:2104 UCX  DEBUG allocation method[4] is 'mmap'
[1755332996.950014] [eos0024:1808707:0]     ucp_context.c:2104 UCX  DEBUG allocation method[5] is 'heap'
[1755332996.954149] [eos0024:1808707:0]            topo.c:895  UCX  DEBUG /sys/class/net/bmc-redfish0/lower_enx168143f84e6f: sysfs path undetected
[1755332996.954151] [eos0024:1808707:0]            topo.c:556  UCX  DEBUG bmc-redfish0: system device unknown
[1755332996.990831] [eos0024:1808707:0]            topo.c:899  UCX  DEBUG /sys/class/net/eth3: PF sysfs path is '/sys/devices/pci0000:80/0000:80:05.0/0000:82:00.1'
[1755332996.990835] [eos0024:1808707:0]            topo.c:552  UCX  DEBUG eth3: bdf_name 0000:82:00.1 sys_dev 8
[1755332996.994238] [eos0024:1808707:0]            topo.c:899  UCX  DEBUG /sys/class/net/ibp154s0: PF sysfs path is '/sys/devices/pci0000:97/0000:97:01.0/0000:98:00.0/0000:99:00.0/0000:9a:00.0'
[1755332996.994240] [eos0024:1808707:0]            topo.c:552  UCX  DEBUG ibp154s0: bdf_name 0000:9a:00.0 sys_dev 9
[1755332996.997755] [eos0024:1808707:0]            topo.c:899  UCX  DEBUG /sys/class/net/ibp170s0f0: PF sysfs path is '/sys/devices/pci0000:a5/0000:a5:01.0/0000:a6:00.0/0000:a7:00.0/0000:a8:00.0/0000:a9:00.0/0000:aa:00.0'
[1755332996.997757] [eos0024:1808707:0]            topo.c:552  UCX  DEBUG ibp170s0f0: bdf_name 0000:aa:00.0 sys_dev 10
[1755332997.000968] [eos0024:1808707:0]            topo.c:899  UCX  DEBUG /sys/class/net/ibp192s0: PF sysfs path is '/sys/devices/pci0000:bd/0000:bd:01.0/0000:be:00.0/0000:bf:00.0/0000:c0:00.0'
[1755332997.000970] [eos0024:1808707:0]            topo.c:552  UCX  DEBUG ibp192s0: bdf_name 0000:c0:00.0 sys_dev 11
[1755332997.004426] [eos0024:1808707:0]            topo.c:899  UCX  DEBUG /sys/class/net/ibp206s0: PF sysfs path is '/sys/devices/pci0000:cb/0000:cb:01.0/0000:cc:00.0/0000:cd:00.0/0000:ce:00.0'
[1755332997.004428] [eos0024:1808707:0]            topo.c:552  UCX  DEBUG ibp206s0: bdf_name 0000:ce:00.0 sys_dev 12
[1755332997.007229] [eos0024:1808707:0]            topo.c:899  UCX  DEBUG /sys/class/net/ibp220s0: PF sysfs path is '/sys/devices/pci0000:d9/0000:d9:01.0/0000:da:00.0/0000:db:00.0/0000:dc:00.0'
[1755332997.007231] [eos0024:1808707:0]            topo.c:552  UCX  DEBUG ibp220s0: bdf_name 0000:dc:00.0 sys_dev 13
[1755332997.008998] [eos0024:1808707:0]            topo.c:899  UCX  DEBUG /sys/class/net/ibp24s0: PF sysfs path is '/sys/devices/pci0000:15/0000:15:01.0/0000:16:00.0/0000:17:00.0/0000:18:00.0'
[1755332997.009000] [eos0024:1808707:0]            topo.c:552  UCX  DEBUG ibp24s0: bdf_name 0000:18:00.0 sys_dev 14
[1755332997.010604] [eos0024:1808707:0]            topo.c:899  UCX  DEBUG /sys/class/net/ibp41s0f0: PF sysfs path is '/sys/devices/pci0000:24/0000:24:01.0/0000:25:00.0/0000:26:00.0/0000:27:00.0/0000:28:00.0/0000:29:00.0'
[1755332997.010606] [eos0024:1808707:0]            topo.c:552  UCX  DEBUG ibp41s0f0: bdf_name 0000:29:00.0 sys_dev 15
[1755332997.012362] [eos0024:1808707:0]            topo.c:899  UCX  DEBUG /sys/class/net/ibp64s0: PF sysfs path is '/sys/devices/pci0000:3d/0000:3d:01.0/0000:3e:00.0/0000:3f:00.0/0000:40:00.0'
[1755332997.012364] [eos0024:1808707:0]            topo.c:552  UCX  DEBUG ibp64s0: bdf_name 0000:40:00.0 sys_dev 16
[1755332997.014099] [eos0024:1808707:0]            topo.c:899  UCX  DEBUG /sys/class/net/ibp79s0: PF sysfs path is '/sys/devices/pci0000:4c/0000:4c:01.0/0000:4d:00.0/0000:4e:00.0/0000:4f:00.0'
[1755332997.014101] [eos0024:1808707:0]            topo.c:552  UCX  DEBUG ibp79s0: bdf_name 0000:4f:00.0 sys_dev 17
[1755332997.015522] [eos0024:1808707:0]            topo.c:899  UCX  DEBUG /sys/class/net/ibp94s0: PF sysfs path is '/sys/devices/pci0000:5b/0000:5b:01.0/0000:5c:00.0/0000:5d:00.0/0000:5e:00.0'
[1755332997.015523] [eos0024:1808707:0]            topo.c:552  UCX  DEBUG ibp94s0: bdf_name 0000:5e:00.0 sys_dev 18
[1755332997.016547] [eos0024:1808707:0]            topo.c:895  UCX  DEBUG /sys/class/net/lo: sysfs path undetected
[1755332997.016548] [eos0024:1808707:0]            topo.c:556  UCX  DEBUG lo: system device unknown
[1755332997.016655] [eos0024:1808707:0]    cuda_copy_md.c:104  UCX  DEBUG dmabuf is supported on cuda device 0
[1755332997.016709] [eos0024:1808707:0]     ucp_context.c:1648 UCX  DEBUG closing md cuda_ipc because it has no selected transport resources
[1755332997.016728] [eos0024:1808707:0]           mpool.c:138  UCX  DEBUG mpool rcache_mp: align 8, maxelems 4294967295, elemsize 144
[1755332997.016765] [eos0024:1808707:0]     ucp_context.c:1648 UCX  DEBUG closing md gdr_copy because it has no selected transport resources
[1755332997.016771] [eos0024:1808707:0]         pgtable.c:618  UCX  DEBUG purge empty page table
[1755332997.016773] [eos0024:1808707:0]           mpool.c:194  UCX  DEBUG mpool rcache_mp destroyed
[1755332997.017253] [eos0024:1808707:0]    ib_mlx5dv_md.c:2484 UCX  DEBUG mlx5_0: DEVX is not supported
[1755332997.017254] [eos0024:1808707:0]           ib_md.c:1027 UCX  DEBUG mlx5_0: md open by 'uct_ib_mlx5_devx_md_ops' failed, trying next
[1755332997.021357] [eos0024:1808707:0]            topo.c:899  UCX  DEBUG /sys/class/infiniband/mlx5_0: PF sysfs path is '/sys/devices/pci0000:15/0000:15:01.0/0000:16:00.0/0000:17:00.0/0000:18:00.0'
[1755332997.021359] [eos0024:1808707:0]            topo.c:552  UCX  DEBUG mlx5_0: bdf_name 0000:18:00.0 sys_dev 14
[1755332997.021370] [eos0024:1808707:0]       ib_device.c:498  UCX  DEBUG mlx5_0: vendor_id 0x15b3 device_id 4129
[1755332997.022857] [eos0024:1808707:0]    ib_mlx5dv_md.c:3158 UCX  DEBUG mlx5_0: DC is supported
[1755332997.022872] [eos0024:1808707:0]           async.c:248  UCX  DEBUG added async handler 0x5555572f1010 [id=72 ref 1] uct_ib_async_event_handler() to hash
[1755332997.022880] [eos0024:1808707:0]           async.c:522  UCX  DEBUG listening to async event fd 72 events 0x1 mode thread_spinlock
[1755332997.022881] [eos0024:1808707:0]       ib_device.c:597  UCX  DEBUG initialized device 'mlx5_0' (InfiniBand channel adapter) with 1 ports
[1755332997.022886] [eos0024:1808707:0]           ib_md.c:1177 UCX  DEBUG mlx5_0: cuda GPUDirect RDMA is detected by checking /sys/kernel/mm/memory_peers/nv_mem/version
[1755332997.022888] [eos0024:1808707:0]           ib_md.c:1177 UCX  DEBUG mlx5_0: rocm GPUDirect RDMA is not detected by checking /dev/kfd
[1755332997.022892] [eos0024:1808707:0]           ib_md.c:1202 UCX  DEBUG mlx5_0: dmabuf is supported
[1755332997.022893] [eos0024:1808707:0]           ib_md.c:1161 UCX  DEBUG mlx5_0: relaxed order memory access is disabled
[1755332997.041414] [eos0024:1808707:0]           ib_md.c:1233 UCX  DEBUG mlx5_0: ODP is supported, version 1
[1755332997.041418] [eos0024:1808707:0]           ib_md.c:1031 UCX  DEBUG mlx5_0: md open by 'uct_ib_mlx5_md_ops' is successful
[1755332997.068056] [eos0024:1808707:0]     ucp_context.c:1648 UCX  DEBUG closing md mlx5_0 because it has no selected transport resources
[1755332997.068060] [eos0024:1808707:0]       ib_device.c:616  UCX  DEBUG destroying ib device mlx5_0
[1755332997.068063] [eos0024:1808707:0]           async.c:173  UCX  DEBUG removed async handler 0x5555572f1010 [id=72 ref 1] uct_ib_async_event_handler() from hash
[1755332997.068065] [eos0024:1808707:0]           async.c:576  UCX  DEBUG removing async handler 0x5555572f1010 [id=72 ref 1] uct_ib_async_event_handler()
[1755332997.068068] [eos0024:1808707:0]           async.c:188  UCX  DEBUG release async handler 0x5555572f1010 [id=72 ref 0] uct_ib_async_event_handler()
[1755332997.069150] [eos0024:1808707:0]    ib_mlx5dv_md.c:2484 UCX  DEBUG mlx5_3: DEVX is not supported
[1755332997.069151] [eos0024:1808707:0]           ib_md.c:1027 UCX  DEBUG mlx5_3: md open by 'uct_ib_mlx5_devx_md_ops' failed, trying next
[1755332997.073383] [eos0024:1808707:0]            topo.c:899  UCX  DEBUG /sys/class/infiniband/mlx5_3: PF sysfs path is '/sys/devices/pci0000:3d/0000:3d:01.0/0000:3e:00.0/0000:3f:00.0/0000:40:00.0'
[1755332997.073386] [eos0024:1808707:0]            topo.c:552  UCX  DEBUG mlx5_3: bdf_name 0000:40:00.0 sys_dev 16
[1755332997.073407] [eos0024:1808707:0]       ib_device.c:498  UCX  DEBUG mlx5_3: vendor_id 0x15b3 device_id 4129
[1755332997.075412] [eos0024:1808707:0]    ib_mlx5dv_md.c:3158 UCX  DEBUG mlx5_3: DC is supported
[1755332997.075425] [eos0024:1808707:0]           async.c:248  UCX  DEBUG added async handler 0x5555572f1010 [id=72 ref 1] uct_ib_async_event_handler() to hash
[1755332997.075430] [eos0024:1808707:0]           async.c:522  UCX  DEBUG listening to async event fd 72 events 0x1 mode thread_spinlock
[1755332997.075432] [eos0024:1808707:0]       ib_device.c:597  UCX  DEBUG initialized device 'mlx5_3' (InfiniBand channel adapter) with 1 ports
[1755332997.075437] [eos0024:1808707:0]           ib_md.c:1177 UCX  DEBUG mlx5_3: cuda GPUDirect RDMA is detected by checking /sys/kernel/mm/memory_peers/nv_mem/version
[1755332997.075439] [eos0024:1808707:0]           ib_md.c:1177 UCX  DEBUG mlx5_3: rocm GPUDirect RDMA is not detected by checking /dev/kfd
[1755332997.075443] [eos0024:1808707:0]           ib_md.c:1202 UCX  DEBUG mlx5_3: dmabuf is supported
[1755332997.075444] [eos0024:1808707:0]           ib_md.c:1161 UCX  DEBUG mlx5_3: relaxed order memory access is disabled
[1755332997.101762] [eos0024:1808707:0]           ib_md.c:1233 UCX  DEBUG mlx5_3: ODP is supported, version 1
[1755332997.101763] [eos0024:1808707:0]           ib_md.c:1031 UCX  DEBUG mlx5_3: md open by 'uct_ib_mlx5_md_ops' is successful
[1755332997.129802] [eos0024:1808707:0]     ucp_context.c:1648 UCX  DEBUG closing md mlx5_3 because it has no selected transport resources
[1755332997.129804] [eos0024:1808707:0]       ib_device.c:616  UCX  DEBUG destroying ib device mlx5_3
[1755332997.129806] [eos0024:1808707:0]           async.c:173  UCX  DEBUG removed async handler 0x5555572f1010 [id=72 ref 1] uct_ib_async_event_handler() from hash
[1755332997.129807] [eos0024:1808707:0]           async.c:576  UCX  DEBUG removing async handler 0x5555572f1010 [id=72 ref 1] uct_ib_async_event_handler()
[1755332997.129808] [eos0024:1808707:0]           async.c:188  UCX  DEBUG release async handler 0x5555572f1010 [id=72 ref 0] uct_ib_async_event_handler()
[1755332997.130371] [eos0024:1808707:0]    ib_mlx5dv_md.c:2484 UCX  DEBUG mlx5_4: DEVX is not supported
[1755332997.130372] [eos0024:1808707:0]           ib_md.c:1027 UCX  DEBUG mlx5_4: md open by 'uct_ib_mlx5_devx_md_ops' failed, trying next
[1755332997.134712] [eos0024:1808707:0]            topo.c:899  UCX  DEBUG /sys/class/infiniband/mlx5_4: PF sysfs path is '/sys/devices/pci0000:4c/0000:4c:01.0/0000:4d:00.0/0000:4e:00.0/0000:4f:00.0'
[1755332997.134715] [eos0024:1808707:0]            topo.c:552  UCX  DEBUG mlx5_4: bdf_name 0000:4f:00.0 sys_dev 17
[1755332997.134723] [eos0024:1808707:0]       ib_device.c:498  UCX  DEBUG mlx5_4: vendor_id 0x15b3 device_id 4129
[1755332997.136721] [eos0024:1808707:0]    ib_mlx5dv_md.c:3158 UCX  DEBUG mlx5_4: DC is supported
[1755332997.136731] [eos0024:1808707:0]           async.c:248  UCX  DEBUG added async handler 0x5555572f1010 [id=72 ref 1] uct_ib_async_event_handler() to hash
[1755332997.136735] [eos0024:1808707:0]           async.c:522  UCX  DEBUG listening to async event fd 72 events 0x1 mode thread_spinlock
[1755332997.136736] [eos0024:1808707:0]       ib_device.c:597  UCX  DEBUG initialized device 'mlx5_4' (InfiniBand channel adapter) with 1 ports
[1755332997.136739] [eos0024:1808707:0]           ib_md.c:1177 UCX  DEBUG mlx5_4: cuda GPUDirect RDMA is detected by checking /sys/kernel/mm/memory_peers/nv_mem/version
[1755332997.136742] [eos0024:1808707:0]           ib_md.c:1177 UCX  DEBUG mlx5_4: rocm GPUDirect RDMA is not detected by checking /dev/kfd
[1755332997.136745] [eos0024:1808707:0]           ib_md.c:1202 UCX  DEBUG mlx5_4: dmabuf is supported
[1755332997.136746] [eos0024:1808707:0]           ib_md.c:1161 UCX  DEBUG mlx5_4: relaxed order memory access is disabled
[1755332997.163772] [eos0024:1808707:0]           ib_md.c:1233 UCX  DEBUG mlx5_4: ODP is supported, version 1
[1755332997.163773] [eos0024:1808707:0]           ib_md.c:1031 UCX  DEBUG mlx5_4: md open by 'uct_ib_mlx5_md_ops' is successful
[1755332997.190093] [eos0024:1808707:0]     ucp_context.c:1648 UCX  DEBUG closing md mlx5_4 because it has no selected transport resources
[1755332997.190095] [eos0024:1808707:0]       ib_device.c:616  UCX  DEBUG destroying ib device mlx5_4
[1755332997.190097] [eos0024:1808707:0]           async.c:173  UCX  DEBUG removed async handler 0x5555572f1010 [id=72 ref 1] uct_ib_async_event_handler() from hash
[1755332997.190098] [eos0024:1808707:0]           async.c:576  UCX  DEBUG removing async handler 0x5555572f1010 [id=72 ref 1] uct_ib_async_event_handler()
[1755332997.190099] [eos0024:1808707:0]           async.c:188  UCX  DEBUG release async handler 0x5555572f1010 [id=72 ref 0] uct_ib_async_event_handler()
[1755332997.190724] [eos0024:1808707:0]    ib_mlx5dv_md.c:2484 UCX  DEBUG mlx5_5: DEVX is not supported
[1755332997.190725] [eos0024:1808707:0]           ib_md.c:1027 UCX  DEBUG mlx5_5: md open by 'uct_ib_mlx5_devx_md_ops' failed, trying next
[1755332997.194791] [eos0024:1808707:0]            topo.c:899  UCX  DEBUG /sys/class/infiniband/mlx5_5: PF sysfs path is '/sys/devices/pci0000:5b/0000:5b:01.0/0000:5c:00.0/0000:5d:00.0/0000:5e:00.0'
[1755332997.194793] [eos0024:1808707:0]            topo.c:552  UCX  DEBUG mlx5_5: bdf_name 0000:5e:00.0 sys_dev 18
[1755332997.194800] [eos0024:1808707:0]       ib_device.c:498  UCX  DEBUG mlx5_5: vendor_id 0x15b3 device_id 4129
[1755332997.197332] [eos0024:1808707:0]    ib_mlx5dv_md.c:3158 UCX  DEBUG mlx5_5: DC is supported
[1755332997.197342] [eos0024:1808707:0]           async.c:248  UCX  DEBUG added async handler 0x5555572f9010 [id=72 ref 1] uct_ib_async_event_handler() to hash
[1755332997.197345] [eos0024:1808707:0]           async.c:522  UCX  DEBUG listening to async event fd 72 events 0x1 mode thread_spinlock
[1755332997.197347] [eos0024:1808707:0]       ib_device.c:597  UCX  DEBUG initialized device 'mlx5_5' (InfiniBand channel adapter) with 1 ports
[1755332997.197350] [eos0024:1808707:0]           ib_md.c:1177 UCX  DEBUG mlx5_5: cuda GPUDirect RDMA is detected by checking /sys/kernel/mm/memory_peers/nv_mem/version
[1755332997.197352] [eos0024:1808707:0]           ib_md.c:1177 UCX  DEBUG mlx5_5: rocm GPUDirect RDMA is not detected by checking /dev/kfd
[1755332997.197355] [eos0024:1808707:0]           ib_md.c:1202 UCX  DEBUG mlx5_5: dmabuf is supported
[1755332997.197356] [eos0024:1808707:0]           ib_md.c:1161 UCX  DEBUG mlx5_5: relaxed order memory access is disabled
[1755332997.224048] [eos0024:1808707:0]           ib_md.c:1233 UCX  DEBUG mlx5_5: ODP is supported, version 1
[1755332997.224050] [eos0024:1808707:0]           ib_md.c:1031 UCX  DEBUG mlx5_5: md open by 'uct_ib_mlx5_md_ops' is successful
[1755332997.251018] [eos0024:1808707:0]     ucp_context.c:1648 UCX  DEBUG closing md mlx5_5 because it has no selected transport resources
[1755332997.251020] [eos0024:1808707:0]       ib_device.c:616  UCX  DEBUG destroying ib device mlx5_5
[1755332997.251022] [eos0024:1808707:0]           async.c:173  UCX  DEBUG removed async handler 0x5555572f9010 [id=72 ref 1] uct_ib_async_event_handler() from hash
[1755332997.251023] [eos0024:1808707:0]           async.c:576  UCX  DEBUG removing async handler 0x5555572f9010 [id=72 ref 1] uct_ib_async_event_handler()
[1755332997.251024] [eos0024:1808707:0]           async.c:188  UCX  DEBUG release async handler 0x5555572f9010 [id=72 ref 0] uct_ib_async_event_handler()
[1755332997.251921] [eos0024:1808707:0]    ib_mlx5dv_md.c:2484 UCX  DEBUG mlx5_6: DEVX is not supported
[1755332997.251922] [eos0024:1808707:0]           ib_md.c:1027 UCX  DEBUG mlx5_6: md open by 'uct_ib_mlx5_devx_md_ops' failed, trying next
[1755332997.256214] [eos0024:1808707:0]            topo.c:899  UCX  DEBUG /sys/class/infiniband/mlx5_6: PF sysfs path is '/sys/devices/pci0000:97/0000:97:01.0/0000:98:00.0/0000:99:00.0/0000:9a:00.0'
[1755332997.256216] [eos0024:1808707:0]            topo.c:552  UCX  DEBUG mlx5_6: bdf_name 0000:9a:00.0 sys_dev 9
[1755332997.256232] [eos0024:1808707:0]       ib_device.c:498  UCX  DEBUG mlx5_6: vendor_id 0x15b3 device_id 4129
[1755332997.258097] [eos0024:1808707:0]    ib_mlx5dv_md.c:3158 UCX  DEBUG mlx5_6: DC is supported
[1755332997.258107] [eos0024:1808707:0]           async.c:248  UCX  DEBUG added async handler 0x5555572f9010 [id=72 ref 1] uct_ib_async_event_handler() to hash
[1755332997.258111] [eos0024:1808707:0]           async.c:522  UCX  DEBUG listening to async event fd 72 events 0x1 mode thread_spinlock
[1755332997.258112] [eos0024:1808707:0]       ib_device.c:597  UCX  DEBUG initialized device 'mlx5_6' (InfiniBand channel adapter) with 1 ports
[1755332997.258115] [eos0024:1808707:0]           ib_md.c:1177 UCX  DEBUG mlx5_6: cuda GPUDirect RDMA is detected by checking /sys/kernel/mm/memory_peers/nv_mem/version
[1755332997.258118] [eos0024:1808707:0]           ib_md.c:1177 UCX  DEBUG mlx5_6: rocm GPUDirect RDMA is not detected by checking /dev/kfd
[1755332997.258121] [eos0024:1808707:0]           ib_md.c:1202 UCX  DEBUG mlx5_6: dmabuf is supported
[1755332997.258122] [eos0024:1808707:0]           ib_md.c:1161 UCX  DEBUG mlx5_6: relaxed order memory access is disabled
[1755332997.284290] [eos0024:1808707:0]           ib_md.c:1233 UCX  DEBUG mlx5_6: ODP is supported, version 1
[1755332997.284291] [eos0024:1808707:0]           ib_md.c:1031 UCX  DEBUG mlx5_6: md open by 'uct_ib_mlx5_md_ops' is successful
[1755332997.310944] [eos0024:1808707:0]     ucp_context.c:1648 UCX  DEBUG closing md mlx5_6 because it has no selected transport resources
[1755332997.310947] [eos0024:1808707:0]       ib_device.c:616  UCX  DEBUG destroying ib device mlx5_6
[1755332997.310948] [eos0024:1808707:0]           async.c:173  UCX  DEBUG removed async handler 0x5555572f9010 [id=72 ref 1] uct_ib_async_event_handler() from hash
[1755332997.310949] [eos0024:1808707:0]           async.c:576  UCX  DEBUG removing async handler 0x5555572f9010 [id=72 ref 1] uct_ib_async_event_handler()
[1755332997.310951] [eos0024:1808707:0]           async.c:188  UCX  DEBUG release async handler 0x5555572f9010 [id=72 ref 0] uct_ib_async_event_handler()
[1755332997.311622] [eos0024:1808707:0]    ib_mlx5dv_md.c:2484 UCX  DEBUG mlx5_9: DEVX is not supported
[1755332997.311623] [eos0024:1808707:0]           ib_md.c:1027 UCX  DEBUG mlx5_9: md open by 'uct_ib_mlx5_devx_md_ops' failed, trying next
[1755332997.316125] [eos0024:1808707:0]            topo.c:899  UCX  DEBUG /sys/class/infiniband/mlx5_9: PF sysfs path is '/sys/devices/pci0000:bd/0000:bd:01.0/0000:be:00.0/0000:bf:00.0/0000:c0:00.0'
[1755332997.316127] [eos0024:1808707:0]            topo.c:552  UCX  DEBUG mlx5_9: bdf_name 0000:c0:00.0 sys_dev 11
[1755332997.316134] [eos0024:1808707:0]       ib_device.c:498  UCX  DEBUG mlx5_9: vendor_id 0x15b3 device_id 4129
[1755332997.319372] [eos0024:1808707:0]    ib_mlx5dv_md.c:3158 UCX  DEBUG mlx5_9: DC is supported
[1755332997.319382] [eos0024:1808707:0]           async.c:248  UCX  DEBUG added async handler 0x5555572f9010 [id=72 ref 1] uct_ib_async_event_handler() to hash
[1755332997.319385] [eos0024:1808707:0]           async.c:522  UCX  DEBUG listening to async event fd 72 events 0x1 mode thread_spinlock
[1755332997.319386] [eos0024:1808707:0]       ib_device.c:597  UCX  DEBUG initialized device 'mlx5_9' (InfiniBand channel adapter) with 1 ports
[1755332997.319389] [eos0024:1808707:0]           ib_md.c:1177 UCX  DEBUG mlx5_9: cuda GPUDirect RDMA is detected by checking /sys/kernel/mm/memory_peers/nv_mem/version
[1755332997.319391] [eos0024:1808707:0]           ib_md.c:1177 UCX  DEBUG mlx5_9: rocm GPUDirect RDMA is not detected by checking /dev/kfd
[1755332997.319394] [eos0024:1808707:0]           ib_md.c:1202 UCX  DEBUG mlx5_9: dmabuf is supported
[1755332997.319395] [eos0024:1808707:0]           ib_md.c:1161 UCX  DEBUG mlx5_9: relaxed order memory access is disabled
[1755332997.344963] [eos0024:1808707:0]           ib_md.c:1233 UCX  DEBUG mlx5_9: ODP is supported, version 1
[1755332997.344964] [eos0024:1808707:0]           ib_md.c:1031 UCX  DEBUG mlx5_9: md open by 'uct_ib_mlx5_md_ops' is successful
[1755332997.371471] [eos0024:1808707:0]     ucp_context.c:1648 UCX  DEBUG closing md mlx5_9 because it has no selected transport resources
[1755332997.371474] [eos0024:1808707:0]       ib_device.c:616  UCX  DEBUG destroying ib device mlx5_9
[1755332997.371475] [eos0024:1808707:0]           async.c:173  UCX  DEBUG removed async handler 0x5555572f9010 [id=72 ref 1] uct_ib_async_event_handler() from hash
[1755332997.371476] [eos0024:1808707:0]           async.c:576  UCX  DEBUG removing async handler 0x5555572f9010 [id=72 ref 1] uct_ib_async_event_handler()
[1755332997.371478] [eos0024:1808707:0]           async.c:188  UCX  DEBUG release async handler 0x5555572f9010 [id=72 ref 0] uct_ib_async_event_handler()
[1755332997.372214] [eos0024:1808707:0]    ib_mlx5dv_md.c:2484 UCX  DEBUG mlx5_10: DEVX is not supported
[1755332997.372215] [eos0024:1808707:0]           ib_md.c:1027 UCX  DEBUG mlx5_10: md open by 'uct_ib_mlx5_devx_md_ops' failed, trying next
[1755332997.400113] [eos0024:1808707:0]            topo.c:899  UCX  DEBUG /sys/class/infiniband/mlx5_10: PF sysfs path is '/sys/devices/pci0000:cb/0000:cb:01.0/0000:cc:00.0/0000:cd:00.0/0000:ce:00.0'
[1755332997.400115] [eos0024:1808707:0]            topo.c:552  UCX  DEBUG mlx5_10: bdf_name 0000:ce:00.0 sys_dev 12
[1755332997.400122] [eos0024:1808707:0]       ib_device.c:498  UCX  DEBUG mlx5_10: vendor_id 0x15b3 device_id 4129
[1755332997.401697] [eos0024:1808707:0]    ib_mlx5dv_md.c:3158 UCX  DEBUG mlx5_10: DC is supported
[1755332997.401705] [eos0024:1808707:0]           async.c:248  UCX  DEBUG added async handler 0x5555572f9010 [id=72 ref 1] uct_ib_async_event_handler() to hash
[1755332997.401709] [eos0024:1808707:0]           async.c:522  UCX  DEBUG listening to async event fd 72 events 0x1 mode thread_spinlock
[1755332997.401710] [eos0024:1808707:0]       ib_device.c:597  UCX  DEBUG initialized device 'mlx5_10' (InfiniBand channel adapter) with 1 ports
[1755332997.401713] [eos0024:1808707:0]           ib_md.c:1177 UCX  DEBUG mlx5_10: cuda GPUDirect RDMA is detected by checking /sys/kernel/mm/memory_peers/nv_mem/version
[1755332997.401715] [eos0024:1808707:0]           ib_md.c:1177 UCX  DEBUG mlx5_10: rocm GPUDirect RDMA is not detected by checking /dev/kfd
[1755332997.401718] [eos0024:1808707:0]           ib_md.c:1202 UCX  DEBUG mlx5_10: dmabuf is supported
[1755332997.401719] [eos0024:1808707:0]           ib_md.c:1161 UCX  DEBUG mlx5_10: relaxed order memory access is disabled
[1755332997.406264] [eos0024:1808707:0]           ib_md.c:1233 UCX  DEBUG mlx5_10: ODP is supported, version 1
[1755332997.406266] [eos0024:1808707:0]           ib_md.c:1031 UCX  DEBUG mlx5_10: md open by 'uct_ib_mlx5_md_ops' is successful
[1755332997.432526] [eos0024:1808707:0]     ucp_context.c:1648 UCX  DEBUG closing md mlx5_10 because it has no selected transport resources
[1755332997.432529] [eos0024:1808707:0]       ib_device.c:616  UCX  DEBUG destroying ib device mlx5_10
[1755332997.432531] [eos0024:1808707:0]           async.c:173  UCX  DEBUG removed async handler 0x5555572f9010 [id=72 ref 1] uct_ib_async_event_handler() from hash
[1755332997.432531] [eos0024:1808707:0]           async.c:576  UCX  DEBUG removing async handler 0x5555572f9010 [id=72 ref 1] uct_ib_async_event_handler()
[1755332997.432533] [eos0024:1808707:0]           async.c:188  UCX  DEBUG release async handler 0x5555572f9010 [id=72 ref 0] uct_ib_async_event_handler()
[1755332997.433160] [eos0024:1808707:0]    ib_mlx5dv_md.c:2484 UCX  DEBUG mlx5_11: DEVX is not supported
[1755332997.433161] [eos0024:1808707:0]           ib_md.c:1027 UCX  DEBUG mlx5_11: md open by 'uct_ib_mlx5_devx_md_ops' failed, trying next
[1755332997.437207] [eos0024:1808707:0]            topo.c:899  UCX  DEBUG /sys/class/infiniband/mlx5_11: PF sysfs path is '/sys/devices/pci0000:d9/0000:d9:01.0/0000:da:00.0/0000:db:00.0/0000:dc:00.0'
[1755332997.437210] [eos0024:1808707:0]            topo.c:552  UCX  DEBUG mlx5_11: bdf_name 0000:dc:00.0 sys_dev 13
[1755332997.437217] [eos0024:1808707:0]       ib_device.c:498  UCX  DEBUG mlx5_11: vendor_id 0x15b3 device_id 4129
[1755332997.439944] [eos0024:1808707:0]    ib_mlx5dv_md.c:3158 UCX  DEBUG mlx5_11: DC is supported
[1755332997.439955] [eos0024:1808707:0]           async.c:248  UCX  DEBUG added async handler 0x5555572f9010 [id=72 ref 1] uct_ib_async_event_handler() to hash
[1755332997.439958] [eos0024:1808707:0]           async.c:522  UCX  DEBUG listening to async event fd 72 events 0x1 mode thread_spinlock
[1755332997.439959] [eos0024:1808707:0]       ib_device.c:597  UCX  DEBUG initialized device 'mlx5_11' (InfiniBand channel adapter) with 1 ports
[1755332997.439963] [eos0024:1808707:0]           ib_md.c:1177 UCX  DEBUG mlx5_11: cuda GPUDirect RDMA is detected by checking /sys/kernel/mm/memory_peers/nv_mem/version
[1755332997.439965] [eos0024:1808707:0]           ib_md.c:1177 UCX  DEBUG mlx5_11: rocm GPUDirect RDMA is not detected by checking /dev/kfd
[1755332997.439969] [eos0024:1808707:0]           ib_md.c:1202 UCX  DEBUG mlx5_11: dmabuf is supported
[1755332997.439970] [eos0024:1808707:0]           ib_md.c:1161 UCX  DEBUG mlx5_11: relaxed order memory access is disabled
[1755332997.466948] [eos0024:1808707:0]           ib_md.c:1233 UCX  DEBUG mlx5_11: ODP is supported, version 1
[1755332997.466949] [eos0024:1808707:0]           ib_md.c:1031 UCX  DEBUG mlx5_11: md open by 'uct_ib_mlx5_md_ops' is successful
[1755332997.493795] [eos0024:1808707:0]     ucp_context.c:1648 UCX  DEBUG closing md mlx5_11 because it has no selected transport resources
[1755332997.493798] [eos0024:1808707:0]       ib_device.c:616  UCX  DEBUG destroying ib device mlx5_11
[1755332997.493800] [eos0024:1808707:0]           async.c:173  UCX  DEBUG removed async handler 0x5555572f9010 [id=72 ref 1] uct_ib_async_event_handler() from hash
[1755332997.493801] [eos0024:1808707:0]           async.c:576  UCX  DEBUG removing async handler 0x5555572f9010 [id=72 ref 1] uct_ib_async_event_handler()
[1755332997.493802] [eos0024:1808707:0]           async.c:188  UCX  DEBUG release async handler 0x5555572f9010 [id=72 ref 0] uct_ib_async_event_handler()
[1755332997.500098] [eos0024:1808707:0]            topo.c:899  UCX  DEBUG /sys/class/infiniband/mlx5_0: PF sysfs path is '/sys/devices/pci0000:15/0000:15:01.0/0000:16:00.0/0000:17:00.0/0000:18:00.0'
[1755332997.500100] [eos0024:1808707:0]            topo.c:552  UCX  DEBUG mlx5_0: bdf_name 0000:18:00.0 sys_dev 14
[1755332997.500108] [eos0024:1808707:0]       ib_device.c:498  UCX  DEBUG mlx5_0: vendor_id 0x15b3 device_id 4129
[1755332997.500832] [eos0024:1808707:0]    ib_mlx5dv_md.c:1875 UCX  DEBUG mlx5_0: cross gvmi alias mkey is supported
[1755332997.500833] [eos0024:1808707:0]    ib_mlx5dv_md.c:1925 UCX  DEBUG mlx5_0: mkey_by_name_reserve is not supported
[1755332997.500834] [eos0024:1808707:0]    ib_mlx5dv_md.c:1910 UCX  DEBUG mlx5_0: dp_ordering support: force=1 ooo_rw_rc=1 ooo_rw_dc=1
[1755332997.500978] [eos0024:1808707:0]    ib_mlx5dv_md.c:1705 UCX  DEBUG mlx5_0: ODP is disabled because version 1 is not supported for DevX QP
[1755332997.501124] [eos0024:1808707:0]           async.c:248  UCX  DEBUG added async handler 0x5555572f9010 [id=72 ref 1] uct_ib_async_event_handler() to hash
[1755332997.501128] [eos0024:1808707:0]           async.c:522  UCX  DEBUG listening to async event fd 72 events 0x1 mode thread_spinlock
[1755332997.501129] [eos0024:1808707:0]       ib_device.c:597  UCX  DEBUG initialized device 'mlx5_0' (InfiniBand channel adapter) with 1 ports
[1755332997.501132] [eos0024:1808707:0]           ib_md.c:1177 UCX  DEBUG mlx5_0: cuda GPUDirect RDMA is detected by checking /sys/kernel/mm/memory_peers/nv_mem/version
[1755332997.501134] [eos0024:1808707:0]           ib_md.c:1177 UCX  DEBUG mlx5_0: rocm GPUDirect RDMA is not detected by checking /dev/kfd
[1755332997.501137] [eos0024:1808707:0]           ib_md.c:1202 UCX  DEBUG mlx5_0: dmabuf is supported
[1755332997.501139] [eos0024:1808707:0]           mpool.c:138  UCX  DEBUG mpool devx dbrec: align 64, maxelems 4294967295, elemsize 40
[1755332997.501388] [eos0024:1808707:0]    ib_mlx5dv_md.c:2423 UCX  DEBUG mlx5_0: opened DEVX md log_max_qp=17
[1755332997.501965] [eos0024:1808707:0]    ib_mlx5dv_md.c:126  UCX  DEBUG mlx5_0: KSM dm memory registration status "Success" range 0x7fffcdab5000..0x7fffcdab5020 iova 0x0 mkey_index 0x0
[1755332997.502364] [eos0024:1808707:0]    ib_mlx5dv_md.c:96   UCX  DEBUG mlx5_0: mlx5dv_devx_obj_create(CREATE_MKEY, mode=KSM, start_addr=0x7fffcdab5000 length=32) failed, syndrome 0x45d3a4: Remote I/O error
[1755332997.502366] [eos0024:1808707:0]    ib_mlx5dv_md.c:126  UCX  DEBUG mlx5_0: KSM atomic-key memory registration status "Unsupported operation" range (nil)..0x20 iova 0x7fffcdab5000 atomic mkey_index 0x0
[1755332997.502777] [eos0024:1808707:0]           ib_md.c:1161 UCX  DEBUG mlx5_0: relaxed order memory access is disabled
[1755332997.503052] [eos0024:1808707:0]    ib_mlx5dv_md.c:126  UCX  DEBUG mlx5_0: KSM flush-mr memory registration status "Success" range 0x5555572f6000..0x5555572f6008 iova 0x0 mkey_index 0x0
[1755332997.503067] [eos0024:1808707:0]          uct_md.c:96   UCX  DEBUG failed to query gga_mlx5 resources: No such device
[1755332997.503068] [eos0024:1808707:0]     ucp_context.c:1188 UCX  DEBUG No tl resources found for md mlx5_0
[1755332997.503068] [eos0024:1808707:0]     ucp_context.c:1648 UCX  DEBUG closing md mlx5_0 because it has no selected transport resources
[1755332997.503071] [eos0024:1808707:0]    ib_mlx5dv_md.c:2496 UCX  DEBUG mlx5_0: md=0x5555572f3c70 md->flags=0x3fb3f7f flush_rkey=0x1f600
[1755332997.503478] [eos0024:1808707:0]           mpool.c:194  UCX  DEBUG mpool devx dbrec destroyed
[1755332997.503479] [eos0024:1808707:0]       ib_device.c:616  UCX  DEBUG destroying ib device mlx5_0
[1755332997.503480] [eos0024:1808707:0]           async.c:173  UCX  DEBUG removed async handler 0x5555572f9010 [id=72 ref 1] uct_ib_async_event_handler() from hash
[1755332997.503481] [eos0024:1808707:0]           async.c:576  UCX  DEBUG removing async handler 0x5555572f9010 [id=72 ref 1] uct_ib_async_event_handler()
[1755332997.503483] [eos0024:1808707:0]           async.c:188  UCX  DEBUG release async handler 0x5555572f9010 [id=72 ref 0] uct_ib_async_event_handler()
[1755332997.509255] [eos0024:1808707:0]            topo.c:899  UCX  DEBUG /sys/class/infiniband/mlx5_3: PF sysfs path is '/sys/devices/pci0000:3d/0000:3d:01.0/0000:3e:00.0/0000:3f:00.0/0000:40:00.0'
[1755332997.509258] [eos0024:1808707:0]            topo.c:552  UCX  DEBUG mlx5_3: bdf_name 0000:40:00.0 sys_dev 16
[1755332997.509269] [eos0024:1808707:0]       ib_device.c:498  UCX  DEBUG mlx5_3: vendor_id 0x15b3 device_id 4129
[1755332997.509970] [eos0024:1808707:0]    ib_mlx5dv_md.c:1875 UCX  DEBUG mlx5_3: cross gvmi alias mkey is supported
[1755332997.509970] [eos0024:1808707:0]    ib_mlx5dv_md.c:1925 UCX  DEBUG mlx5_3: mkey_by_name_reserve is not supported
[1755332997.509971] [eos0024:1808707:0]    ib_mlx5dv_md.c:1910 UCX  DEBUG mlx5_3: dp_ordering support: force=1 ooo_rw_rc=1 ooo_rw_dc=1
[1755332997.510166] [eos0024:1808707:0]    ib_mlx5dv_md.c:1705 UCX  DEBUG mlx5_3: ODP is disabled because version 1 is not supported for DevX QP
[1755332997.510350] [eos0024:1808707:0]           async.c:248  UCX  DEBUG added async handler 0x5555572f9010 [id=72 ref 1] uct_ib_async_event_handler() to hash
[1755332997.510353] [eos0024:1808707:0]           async.c:522  UCX  DEBUG listening to async event fd 72 events 0x1 mode thread_spinlock
[1755332997.510354] [eos0024:1808707:0]       ib_device.c:597  UCX  DEBUG initialized device 'mlx5_3' (InfiniBand channel adapter) with 1 ports
[1755332997.510359] [eos0024:1808707:0]           ib_md.c:1177 UCX  DEBUG mlx5_3: cuda GPUDirect RDMA is detected by checking /sys/kernel/mm/memory_peers/nv_mem/version
[1755332997.510361] [eos0024:1808707:0]           ib_md.c:1177 UCX  DEBUG mlx5_3: rocm GPUDirect RDMA is not detected by checking /dev/kfd
[1755332997.510364] [eos0024:1808707:0]           ib_md.c:1202 UCX  DEBUG mlx5_3: dmabuf is supported
[1755332997.510366] [eos0024:1808707:0]           mpool.c:138  UCX  DEBUG mpool devx dbrec: align 64, maxelems 4294967295, elemsize 40
[1755332997.510613] [eos0024:1808707:0]    ib_mlx5dv_md.c:2423 UCX  DEBUG mlx5_3: opened DEVX md log_max_qp=17
[1755332997.511165] [eos0024:1808707:0]    ib_mlx5dv_md.c:126  UCX  DEBUG mlx5_3: KSM dm memory registration status "Success" range 0x7fffcdab5000..0x7fffcdab5020 iova 0x0 mkey_index 0x0
[1755332997.511650] [eos0024:1808707:0]    ib_mlx5dv_md.c:96   UCX  DEBUG mlx5_3: mlx5dv_devx_obj_create(CREATE_MKEY, mode=KSM, start_addr=0x7fffcdab5000 length=32) failed, syndrome 0x45d3a4: Remote I/O error
[1755332997.511651] [eos0024:1808707:0]    ib_mlx5dv_md.c:126  UCX  DEBUG mlx5_3: KSM atomic-key memory registration status "Unsupported operation" range (nil)..0x20 iova 0x7fffcdab5000 atomic mkey_index 0x0
[1755332997.512136] [eos0024:1808707:0]           ib_md.c:1161 UCX  DEBUG mlx5_3: relaxed order memory access is disabled
[1755332997.512421] [eos0024:1808707:0]    ib_mlx5dv_md.c:126  UCX  DEBUG mlx5_3: KSM flush-mr memory registration status "Success" range 0x5555572f6000..0x5555572f6008 iova 0x0 mkey_index 0x0
[1755332997.512436] [eos0024:1808707:0]          uct_md.c:96   UCX  DEBUG failed to query gga_mlx5 resources: No such device
[1755332997.512436] [eos0024:1808707:0]     ucp_context.c:1188 UCX  DEBUG No tl resources found for md mlx5_3
[1755332997.512437] [eos0024:1808707:0]     ucp_context.c:1648 UCX  DEBUG closing md mlx5_3 because it has no selected transport resources
[1755332997.512440] [eos0024:1808707:0]    ib_mlx5dv_md.c:2496 UCX  DEBUG mlx5_3: md=0x5555572f3c70 md->flags=0x3fb3f7f flush_rkey=0x1c600
[1755332997.512767] [eos0024:1808707:0]           mpool.c:194  UCX  DEBUG mpool devx dbrec destroyed
[1755332997.512768] [eos0024:1808707:0]       ib_device.c:616  UCX  DEBUG destroying ib device mlx5_3
[1755332997.512769] [eos0024:1808707:0]           async.c:173  UCX  DEBUG removed async handler 0x5555572f9010 [id=72 ref 1] uct_ib_async_event_handler() from hash
[1755332997.512770] [eos0024:1808707:0]           async.c:576  UCX  DEBUG removing async handler 0x5555572f9010 [id=72 ref 1] uct_ib_async_event_handler()
[1755332997.512772] [eos0024:1808707:0]           async.c:188  UCX  DEBUG release async handler 0x5555572f9010 [id=72 ref 0] uct_ib_async_event_handler()
[1755332997.518388] [eos0024:1808707:0]            topo.c:899  UCX  DEBUG /sys/class/infiniband/mlx5_4: PF sysfs path is '/sys/devices/pci0000:4c/0000:4c:01.0/0000:4d:00.0/0000:4e:00.0/0000:4f:00.0'
[1755332997.518390] [eos0024:1808707:0]            topo.c:552  UCX  DEBUG mlx5_4: bdf_name 0000:4f:00.0 sys_dev 17
[1755332997.518398] [eos0024:1808707:0]       ib_device.c:498  UCX  DEBUG mlx5_4: vendor_id 0x15b3 device_id 4129
[1755332997.519039] [eos0024:1808707:0]    ib_mlx5dv_md.c:1875 UCX  DEBUG mlx5_4: cross gvmi alias mkey is supported
[1755332997.519040] [eos0024:1808707:0]    ib_mlx5dv_md.c:1925 UCX  DEBUG mlx5_4: mkey_by_name_reserve is not supported
[1755332997.519041] [eos0024:1808707:0]    ib_mlx5dv_md.c:1910 UCX  DEBUG mlx5_4: dp_ordering support: force=1 ooo_rw_rc=1 ooo_rw_dc=1
[1755332997.519232] [eos0024:1808707:0]    ib_mlx5dv_md.c:1705 UCX  DEBUG mlx5_4: ODP is disabled because version 1 is not supported for DevX QP
[1755332997.519410] [eos0024:1808707:0]           async.c:248  UCX  DEBUG added async handler 0x5555572f2c30 [id=72 ref 1] uct_ib_async_event_handler() to hash
[1755332997.519414] [eos0024:1808707:0]           async.c:522  UCX  DEBUG listening to async event fd 72 events 0x1 mode thread_spinlock
[1755332997.519415] [eos0024:1808707:0]       ib_device.c:597  UCX  DEBUG initialized device 'mlx5_4' (InfiniBand channel adapter) with 1 ports
[1755332997.519418] [eos0024:1808707:0]           ib_md.c:1177 UCX  DEBUG mlx5_4: cuda GPUDirect RDMA is detected by checking /sys/kernel/mm/memory_peers/nv_mem/version
[1755332997.519420] [eos0024:1808707:0]           ib_md.c:1177 UCX  DEBUG mlx5_4: rocm GPUDirect RDMA is not detected by checking /dev/kfd
[1755332997.519423] [eos0024:1808707:0]           ib_md.c:1202 UCX  DEBUG mlx5_4: dmabuf is supported
[1755332997.519424] [eos0024:1808707:0]           mpool.c:138  UCX  DEBUG mpool devx dbrec: align 64, maxelems 4294967295, elemsize 40
[1755332997.519629] [eos0024:1808707:0]    ib_mlx5dv_md.c:2423 UCX  DEBUG mlx5_4: opened DEVX md log_max_qp=17
[1755332997.520144] [eos0024:1808707:0]    ib_mlx5dv_md.c:126  UCX  DEBUG mlx5_4: KSM dm memory registration status "Success" range 0x7fffcdab5000..0x7fffcdab5020 iova 0x0 mkey_index 0x0
[1755332997.520549] [eos0024:1808707:0]    ib_mlx5dv_md.c:96   UCX  DEBUG mlx5_4: mlx5dv_devx_obj_create(CREATE_MKEY, mode=KSM, start_addr=0x7fffcdab5000 length=32) failed, syndrome 0x45d3a4: Remote I/O error
[1755332997.520551] [eos0024:1808707:0]    ib_mlx5dv_md.c:126  UCX  DEBUG mlx5_4: KSM atomic-key memory registration status "Unsupported operation" range (nil)..0x20 iova 0x7fffcdab5000 atomic mkey_index 0x0
[1755332997.521043] [eos0024:1808707:0]           ib_md.c:1161 UCX  DEBUG mlx5_4: relaxed order memory access is disabled
[1755332997.521343] [eos0024:1808707:0]    ib_mlx5dv_md.c:126  UCX  DEBUG mlx5_4: KSM flush-mr memory registration status "Success" range 0x5555572f6000..0x5555572f6008 iova 0x0 mkey_index 0x0
[1755332997.521357] [eos0024:1808707:0]          uct_md.c:96   UCX  DEBUG failed to query gga_mlx5 resources: No such device
[1755332997.521358] [eos0024:1808707:0]     ucp_context.c:1188 UCX  DEBUG No tl resources found for md mlx5_4
[1755332997.521358] [eos0024:1808707:0]     ucp_context.c:1648 UCX  DEBUG closing md mlx5_4 because it has no selected transport resources
[1755332997.521361] [eos0024:1808707:0]    ib_mlx5dv_md.c:2496 UCX  DEBUG mlx5_4: md=0x5555572f3c70 md->flags=0x3fb3f7f flush_rkey=0x20700
[1755332997.521652] [eos0024:1808707:0]           mpool.c:194  UCX  DEBUG mpool devx dbrec destroyed
[1755332997.521653] [eos0024:1808707:0]       ib_device.c:616  UCX  DEBUG destroying ib device mlx5_4
[1755332997.521654] [eos0024:1808707:0]           async.c:173  UCX  DEBUG removed async handler 0x5555572f2c30 [id=72 ref 1] uct_ib_async_event_handler() from hash
[1755332997.521655] [eos0024:1808707:0]           async.c:576  UCX  DEBUG removing async handler 0x5555572f2c30 [id=72 ref 1] uct_ib_async_event_handler()
[1755332997.521657] [eos0024:1808707:0]           async.c:188  UCX  DEBUG release async handler 0x5555572f2c30 [id=72 ref 0] uct_ib_async_event_handler()
[1755332997.527399] [eos0024:1808707:0]            topo.c:899  UCX  DEBUG /sys/class/infiniband/mlx5_5: PF sysfs path is '/sys/devices/pci0000:5b/0000:5b:01.0/0000:5c:00.0/0000:5d:00.0/0000:5e:00.0'
[1755332997.527401] [eos0024:1808707:0]            topo.c:552  UCX  DEBUG mlx5_5: bdf_name 0000:5e:00.0 sys_dev 18
[1755332997.527409] [eos0024:1808707:0]       ib_device.c:498  UCX  DEBUG mlx5_5: vendor_id 0x15b3 device_id 4129
[1755332997.528071] [eos0024:1808707:0]    ib_mlx5dv_md.c:1875 UCX  DEBUG mlx5_5: cross gvmi alias mkey is supported
[1755332997.528071] [eos0024:1808707:0]    ib_mlx5dv_md.c:1925 UCX  DEBUG mlx5_5: mkey_by_name_reserve is not supported
[1755332997.528072] [eos0024:1808707:0]    ib_mlx5dv_md.c:1910 UCX  DEBUG mlx5_5: dp_ordering support: force=1 ooo_rw_rc=1 ooo_rw_dc=1
[1755332997.528237] [eos0024:1808707:0]    ib_mlx5dv_md.c:1705 UCX  DEBUG mlx5_5: ODP is disabled because version 1 is not supported for DevX QP
[1755332997.528425] [eos0024:1808707:0]           async.c:248  UCX  DEBUG added async handler 0x5555572f2540 [id=72 ref 1] uct_ib_async_event_handler() to hash
[1755332997.528429] [eos0024:1808707:0]           async.c:522  UCX  DEBUG listening to async event fd 72 events 0x1 mode thread_spinlock
[1755332997.528430] [eos0024:1808707:0]       ib_device.c:597  UCX  DEBUG initialized device 'mlx5_5' (InfiniBand channel adapter) with 1 ports
[1755332997.528435] [eos0024:1808707:0]           ib_md.c:1177 UCX  DEBUG mlx5_5: cuda GPUDirect RDMA is detected by checking /sys/kernel/mm/memory_peers/nv_mem/version
[1755332997.528437] [eos0024:1808707:0]           ib_md.c:1177 UCX  DEBUG mlx5_5: rocm GPUDirect RDMA is not detected by checking /dev/kfd
[1755332997.528441] [eos0024:1808707:0]           ib_md.c:1202 UCX  DEBUG mlx5_5: dmabuf is supported
[1755332997.528442] [eos0024:1808707:0]           mpool.c:138  UCX  DEBUG mpool devx dbrec: align 64, maxelems 4294967295, elemsize 40
[1755332997.528638] [eos0024:1808707:0]    ib_mlx5dv_md.c:2423 UCX  DEBUG mlx5_5: opened DEVX md log_max_qp=17
[1755332997.529134] [eos0024:1808707:0]    ib_mlx5dv_md.c:126  UCX  DEBUG mlx5_5: KSM dm memory registration status "Success" range 0x7fffcdab5000..0x7fffcdab5020 iova 0x0 mkey_index 0x0
[1755332997.529614] [eos0024:1808707:0]    ib_mlx5dv_md.c:96   UCX  DEBUG mlx5_5: mlx5dv_devx_obj_create(CREATE_MKEY, mode=KSM, start_addr=0x7fffcdab5000 length=32) failed, syndrome 0x45d3a4: Remote I/O error
[1755332997.529615] [eos0024:1808707:0]    ib_mlx5dv_md.c:126  UCX  DEBUG mlx5_5: KSM atomic-key memory registration status "Unsupported operation" range (nil)..0x20 iova 0x7fffcdab5000 atomic mkey_index 0x0
[1755332997.529995] [eos0024:1808707:0]           ib_md.c:1161 UCX  DEBUG mlx5_5: relaxed order memory access is disabled
[1755332997.530232] [eos0024:1808707:0]    ib_mlx5dv_md.c:126  UCX  DEBUG mlx5_5: KSM flush-mr memory registration status "Success" range 0x5555572f6000..0x5555572f6008 iova 0x0 mkey_index 0x0
[1755332997.530246] [eos0024:1808707:0]          uct_md.c:96   UCX  DEBUG failed to query gga_mlx5 resources: No such device
[1755332997.530247] [eos0024:1808707:0]     ucp_context.c:1188 UCX  DEBUG No tl resources found for md mlx5_5
[1755332997.530247] [eos0024:1808707:0]     ucp_context.c:1648 UCX  DEBUG closing md mlx5_5 because it has no selected transport resources
[1755332997.530250] [eos0024:1808707:0]    ib_mlx5dv_md.c:2496 UCX  DEBUG mlx5_5: md=0x5555572f3860 md->flags=0x3fb3f7f flush_rkey=0x1a400
[1755332997.530529] [eos0024:1808707:0]           mpool.c:194  UCX  DEBUG mpool devx dbrec destroyed
[1755332997.530530] [eos0024:1808707:0]       ib_device.c:616  UCX  DEBUG destroying ib device mlx5_5
[1755332997.530532] [eos0024:1808707:0]           async.c:173  UCX  DEBUG removed async handler 0x5555572f2540 [id=72 ref 1] uct_ib_async_event_handler() from hash
[1755332997.530532] [eos0024:1808707:0]           async.c:576  UCX  DEBUG removing async handler 0x5555572f2540 [id=72 ref 1] uct_ib_async_event_handler()
[1755332997.530534] [eos0024:1808707:0]           async.c:188  UCX  DEBUG release async handler 0x5555572f2540 [id=72 ref 0] uct_ib_async_event_handler()
[1755332997.536027] [eos0024:1808707:0]            topo.c:899  UCX  DEBUG /sys/class/infiniband/mlx5_6: PF sysfs path is '/sys/devices/pci0000:97/0000:97:01.0/0000:98:00.0/0000:99:00.0/0000:9a:00.0'
[1755332997.536029] [eos0024:1808707:0]            topo.c:552  UCX  DEBUG mlx5_6: bdf_name 0000:9a:00.0 sys_dev 9
[1755332997.536037] [eos0024:1808707:0]       ib_device.c:498  UCX  DEBUG mlx5_6: vendor_id 0x15b3 device_id 4129
[1755332997.536591] [eos0024:1808707:0]    ib_mlx5dv_md.c:1875 UCX  DEBUG mlx5_6: cross gvmi alias mkey is supported
[1755332997.536592] [eos0024:1808707:0]    ib_mlx5dv_md.c:1925 UCX  DEBUG mlx5_6: mkey_by_name_reserve is not supported
[1755332997.536593] [eos0024:1808707:0]    ib_mlx5dv_md.c:1910 UCX  DEBUG mlx5_6: dp_ordering support: force=1 ooo_rw_rc=1 ooo_rw_dc=1
[1755332997.536766] [eos0024:1808707:0]    ib_mlx5dv_md.c:1705 UCX  DEBUG mlx5_6: ODP is disabled because version 1 is not supported for DevX QP
[1755332997.536963] [eos0024:1808707:0]           async.c:248  UCX  DEBUG added async handler 0x5555572f2c30 [id=72 ref 1] uct_ib_async_event_handler() to hash
[1755332997.536966] [eos0024:1808707:0]           async.c:522  UCX  DEBUG listening to async event fd 72 events 0x1 mode thread_spinlock
[1755332997.536967] [eos0024:1808707:0]       ib_device.c:597  UCX  DEBUG initialized device 'mlx5_6' (InfiniBand channel adapter) with 1 ports
[1755332997.536971] [eos0024:1808707:0]           ib_md.c:1177 UCX  DEBUG mlx5_6: cuda GPUDirect RDMA is detected by checking /sys/kernel/mm/memory_peers/nv_mem/version
[1755332997.536973] [eos0024:1808707:0]           ib_md.c:1177 UCX  DEBUG mlx5_6: rocm GPUDirect RDMA is not detected by checking /dev/kfd
[1755332997.536976] [eos0024:1808707:0]           ib_md.c:1202 UCX  DEBUG mlx5_6: dmabuf is supported
[1755332997.536978] [eos0024:1808707:0]           mpool.c:138  UCX  DEBUG mpool devx dbrec: align 64, maxelems 4294967295, elemsize 40
[1755332997.537166] [eos0024:1808707:0]    ib_mlx5dv_md.c:2423 UCX  DEBUG mlx5_6: opened DEVX md log_max_qp=17
[1755332997.537654] [eos0024:1808707:0]    ib_mlx5dv_md.c:126  UCX  DEBUG mlx5_6: KSM dm memory registration status "Success" range 0x7fffcdab5000..0x7fffcdab5020 iova 0x0 mkey_index 0x0
[1755332997.538013] [eos0024:1808707:0]    ib_mlx5dv_md.c:96   UCX  DEBUG mlx5_6: mlx5dv_devx_obj_create(CREATE_MKEY, mode=KSM, start_addr=0x7fffcdab5000 length=32) failed, syndrome 0x45d3a4: Remote I/O error
[1755332997.538015] [eos0024:1808707:0]    ib_mlx5dv_md.c:126  UCX  DEBUG mlx5_6: KSM atomic-key memory registration status "Unsupported operation" range (nil)..0x20 iova 0x7fffcdab5000 atomic mkey_index 0x0
[1755332997.538467] [eos0024:1808707:0]           ib_md.c:1161 UCX  DEBUG mlx5_6: relaxed order memory access is disabled
[1755332997.538699] [eos0024:1808707:0]    ib_mlx5dv_md.c:126  UCX  DEBUG mlx5_6: KSM flush-mr memory registration status "Success" range 0x5555572f6000..0x5555572f6008 iova 0x0 mkey_index 0x0
[1755332997.538713] [eos0024:1808707:0]          uct_md.c:96   UCX  DEBUG failed to query gga_mlx5 resources: No such device
[1755332997.538714] [eos0024:1808707:0]     ucp_context.c:1188 UCX  DEBUG No tl resources found for md mlx5_6
[1755332997.538715] [eos0024:1808707:0]     ucp_context.c:1648 UCX  DEBUG closing md mlx5_6 because it has no selected transport resources
[1755332997.538718] [eos0024:1808707:0]    ib_mlx5dv_md.c:2496 UCX  DEBUG mlx5_6: md=0x5555572f3c70 md->flags=0x3fb3f7f flush_rkey=0x1ae00
[1755332997.538980] [eos0024:1808707:0]           mpool.c:194  UCX  DEBUG mpool devx dbrec destroyed
[1755332997.538981] [eos0024:1808707:0]       ib_device.c:616  UCX  DEBUG destroying ib device mlx5_6
[1755332997.538982] [eos0024:1808707:0]           async.c:173  UCX  DEBUG removed async handler 0x5555572f2c30 [id=72 ref 1] uct_ib_async_event_handler() from hash
[1755332997.538983] [eos0024:1808707:0]           async.c:576  UCX  DEBUG removing async handler 0x5555572f2c30 [id=72 ref 1] uct_ib_async_event_handler()
[1755332997.538985] [eos0024:1808707:0]           async.c:188  UCX  DEBUG release async handler 0x5555572f2c30 [id=72 ref 0] uct_ib_async_event_handler()
[1755332997.544424] [eos0024:1808707:0]            topo.c:899  UCX  DEBUG /sys/class/infiniband/mlx5_9: PF sysfs path is '/sys/devices/pci0000:bd/0000:bd:01.0/0000:be:00.0/0000:bf:00.0/0000:c0:00.0'
[1755332997.544425] [eos0024:1808707:0]            topo.c:552  UCX  DEBUG mlx5_9: bdf_name 0000:c0:00.0 sys_dev 11
[1755332997.544433] [eos0024:1808707:0]       ib_device.c:498  UCX  DEBUG mlx5_9: vendor_id 0x15b3 device_id 4129
[1755332997.545055] [eos0024:1808707:0]    ib_mlx5dv_md.c:1875 UCX  DEBUG mlx5_9: cross gvmi alias mkey is supported
[1755332997.545056] [eos0024:1808707:0]    ib_mlx5dv_md.c:1925 UCX  DEBUG mlx5_9: mkey_by_name_reserve is not supported
[1755332997.545056] [eos0024:1808707:0]    ib_mlx5dv_md.c:1910 UCX  DEBUG mlx5_9: dp_ordering support: force=1 ooo_rw_rc=1 ooo_rw_dc=1
[1755332997.545212] [eos0024:1808707:0]    ib_mlx5dv_md.c:1705 UCX  DEBUG mlx5_9: ODP is disabled because version 1 is not supported for DevX QP
[1755332997.545400] [eos0024:1808707:0]           async.c:248  UCX  DEBUG added async handler 0x5555572f2540 [id=72 ref 1] uct_ib_async_event_handler() to hash
[1755332997.545403] [eos0024:1808707:0]           async.c:522  UCX  DEBUG listening to async event fd 72 events 0x1 mode thread_spinlock
[1755332997.545404] [eos0024:1808707:0]       ib_device.c:597  UCX  DEBUG initialized device 'mlx5_9' (InfiniBand channel adapter) with 1 ports
[1755332997.545408] [eos0024:1808707:0]           ib_md.c:1177 UCX  DEBUG mlx5_9: cuda GPUDirect RDMA is detected by checking /sys/kernel/mm/memory_peers/nv_mem/version
[1755332997.545410] [eos0024:1808707:0]           ib_md.c:1177 UCX  DEBUG mlx5_9: rocm GPUDirect RDMA is not detected by checking /dev/kfd
[1755332997.545413] [eos0024:1808707:0]           ib_md.c:1202 UCX  DEBUG mlx5_9: dmabuf is supported
[1755332997.545420] [eos0024:1808707:0]           mpool.c:138  UCX  DEBUG mpool devx dbrec: align 64, maxelems 4294967295, elemsize 40
[1755332997.545600] [eos0024:1808707:0]    ib_mlx5dv_md.c:2423 UCX  DEBUG mlx5_9: opened DEVX md log_max_qp=17
[1755332997.546014] [eos0024:1808707:0]    ib_mlx5dv_md.c:126  UCX  DEBUG mlx5_9: KSM dm memory registration status "Success" range 0x7fffcdab5000..0x7fffcdab5020 iova 0x0 mkey_index 0x0
[1755332997.546496] [eos0024:1808707:0]    ib_mlx5dv_md.c:96   UCX  DEBUG mlx5_9: mlx5dv_devx_obj_create(CREATE_MKEY, mode=KSM, start_addr=0x7fffcdab5000 length=32) failed, syndrome 0x45d3a4: Remote I/O error
[1755332997.546498] [eos0024:1808707:0]    ib_mlx5dv_md.c:126  UCX  DEBUG mlx5_9: KSM atomic-key memory registration status "Unsupported operation" range (nil)..0x20 iova 0x7fffcdab5000 atomic mkey_index 0x0
[1755332997.546905] [eos0024:1808707:0]           ib_md.c:1161 UCX  DEBUG mlx5_9: relaxed order memory access is disabled
[1755332997.547144] [eos0024:1808707:0]    ib_mlx5dv_md.c:126  UCX  DEBUG mlx5_9: KSM flush-mr memory registration status "Success" range 0x5555572f6000..0x5555572f6008 iova 0x0 mkey_index 0x0
[1755332997.547157] [eos0024:1808707:0]          uct_md.c:96   UCX  DEBUG failed to query gga_mlx5 resources: No such device
[1755332997.547158] [eos0024:1808707:0]     ucp_context.c:1188 UCX  DEBUG No tl resources found for md mlx5_9
[1755332997.547159] [eos0024:1808707:0]     ucp_context.c:1648 UCX  DEBUG closing md mlx5_9 because it has no selected transport resources
[1755332997.547162] [eos0024:1808707:0]    ib_mlx5dv_md.c:2496 UCX  DEBUG mlx5_9: md=0x5555572f3860 md->flags=0x3fb3f7f flush_rkey=0x1fe00
[1755332997.547504] [eos0024:1808707:0]           mpool.c:194  UCX  DEBUG mpool devx dbrec destroyed
[1755332997.547505] [eos0024:1808707:0]       ib_device.c:616  UCX  DEBUG destroying ib device mlx5_9
[1755332997.547506] [eos0024:1808707:0]           async.c:173  UCX  DEBUG removed async handler 0x5555572f2540 [id=72 ref 1] uct_ib_async_event_handler() from hash
[1755332997.547507] [eos0024:1808707:0]           async.c:576  UCX  DEBUG removing async handler 0x5555572f2540 [id=72 ref 1] uct_ib_async_event_handler()
[1755332997.547509] [eos0024:1808707:0]           async.c:188  UCX  DEBUG release async handler 0x5555572f2540 [id=72 ref 0] uct_ib_async_event_handler()
[1755332997.552980] [eos0024:1808707:0]            topo.c:899  UCX  DEBUG /sys/class/infiniband/mlx5_10: PF sysfs path is '/sys/devices/pci0000:cb/0000:cb:01.0/0000:cc:00.0/0000:cd:00.0/0000:ce:00.0'
[1755332997.552982] [eos0024:1808707:0]            topo.c:552  UCX  DEBUG mlx5_10: bdf_name 0000:ce:00.0 sys_dev 12
[1755332997.552991] [eos0024:1808707:0]       ib_device.c:498  UCX  DEBUG mlx5_10: vendor_id 0x15b3 device_id 4129
[1755332997.553566] [eos0024:1808707:0]    ib_mlx5dv_md.c:1875 UCX  DEBUG mlx5_10: cross gvmi alias mkey is supported
[1755332997.553567] [eos0024:1808707:0]    ib_mlx5dv_md.c:1925 UCX  DEBUG mlx5_10: mkey_by_name_reserve is not supported
[1755332997.553568] [eos0024:1808707:0]    ib_mlx5dv_md.c:1910 UCX  DEBUG mlx5_10: dp_ordering support: force=1 ooo_rw_rc=1 ooo_rw_dc=1
[1755332997.553728] [eos0024:1808707:0]    ib_mlx5dv_md.c:1705 UCX  DEBUG mlx5_10: ODP is disabled because version 1 is not supported for DevX QP
[1755332997.553893] [eos0024:1808707:0]           async.c:248  UCX  DEBUG added async handler 0x5555572f2540 [id=72 ref 1] uct_ib_async_event_handler() to hash
[1755332997.553896] [eos0024:1808707:0]           async.c:522  UCX  DEBUG listening to async event fd 72 events 0x1 mode thread_spinlock
[1755332997.553897] [eos0024:1808707:0]       ib_device.c:597  UCX  DEBUG initialized device 'mlx5_10' (InfiniBand channel adapter) with 1 ports
[1755332997.553901] [eos0024:1808707:0]           ib_md.c:1177 UCX  DEBUG mlx5_10: cuda GPUDirect RDMA is detected by checking /sys/kernel/mm/memory_peers/nv_mem/version
[1755332997.553903] [eos0024:1808707:0]           ib_md.c:1177 UCX  DEBUG mlx5_10: rocm GPUDirect RDMA is not detected by checking /dev/kfd
[1755332997.553906] [eos0024:1808707:0]           ib_md.c:1202 UCX  DEBUG mlx5_10: dmabuf is supported
[1755332997.553907] [eos0024:1808707:0]           mpool.c:138  UCX  DEBUG mpool devx dbrec: align 64, maxelems 4294967295, elemsize 40
[1755332997.554107] [eos0024:1808707:0]    ib_mlx5dv_md.c:2423 UCX  DEBUG mlx5_10: opened DEVX md log_max_qp=17
[1755332997.554561] [eos0024:1808707:0]    ib_mlx5dv_md.c:126  UCX  DEBUG mlx5_10: KSM dm memory registration status "Success" range 0x7fffcdab5000..0x7fffcdab5020 iova 0x0 mkey_index 0x0
[1755332997.554905] [eos0024:1808707:0]    ib_mlx5dv_md.c:96   UCX  DEBUG mlx5_10: mlx5dv_devx_obj_create(CREATE_MKEY, mode=KSM, start_addr=0x7fffcdab5000 length=32) failed, syndrome 0x45d3a4: Remote I/O error
[1755332997.554906] [eos0024:1808707:0]    ib_mlx5dv_md.c:126  UCX  DEBUG mlx5_10: KSM atomic-key memory registration status "Unsupported operation" range (nil)..0x20 iova 0x7fffcdab5000 atomic mkey_index 0x0
[1755332997.555373] [eos0024:1808707:0]           ib_md.c:1161 UCX  DEBUG mlx5_10: relaxed order memory access is disabled
[1755332997.555614] [eos0024:1808707:0]    ib_mlx5dv_md.c:126  UCX  DEBUG mlx5_10: KSM flush-mr memory registration status "Success" range 0x5555572f6000..0x5555572f6008 iova 0x0 mkey_index 0x0
[1755332997.555628] [eos0024:1808707:0]          uct_md.c:96   UCX  DEBUG failed to query gga_mlx5 resources: No such device
[1755332997.555629] [eos0024:1808707:0]     ucp_context.c:1188 UCX  DEBUG No tl resources found for md mlx5_10
[1755332997.555629] [eos0024:1808707:0]     ucp_context.c:1648 UCX  DEBUG closing md mlx5_10 because it has no selected transport resources
[1755332997.555632] [eos0024:1808707:0]    ib_mlx5dv_md.c:2496 UCX  DEBUG mlx5_10: md=0x5555572f3c70 md->flags=0x3fb3f7f flush_rkey=0x18200
[1755332997.555938] [eos0024:1808707:0]           mpool.c:194  UCX  DEBUG mpool devx dbrec destroyed
[1755332997.555939] [eos0024:1808707:0]       ib_device.c:616  UCX  DEBUG destroying ib device mlx5_10
[1755332997.555940] [eos0024:1808707:0]           async.c:173  UCX  DEBUG removed async handler 0x5555572f2540 [id=72 ref 1] uct_ib_async_event_handler() from hash
[1755332997.555941] [eos0024:1808707:0]           async.c:576  UCX  DEBUG removing async handler 0x5555572f2540 [id=72 ref 1] uct_ib_async_event_handler()
[1755332997.555943] [eos0024:1808707:0]           async.c:188  UCX  DEBUG release async handler 0x5555572f2540 [id=72 ref 0] uct_ib_async_event_handler()
[1755332997.561433] [eos0024:1808707:0]            topo.c:899  UCX  DEBUG /sys/class/infiniband/mlx5_11: PF sysfs path is '/sys/devices/pci0000:d9/0000:d9:01.0/0000:da:00.0/0000:db:00.0/0000:dc:00.0'
[1755332997.561435] [eos0024:1808707:0]            topo.c:552  UCX  DEBUG mlx5_11: bdf_name 0000:dc:00.0 sys_dev 13
[1755332997.561444] [eos0024:1808707:0]       ib_device.c:498  UCX  DEBUG mlx5_11: vendor_id 0x15b3 device_id 4129
[1755332997.561971] [eos0024:1808707:0]    ib_mlx5dv_md.c:1875 UCX  DEBUG mlx5_11: cross gvmi alias mkey is supported
[1755332997.561972] [eos0024:1808707:0]    ib_mlx5dv_md.c:1925 UCX  DEBUG mlx5_11: mkey_by_name_reserve is not supported
[1755332997.561973] [eos0024:1808707:0]    ib_mlx5dv_md.c:1910 UCX  DEBUG mlx5_11: dp_ordering support: force=1 ooo_rw_rc=1 ooo_rw_dc=1
[1755332997.562170] [eos0024:1808707:0]    ib_mlx5dv_md.c:1705 UCX  DEBUG mlx5_11: ODP is disabled because version 1 is not supported for DevX QP
[1755332997.562353] [eos0024:1808707:0]           async.c:248  UCX  DEBUG added async handler 0x5555572f2c30 [id=72 ref 1] uct_ib_async_event_handler() to hash
[1755332997.562357] [eos0024:1808707:0]           async.c:522  UCX  DEBUG listening to async event fd 72 events 0x1 mode thread_spinlock
[1755332997.562358] [eos0024:1808707:0]       ib_device.c:597  UCX  DEBUG initialized device 'mlx5_11' (InfiniBand channel adapter) with 1 ports
[1755332997.562362] [eos0024:1808707:0]           ib_md.c:1177 UCX  DEBUG mlx5_11: cuda GPUDirect RDMA is detected by checking /sys/kernel/mm/memory_peers/nv_mem/version
[1755332997.562365] [eos0024:1808707:0]           ib_md.c:1177 UCX  DEBUG mlx5_11: rocm GPUDirect RDMA is not detected by checking /dev/kfd
[1755332997.562374] [eos0024:1808707:0]           ib_md.c:1202 UCX  DEBUG mlx5_11: dmabuf is supported
[1755332997.562375] [eos0024:1808707:0]           mpool.c:138  UCX  DEBUG mpool devx dbrec: align 64, maxelems 4294967295, elemsize 40
[1755332997.562557] [eos0024:1808707:0]    ib_mlx5dv_md.c:2423 UCX  DEBUG mlx5_11: opened DEVX md log_max_qp=17
[1755332997.563021] [eos0024:1808707:0]    ib_mlx5dv_md.c:126  UCX  DEBUG mlx5_11: KSM dm memory registration status "Success" range 0x7fffcdab5000..0x7fffcdab5020 iova 0x0 mkey_index 0x0
[1755332997.563361] [eos0024:1808707:0]    ib_mlx5dv_md.c:96   UCX  DEBUG mlx5_11: mlx5dv_devx_obj_create(CREATE_MKEY, mode=KSM, start_addr=0x7fffcdab5000 length=32) failed, syndrome 0x45d3a4: Remote I/O error
[1755332997.563363] [eos0024:1808707:0]    ib_mlx5dv_md.c:126  UCX  DEBUG mlx5_11: KSM atomic-key memory registration status "Unsupported operation" range (nil)..0x20 iova 0x7fffcdab5000 atomic mkey_index 0x0
[1755332997.563893] [eos0024:1808707:0]           ib_md.c:1161 UCX  DEBUG mlx5_11: relaxed order memory access is disabled
[1755332997.564131] [eos0024:1808707:0]    ib_mlx5dv_md.c:126  UCX  DEBUG mlx5_11: KSM flush-mr memory registration status "Success" range 0x5555572f6000..0x5555572f6008 iova 0x0 mkey_index 0x0
[1755332997.564144] [eos0024:1808707:0]          uct_md.c:96   UCX  DEBUG failed to query gga_mlx5 resources: No such device
[1755332997.564145] [eos0024:1808707:0]     ucp_context.c:1188 UCX  DEBUG No tl resources found for md mlx5_11
[1755332997.564146] [eos0024:1808707:0]     ucp_context.c:1648 UCX  DEBUG closing md mlx5_11 because it has no selected transport resources
[1755332997.564149] [eos0024:1808707:0]    ib_mlx5dv_md.c:2496 UCX  DEBUG mlx5_11: md=0x5555572f3860 md->flags=0x3fb3f7f flush_rkey=0x1c000
[1755332997.564492] [eos0024:1808707:0]           mpool.c:194  UCX  DEBUG mpool devx dbrec destroyed
[1755332997.564493] [eos0024:1808707:0]       ib_device.c:616  UCX  DEBUG destroying ib device mlx5_11
[1755332997.564494] [eos0024:1808707:0]           async.c:173  UCX  DEBUG removed async handler 0x5555572f2c30 [id=72 ref 1] uct_ib_async_event_handler() from hash
[1755332997.564495] [eos0024:1808707:0]           async.c:576  UCX  DEBUG removing async handler 0x5555572f2c30 [id=72 ref 1] uct_ib_async_event_handler()
[1755332997.564497] [eos0024:1808707:0]           async.c:188  UCX  DEBUG release async handler 0x5555572f2c30 [id=72 ref 0] uct_ib_async_event_handler()
[1755332997.564913] [eos0024:1808707:0]     ucp_context.c:1713 UCX  DEBUG register host memory on: self, tcp, cuda_cpy, cma
[1755332997.564914] [eos0024:1808707:0]     ucp_context.c:1713 UCX  DEBUG register cuda memory on: cuda_cpy
[1755332997.564915] [eos0024:1808707:0]     ucp_context.c:1713 UCX  DEBUG register cuda-managed memory on: cuda_cpy
[1755332997.564916] [eos0024:1808707:0]     ucp_context.c:1701 UCX  DEBUG no memory domain supports registering rocm memory
[1755332997.564916] [eos0024:1808707:0]     ucp_context.c:1701 UCX  DEBUG no memory domain supports registering rocm-managed memory
[1755332997.564917] [eos0024:1808707:0]     ucp_context.c:1701 UCX  DEBUG no memory domain supports registering rdma memory
[1755332997.564917] [eos0024:1808707:0]     ucp_context.c:1701 UCX  DEBUG no memory domain supports registering ze-host memory
[1755332997.564918] [eos0024:1808707:0]     ucp_context.c:1701 UCX  DEBUG no memory domain supports registering ze-device memory
[1755332997.564918] [eos0024:1808707:0]     ucp_context.c:1701 UCX  DEBUG no memory domain supports registering ze-managed memory
[1755332997.564928] [eos0024:1808707:0]           mpool.c:138  UCX  DEBUG mpool rcache_mp: align 8, maxelems 4294967295, elemsize 144
[1755332997.564986] [eos0024:1808707:0]     ucp_context.c:2332 UCX  DEBUG created ucp context UCC_UCP_CONTEXT 0x55555729e6c0 [6 mds 18 tls] features 0x41 tl bitmap 0x3ffff 0x0
[1755332997.565025] [eos0024:1808707:0]           mpool.c:138  UCX  DEBUG mpool self_msg_desc: align 64, maxelems 4294967295, elemsize 8200
[1755332997.565028] [eos0024:1808707:0]            self.c:245  UCX  DEBUG created self iface id 0x139f8d44e690d329 send_size 8192
[1755332997.565035] [eos0024:1808707:0]      ucp_worker.c:1436 UCX  DEBUG created interface[0]=0x55555729b8f0 using self/memory on worker 0x5555572aba70
[1755332997.565051] [eos0024:1808707:0]           mpool.c:138  UCX  DEBUG mpool uct_tcp_iface_tx_buf_mp: align 64, maxelems 4294967295, elemsize 8205
[1755332997.565052] [eos0024:1808707:0]           mpool.c:138  UCX  DEBUG mpool uct_tcp_iface_rx_buf_mp: align 64, maxelems 4294967295, elemsize 131090
[1755332997.570494] [eos0024:1808707:0]           async.c:248  UCX  DEBUG added async handler 0x5555572ed370 [id=72 ref 1] uct_tcp_iface_connect_handler() to hash
[1755332997.570502] [eos0024:1808707:0]           async.c:522  UCX  DEBUG listening to async event fd 72 events 0x5 mode thread_spinlock
[1755332997.570510] [eos0024:1808707:0]       tcp_iface.c:596  UCX  DEBUG tcp_iface 0x55555729de20: listening for connections (fd=72) on 169.254.0.18:35141 netif bmc-redfish0
[1755332997.570529] [eos0024:1808707:0]         tcp_net.c:61   UCX  DEBUG speed of bmc-redfish0 is UNKNOWN, assuming 100 Mbps
[1755332997.570724] [eos0024:1808707:0]            topo.c:895  UCX  DEBUG /sys/class/net/bmc-redfish0/lower_enx168143f84e6f: sysfs path undetected
[1755332997.570725] [eos0024:1808707:0]            topo.c:848  UCX  DEBUG bmc-redfish0: pci bandwidth undetected, using maximal value
[1755332997.570760] [eos0024:1808707:0]      ucp_worker.c:1436 UCX  DEBUG created interface[1]=0x55555729de20 using tcp/bmc-redfish0 on worker 0x5555572aba70
[1755332997.570780] [eos0024:1808707:0]           mpool.c:138  UCX  DEBUG mpool uct_tcp_iface_tx_buf_mp: align 64, maxelems 4294967295, elemsize 8205
[1755332997.570781] [eos0024:1808707:0]           mpool.c:138  UCX  DEBUG mpool uct_tcp_iface_rx_buf_mp: align 64, maxelems 4294967295, elemsize 131090
[1755332997.574203] [eos0024:1808707:0]           async.c:248  UCX  DEBUG added async handler 0x55555749f790 [id=74 ref 1] uct_tcp_iface_connect_handler() to hash
[1755332997.574209] [eos0024:1808707:0]           async.c:522  UCX  DEBUG listening to async event fd 74 events 0x5 mode thread_spinlock
[1755332997.574211] [eos0024:1808707:0]       tcp_iface.c:596  UCX  DEBUG tcp_iface 0x55555749bfc0: listening for connections (fd=74) on 10.52.48.41:42335 netif eth3
[1755332997.574547] [eos0024:1808707:0]            topo.c:899  UCX  DEBUG /sys/class/net/eth3: PF sysfs path is '/sys/devices/pci0000:80/0000:80:05.0/0000:82:00.1'
[1755332997.578345] [eos0024:1808707:0]      ucp_worker.c:1436 UCX  DEBUG created interface[2]=0x55555749bfc0 using tcp/eth3 on worker 0x5555572aba70
[1755332997.578362] [eos0024:1808707:0]           mpool.c:138  UCX  DEBUG mpool uct_tcp_iface_tx_buf_mp: align 64, maxelems 4294967295, elemsize 8205
[1755332997.578363] [eos0024:1808707:0]           mpool.c:138  UCX  DEBUG mpool uct_tcp_iface_rx_buf_mp: align 64, maxelems 4294967295, elemsize 131090
[1755332997.581679] [eos0024:1808707:0]           async.c:248  UCX  DEBUG added async handler 0x55555749f810 [id=76 ref 1] uct_tcp_iface_connect_handler() to hash
[1755332997.581684] [eos0024:1808707:0]           async.c:522  UCX  DEBUG listening to async event fd 76 events 0x5 mode thread_spinlock
[1755332997.581686] [eos0024:1808707:0]       tcp_iface.c:596  UCX  DEBUG tcp_iface 0x55555729c780: listening for connections (fd=76) on 172.16.128.34:49815 netif ibp154s0
[1755332997.581804] [eos0024:1808707:0]            topo.c:899  UCX  DEBUG /sys/class/net/ibp154s0: PF sysfs path is '/sys/devices/pci0000:97/0000:97:01.0/0000:98:00.0/0000:99:00.0/0000:9a:00.0'
[1755332997.581893] [eos0024:1808707:0]      ucp_worker.c:1436 UCX  DEBUG created interface[3]=0x55555729c780 using tcp/ibp154s0 on worker 0x5555572aba70
[1755332997.581907] [eos0024:1808707:0]           mpool.c:138  UCX  DEBUG mpool uct_tcp_iface_tx_buf_mp: align 64, maxelems 4294967295, elemsize 8205
[1755332997.581908] [eos0024:1808707:0]           mpool.c:138  UCX  DEBUG mpool uct_tcp_iface_rx_buf_mp: align 64, maxelems 4294967295, elemsize 131090
[1755332997.585762] [eos0024:1808707:0]           async.c:248  UCX  DEBUG added async handler 0x55555749f7d0 [id=78 ref 1] uct_tcp_iface_connect_handler() to hash
[1755332997.585766] [eos0024:1808707:0]           async.c:522  UCX  DEBUG listening to async event fd 78 events 0x5 mode thread_spinlock
[1755332997.585767] [eos0024:1808707:0]       tcp_iface.c:596  UCX  DEBUG tcp_iface 0x55555729cf00: listening for connections (fd=78) on 172.16.16.34:57269 netif ibp170s0f0
[1755332997.585899] [eos0024:1808707:0]            topo.c:899  UCX  DEBUG /sys/class/net/ibp170s0f0: PF sysfs path is '/sys/devices/pci0000:a5/0000:a5:01.0/0000:a6:00.0/0000:a7:00.0/0000:a8:00.0/0000:a9:00.0/0000:aa:00.0'
[1755332997.585964] [eos0024:1808707:0]      ucp_worker.c:1436 UCX  DEBUG created interface[4]=0x55555729cf00 using tcp/ibp170s0f0 on worker 0x5555572aba70
[1755332997.585977] [eos0024:1808707:0]           mpool.c:138  UCX  DEBUG mpool uct_tcp_iface_tx_buf_mp: align 64, maxelems 4294967295, elemsize 8205
[1755332997.585978] [eos0024:1808707:0]           mpool.c:138  UCX  DEBUG mpool uct_tcp_iface_rx_buf_mp: align 64, maxelems 4294967295, elemsize 131090
[1755332997.589709] [eos0024:1808707:0]           async.c:248  UCX  DEBUG added async handler 0x55555749f850 [id=80 ref 1] uct_tcp_iface_connect_handler() to hash
[1755332997.589714] [eos0024:1808707:0]           async.c:522  UCX  DEBUG listening to async event fd 80 events 0x5 mode thread_spinlock
[1755332997.589715] [eos0024:1808707:0]       tcp_iface.c:596  UCX  DEBUG tcp_iface 0x55555749f8d0: listening for connections (fd=80) on 172.16.144.34:58189 netif ibp192s0
[1755332997.589868] [eos0024:1808707:0]            topo.c:899  UCX  DEBUG /sys/class/net/ibp192s0: PF sysfs path is '/sys/devices/pci0000:bd/0000:bd:01.0/0000:be:00.0/0000:bf:00.0/0000:c0:00.0'
[1755332997.589935] [eos0024:1808707:0]      ucp_worker.c:1436 UCX  DEBUG created interface[5]=0x55555749f8d0 using tcp/ibp192s0 on worker 0x5555572aba70
[1755332997.589947] [eos0024:1808707:0]           mpool.c:138  UCX  DEBUG mpool uct_tcp_iface_tx_buf_mp: align 64, maxelems 4294967295, elemsize 8205
[1755332997.589948] [eos0024:1808707:0]           mpool.c:138  UCX  DEBUG mpool uct_tcp_iface_rx_buf_mp: align 64, maxelems 4294967295, elemsize 131090
[1755332997.594749] [eos0024:1808707:0]           async.c:248  UCX  DEBUG added async handler 0x55555749f890 [id=82 ref 1] uct_tcp_iface_connect_handler() to hash
[1755332997.594754] [eos0024:1808707:0]           async.c:522  UCX  DEBUG listening to async event fd 82 events 0x5 mode thread_spinlock
[1755332997.594755] [eos0024:1808707:0]       tcp_iface.c:596  UCX  DEBUG tcp_iface 0x5555574a0050: listening for connections (fd=82) on 172.16.160.34:35317 netif ibp206s0
[1755332997.595115] [eos0024:1808707:0]            topo.c:899  UCX  DEBUG /sys/class/net/ibp206s0: PF sysfs path is '/sys/devices/pci0000:cb/0000:cb:01.0/0000:cc:00.0/0000:cd:00.0/0000:ce:00.0'
[1755332997.595181] [eos0024:1808707:0]      ucp_worker.c:1436 UCX  DEBUG created interface[6]=0x5555574a0050 using tcp/ibp206s0 on worker 0x5555572aba70
[1755332997.595192] [eos0024:1808707:0]           mpool.c:138  UCX  DEBUG mpool uct_tcp_iface_tx_buf_mp: align 64, maxelems 4294967295, elemsize 8205
[1755332997.595193] [eos0024:1808707:0]           mpool.c:138  UCX  DEBUG mpool uct_tcp_iface_rx_buf_mp: align 64, maxelems 4294967295, elemsize 131090
[1755332997.597702] [eos0024:1808707:0]           async.c:248  UCX  DEBUG added async handler 0x5555574a14a0 [id=84 ref 1] uct_tcp_iface_connect_handler() to hash
[1755332997.597706] [eos0024:1808707:0]           async.c:522  UCX  DEBUG listening to async event fd 84 events 0x5 mode thread_spinlock
[1755332997.597707] [eos0024:1808707:0]       tcp_iface.c:596  UCX  DEBUG tcp_iface 0x5555574a07d0: listening for connections (fd=84) on 172.16.176.34:52879 netif ibp220s0
[1755332997.597971] [eos0024:1808707:0]            topo.c:899  UCX  DEBUG /sys/class/net/ibp220s0: PF sysfs path is '/sys/devices/pci0000:d9/0000:d9:01.0/0000:da:00.0/0000:db:00.0/0000:dc:00.0'
[1755332997.598039] [eos0024:1808707:0]      ucp_worker.c:1436 UCX  DEBUG created interface[7]=0x5555574a07d0 using tcp/ibp220s0 on worker 0x5555572aba70
[1755332997.598050] [eos0024:1808707:0]           mpool.c:138  UCX  DEBUG mpool uct_tcp_iface_tx_buf_mp: align 64, maxelems 4294967295, elemsize 8205
[1755332997.598051] [eos0024:1808707:0]           mpool.c:138  UCX  DEBUG mpool uct_tcp_iface_rx_buf_mp: align 64, maxelems 4294967295, elemsize 131090
[1755332997.601871] [eos0024:1808707:0]           async.c:248  UCX  DEBUG added async handler 0x5555572a6e40 [id=86 ref 1] uct_tcp_iface_connect_handler() to hash
[1755332997.601875] [eos0024:1808707:0]           async.c:522  UCX  DEBUG listening to async event fd 86 events 0x5 mode thread_spinlock
[1755332997.601877] [eos0024:1808707:0]       tcp_iface.c:596  UCX  DEBUG tcp_iface 0x55555749a350: listening for connections (fd=86) on 172.16.64.34:54761 netif ibp24s0
[1755332997.602188] [eos0024:1808707:0]            topo.c:899  UCX  DEBUG /sys/class/net/ibp24s0: PF sysfs path is '/sys/devices/pci0000:15/0000:15:01.0/0000:16:00.0/0000:17:00.0/0000:18:00.0'
[1755332997.602272] [eos0024:1808707:0]      ucp_worker.c:1436 UCX  DEBUG created interface[8]=0x55555749a350 using tcp/ibp24s0 on worker 0x5555572aba70
[1755332997.602284] [eos0024:1808707:0]           mpool.c:138  UCX  DEBUG mpool uct_tcp_iface_tx_buf_mp: align 64, maxelems 4294967295, elemsize 8205
[1755332997.602285] [eos0024:1808707:0]           mpool.c:138  UCX  DEBUG mpool uct_tcp_iface_rx_buf_mp: align 64, maxelems 4294967295, elemsize 131090
[1755332997.605154] [eos0024:1808707:0]           async.c:248  UCX  DEBUG added async handler 0x5555572f1230 [id=88 ref 1] uct_tcp_iface_connect_handler() to hash
[1755332997.605158] [eos0024:1808707:0]           async.c:522  UCX  DEBUG listening to async event fd 88 events 0x5 mode thread_spinlock
[1755332997.605160] [eos0024:1808707:0]       tcp_iface.c:596  UCX  DEBUG tcp_iface 0x55555749aad0: listening for connections (fd=88) on 172.16.0.34:49247 netif ibp41s0f0
[1755332997.605723] [eos0024:1808707:0]            topo.c:899  UCX  DEBUG /sys/class/net/ibp41s0f0: PF sysfs path is '/sys/devices/pci0000:24/0000:24:01.0/0000:25:00.0/0000:26:00.0/0000:27:00.0/0000:28:00.0/0000:29:00.0'
[1755332997.605789] [eos0024:1808707:0]      ucp_worker.c:1436 UCX  DEBUG created interface[9]=0x55555749aad0 using tcp/ibp41s0f0 on worker 0x5555572aba70
[1755332997.605800] [eos0024:1808707:0]           mpool.c:138  UCX  DEBUG mpool uct_tcp_iface_tx_buf_mp: align 64, maxelems 4294967295, elemsize 8205
[1755332997.605801] [eos0024:1808707:0]           mpool.c:138  UCX  DEBUG mpool uct_tcp_iface_rx_buf_mp: align 64, maxelems 4294967295, elemsize 131090
[1755332997.609935] [eos0024:1808707:0]           async.c:248  UCX  DEBUG added async handler 0x5555572a36f0 [id=90 ref 1] uct_tcp_iface_connect_handler() to hash
[1755332997.609939] [eos0024:1808707:0]           async.c:522  UCX  DEBUG listening to async event fd 90 events 0x5 mode thread_spinlock
[1755332997.609940] [eos0024:1808707:0]       tcp_iface.c:596  UCX  DEBUG tcp_iface 0x55555749b250: listening for connections (fd=90) on 172.16.80.34:33173 netif ibp64s0
[1755332997.610104] [eos0024:1808707:0]            topo.c:899  UCX  DEBUG /sys/class/net/ibp64s0: PF sysfs path is '/sys/devices/pci0000:3d/0000:3d:01.0/0000:3e:00.0/0000:3f:00.0/0000:40:00.0'
[1755332997.610167] [eos0024:1808707:0]      ucp_worker.c:1436 UCX  DEBUG created interface[10]=0x55555749b250 using tcp/ibp64s0 on worker 0x5555572aba70
[1755332997.610179] [eos0024:1808707:0]           mpool.c:138  UCX  DEBUG mpool uct_tcp_iface_tx_buf_mp: align 64, maxelems 4294967295, elemsize 8205
[1755332997.610180] [eos0024:1808707:0]           mpool.c:138  UCX  DEBUG mpool uct_tcp_iface_rx_buf_mp: align 64, maxelems 4294967295, elemsize 131090
[1755332997.612766] [eos0024:1808707:0]           async.c:248  UCX  DEBUG added async handler 0x5555572f2b20 [id=92 ref 1] uct_tcp_iface_connect_handler() to hash
[1755332997.612770] [eos0024:1808707:0]           async.c:522  UCX  DEBUG listening to async event fd 92 events 0x5 mode thread_spinlock
[1755332997.612779] [eos0024:1808707:0]       tcp_iface.c:596  UCX  DEBUG tcp_iface 0x55555749c890: listening for connections (fd=92) on 172.16.96.34:38731 netif ibp79s0
[1755332997.612950] [eos0024:1808707:0]            topo.c:899  UCX  DEBUG /sys/class/net/ibp79s0: PF sysfs path is '/sys/devices/pci0000:4c/0000:4c:01.0/0000:4d:00.0/0000:4e:00.0/0000:4f:00.0'
[1755332997.613015] [eos0024:1808707:0]      ucp_worker.c:1436 UCX  DEBUG created interface[11]=0x55555749c890 using tcp/ibp79s0 on worker 0x5555572aba70
[1755332997.613026] [eos0024:1808707:0]           mpool.c:138  UCX  DEBUG mpool uct_tcp_iface_tx_buf_mp: align 64, maxelems 4294967295, elemsize 8205
[1755332997.613027] [eos0024:1808707:0]           mpool.c:138  UCX  DEBUG mpool uct_tcp_iface_rx_buf_mp: align 64, maxelems 4294967295, elemsize 131090
[1755332997.614847] [eos0024:1808707:0]           async.c:248  UCX  DEBUG added async handler 0x55555729ee20 [id=94 ref 1] uct_tcp_iface_connect_handler() to hash
[1755332997.614851] [eos0024:1808707:0]           async.c:522  UCX  DEBUG listening to async event fd 94 events 0x5 mode thread_spinlock
[1755332997.614852] [eos0024:1808707:0]       tcp_iface.c:596  UCX  DEBUG tcp_iface 0x55555749d010: listening for connections (fd=94) on 172.16.112.34:44631 netif ibp94s0
[1755332997.615032] [eos0024:1808707:0]            topo.c:899  UCX  DEBUG /sys/class/net/ibp94s0: PF sysfs path is '/sys/devices/pci0000:5b/0000:5b:01.0/0000:5c:00.0/0000:5d:00.0/0000:5e:00.0'
[1755332997.615107] [eos0024:1808707:0]      ucp_worker.c:1436 UCX  DEBUG created interface[12]=0x55555749d010 using tcp/ibp94s0 on worker 0x5555572aba70
[1755332997.615118] [eos0024:1808707:0]           mpool.c:138  UCX  DEBUG mpool uct_tcp_iface_tx_buf_mp: align 64, maxelems 4294967295, elemsize 8205
[1755332997.615120] [eos0024:1808707:0]           mpool.c:138  UCX  DEBUG mpool uct_tcp_iface_rx_buf_mp: align 64, maxelems 4294967295, elemsize 131090
[1755332997.616512] [eos0024:1808707:0]           async.c:248  UCX  DEBUG added async handler 0x5555572a3a50 [id=96 ref 1] uct_tcp_iface_connect_handler() to hash
[1755332997.616517] [eos0024:1808707:0]           async.c:522  UCX  DEBUG listening to async event fd 96 events 0x5 mode thread_spinlock
[1755332997.616518] [eos0024:1808707:0]       tcp_iface.c:596  UCX  DEBUG tcp_iface 0x55555749da00: listening for connections (fd=96) on 127.0.0.1:44217 netif lo
[1755332997.616529] [eos0024:1808707:0]            sock.c:90   UCX  DEBUG ioctl(req=35142, ifr_name=lo) failed: Operation not supported
[1755332997.616532] [eos0024:1808707:0]         tcp_net.c:61   UCX  DEBUG speed of lo is UNKNOWN, assuming 100 Mbps
[1755332997.616558] [eos0024:1808707:0]            topo.c:895  UCX  DEBUG /sys/class/net/lo: sysfs path undetected
[1755332997.616559] [eos0024:1808707:0]            topo.c:848  UCX  DEBUG lo: pci bandwidth undetected, using maximal value
[1755332997.616578] [eos0024:1808707:0]      ucp_worker.c:1436 UCX  DEBUG created interface[13]=0x55555749da00 using tcp/lo on worker 0x5555572aba70
[1755332997.616624] [eos0024:1808707:0]         mm_sysv.c:97   UCX  DEBUG   mm failed to allocate 33023 bytes with hugetlb
[1755332997.616654] [eos0024:1808707:0]           mpool.c:138  UCX  DEBUG mpool mm_recv_desc: align 64, maxelems 4294967295, elemsize 8368
[1755332997.616664] [eos0024:1808707:0]         mm_sysv.c:97   UCX  DEBUG   mm failed to allocate 4292720 bytes with hugetlb
[1755332997.616674] [eos0024:1808707:0]           mpool.c:282  UCX  DEBUG mpool mm_recv_desc: allocated chunk 0x7ffda2945018 of 4296680 bytes with 512 elements
[1755332997.617554] [eos0024:1808707:0]        mm_iface.c:730  UCX  DEBUG created mm iface 0x55555749e4e0 FIFO id 0x125802b va 0x7fffca611000 size 36864 (128 x 256 elems)
[1755332997.617571] [eos0024:1808707:0]      ucp_worker.c:1436 UCX  DEBUG created interface[14]=0x55555749e4e0 using sysv/memory on worker 0x5555572aba70
[1755332997.617630] [eos0024:1808707:0]        mm_posix.c:572  UCX  DEBUG   allocated posix shared memory at 0x7fffca608000 length 36864
[1755332997.617638] [eos0024:1808707:0]           mpool.c:138  UCX  DEBUG mpool mm_recv_desc: align 64, maxelems 4294967295, elemsize 8368
[1755332997.618848] [eos0024:1808707:0]        mm_posix.c:338  UCX  DEBUG   shared memory mmap(addr=(nil), length=6291456, flags= HUGETLB, fd=100) failed: Invalid argument
[1755332997.618852] [eos0024:1808707:0]        mm_posix.c:572  UCX  DEBUG   allocated posix shared memory at 0x7ffda252c000 length 4296704
[1755332997.618856] [eos0024:1808707:0]           mpool.c:282  UCX  DEBUG mpool mm_recv_desc: allocated chunk 0x7ffda252c018 of 4296680 bytes with 512 elements
[1755332997.619240] [eos0024:1808707:0]        mm_iface.c:730  UCX  DEBUG created mm iface 0x5555572ed630 FIFO id 0xc0000018801b9943 va 0x7fffca608000 size 36864 (128 x 256 elems)
[1755332997.619245] [eos0024:1808707:0]      ucp_worker.c:1436 UCX  DEBUG created interface[15]=0x5555572ed630 using posix/memory on worker 0x5555572aba70
[1755332997.619262] [eos0024:1808707:0]           mpool.c:138  UCX  DEBUG mpool CUDA EVENT objects: align 64, maxelems 4294967295, elemsize 32
[1755332997.619272] [eos0024:1808707:0]      ucp_worker.c:1436 UCX  DEBUG created interface[16]=0x5555572edf60 using cuda_copy/cuda on worker 0x5555572aba70
[1755332997.619293] [eos0024:1808707:0]           mpool.c:138  UCX  DEBUG mpool uct_scopy_iface_tx_mp: align 64, maxelems 4294967295, elemsize 736
[1755332997.619298] [eos0024:1808707:0]      ucp_worker.c:1436 UCX  DEBUG created interface[17]=0x5555572ef370 using cma/memory on worker 0x5555572aba70
[1755332997.619300] [eos0024:1808707:0]      ucp_worker.c:1153 UCX  DEBUG selected scalable tl bitmap: 0x3ffff 0x0 (18 tls)
[1755332997.640672] [eos0024:1808707:0]           async.c:248  UCX  DEBUG added async handler 0x5555572a55c0 [id=71 ref 1] ucp_worker_iface_async_fd_event() to hash
[1755332997.640680] [eos0024:1808707:0]           async.c:522  UCX  DEBUG listening to async event fd 71 events 0x0 mode thread_spinlock
[1755332997.641049] [eos0024:1808707:0]         tcp_net.c:61   UCX  DEBUG speed of bmc-redfish0 is UNKNOWN, assuming 100 Mbps
[1755332997.641310] [eos0024:1808707:0]            topo.c:895  UCX  DEBUG /sys/class/net/bmc-redfish0/lower_enx168143f84e6f: sysfs path undetected
[1755332997.641311] [eos0024:1808707:0]            topo.c:848  UCX  DEBUG bmc-redfish0: pci bandwidth undetected, using maximal value
[1755332997.642160] [eos0024:1808707:0]         tcp_net.c:61   UCX  DEBUG speed of bmc-redfish0 is UNKNOWN, assuming 100 Mbps
[1755332997.642227] [eos0024:1808707:0]            topo.c:895  UCX  DEBUG /sys/class/net/bmc-redfish0/lower_enx168143f84e6f: sysfs path undetected
[1755332997.642228] [eos0024:1808707:0]            topo.c:848  UCX  DEBUG bmc-redfish0: pci bandwidth undetected, using maximal value
[1755332997.642845] [eos0024:1808707:0]         tcp_net.c:61   UCX  DEBUG speed of bmc-redfish0 is UNKNOWN, assuming 100 Mbps
[1755332997.642905] [eos0024:1808707:0]            topo.c:895  UCX  DEBUG /sys/class/net/bmc-redfish0/lower_enx168143f84e6f: sysfs path undetected
[1755332997.642905] [eos0024:1808707:0]            topo.c:848  UCX  DEBUG bmc-redfish0: pci bandwidth undetected, using maximal value
[1755332997.643548] [eos0024:1808707:0]         tcp_net.c:61   UCX  DEBUG speed of bmc-redfish0 is UNKNOWN, assuming 100 Mbps
[1755332997.643612] [eos0024:1808707:0]            topo.c:895  UCX  DEBUG /sys/class/net/bmc-redfish0/lower_enx168143f84e6f: sysfs path undetected
[1755332997.643613] [eos0024:1808707:0]            topo.c:848  UCX  DEBUG bmc-redfish0: pci bandwidth undetected, using maximal value
[1755332997.643816] [eos0024:1808707:0]         tcp_net.c:61   UCX  DEBUG speed of bmc-redfish0 is UNKNOWN, assuming 100 Mbps
[1755332997.643985] [eos0024:1808707:0]            topo.c:895  UCX  DEBUG /sys/class/net/bmc-redfish0/lower_enx168143f84e6f: sysfs path undetected
[1755332997.643986] [eos0024:1808707:0]            topo.c:848  UCX  DEBUG bmc-redfish0: pci bandwidth undetected, using maximal value
[1755332997.644725] [eos0024:1808707:0]         tcp_net.c:61   UCX  DEBUG speed of bmc-redfish0 is UNKNOWN, assuming 100 Mbps
[1755332997.644794] [eos0024:1808707:0]            topo.c:895  UCX  DEBUG /sys/class/net/bmc-redfish0/lower_enx168143f84e6f: sysfs path undetected
[1755332997.644794] [eos0024:1808707:0]            topo.c:848  UCX  DEBUG bmc-redfish0: pci bandwidth undetected, using maximal value
[1755332997.645423] [eos0024:1808707:0]         tcp_net.c:61   UCX  DEBUG speed of bmc-redfish0 is UNKNOWN, assuming 100 Mbps
[1755332997.645518] [eos0024:1808707:0]            topo.c:895  UCX  DEBUG /sys/class/net/bmc-redfish0/lower_enx168143f84e6f: sysfs path undetected
[1755332997.645519] [eos0024:1808707:0]            topo.c:848  UCX  DEBUG bmc-redfish0: pci bandwidth undetected, using maximal value
[1755332997.646554] [eos0024:1808707:0]         tcp_net.c:61   UCX  DEBUG speed of bmc-redfish0 is UNKNOWN, assuming 100 Mbps
[1755332997.646654] [eos0024:1808707:0]            topo.c:895  UCX  DEBUG /sys/class/net/bmc-redfish0/lower_enx168143f84e6f: sysfs path undetected
[1755332997.646655] [eos0024:1808707:0]            topo.c:848  UCX  DEBUG bmc-redfish0: pci bandwidth undetected, using maximal value
[1755332997.647399] [eos0024:1808707:0]         tcp_net.c:61   UCX  DEBUG speed of bmc-redfish0 is UNKNOWN, assuming 100 Mbps
[1755332997.647555] [eos0024:1808707:0]            topo.c:895  UCX  DEBUG /sys/class/net/bmc-redfish0/lower_enx168143f84e6f: sysfs path undetected
[1755332997.647556] [eos0024:1808707:0]            topo.c:848  UCX  DEBUG bmc-redfish0: pci bandwidth undetected, using maximal value
[1755332997.648235] [eos0024:1808707:0]         tcp_net.c:61   UCX  DEBUG speed of bmc-redfish0 is UNKNOWN, assuming 100 Mbps
[1755332997.648392] [eos0024:1808707:0]            topo.c:895  UCX  DEBUG /sys/class/net/bmc-redfish0/lower_enx168143f84e6f: sysfs path undetected
[1755332997.648393] [eos0024:1808707:0]            topo.c:848  UCX  DEBUG bmc-redfish0: pci bandwidth undetected, using maximal value
[1755332997.649067] [eos0024:1808707:0]         tcp_net.c:61   UCX  DEBUG speed of bmc-redfish0 is UNKNOWN, assuming 100 Mbps
[1755332997.649243] [eos0024:1808707:0]            topo.c:895  UCX  DEBUG /sys/class/net/bmc-redfish0/lower_enx168143f84e6f: sysfs path undetected
[1755332997.649244] [eos0024:1808707:0]            topo.c:848  UCX  DEBUG bmc-redfish0: pci bandwidth undetected, using maximal value
[1755332997.649756] [eos0024:1808707:0]         tcp_net.c:61   UCX  DEBUG speed of bmc-redfish0 is UNKNOWN, assuming 100 Mbps
[1755332997.649902] [eos0024:1808707:0]            topo.c:895  UCX  DEBUG /sys/class/net/bmc-redfish0/lower_enx168143f84e6f: sysfs path undetected
[1755332997.649902] [eos0024:1808707:0]            topo.c:848  UCX  DEBUG bmc-redfish0: pci bandwidth undetected, using maximal value
[1755332997.650170] [eos0024:1808707:0]         tcp_net.c:61   UCX  DEBUG speed of bmc-redfish0 is UNKNOWN, assuming 100 Mbps
[1755332997.650384] [eos0024:1808707:0]            topo.c:895  UCX  DEBUG /sys/class/net/bmc-redfish0/lower_enx168143f84e6f: sysfs path undetected
[1755332997.650385] [eos0024:1808707:0]            topo.c:848  UCX  DEBUG bmc-redfish0: pci bandwidth undetected, using maximal value
[1755332997.650580] [eos0024:1808707:0]         tcp_net.c:61   UCX  DEBUG speed of bmc-redfish0 is UNKNOWN, assuming 100 Mbps
[1755332997.650752] [eos0024:1808707:0]            topo.c:895  UCX  DEBUG /sys/class/net/bmc-redfish0/lower_enx168143f84e6f: sysfs path undetected
[1755332997.650753] [eos0024:1808707:0]            topo.c:848  UCX  DEBUG bmc-redfish0: pci bandwidth undetected, using maximal value
[1755332997.651319] [eos0024:1808707:0]         tcp_net.c:61   UCX  DEBUG speed of bmc-redfish0 is UNKNOWN, assuming 100 Mbps
[1755332997.651496] [eos0024:1808707:0]            topo.c:895  UCX  DEBUG /sys/class/net/bmc-redfish0/lower_enx168143f84e6f: sysfs path undetected
[1755332997.651496] [eos0024:1808707:0]            topo.c:848  UCX  DEBUG bmc-redfish0: pci bandwidth undetected, using maximal value
[1755332997.652263] [eos0024:1808707:0]         tcp_net.c:61   UCX  DEBUG speed of bmc-redfish0 is UNKNOWN, assuming 100 Mbps
[1755332997.652325] [eos0024:1808707:0]            topo.c:895  UCX  DEBUG /sys/class/net/bmc-redfish0/lower_enx168143f84e6f: sysfs path undetected
[1755332997.652326] [eos0024:1808707:0]            topo.c:848  UCX  DEBUG bmc-redfish0: pci bandwidth undetected, using maximal value
[1755332997.653331] [eos0024:1808707:0]         tcp_net.c:61   UCX  DEBUG speed of bmc-redfish0 is UNKNOWN, assuming 100 Mbps
[1755332997.653460] [eos0024:1808707:0]            topo.c:895  UCX  DEBUG /sys/class/net/bmc-redfish0/lower_enx168143f84e6f: sysfs path undetected
[1755332997.653461] [eos0024:1808707:0]            topo.c:848  UCX  DEBUG bmc-redfish0: pci bandwidth undetected, using maximal value
[1755332997.653482] [eos0024:1808707:0]           async.c:248  UCX  DEBUG added async handler 0x5555572ecd50 [id=73 ref 1] ucp_worker_iface_async_fd_event() to hash
[1755332997.653486] [eos0024:1808707:0]           async.c:522  UCX  DEBUG listening to async event fd 73 events 0x0 mode thread_spinlock
[1755332997.654498] [eos0024:1808707:0]            topo.c:899  UCX  DEBUG /sys/class/net/eth3: PF sysfs path is '/sys/devices/pci0000:80/0000:80:05.0/0000:82:00.1'
[1755332997.655487] [eos0024:1808707:0]            topo.c:899  UCX  DEBUG /sys/class/net/eth3: PF sysfs path is '/sys/devices/pci0000:80/0000:80:05.0/0000:82:00.1'
[1755332997.656869] [eos0024:1808707:0]            topo.c:899  UCX  DEBUG /sys/class/net/eth3: PF sysfs path is '/sys/devices/pci0000:80/0000:80:05.0/0000:82:00.1'
[1755332997.658293] [eos0024:1808707:0]            topo.c:899  UCX  DEBUG /sys/class/net/eth3: PF sysfs path is '/sys/devices/pci0000:80/0000:80:05.0/0000:82:00.1'
[1755332997.659428] [eos0024:1808707:0]            topo.c:899  UCX  DEBUG /sys/class/net/eth3: PF sysfs path is '/sys/devices/pci0000:80/0000:80:05.0/0000:82:00.1'
[1755332997.660748] [eos0024:1808707:0]            topo.c:899  UCX  DEBUG /sys/class/net/eth3: PF sysfs path is '/sys/devices/pci0000:80/0000:80:05.0/0000:82:00.1'
[1755332997.662479] [eos0024:1808707:0]            topo.c:899  UCX  DEBUG /sys/class/net/eth3: PF sysfs path is '/sys/devices/pci0000:80/0000:80:05.0/0000:82:00.1'
[1755332997.663869] [eos0024:1808707:0]            topo.c:899  UCX  DEBUG /sys/class/net/eth3: PF sysfs path is '/sys/devices/pci0000:80/0000:80:05.0/0000:82:00.1'
[1755332997.665213] [eos0024:1808707:0]            topo.c:899  UCX  DEBUG /sys/class/net/eth3: PF sysfs path is '/sys/devices/pci0000:80/0000:80:05.0/0000:82:00.1'
[1755332997.665954] [eos0024:1808707:0]            topo.c:899  UCX  DEBUG /sys/class/net/eth3: PF sysfs path is '/sys/devices/pci0000:80/0000:80:05.0/0000:82:00.1'
[1755332997.667320] [eos0024:1808707:0]            topo.c:899  UCX  DEBUG /sys/class/net/eth3: PF sysfs path is '/sys/devices/pci0000:80/0000:80:05.0/0000:82:00.1'
[1755332997.668604] [eos0024:1808707:0]            topo.c:899  UCX  DEBUG /sys/class/net/eth3: PF sysfs path is '/sys/devices/pci0000:80/0000:80:05.0/0000:82:00.1'
[1755332997.669233] [eos0024:1808707:0]            topo.c:899  UCX  DEBUG /sys/class/net/eth3: PF sysfs path is '/sys/devices/pci0000:80/0000:80:05.0/0000:82:00.1'
[1755332997.670549] [eos0024:1808707:0]            topo.c:899  UCX  DEBUG /sys/class/net/eth3: PF sysfs path is '/sys/devices/pci0000:80/0000:80:05.0/0000:82:00.1'
[1755332997.671876] [eos0024:1808707:0]            topo.c:899  UCX  DEBUG /sys/class/net/eth3: PF sysfs path is '/sys/devices/pci0000:80/0000:80:05.0/0000:82:00.1'
[1755332997.672918] [eos0024:1808707:0]            topo.c:899  UCX  DEBUG /sys/class/net/eth3: PF sysfs path is '/sys/devices/pci0000:80/0000:80:05.0/0000:82:00.1'
[1755332997.673849] [eos0024:1808707:0]            topo.c:899  UCX  DEBUG /sys/class/net/eth3: PF sysfs path is '/sys/devices/pci0000:80/0000:80:05.0/0000:82:00.1'
[1755332997.673870] [eos0024:1808707:0]           async.c:248  UCX  DEBUG added async handler 0x5555572ecd90 [id=75 ref 1] ucp_worker_iface_async_fd_event() to hash
[1755332997.673876] [eos0024:1808707:0]           async.c:522  UCX  DEBUG listening to async event fd 75 events 0x0 mode thread_spinlock
[1755332997.674636] [eos0024:1808707:0]            topo.c:899  UCX  DEBUG /sys/class/net/ibp154s0: PF sysfs path is '/sys/devices/pci0000:97/0000:97:01.0/0000:98:00.0/0000:99:00.0/0000:9a:00.0'
[1755332997.674901] [eos0024:1808707:0]            topo.c:899  UCX  DEBUG /sys/class/net/ibp154s0: PF sysfs path is '/sys/devices/pci0000:97/0000:97:01.0/0000:98:00.0/0000:99:00.0/0000:9a:00.0'
[1755332997.675688] [eos0024:1808707:0]            topo.c:899  UCX  DEBUG /sys/class/net/ibp154s0: PF sysfs path is '/sys/devices/pci0000:97/0000:97:01.0/0000:98:00.0/0000:99:00.0/0000:9a:00.0'
[1755332997.676203] [eos0024:1808707:0]            topo.c:899  UCX  DEBUG /sys/class/net/ibp154s0: PF sysfs path is '/sys/devices/pci0000:97/0000:97:01.0/0000:98:00.0/0000:99:00.0/0000:9a:00.0'
[1755332997.676730] [eos0024:1808707:0]            topo.c:899  UCX  DEBUG /sys/class/net/ibp154s0: PF sysfs path is '/sys/devices/pci0000:97/0000:97:01.0/0000:98:00.0/0000:99:00.0/0000:9a:00.0'
[1755332997.677370] [eos0024:1808707:0]            topo.c:899  UCX  DEBUG /sys/class/net/ibp154s0: PF sysfs path is '/sys/devices/pci0000:97/0000:97:01.0/0000:98:00.0/0000:99:00.0/0000:9a:00.0'
[1755332997.677883] [eos0024:1808707:0]            topo.c:899  UCX  DEBUG /sys/class/net/ibp154s0: PF sysfs path is '/sys/devices/pci0000:97/0000:97:01.0/0000:98:00.0/0000:99:00.0/0000:9a:00.0'
[1755332997.678398] [eos0024:1808707:0]            topo.c:899  UCX  DEBUG /sys/class/net/ibp154s0: PF sysfs path is '/sys/devices/pci0000:97/0000:97:01.0/0000:98:00.0/0000:99:00.0/0000:9a:00.0'
[1755332997.678912] [eos0024:1808707:0]            topo.c:899  UCX  DEBUG /sys/class/net/ibp154s0: PF sysfs path is '/sys/devices/pci0000:97/0000:97:01.0/0000:98:00.0/0000:99:00.0/0000:9a:00.0'
[1755332997.679549] [eos0024:1808707:0]            topo.c:899  UCX  DEBUG /sys/class/net/ibp154s0: PF sysfs path is '/sys/devices/pci0000:97/0000:97:01.0/0000:98:00.0/0000:99:00.0/0000:9a:00.0'
[1755332997.679669] [eos0024:1808707:0]            topo.c:899  UCX  DEBUG /sys/class/net/ibp154s0: PF sysfs path is '/sys/devices/pci0000:97/0000:97:01.0/0000:98:00.0/0000:99:00.0/0000:9a:00.0'
[1755332997.680193] [eos0024:1808707:0]            topo.c:899  UCX  DEBUG /sys/class/net/ibp154s0: PF sysfs path is '/sys/devices/pci0000:97/0000:97:01.0/0000:98:00.0/0000:99:00.0/0000:9a:00.0'
[1755332997.680770] [eos0024:1808707:0]            topo.c:899  UCX  DEBUG /sys/class/net/ibp154s0: PF sysfs path is '/sys/devices/pci0000:97/0000:97:01.0/0000:98:00.0/0000:99:00.0/0000:9a:00.0'
[1755332997.681458] [eos0024:1808707:0]            topo.c:899  UCX  DEBUG /sys/class/net/ibp154s0: PF sysfs path is '/sys/devices/pci0000:97/0000:97:01.0/0000:98:00.0/0000:99:00.0/0000:9a:00.0'
[1755332997.682176] [eos0024:1808707:0]            topo.c:899  UCX  DEBUG /sys/class/net/ibp154s0: PF sysfs path is '/sys/devices/pci0000:97/0000:97:01.0/0000:98:00.0/0000:99:00.0/0000:9a:00.0'
[1755332997.682748] [eos0024:1808707:0]            topo.c:899  UCX  DEBUG /sys/class/net/ibp154s0: PF sysfs path is '/sys/devices/pci0000:97/0000:97:01.0/0000:98:00.0/0000:99:00.0/0000:9a:00.0'
[1755332997.683267] [eos0024:1808707:0]            topo.c:899  UCX  DEBUG /sys/class/net/ibp154s0: PF sysfs path is '/sys/devices/pci0000:97/0000:97:01.0/0000:98:00.0/0000:99:00.0/0000:9a:00.0'
[1755332997.683306] [eos0024:1808707:0]           async.c:248  UCX  DEBUG added async handler 0x5555572ecdd0 [id=77 ref 1] ucp_worker_iface_async_fd_event() to hash
[1755332997.683309] [eos0024:1808707:0]           async.c:522  UCX  DEBUG listening to async event fd 77 events 0x0 mode thread_spinlock
[1755332997.683907] [eos0024:1808707:0]            topo.c:899  UCX  DEBUG /sys/class/net/ibp170s0f0: PF sysfs path is '/sys/devices/pci0000:a5/0000:a5:01.0/0000:a6:00.0/0000:a7:00.0/0000:a8:00.0/0000:a9:00.0/0000:aa:00.0'
[1755332997.684609] [eos0024:1808707:0]            topo.c:899  UCX  DEBUG /sys/class/net/ibp170s0f0: PF sysfs path is '/sys/devices/pci0000:a5/0000:a5:01.0/0000:a6:00.0/0000:a7:00.0/0000:a8:00.0/0000:a9:00.0/0000:aa:00.0'
[1755332997.684729] [eos0024:1808707:0]            topo.c:899  UCX  DEBUG /sys/class/net/ibp170s0f0: PF sysfs path is '/sys/devices/pci0000:a5/0000:a5:01.0/0000:a6:00.0/0000:a7:00.0/0000:a8:00.0/0000:a9:00.0/0000:aa:00.0'
[1755332997.684856] [eos0024:1808707:0]            topo.c:899  UCX  DEBUG /sys/class/net/ibp170s0f0: PF sysfs path is '/sys/devices/pci0000:a5/0000:a5:01.0/0000:a6:00.0/0000:a7:00.0/0000:a8:00.0/0000:a9:00.0/0000:aa:00.0'
[1755332997.684983] [eos0024:1808707:0]            topo.c:899  UCX  DEBUG /sys/class/net/ibp170s0f0: PF sysfs path is '/sys/devices/pci0000:a5/0000:a5:01.0/0000:a6:00.0/0000:a7:00.0/0000:a8:00.0/0000:a9:00.0/0000:aa:00.0'
[1755332997.685636] [eos0024:1808707:0]            topo.c:899  UCX  DEBUG /sys/class/net/ibp170s0f0: PF sysfs path is '/sys/devices/pci0000:a5/0000:a5:01.0/0000:a6:00.0/0000:a7:00.0/0000:a8:00.0/0000:a9:00.0/0000:aa:00.0'
[1755332997.686336] [eos0024:1808707:0]            topo.c:899  UCX  DEBUG /sys/class/net/ibp170s0f0: PF sysfs path is '/sys/devices/pci0000:a5/0000:a5:01.0/0000:a6:00.0/0000:a7:00.0/0000:a8:00.0/0000:a9:00.0/0000:aa:00.0'
[1755332997.687040] [eos0024:1808707:0]            topo.c:899  UCX  DEBUG /sys/class/net/ibp170s0f0: PF sysfs path is '/sys/devices/pci0000:a5/0000:a5:01.0/0000:a6:00.0/0000:a7:00.0/0000:a8:00.0/0000:a9:00.0/0000:aa:00.0'
[1755332997.687693] [eos0024:1808707:0]            topo.c:899  UCX  DEBUG /sys/class/net/ibp170s0f0: PF sysfs path is '/sys/devices/pci0000:a5/0000:a5:01.0/0000:a6:00.0/0000:a7:00.0/0000:a8:00.0/0000:a9:00.0/0000:aa:00.0'
[1755332997.688288] [eos0024:1808707:0]            topo.c:899  UCX  DEBUG /sys/class/net/ibp170s0f0: PF sysfs path is '/sys/devices/pci0000:a5/0000:a5:01.0/0000:a6:00.0/0000:a7:00.0/0000:a8:00.0/0000:a9:00.0/0000:aa:00.0'
[1755332997.688948] [eos0024:1808707:0]            topo.c:899  UCX  DEBUG /sys/class/net/ibp170s0f0: PF sysfs path is '/sys/devices/pci0000:a5/0000:a5:01.0/0000:a6:00.0/0000:a7:00.0/0000:a8:00.0/0000:a9:00.0/0000:aa:00.0'
[1755332997.689600] [eos0024:1808707:0]            topo.c:899  UCX  DEBUG /sys/class/net/ibp170s0f0: PF sysfs path is '/sys/devices/pci0000:a5/0000:a5:01.0/0000:a6:00.0/0000:a7:00.0/0000:a8:00.0/0000:a9:00.0/0000:aa:00.0'
[1755332997.690192] [eos0024:1808707:0]            topo.c:899  UCX  DEBUG /sys/class/net/ibp170s0f0: PF sysfs path is '/sys/devices/pci0000:a5/0000:a5:01.0/0000:a6:00.0/0000:a7:00.0/0000:a8:00.0/0000:a9:00.0/0000:aa:00.0'
[1755332997.690778] [eos0024:1808707:0]            topo.c:899  UCX  DEBUG /sys/class/net/ibp170s0f0: PF sysfs path is '/sys/devices/pci0000:a5/0000:a5:01.0/0000:a6:00.0/0000:a7:00.0/0000:a8:00.0/0000:a9:00.0/0000:aa:00.0'
[1755332997.691523] [eos0024:1808707:0]            topo.c:899  UCX  DEBUG /sys/class/net/ibp170s0f0: PF sysfs path is '/sys/devices/pci0000:a5/0000:a5:01.0/0000:a6:00.0/0000:a7:00.0/0000:a8:00.0/0000:a9:00.0/0000:aa:00.0'
[1755332997.692237] [eos0024:1808707:0]            topo.c:899  UCX  DEBUG /sys/class/net/ibp170s0f0: PF sysfs path is '/sys/devices/pci0000:a5/0000:a5:01.0/0000:a6:00.0/0000:a7:00.0/0000:a8:00.0/0000:a9:00.0/0000:aa:00.0'
[1755332997.692816] [eos0024:1808707:0]            topo.c:899  UCX  DEBUG /sys/class/net/ibp170s0f0: PF sysfs path is '/sys/devices/pci0000:a5/0000:a5:01.0/0000:a6:00.0/0000:a7:00.0/0000:a8:00.0/0000:a9:00.0/0000:aa:00.0'
[1755332997.692853] [eos0024:1808707:0]           async.c:248  UCX  DEBUG added async handler 0x5555572ece10 [id=79 ref 1] ucp_worker_iface_async_fd_event() to hash
[1755332997.692856] [eos0024:1808707:0]           async.c:522  UCX  DEBUG listening to async event fd 79 events 0x0 mode thread_spinlock
[1755332997.693447] [eos0024:1808707:0]            topo.c:899  UCX  DEBUG /sys/class/net/ibp192s0: PF sysfs path is '/sys/devices/pci0000:bd/0000:bd:01.0/0000:be:00.0/0000:bf:00.0/0000:c0:00.0'
[1755332997.693570] [eos0024:1808707:0]            topo.c:899  UCX  DEBUG /sys/class/net/ibp192s0: PF sysfs path is '/sys/devices/pci0000:bd/0000:bd:01.0/0000:be:00.0/0000:bf:00.0/0000:c0:00.0'
[1755332997.694172] [eos0024:1808707:0]            topo.c:899  UCX  DEBUG /sys/class/net/ibp192s0: PF sysfs path is '/sys/devices/pci0000:bd/0000:bd:01.0/0000:be:00.0/0000:bf:00.0/0000:c0:00.0'
[1755332997.694769] [eos0024:1808707:0]            topo.c:899  UCX  DEBUG /sys/class/net/ibp192s0: PF sysfs path is '/sys/devices/pci0000:bd/0000:bd:01.0/0000:be:00.0/0000:bf:00.0/0000:c0:00.0'
[1755332997.694891] [eos0024:1808707:0]            topo.c:899  UCX  DEBUG /sys/class/net/ibp192s0: PF sysfs path is '/sys/devices/pci0000:bd/0000:bd:01.0/0000:be:00.0/0000:bf:00.0/0000:c0:00.0'
[1755332997.695619] [eos0024:1808707:0]            topo.c:899  UCX  DEBUG /sys/class/net/ibp192s0: PF sysfs path is '/sys/devices/pci0000:bd/0000:bd:01.0/0000:be:00.0/0000:bf:00.0/0000:c0:00.0'
[1755332997.696332] [eos0024:1808707:0]            topo.c:899  UCX  DEBUG /sys/class/net/ibp192s0: PF sysfs path is '/sys/devices/pci0000:bd/0000:bd:01.0/0000:be:00.0/0000:bf:00.0/0000:c0:00.0'
[1755332997.697033] [eos0024:1808707:0]            topo.c:899  UCX  DEBUG /sys/class/net/ibp192s0: PF sysfs path is '/sys/devices/pci0000:bd/0000:bd:01.0/0000:be:00.0/0000:bf:00.0/0000:c0:00.0'
[1755332997.697736] [eos0024:1808707:0]            topo.c:899  UCX  DEBUG /sys/class/net/ibp192s0: PF sysfs path is '/sys/devices/pci0000:bd/0000:bd:01.0/0000:be:00.0/0000:bf:00.0/0000:c0:00.0'
[1755332997.698326] [eos0024:1808707:0]            topo.c:899  UCX  DEBUG /sys/class/net/ibp192s0: PF sysfs path is '/sys/devices/pci0000:bd/0000:bd:01.0/0000:be:00.0/0000:bf:00.0/0000:c0:00.0'
[1755332997.698908] [eos0024:1808707:0]            topo.c:899  UCX  DEBUG /sys/class/net/ibp192s0: PF sysfs path is '/sys/devices/pci0000:bd/0000:bd:01.0/0000:be:00.0/0000:bf:00.0/0000:c0:00.0'
[1755332997.699490] [eos0024:1808707:0]            topo.c:899  UCX  DEBUG /sys/class/net/ibp192s0: PF sysfs path is '/sys/devices/pci0000:bd/0000:bd:01.0/0000:be:00.0/0000:bf:00.0/0000:c0:00.0'
[1755332997.700178] [eos0024:1808707:0]            topo.c:899  UCX  DEBUG /sys/class/net/ibp192s0: PF sysfs path is '/sys/devices/pci0000:bd/0000:bd:01.0/0000:be:00.0/0000:bf:00.0/0000:c0:00.0'
[1755332997.700765] [eos0024:1808707:0]            topo.c:899  UCX  DEBUG /sys/class/net/ibp192s0: PF sysfs path is '/sys/devices/pci0000:bd/0000:bd:01.0/0000:be:00.0/0000:bf:00.0/0000:c0:00.0'
[1755332997.701414] [eos0024:1808707:0]            topo.c:899  UCX  DEBUG /sys/class/net/ibp192s0: PF sysfs path is '/sys/devices/pci0000:bd/0000:bd:01.0/0000:be:00.0/0000:bf:00.0/0000:c0:00.0'
[1755332997.702125] [eos0024:1808707:0]            topo.c:899  UCX  DEBUG /sys/class/net/ibp192s0: PF sysfs path is '/sys/devices/pci0000:bd/0000:bd:01.0/0000:be:00.0/0000:bf:00.0/0000:c0:00.0'
[1755332997.702244] [eos0024:1808707:0]            topo.c:899  UCX  DEBUG /sys/class/net/ibp192s0: PF sysfs path is '/sys/devices/pci0000:bd/0000:bd:01.0/0000:be:00.0/0000:bf:00.0/0000:c0:00.0'
[1755332997.702281] [eos0024:1808707:0]           async.c:248  UCX  DEBUG added async handler 0x5555572ecf70 [id=81 ref 1] ucp_worker_iface_async_fd_event() to hash
[1755332997.702284] [eos0024:1808707:0]           async.c:522  UCX  DEBUG listening to async event fd 81 events 0x0 mode thread_spinlock
[1755332997.702379] [eos0024:1808707:0]            topo.c:899  UCX  DEBUG /sys/class/net/ibp206s0: PF sysfs path is '/sys/devices/pci0000:cb/0000:cb:01.0/0000:cc:00.0/0000:cd:00.0/0000:ce:00.0'
[1755332997.702500] [eos0024:1808707:0]            topo.c:899  UCX  DEBUG /sys/class/net/ibp206s0: PF sysfs path is '/sys/devices/pci0000:cb/0000:cb:01.0/0000:cc:00.0/0000:cd:00.0/0000:ce:00.0'
[1755332997.703089] [eos0024:1808707:0]            topo.c:899  UCX  DEBUG /sys/class/net/ibp206s0: PF sysfs path is '/sys/devices/pci0000:cb/0000:cb:01.0/0000:cc:00.0/0000:cd:00.0/0000:ce:00.0'
[1755332997.703664] [eos0024:1808707:0]            topo.c:899  UCX  DEBUG /sys/class/net/ibp206s0: PF sysfs path is '/sys/devices/pci0000:cb/0000:cb:01.0/0000:cc:00.0/0000:cd:00.0/0000:ce:00.0'
[1755332997.703787] [eos0024:1808707:0]            topo.c:899  UCX  DEBUG /sys/class/net/ibp206s0: PF sysfs path is '/sys/devices/pci0000:cb/0000:cb:01.0/0000:cc:00.0/0000:cd:00.0/0000:ce:00.0'
[1755332997.703906] [eos0024:1808707:0]            topo.c:899  UCX  DEBUG /sys/class/net/ibp206s0: PF sysfs path is '/sys/devices/pci0000:cb/0000:cb:01.0/0000:cc:00.0/0000:cd:00.0/0000:ce:00.0'
[1755332997.704619] [eos0024:1808707:0]            topo.c:899  UCX  DEBUG /sys/class/net/ibp206s0: PF sysfs path is '/sys/devices/pci0000:cb/0000:cb:01.0/0000:cc:00.0/0000:cd:00.0/0000:ce:00.0'
[1755332997.704742] [eos0024:1808707:0]            topo.c:899  UCX  DEBUG /sys/class/net/ibp206s0: PF sysfs path is '/sys/devices/pci0000:cb/0000:cb:01.0/0000:cc:00.0/0000:cd:00.0/0000:ce:00.0'
[1755332997.705527] [eos0024:1808707:0]            topo.c:899  UCX  DEBUG /sys/class/net/ibp206s0: PF sysfs path is '/sys/devices/pci0000:cb/0000:cb:01.0/0000:cc:00.0/0000:cd:00.0/0000:ce:00.0'
[1755332997.705648] [eos0024:1808707:0]            topo.c:899  UCX  DEBUG /sys/class/net/ibp206s0: PF sysfs path is '/sys/devices/pci0000:cb/0000:cb:01.0/0000:cc:00.0/0000:cd:00.0/0000:ce:00.0'
[1755332997.706448] [eos0024:1808707:0]            topo.c:899  UCX  DEBUG /sys/class/net/ibp206s0: PF sysfs path is '/sys/devices/pci0000:cb/0000:cb:01.0/0000:cc:00.0/0000:cd:00.0/0000:ce:00.0'
[1755332997.707162] [eos0024:1808707:0]            topo.c:899  UCX  DEBUG /sys/class/net/ibp206s0: PF sysfs path is '/sys/devices/pci0000:cb/0000:cb:01.0/0000:cc:00.0/0000:cd:00.0/0000:ce:00.0'
[1755332997.707814] [eos0024:1808707:0]            topo.c:899  UCX  DEBUG /sys/class/net/ibp206s0: PF sysfs path is '/sys/devices/pci0000:cb/0000:cb:01.0/0000:cc:00.0/0000:cd:00.0/0000:ce:00.0'
[1755332997.708530] [eos0024:1808707:0]            topo.c:899  UCX  DEBUG /sys/class/net/ibp206s0: PF sysfs path is '/sys/devices/pci0000:cb/0000:cb:01.0/0000:cc:00.0/0000:cd:00.0/0000:ce:00.0'
[1755332997.709245] [eos0024:1808707:0]            topo.c:899  UCX  DEBUG /sys/class/net/ibp206s0: PF sysfs path is '/sys/devices/pci0000:cb/0000:cb:01.0/0000:cc:00.0/0000:cd:00.0/0000:ce:00.0'
[1755332997.709839] [eos0024:1808707:0]            topo.c:899  UCX  DEBUG /sys/class/net/ibp206s0: PF sysfs path is '/sys/devices/pci0000:cb/0000:cb:01.0/0000:cc:00.0/0000:cd:00.0/0000:ce:00.0'
[1755332997.710551] [eos0024:1808707:0]            topo.c:899  UCX  DEBUG /sys/class/net/ibp206s0: PF sysfs path is '/sys/devices/pci0000:cb/0000:cb:01.0/0000:cc:00.0/0000:cd:00.0/0000:ce:00.0'
[1755332997.710589] [eos0024:1808707:0]           async.c:248  UCX  DEBUG added async handler 0x55555777ebd0 [id=83 ref 1] ucp_worker_iface_async_fd_event() to hash
[1755332997.710591] [eos0024:1808707:0]           async.c:522  UCX  DEBUG listening to async event fd 83 events 0x0 mode thread_spinlock
[1755332997.711144] [eos0024:1808707:0]            topo.c:899  UCX  DEBUG /sys/class/net/ibp220s0: PF sysfs path is '/sys/devices/pci0000:d9/0000:d9:01.0/0000:da:00.0/0000:db:00.0/0000:dc:00.0'
[1755332997.711670] [eos0024:1808707:0]            topo.c:899  UCX  DEBUG /sys/class/net/ibp220s0: PF sysfs path is '/sys/devices/pci0000:d9/0000:d9:01.0/0000:da:00.0/0000:db:00.0/0000:dc:00.0'
[1755332997.711792] [eos0024:1808707:0]            topo.c:899  UCX  DEBUG /sys/class/net/ibp220s0: PF sysfs path is '/sys/devices/pci0000:d9/0000:d9:01.0/0000:da:00.0/0000:db:00.0/0000:dc:00.0'
[1755332997.712450] [eos0024:1808707:0]            topo.c:899  UCX  DEBUG /sys/class/net/ibp220s0: PF sysfs path is '/sys/devices/pci0000:d9/0000:d9:01.0/0000:da:00.0/0000:db:00.0/0000:dc:00.0'
[1755332997.712571] [eos0024:1808707:0]            topo.c:899  UCX  DEBUG /sys/class/net/ibp220s0: PF sysfs path is '/sys/devices/pci0000:d9/0000:d9:01.0/0000:da:00.0/0000:db:00.0/0000:dc:00.0'
[1755332997.713227] [eos0024:1808707:0]            topo.c:899  UCX  DEBUG /sys/class/net/ibp220s0: PF sysfs path is '/sys/devices/pci0000:d9/0000:d9:01.0/0000:da:00.0/0000:db:00.0/0000:dc:00.0'
[1755332997.713880] [eos0024:1808707:0]            topo.c:899  UCX  DEBUG /sys/class/net/ibp220s0: PF sysfs path is '/sys/devices/pci0000:d9/0000:d9:01.0/0000:da:00.0/0000:db:00.0/0000:dc:00.0'
[1755332997.714532] [eos0024:1808707:0]            topo.c:899  UCX  DEBUG /sys/class/net/ibp220s0: PF sysfs path is '/sys/devices/pci0000:d9/0000:d9:01.0/0000:da:00.0/0000:db:00.0/0000:dc:00.0'
[1755332997.714657] [eos0024:1808707:0]            topo.c:899  UCX  DEBUG /sys/class/net/ibp220s0: PF sysfs path is '/sys/devices/pci0000:d9/0000:d9:01.0/0000:da:00.0/0000:db:00.0/0000:dc:00.0'
[1755332997.715319] [eos0024:1808707:0]            topo.c:899  UCX  DEBUG /sys/class/net/ibp220s0: PF sysfs path is '/sys/devices/pci0000:d9/0000:d9:01.0/0000:da:00.0/0000:db:00.0/0000:dc:00.0'
[1755332997.716023] [eos0024:1808707:0]            topo.c:899  UCX  DEBUG /sys/class/net/ibp220s0: PF sysfs path is '/sys/devices/pci0000:d9/0000:d9:01.0/0000:da:00.0/0000:db:00.0/0000:dc:00.0'
[1755332997.716677] [eos0024:1808707:0]            topo.c:899  UCX  DEBUG /sys/class/net/ibp220s0: PF sysfs path is '/sys/devices/pci0000:d9/0000:d9:01.0/0000:da:00.0/0000:db:00.0/0000:dc:00.0'
[1755332997.717280] [eos0024:1808707:0]            topo.c:899  UCX  DEBUG /sys/class/net/ibp220s0: PF sysfs path is '/sys/devices/pci0000:d9/0000:d9:01.0/0000:da:00.0/0000:db:00.0/0000:dc:00.0'
[1755332997.717933] [eos0024:1808707:0]            topo.c:899  UCX  DEBUG /sys/class/net/ibp220s0: PF sysfs path is '/sys/devices/pci0000:d9/0000:d9:01.0/0000:da:00.0/0000:db:00.0/0000:dc:00.0'
[1755332997.718618] [eos0024:1808707:0]            topo.c:899  UCX  DEBUG /sys/class/net/ibp220s0: PF sysfs path is '/sys/devices/pci0000:d9/0000:d9:01.0/0000:da:00.0/0000:db:00.0/0000:dc:00.0'
[1755332997.719319] [eos0024:1808707:0]            topo.c:899  UCX  DEBUG /sys/class/net/ibp220s0: PF sysfs path is '/sys/devices/pci0000:d9/0000:d9:01.0/0000:da:00.0/0000:db:00.0/0000:dc:00.0'
[1755332997.719440] [eos0024:1808707:0]            topo.c:899  UCX  DEBUG /sys/class/net/ibp220s0: PF sysfs path is '/sys/devices/pci0000:d9/0000:d9:01.0/0000:da:00.0/0000:db:00.0/0000:dc:00.0'
[1755332997.719477] [eos0024:1808707:0]           async.c:248  UCX  DEBUG added async handler 0x55555777ec10 [id=85 ref 1] ucp_worker_iface_async_fd_event() to hash
[1755332997.719480] [eos0024:1808707:0]           async.c:522  UCX  DEBUG listening to async event fd 85 events 0x0 mode thread_spinlock
[1755332997.719576] [eos0024:1808707:0]            topo.c:899  UCX  DEBUG /sys/class/net/ibp24s0: PF sysfs path is '/sys/devices/pci0000:15/0000:15:01.0/0000:16:00.0/0000:17:00.0/0000:18:00.0'
[1755332997.719703] [eos0024:1808707:0]            topo.c:899  UCX  DEBUG /sys/class/net/ibp24s0: PF sysfs path is '/sys/devices/pci0000:15/0000:15:01.0/0000:16:00.0/0000:17:00.0/0000:18:00.0'
[1755332997.719823] [eos0024:1808707:0]            topo.c:899  UCX  DEBUG /sys/class/net/ibp24s0: PF sysfs path is '/sys/devices/pci0000:15/0000:15:01.0/0000:16:00.0/0000:17:00.0/0000:18:00.0'
[1755332997.720591] [eos0024:1808707:0]            topo.c:899  UCX  DEBUG /sys/class/net/ibp24s0: PF sysfs path is '/sys/devices/pci0000:15/0000:15:01.0/0000:16:00.0/0000:17:00.0/0000:18:00.0'
[1755332997.720710] [eos0024:1808707:0]            topo.c:899  UCX  DEBUG /sys/class/net/ibp24s0: PF sysfs path is '/sys/devices/pci0000:15/0000:15:01.0/0000:16:00.0/0000:17:00.0/0000:18:00.0'
[1755332997.721366] [eos0024:1808707:0]            topo.c:899  UCX  DEBUG /sys/class/net/ibp24s0: PF sysfs path is '/sys/devices/pci0000:15/0000:15:01.0/0000:16:00.0/0000:17:00.0/0000:18:00.0'
[1755332997.721487] [eos0024:1808707:0]            topo.c:899  UCX  DEBUG /sys/class/net/ibp24s0: PF sysfs path is '/sys/devices/pci0000:15/0000:15:01.0/0000:16:00.0/0000:17:00.0/0000:18:00.0'
[1755332997.722266] [eos0024:1808707:0]            topo.c:899  UCX  DEBUG /sys/class/net/ibp24s0: PF sysfs path is '/sys/devices/pci0000:15/0000:15:01.0/0000:16:00.0/0000:17:00.0/0000:18:00.0'
[1755332997.722386] [eos0024:1808707:0]            topo.c:899  UCX  DEBUG /sys/class/net/ibp24s0: PF sysfs path is '/sys/devices/pci0000:15/0000:15:01.0/0000:16:00.0/0000:17:00.0/0000:18:00.0'
[1755332997.722975] [eos0024:1808707:0]            topo.c:899  UCX  DEBUG /sys/class/net/ibp24s0: PF sysfs path is '/sys/devices/pci0000:15/0000:15:01.0/0000:16:00.0/0000:17:00.0/0000:18:00.0'
[1755332997.723551] [eos0024:1808707:0]            topo.c:899  UCX  DEBUG /sys/class/net/ibp24s0: PF sysfs path is '/sys/devices/pci0000:15/0000:15:01.0/0000:16:00.0/0000:17:00.0/0000:18:00.0'
[1755332997.723672] [eos0024:1808707:0]            topo.c:899  UCX  DEBUG /sys/class/net/ibp24s0: PF sysfs path is '/sys/devices/pci0000:15/0000:15:01.0/0000:16:00.0/0000:17:00.0/0000:18:00.0'
[1755332997.724376] [eos0024:1808707:0]            topo.c:899  UCX  DEBUG /sys/class/net/ibp24s0: PF sysfs path is '/sys/devices/pci0000:15/0000:15:01.0/0000:16:00.0/0000:17:00.0/0000:18:00.0'
[1755332997.724951] [eos0024:1808707:0]            topo.c:899  UCX  DEBUG /sys/class/net/ibp24s0: PF sysfs path is '/sys/devices/pci0000:15/0000:15:01.0/0000:16:00.0/0000:17:00.0/0000:18:00.0'
[1755332997.725594] [eos0024:1808707:0]            topo.c:899  UCX  DEBUG /sys/class/net/ibp24s0: PF sysfs path is '/sys/devices/pci0000:15/0000:15:01.0/0000:16:00.0/0000:17:00.0/0000:18:00.0'
[1755332997.726301] [eos0024:1808707:0]            topo.c:899  UCX  DEBUG /sys/class/net/ibp24s0: PF sysfs path is '/sys/devices/pci0000:15/0000:15:01.0/0000:16:00.0/0000:17:00.0/0000:18:00.0'
[1755332997.726883] [eos0024:1808707:0]            topo.c:899  UCX  DEBUG /sys/class/net/ibp24s0: PF sysfs path is '/sys/devices/pci0000:15/0000:15:01.0/0000:16:00.0/0000:17:00.0/0000:18:00.0'
[1755332997.726922] [eos0024:1808707:0]           async.c:248  UCX  DEBUG added async handler 0x555556649c50 [id=87 ref 1] ucp_worker_iface_async_fd_event() to hash
[1755332997.726925] [eos0024:1808707:0]           async.c:522  UCX  DEBUG listening to async event fd 87 events 0x0 mode thread_spinlock
[1755332997.727517] [eos0024:1808707:0]            topo.c:899  UCX  DEBUG /sys/class/net/ibp41s0f0: PF sysfs path is '/sys/devices/pci0000:24/0000:24:01.0/0000:25:00.0/0000:26:00.0/0000:27:00.0/0000:28:00.0/0000:29:00.0'
[1755332997.728102] [eos0024:1808707:0]            topo.c:899  UCX  DEBUG /sys/class/net/ibp41s0f0: PF sysfs path is '/sys/devices/pci0000:24/0000:24:01.0/0000:25:00.0/0000:26:00.0/0000:27:00.0/0000:28:00.0/0000:29:00.0'
[1755332997.728681] [eos0024:1808707:0]            topo.c:899  UCX  DEBUG /sys/class/net/ibp41s0f0: PF sysfs path is '/sys/devices/pci0000:24/0000:24:01.0/0000:25:00.0/0000:26:00.0/0000:27:00.0/0000:28:00.0/0000:29:00.0'
[1755332997.729257] [eos0024:1808707:0]            topo.c:899  UCX  DEBUG /sys/class/net/ibp41s0f0: PF sysfs path is '/sys/devices/pci0000:24/0000:24:01.0/0000:25:00.0/0000:26:00.0/0000:27:00.0/0000:28:00.0/0000:29:00.0'
[1755332997.729387] [eos0024:1808707:0]            topo.c:899  UCX  DEBUG /sys/class/net/ibp41s0f0: PF sysfs path is '/sys/devices/pci0000:24/0000:24:01.0/0000:25:00.0/0000:26:00.0/0000:27:00.0/0000:28:00.0/0000:29:00.0'
[1755332997.729507] [eos0024:1808707:0]            topo.c:899  UCX  DEBUG /sys/class/net/ibp41s0f0: PF sysfs path is '/sys/devices/pci0000:24/0000:24:01.0/0000:25:00.0/0000:26:00.0/0000:27:00.0/0000:28:00.0/0000:29:00.0'
[1755332997.730155] [eos0024:1808707:0]            topo.c:899  UCX  DEBUG /sys/class/net/ibp41s0f0: PF sysfs path is '/sys/devices/pci0000:24/0000:24:01.0/0000:25:00.0/0000:26:00.0/0000:27:00.0/0000:28:00.0/0000:29:00.0'
[1755332997.730726] [eos0024:1808707:0]            topo.c:899  UCX  DEBUG /sys/class/net/ibp41s0f0: PF sysfs path is '/sys/devices/pci0000:24/0000:24:01.0/0000:25:00.0/0000:26:00.0/0000:27:00.0/0000:28:00.0/0000:29:00.0'
[1755332997.731305] [eos0024:1808707:0]            topo.c:899  UCX  DEBUG /sys/class/net/ibp41s0f0: PF sysfs path is '/sys/devices/pci0000:24/0000:24:01.0/0000:25:00.0/0000:26:00.0/0000:27:00.0/0000:28:00.0/0000:29:00.0'
[1755332997.731946] [eos0024:1808707:0]            topo.c:899  UCX  DEBUG /sys/class/net/ibp41s0f0: PF sysfs path is '/sys/devices/pci0000:24/0000:24:01.0/0000:25:00.0/0000:26:00.0/0000:27:00.0/0000:28:00.0/0000:29:00.0'
[1755332997.732538] [eos0024:1808707:0]            topo.c:899  UCX  DEBUG /sys/class/net/ibp41s0f0: PF sysfs path is '/sys/devices/pci0000:24/0000:24:01.0/0000:25:00.0/0000:26:00.0/0000:27:00.0/0000:28:00.0/0000:29:00.0'
[1755332997.733251] [eos0024:1808707:0]            topo.c:899  UCX  DEBUG /sys/class/net/ibp41s0f0: PF sysfs path is '/sys/devices/pci0000:24/0000:24:01.0/0000:25:00.0/0000:26:00.0/0000:27:00.0/0000:28:00.0/0000:29:00.0'
[1755332997.733919] [eos0024:1808707:0]            topo.c:899  UCX  DEBUG /sys/class/net/ibp41s0f0: PF sysfs path is '/sys/devices/pci0000:24/0000:24:01.0/0000:25:00.0/0000:26:00.0/0000:27:00.0/0000:28:00.0/0000:29:00.0'
[1755332997.734448] [eos0024:1808707:0]            topo.c:899  UCX  DEBUG /sys/class/net/ibp41s0f0: PF sysfs path is '/sys/devices/pci0000:24/0000:24:01.0/0000:25:00.0/0000:26:00.0/0000:27:00.0/0000:28:00.0/0000:29:00.0'
[1755332997.735095] [eos0024:1808707:0]            topo.c:899  UCX  DEBUG /sys/class/net/ibp41s0f0: PF sysfs path is '/sys/devices/pci0000:24/0000:24:01.0/0000:25:00.0/0000:26:00.0/0000:27:00.0/0000:28:00.0/0000:29:00.0'
[1755332997.735747] [eos0024:1808707:0]            topo.c:899  UCX  DEBUG /sys/class/net/ibp41s0f0: PF sysfs path is '/sys/devices/pci0000:24/0000:24:01.0/0000:25:00.0/0000:26:00.0/0000:27:00.0/0000:28:00.0/0000:29:00.0'
[1755332997.736278] [eos0024:1808707:0]            topo.c:899  UCX  DEBUG /sys/class/net/ibp41s0f0: PF sysfs path is '/sys/devices/pci0000:24/0000:24:01.0/0000:25:00.0/0000:26:00.0/0000:27:00.0/0000:28:00.0/0000:29:00.0'
[1755332997.736315] [eos0024:1808707:0]           async.c:248  UCX  DEBUG added async handler 0x555556649ec0 [id=89 ref 1] ucp_worker_iface_async_fd_event() to hash
[1755332997.736317] [eos0024:1808707:0]           async.c:522  UCX  DEBUG listening to async event fd 89 events 0x0 mode thread_spinlock
[1755332997.736810] [eos0024:1808707:0]            topo.c:899  UCX  DEBUG /sys/class/net/ibp64s0: PF sysfs path is '/sys/devices/pci0000:3d/0000:3d:01.0/0000:3e:00.0/0000:3f:00.0/0000:40:00.0'
[1755332997.737325] [eos0024:1808707:0]            topo.c:899  UCX  DEBUG /sys/class/net/ibp64s0: PF sysfs path is '/sys/devices/pci0000:3d/0000:3d:01.0/0000:3e:00.0/0000:3f:00.0/0000:40:00.0'
[1755332997.737957] [eos0024:1808707:0]            topo.c:899  UCX  DEBUG /sys/class/net/ibp64s0: PF sysfs path is '/sys/devices/pci0000:3d/0000:3d:01.0/0000:3e:00.0/0000:3f:00.0/0000:40:00.0'
[1755332997.738341] [eos0024:1808707:0]            topo.c:899  UCX  DEBUG /sys/class/net/ibp64s0: PF sysfs path is '/sys/devices/pci0000:3d/0000:3d:01.0/0000:3e:00.0/0000:3f:00.0/0000:40:00.0'
[1755332997.738925] [eos0024:1808707:0]            topo.c:899  UCX  DEBUG /sys/class/net/ibp64s0: PF sysfs path is '/sys/devices/pci0000:3d/0000:3d:01.0/0000:3e:00.0/0000:3f:00.0/0000:40:00.0'
[1755332997.739053] [eos0024:1808707:0]            topo.c:899  UCX  DEBUG /sys/class/net/ibp64s0: PF sysfs path is '/sys/devices/pci0000:3d/0000:3d:01.0/0000:3e:00.0/0000:3f:00.0/0000:40:00.0'
[1755332997.739175] [eos0024:1808707:0]            topo.c:899  UCX  DEBUG /sys/class/net/ibp64s0: PF sysfs path is '/sys/devices/pci0000:3d/0000:3d:01.0/0000:3e:00.0/0000:3f:00.0/0000:40:00.0'
[1755332997.739574] [eos0024:1808707:0]            topo.c:899  UCX  DEBUG /sys/class/net/ibp64s0: PF sysfs path is '/sys/devices/pci0000:3d/0000:3d:01.0/0000:3e:00.0/0000:3f:00.0/0000:40:00.0'
[1755332997.739966] [eos0024:1808707:0]            topo.c:899  UCX  DEBUG /sys/class/net/ibp64s0: PF sysfs path is '/sys/devices/pci0000:3d/0000:3d:01.0/0000:3e:00.0/0000:3f:00.0/0000:40:00.0'
[1755332997.740366] [eos0024:1808707:0]            topo.c:899  UCX  DEBUG /sys/class/net/ibp64s0: PF sysfs path is '/sys/devices/pci0000:3d/0000:3d:01.0/0000:3e:00.0/0000:3f:00.0/0000:40:00.0'
[1755332997.740821] [eos0024:1808707:0]            topo.c:899  UCX  DEBUG /sys/class/net/ibp64s0: PF sysfs path is '/sys/devices/pci0000:3d/0000:3d:01.0/0000:3e:00.0/0000:3f:00.0/0000:40:00.0'
[1755332997.741283] [eos0024:1808707:0]            topo.c:899  UCX  DEBUG /sys/class/net/ibp64s0: PF sysfs path is '/sys/devices/pci0000:3d/0000:3d:01.0/0000:3e:00.0/0000:3f:00.0/0000:40:00.0'
[1755332997.741828] [eos0024:1808707:0]            topo.c:899  UCX  DEBUG /sys/class/net/ibp64s0: PF sysfs path is '/sys/devices/pci0000:3d/0000:3d:01.0/0000:3e:00.0/0000:3f:00.0/0000:40:00.0'
[1755332997.742412] [eos0024:1808707:0]            topo.c:899  UCX  DEBUG /sys/class/net/ibp64s0: PF sysfs path is '/sys/devices/pci0000:3d/0000:3d:01.0/0000:3e:00.0/0000:3f:00.0/0000:40:00.0'
[1755332997.742944] [eos0024:1808707:0]            topo.c:899  UCX  DEBUG /sys/class/net/ibp64s0: PF sysfs path is '/sys/devices/pci0000:3d/0000:3d:01.0/0000:3e:00.0/0000:3f:00.0/0000:40:00.0'
[1755332997.743537] [eos0024:1808707:0]            topo.c:899  UCX  DEBUG /sys/class/net/ibp64s0: PF sysfs path is '/sys/devices/pci0000:3d/0000:3d:01.0/0000:3e:00.0/0000:3f:00.0/0000:40:00.0'
[1755332997.743997] [eos0024:1808707:0]            topo.c:899  UCX  DEBUG /sys/class/net/ibp64s0: PF sysfs path is '/sys/devices/pci0000:3d/0000:3d:01.0/0000:3e:00.0/0000:3f:00.0/0000:40:00.0'
[1755332997.744036] [eos0024:1808707:0]           async.c:248  UCX  DEBUG added async handler 0x5555572a7d80 [id=91 ref 1] ucp_worker_iface_async_fd_event() to hash
[1755332997.744039] [eos0024:1808707:0]           async.c:522  UCX  DEBUG listening to async event fd 91 events 0x0 mode thread_spinlock
[1755332997.744393] [eos0024:1808707:0]            topo.c:899  UCX  DEBUG /sys/class/net/ibp79s0: PF sysfs path is '/sys/devices/pci0000:4c/0000:4c:01.0/0000:4d:00.0/0000:4e:00.0/0000:4f:00.0'
[1755332997.744901] [eos0024:1808707:0]            topo.c:899  UCX  DEBUG /sys/class/net/ibp79s0: PF sysfs path is '/sys/devices/pci0000:4c/0000:4c:01.0/0000:4d:00.0/0000:4e:00.0/0000:4f:00.0'
[1755332997.745032] [eos0024:1808707:0]            topo.c:899  UCX  DEBUG /sys/class/net/ibp79s0: PF sysfs path is '/sys/devices/pci0000:4c/0000:4c:01.0/0000:4d:00.0/0000:4e:00.0/0000:4f:00.0'
[1755332997.745548] [eos0024:1808707:0]            topo.c:899  UCX  DEBUG /sys/class/net/ibp79s0: PF sysfs path is '/sys/devices/pci0000:4c/0000:4c:01.0/0000:4d:00.0/0000:4e:00.0/0000:4f:00.0'
[1755332997.745674] [eos0024:1808707:0]            topo.c:899  UCX  DEBUG /sys/class/net/ibp79s0: PF sysfs path is '/sys/devices/pci0000:4c/0000:4c:01.0/0000:4d:00.0/0000:4e:00.0/0000:4f:00.0'
[1755332997.746137] [eos0024:1808707:0]            topo.c:899  UCX  DEBUG /sys/class/net/ibp79s0: PF sysfs path is '/sys/devices/pci0000:4c/0000:4c:01.0/0000:4d:00.0/0000:4e:00.0/0000:4f:00.0'
[1755332997.746597] [eos0024:1808707:0]            topo.c:899  UCX  DEBUG /sys/class/net/ibp79s0: PF sysfs path is '/sys/devices/pci0000:4c/0000:4c:01.0/0000:4d:00.0/0000:4e:00.0/0000:4f:00.0'
[1755332997.746718] [eos0024:1808707:0]            topo.c:899  UCX  DEBUG /sys/class/net/ibp79s0: PF sysfs path is '/sys/devices/pci0000:4c/0000:4c:01.0/0000:4d:00.0/0000:4e:00.0/0000:4f:00.0'
[1755332997.747054] [eos0024:1808707:0]            topo.c:899  UCX  DEBUG /sys/class/net/ibp79s0: PF sysfs path is '/sys/devices/pci0000:4c/0000:4c:01.0/0000:4d:00.0/0000:4e:00.0/0000:4f:00.0'
[1755332997.747385] [eos0024:1808707:0]            topo.c:899  UCX  DEBUG /sys/class/net/ibp79s0: PF sysfs path is '/sys/devices/pci0000:4c/0000:4c:01.0/0000:4d:00.0/0000:4e:00.0/0000:4f:00.0'
[1755332997.747784] [eos0024:1808707:0]            topo.c:899  UCX  DEBUG /sys/class/net/ibp79s0: PF sysfs path is '/sys/devices/pci0000:4c/0000:4c:01.0/0000:4d:00.0/0000:4e:00.0/0000:4f:00.0'
[1755332997.747924] [eos0024:1808707:0]            topo.c:899  UCX  DEBUG /sys/class/net/ibp79s0: PF sysfs path is '/sys/devices/pci0000:4c/0000:4c:01.0/0000:4d:00.0/0000:4e:00.0/0000:4f:00.0'
[1755332997.748274] [eos0024:1808707:0]            topo.c:899  UCX  DEBUG /sys/class/net/ibp79s0: PF sysfs path is '/sys/devices/pci0000:4c/0000:4c:01.0/0000:4d:00.0/0000:4e:00.0/0000:4f:00.0'
[1755332997.748411] [eos0024:1808707:0]            topo.c:899  UCX  DEBUG /sys/class/net/ibp79s0: PF sysfs path is '/sys/devices/pci0000:4c/0000:4c:01.0/0000:4d:00.0/0000:4e:00.0/0000:4f:00.0'
[1755332997.748544] [eos0024:1808707:0]            topo.c:899  UCX  DEBUG /sys/class/net/ibp79s0: PF sysfs path is '/sys/devices/pci0000:4c/0000:4c:01.0/0000:4d:00.0/0000:4e:00.0/0000:4f:00.0'
[1755332997.748715] [eos0024:1808707:0]            topo.c:899  UCX  DEBUG /sys/class/net/ibp79s0: PF sysfs path is '/sys/devices/pci0000:4c/0000:4c:01.0/0000:4d:00.0/0000:4e:00.0/0000:4f:00.0'
[1755332997.748975] [eos0024:1808707:0]            topo.c:899  UCX  DEBUG /sys/class/net/ibp79s0: PF sysfs path is '/sys/devices/pci0000:4c/0000:4c:01.0/0000:4d:00.0/0000:4e:00.0/0000:4f:00.0'
[1755332997.749016] [eos0024:1808707:0]           async.c:248  UCX  DEBUG added async handler 0x5555573f05b0 [id=93 ref 1] ucp_worker_iface_async_fd_event() to hash
[1755332997.749019] [eos0024:1808707:0]           async.c:522  UCX  DEBUG listening to async event fd 93 events 0x0 mode thread_spinlock
[1755332997.749176] [eos0024:1808707:0]            topo.c:899  UCX  DEBUG /sys/class/net/ibp94s0: PF sysfs path is '/sys/devices/pci0000:5b/0000:5b:01.0/0000:5c:00.0/0000:5d:00.0/0000:5e:00.0'
[1755332997.749366] [eos0024:1808707:0]            topo.c:899  UCX  DEBUG /sys/class/net/ibp94s0: PF sysfs path is '/sys/devices/pci0000:5b/0000:5b:01.0/0000:5c:00.0/0000:5d:00.0/0000:5e:00.0'
[1755332997.749498] [eos0024:1808707:0]            topo.c:899  UCX  DEBUG /sys/class/net/ibp94s0: PF sysfs path is '/sys/devices/pci0000:5b/0000:5b:01.0/0000:5c:00.0/0000:5d:00.0/0000:5e:00.0'
[1755332997.749627] [eos0024:1808707:0]            topo.c:899  UCX  DEBUG /sys/class/net/ibp94s0: PF sysfs path is '/sys/devices/pci0000:5b/0000:5b:01.0/0000:5c:00.0/0000:5d:00.0/0000:5e:00.0'
[1755332997.749770] [eos0024:1808707:0]            topo.c:899  UCX  DEBUG /sys/class/net/ibp94s0: PF sysfs path is '/sys/devices/pci0000:5b/0000:5b:01.0/0000:5c:00.0/0000:5d:00.0/0000:5e:00.0'
[1755332997.749922] [eos0024:1808707:0]            topo.c:899  UCX  DEBUG /sys/class/net/ibp94s0: PF sysfs path is '/sys/devices/pci0000:5b/0000:5b:01.0/0000:5c:00.0/0000:5d:00.0/0000:5e:00.0'
[1755332997.750100] [eos0024:1808707:0]            topo.c:899  UCX  DEBUG /sys/class/net/ibp94s0: PF sysfs path is '/sys/devices/pci0000:5b/0000:5b:01.0/0000:5c:00.0/0000:5d:00.0/0000:5e:00.0'
[1755332997.750232] [eos0024:1808707:0]            topo.c:899  UCX  DEBUG /sys/class/net/ibp94s0: PF sysfs path is '/sys/devices/pci0000:5b/0000:5b:01.0/0000:5c:00.0/0000:5d:00.0/0000:5e:00.0'
[1755332997.750384] [eos0024:1808707:0]            topo.c:899  UCX  DEBUG /sys/class/net/ibp94s0: PF sysfs path is '/sys/devices/pci0000:5b/0000:5b:01.0/0000:5c:00.0/0000:5d:00.0/0000:5e:00.0'
[1755332997.750511] [eos0024:1808707:0]            topo.c:899  UCX  DEBUG /sys/class/net/ibp94s0: PF sysfs path is '/sys/devices/pci0000:5b/0000:5b:01.0/0000:5c:00.0/0000:5d:00.0/0000:5e:00.0'
[1755332997.750643] [eos0024:1808707:0]            topo.c:899  UCX  DEBUG /sys/class/net/ibp94s0: PF sysfs path is '/sys/devices/pci0000:5b/0000:5b:01.0/0000:5c:00.0/0000:5d:00.0/0000:5e:00.0'
[1755332997.750783] [eos0024:1808707:0]            topo.c:899  UCX  DEBUG /sys/class/net/ibp94s0: PF sysfs path is '/sys/devices/pci0000:5b/0000:5b:01.0/0000:5c:00.0/0000:5d:00.0/0000:5e:00.0'
[1755332997.750948] [eos0024:1808707:0]            topo.c:899  UCX  DEBUG /sys/class/net/ibp94s0: PF sysfs path is '/sys/devices/pci0000:5b/0000:5b:01.0/0000:5c:00.0/0000:5d:00.0/0000:5e:00.0'
[1755332997.751094] [eos0024:1808707:0]            topo.c:899  UCX  DEBUG /sys/class/net/ibp94s0: PF sysfs path is '/sys/devices/pci0000:5b/0000:5b:01.0/0000:5c:00.0/0000:5d:00.0/0000:5e:00.0'
[1755332997.751235] [eos0024:1808707:0]            topo.c:899  UCX  DEBUG /sys/class/net/ibp94s0: PF sysfs path is '/sys/devices/pci0000:5b/0000:5b:01.0/0000:5c:00.0/0000:5d:00.0/0000:5e:00.0'
[1755332997.751366] [eos0024:1808707:0]            topo.c:899  UCX  DEBUG /sys/class/net/ibp94s0: PF sysfs path is '/sys/devices/pci0000:5b/0000:5b:01.0/0000:5c:00.0/0000:5d:00.0/0000:5e:00.0'
[1755332997.751503] [eos0024:1808707:0]            topo.c:899  UCX  DEBUG /sys/class/net/ibp94s0: PF sysfs path is '/sys/devices/pci0000:5b/0000:5b:01.0/0000:5c:00.0/0000:5d:00.0/0000:5e:00.0'
[1755332997.751542] [eos0024:1808707:0]           async.c:248  UCX  DEBUG added async handler 0x55555749c840 [id=95 ref 1] ucp_worker_iface_async_fd_event() to hash
[1755332997.751545] [eos0024:1808707:0]           async.c:522  UCX  DEBUG listening to async event fd 95 events 0x0 mode thread_spinlock
[1755332997.751549] [eos0024:1808707:0]            sock.c:90   UCX  DEBUG ioctl(req=35142, ifr_name=lo) failed: Operation not supported
[1755332997.751552] [eos0024:1808707:0]         tcp_net.c:61   UCX  DEBUG speed of lo is UNKNOWN, assuming 100 Mbps
[1755332997.751601] [eos0024:1808707:0]            topo.c:895  UCX  DEBUG /sys/class/net/lo: sysfs path undetected
[1755332997.751602] [eos0024:1808707:0]            topo.c:848  UCX  DEBUG lo: pci bandwidth undetected, using maximal value
[1755332997.751617] [eos0024:1808707:0]            sock.c:90   UCX  DEBUG ioctl(req=35142, ifr_name=lo) failed: Operation not supported
[1755332997.751619] [eos0024:1808707:0]         tcp_net.c:61   UCX  DEBUG speed of lo is UNKNOWN, assuming 100 Mbps
[1755332997.751636] [eos0024:1808707:0]            topo.c:895  UCX  DEBUG /sys/class/net/lo: sysfs path undetected
[1755332997.751637] [eos0024:1808707:0]            topo.c:848  UCX  DEBUG lo: pci bandwidth undetected, using maximal value
[1755332997.751707] [eos0024:1808707:0]            sock.c:90   UCX  DEBUG ioctl(req=35142, ifr_name=lo) failed: Operation not supported
[1755332997.751709] [eos0024:1808707:0]         tcp_net.c:61   UCX  DEBUG speed of lo is UNKNOWN, assuming 100 Mbps
[1755332997.751742] [eos0024:1808707:0]            topo.c:895  UCX  DEBUG /sys/class/net/lo: sysfs path undetected
[1755332997.751743] [eos0024:1808707:0]            topo.c:848  UCX  DEBUG lo: pci bandwidth undetected, using maximal value
[1755332997.751758] [eos0024:1808707:0]            sock.c:90   UCX  DEBUG ioctl(req=35142, ifr_name=lo) failed: Operation not supported
[1755332997.751759] [eos0024:1808707:0]         tcp_net.c:61   UCX  DEBUG speed of lo is UNKNOWN, assuming 100 Mbps
[1755332997.751775] [eos0024:1808707:0]            topo.c:895  UCX  DEBUG /sys/class/net/lo: sysfs path undetected
[1755332997.751775] [eos0024:1808707:0]            topo.c:848  UCX  DEBUG lo: pci bandwidth undetected, using maximal value
[1755332997.751844] [eos0024:1808707:0]            sock.c:90   UCX  DEBUG ioctl(req=35142, ifr_name=lo) failed: Operation not supported
[1755332997.751846] [eos0024:1808707:0]         tcp_net.c:61   UCX  DEBUG speed of lo is UNKNOWN, assuming 100 Mbps
[1755332997.751879] [eos0024:1808707:0]            topo.c:895  UCX  DEBUG /sys/class/net/lo: sysfs path undetected
[1755332997.751879] [eos0024:1808707:0]            topo.c:848  UCX  DEBUG lo: pci bandwidth undetected, using maximal value
[1755332997.751895] [eos0024:1808707:0]            sock.c:90   UCX  DEBUG ioctl(req=35142, ifr_name=lo) failed: Operation not supported
[1755332997.751897] [eos0024:1808707:0]         tcp_net.c:61   UCX  DEBUG speed of lo is UNKNOWN, assuming 100 Mbps
[1755332997.751912] [eos0024:1808707:0]            topo.c:895  UCX  DEBUG /sys/class/net/lo: sysfs path undetected
[1755332997.751913] [eos0024:1808707:0]            topo.c:848  UCX  DEBUG lo: pci bandwidth undetected, using maximal value
[1755332997.751978] [eos0024:1808707:0]            sock.c:90   UCX  DEBUG ioctl(req=35142, ifr_name=lo) failed: Operation not supported
[1755332997.751980] [eos0024:1808707:0]         tcp_net.c:61   UCX  DEBUG speed of lo is UNKNOWN, assuming 100 Mbps
[1755332997.752014] [eos0024:1808707:0]            topo.c:895  UCX  DEBUG /sys/class/net/lo: sysfs path undetected
[1755332997.752014] [eos0024:1808707:0]            topo.c:848  UCX  DEBUG lo: pci bandwidth undetected, using maximal value
[1755332997.752030] [eos0024:1808707:0]            sock.c:90   UCX  DEBUG ioctl(req=35142, ifr_name=lo) failed: Operation not supported
[1755332997.752031] [eos0024:1808707:0]         tcp_net.c:61   UCX  DEBUG speed of lo is UNKNOWN, assuming 100 Mbps
[1755332997.752047] [eos0024:1808707:0]            topo.c:895  UCX  DEBUG /sys/class/net/lo: sysfs path undetected
[1755332997.752047] [eos0024:1808707:0]            topo.c:848  UCX  DEBUG lo: pci bandwidth undetected, using maximal value
[1755332997.752116] [eos0024:1808707:0]            sock.c:90   UCX  DEBUG ioctl(req=35142, ifr_name=lo) failed: Operation not supported
[1755332997.752118] [eos0024:1808707:0]         tcp_net.c:61   UCX  DEBUG speed of lo is UNKNOWN, assuming 100 Mbps
[1755332997.752153] [eos0024:1808707:0]            topo.c:895  UCX  DEBUG /sys/class/net/lo: sysfs path undetected
[1755332997.752154] [eos0024:1808707:0]            topo.c:848  UCX  DEBUG lo: pci bandwidth undetected, using maximal value
[1755332997.752176] [eos0024:1808707:0]            sock.c:90   UCX  DEBUG ioctl(req=35142, ifr_name=lo) failed: Operation not supported
[1755332997.752177] [eos0024:1808707:0]         tcp_net.c:61   UCX  DEBUG speed of lo is UNKNOWN, assuming 100 Mbps
[1755332997.752192] [eos0024:1808707:0]            topo.c:895  UCX  DEBUG /sys/class/net/lo: sysfs path undetected
[1755332997.752193] [eos0024:1808707:0]            topo.c:848  UCX  DEBUG lo: pci bandwidth undetected, using maximal value
[1755332997.752247] [eos0024:1808707:0]            sock.c:90   UCX  DEBUG ioctl(req=35142, ifr_name=lo) failed: Operation not supported
[1755332997.752249] [eos0024:1808707:0]         tcp_net.c:61   UCX  DEBUG speed of lo is UNKNOWN, assuming 100 Mbps
[1755332997.752283] [eos0024:1808707:0]            topo.c:895  UCX  DEBUG /sys/class/net/lo: sysfs path undetected
[1755332997.752283] [eos0024:1808707:0]            topo.c:848  UCX  DEBUG lo: pci bandwidth undetected, using maximal value
[1755332997.752298] [eos0024:1808707:0]            sock.c:90   UCX  DEBUG ioctl(req=35142, ifr_name=lo) failed: Operation not supported
[1755332997.752300] [eos0024:1808707:0]         tcp_net.c:61   UCX  DEBUG speed of lo is UNKNOWN, assuming 100 Mbps
[1755332997.752315] [eos0024:1808707:0]            topo.c:895  UCX  DEBUG /sys/class/net/lo: sysfs path undetected
[1755332997.752316] [eos0024:1808707:0]            topo.c:848  UCX  DEBUG lo: pci bandwidth undetected, using maximal value
[1755332997.752388] [eos0024:1808707:0]            sock.c:90   UCX  DEBUG ioctl(req=35142, ifr_name=lo) failed: Operation not supported
[1755332997.752390] [eos0024:1808707:0]         tcp_net.c:61   UCX  DEBUG speed of lo is UNKNOWN, assuming 100 Mbps
[1755332997.752427] [eos0024:1808707:0]            topo.c:895  UCX  DEBUG /sys/class/net/lo: sysfs path undetected
[1755332997.752427] [eos0024:1808707:0]            topo.c:848  UCX  DEBUG lo: pci bandwidth undetected, using maximal value
[1755332997.752442] [eos0024:1808707:0]            sock.c:90   UCX  DEBUG ioctl(req=35142, ifr_name=lo) failed: Operation not supported
[1755332997.752443] [eos0024:1808707:0]         tcp_net.c:61   UCX  DEBUG speed of lo is UNKNOWN, assuming 100 Mbps
[1755332997.752459] [eos0024:1808707:0]            topo.c:895  UCX  DEBUG /sys/class/net/lo: sysfs path undetected
[1755332997.752460] [eos0024:1808707:0]            topo.c:848  UCX  DEBUG lo: pci bandwidth undetected, using maximal value
[1755332997.752525] [eos0024:1808707:0]            sock.c:90   UCX  DEBUG ioctl(req=35142, ifr_name=lo) failed: Operation not supported
[1755332997.752527] [eos0024:1808707:0]         tcp_net.c:61   UCX  DEBUG speed of lo is UNKNOWN, assuming 100 Mbps
[1755332997.752565] [eos0024:1808707:0]            topo.c:895  UCX  DEBUG /sys/class/net/lo: sysfs path undetected
[1755332997.752566] [eos0024:1808707:0]            topo.c:848  UCX  DEBUG lo: pci bandwidth undetected, using maximal value
[1755332997.752581] [eos0024:1808707:0]            sock.c:90   UCX  DEBUG ioctl(req=35142, ifr_name=lo) failed: Operation not supported
[1755332997.752582] [eos0024:1808707:0]         tcp_net.c:61   UCX  DEBUG speed of lo is UNKNOWN, assuming 100 Mbps
[1755332997.752598] [eos0024:1808707:0]            topo.c:895  UCX  DEBUG /sys/class/net/lo: sysfs path undetected
[1755332997.752598] [eos0024:1808707:0]            topo.c:848  UCX  DEBUG lo: pci bandwidth undetected, using maximal value
[1755332997.752666] [eos0024:1808707:0]            sock.c:90   UCX  DEBUG ioctl(req=35142, ifr_name=lo) failed: Operation not supported
[1755332997.752668] [eos0024:1808707:0]         tcp_net.c:61   UCX  DEBUG speed of lo is UNKNOWN, assuming 100 Mbps
[1755332997.752704] [eos0024:1808707:0]            topo.c:895  UCX  DEBUG /sys/class/net/lo: sysfs path undetected
[1755332997.752704] [eos0024:1808707:0]            topo.c:848  UCX  DEBUG lo: pci bandwidth undetected, using maximal value
[1755332997.752720] [eos0024:1808707:0]           async.c:248  UCX  DEBUG added async handler 0x5555577edf00 [id=97 ref 1] ucp_worker_iface_async_fd_event() to hash
[1755332997.752723] [eos0024:1808707:0]           async.c:522  UCX  DEBUG listening to async event fd 97 events 0x0 mode thread_spinlock
[1755332997.752728] [eos0024:1808707:0]           async.c:248  UCX  DEBUG added async handler 0x5555577edf40 [id=99 ref 1] ucp_worker_iface_async_fd_event() to hash
[1755332997.752731] [eos0024:1808707:0]           async.c:522  UCX  DEBUG listening to async event fd 99 events 0x0 mode thread_spinlock
[1755332997.752738] [eos0024:1808707:0]           async.c:248  UCX  DEBUG added async handler 0x5555577eddd0 [id=101 ref 1] ucp_worker_iface_async_fd_event() to hash
[1755332997.752741] [eos0024:1808707:0]           async.c:522  UCX  DEBUG listening to async event fd 101 events 0x0 mode thread_spinlock
[1755332997.759243] [eos0024:1808707:0]           async.c:248  UCX  DEBUG added async handler 0x555557499bc0 [id=102 ref 1] uct_rdmacm_cm_event_handler() to hash
[1755332997.759249] [eos0024:1808707:0]           async.c:522  UCX  DEBUG listening to async event fd 102 events 0x1 mode thread_spinlock
[1755332997.759256] [eos0024:1808707:0]       rdmacm_cm.c:982  UCX  DEBUG created rdmacm_cm 0x5555577ed210 with event_channel 0x55555749e4c0 (fd=102)
[1755332997.759272] [eos0024:1808707:0]      tcp_sockcm.c:225  UCX  DEBUG created tcp_sockcm 0x5555572d0c70
[1755332997.759355] [eos0024:1808707:0]          ucp_ep.c:405  UCX  DEBUG created ep 0x7fffca33d000 to <no debug data> mem_type_ep:cuda
[1755332997.759449] [eos0024:1808707:0]      proto_rndv.c:515  UCX  DEBUG         no active message lane for tag/rndv
[1755332997.759464] [eos0024:1808707:0]      proto_rndv.c:515  UCX  DEBUG             no active message lane for rndv/ats
[1755332997.759465] [eos0024:1808707:0]      proto_rndv.c:515  UCX  DEBUG             no active message lane for rndv/rtr
[1755332997.759471] [eos0024:1808707:0]      proto_rndv.c:515  UCX  DEBUG                 no active message lane for rndv/rtr
[1755332997.759472] [eos0024:1808707:0]      proto_rndv.c:515  UCX  DEBUG                 no active message lane for rndv/rtr/mtype
[1755332997.759479] [eos0024:1808707:0]      proto_rndv.c:515  UCX  DEBUG                     no active message lane for rndv/rtr
[1755332997.759480] [eos0024:1808707:0]      proto_rndv.c:515  UCX  DEBUG                     no active message lane for rndv/rtr/mtype
[1755332997.759496] [eos0024:1808707:0]      proto_rndv.c:515  UCX  DEBUG             no active message lane for rndv/rtr/mtype
[1755332997.759500] [eos0024:1808707:0]      proto_rndv.c:515  UCX  DEBUG                 no active message lane for rndv/rtr
[1755332997.759501] [eos0024:1808707:0]      proto_rndv.c:515  UCX  DEBUG                 no active message lane for rndv/rtr/mtype
[1755332997.759507] [eos0024:1808707:0]      proto_rndv.c:515  UCX  DEBUG         no active message lane for rndv/rtr
[1755332997.759508] [eos0024:1808707:0]      proto_rndv.c:515  UCX  DEBUG         no active message lane for rndv/rtr/mtype
[1755332997.759515] [eos0024:1808707:0]      proto_rndv.c:515  UCX  DEBUG         no active message lane for rndv/rtr
[1755332997.759516] [eos0024:1808707:0]      proto_rndv.c:515  UCX  DEBUG         no active message lane for rndv/rtr/mtype
[1755332997.759520] [eos0024:1808707:0]      proto_rndv.c:515  UCX  DEBUG         no active message lane for am/rndv
[1755332997.759525] [eos0024:1808707:0]      proto_rndv.c:515  UCX  DEBUG         no active message lane for rndv/rtr
[1755332997.759526] [eos0024:1808707:0]      proto_rndv.c:515  UCX  DEBUG         no active message lane for rndv/rtr/mtype
[1755332997.759529] [eos0024:1808707:0]      proto_rndv.c:515  UCX  DEBUG         no active message lane for am/rndv
[1755332997.759535] [eos0024:1808707:0]          wireup.c:1227 UCX  DEBUG   ep 0x7fffca33d000: am_lane <none> wireup_msg_lane <none> cm_lane <none> keepalive_lane <none> reachable_mds 0x10
[1755332997.759548] [eos0024:1808707:0]          wireup.c:1237 UCX  DEBUG   ep 0x7fffca33d000: lane[0]: 16:cuda_copy/cuda.0 md[4]        -> addr[0].md[4]/cuda_cpy/sysdev[0] seg 4294967295 rma_bw#0
[1755332997.759549] [eos0024:1808707:0]          wireup.c:1241 UCX  DEBUG   ep 0x7fffca33d000: err mode 0, flags 0x1
[1755332997.759560] [eos0024:1808707:0]          ucp_ep.c:405  UCX  DEBUG created ep 0x7fffca33d040 to <no debug data> mem_type_ep:cuda-managed
[1755332997.759613] [eos0024:1808707:0]          wireup.c:1227 UCX  DEBUG   ep 0x7fffca33d040: am_lane <none> wireup_msg_lane <none> cm_lane <none> keepalive_lane <none> reachable_mds 0x10
[1755332997.759615] [eos0024:1808707:0]          wireup.c:1237 UCX  DEBUG   ep 0x7fffca33d040: lane[0]: 16:cuda_copy/cuda.0 md[4]        -> addr[0].md[4]/cuda_cpy/sysdev[0] seg 4294967295 rma_bw#0
[1755332997.759616] [eos0024:1808707:0]          wireup.c:1241 UCX  DEBUG   ep 0x7fffca33d040: err mode 0, flags 0x1
[1755332997.759620] [eos0024:1808707:0]           mpool.c:138  UCX  DEBUG mpool ucp_requests: align 64, maxelems 4294967295, elemsize 272
[1755332997.759621] [eos0024:1808707:0]           mpool.c:138  UCX  DEBUG mpool ucp_rkeys: align 64, maxelems 4294967295, elemsize 104
[1755332997.759622] [eos0024:1808707:0]           mpool.c:138  UCX  DEBUG mpool ucp_reg_bufs: align 64, maxelems 4294967295, elemsize 8216
[1755332997.759623] [eos0024:1808707:0]           mpool.c:138  UCX  DEBUG mpool ucp_am_bufs: align 64, maxelems 4294967295, elemsize 153
[1755332997.759624] [eos0024:1808707:0]           mpool.c:138  UCX  DEBUG mpool ucp_am_bufs: align 64, maxelems 4294967295, elemsize 1113
[1755332997.759625] [eos0024:1808707:0]           mpool.c:138  UCX  DEBUG mpool ucp_am_bufs: align 64, maxelems 4294967295, elemsize 65625
[1755332997.759626] [eos0024:1808707:0]       mpool_set.c:130  UCX  DEBUG mpool_set:ucp_am_bufs, sizes map 0x80000440, largest size 65536, mpools num 3
[1755332997.760145] [eos0024:1808707:0]          parser.c:2330 UCX  WARN  unused environment variables: UCX_TCP_KEEPALIVE; UCX_HOME; UCX_LIB_DIR; UCX_IB_TIMEOUT
[1755332997.760145] [eos0024:1808707:0]          parser.c:2330 UCX  WARN  (set UCX_WARN_UNUSED_ENV_VARS=n to suppress this warning)
[1755332997.760146] [eos0024:1808707:0]          parser.c:2337 UCX  INFO  UCX_* env variables: UCX_RNDV_THRESH=0 UCX_IB_PREFER_NEAREST_DEVICE=0 UCX_NET_DEVICES=all UCX_MODULE_DIR=/opt/nvidia/hpc_sdk/Linux_x86_64/25.3/comm_libs/12.8/hpcx/hpcx-2.22.1/ucx/lib/ucx UCX_MODULE_LOG_LEVEL=debug UCX_VFS_ENABLE=n UCX_MEMTYPE_CACHE=n UCX_TLS=tcp,sm,self,cuda_copy UCX_LOG_LEVEL=debug UCX_IB_MLX5_DEVX=n UCX_RNDV_SCHEME=put_zcopy UCX_CUDA_COPY_MAX_REG_RATIO=1.0 UCX_RCACHE_PURGE_ON_FORK=n
[1755332997.760161] [eos0024:1808707:0]           mpool.c:138  UCX  DEBUG mpool tl_ucp_req_mp: align 64, maxelems 4294967295, elemsize 656
[1755332997.761361] [eos0024:1808707:0]           mpool.c:282  UCX  DEBUG mpool tl_ucp_req_mp: allocated chunk 0x555557450ab4 of 5716 bytes with 8 elements
[1755332997.761376] [eos0024:1808707:0]           mpool.c:282  UCX  DEBUG mpool ucp_requests: allocated chunk 0x55555748bc44 of 41044 bytes with 128 elements
[1755332997.768362] [eos0024:1808707:0]          ucp_ep.c:405  UCX  DEBUG created ep 0x7fffca33d080 to <no debug data> remote-request
[1755332997.768401] [eos0024:1808707:0]      ucp_worker.c:1903 UCX  INFO    UCC_UCP_CONTEXT intra-node cfg#1 tag(sysv/memory cma/memory)  am(sysv/memory cma/memory)
[1755332997.768448] [eos0024:1808707:0]         uct_mem.c:296  UCX  DEBUG               could not allocate memory with any of the provided methods
[1755332997.769087] [eos0024:1808707:0]          wireup.c:1227 UCX  DEBUG   ep 0x7fffca33d080: am_lane 0 wireup_msg_lane <none> cm_lane <none> keepalive_lane <none> reachable_mds 0x24
[1755332997.769091] [eos0024:1808707:0]          wireup.c:1237 UCX  DEBUG   ep 0x7fffca33d080: lane[0]: 14:sysv/memory.0 md[2]           -> addr[0].md[2]/sysv/sysdev[255] seg 4294967295 am am_bw#0
[1755332997.769093] [eos0024:1808707:0]          wireup.c:1237 UCX  DEBUG   ep 0x7fffca33d080: lane[1]: 17:cma/memory.0 md[5]            -> addr[1].md[5]/cma/sysdev[255] seg 4294967295 rma_bw#0
[1755332997.769093] [eos0024:1808707:0]          wireup.c:1241 UCX  DEBUG   ep 0x7fffca33d080: err mode 0, flags 0x2
[1755332997.769106] [eos0024:1808707:0]           mm_ep.c:70   UCX  DEBUG   mm_ep 0x5555577a4fd0: attached remote segment id 0x1258025 at 0x7fffca334000 cookie 0x7ffd7e800000
[1755332997.769128] [eos0024:1808707:0]           mm_ep.c:204  UCX  DEBUG   created mm ep 0x5555577a4fd0, connected to remote FIFO id 0x1258025
[1755332997.769151] [eos0024:1808707:0]           mm_ep.c:70   UCX  DEBUG mm_ep 0x5555577a4fd0: attached remote segment id 0x1258026 at 0x7ffda2113000 cookie (nil)
[1755332997.769166] [eos0024:1808707:0]           mpool.c:282  UCX  DEBUG   mpool ucp_rkeys: allocated chunk 0x5555573f8360 of 16472 bytes with 128 elements
[1755332997.795835] [eos0024:1808707:0]           mpool.c:138  UCX  DEBUG mpool mc cpu mpool buffers: align 64, maxelems 8, elemsize 1048600
[1755332997.795843] [eos0024:1808707:0]           mpool.c:282  UCX  DEBUG mpool mc cpu mpool buffers: allocated chunk 0x5555574a14e0 of 1048728 bytes with 1 elements
[1755332997.795850] [eos0024:1808707:0]           mpool.c:282  UCX  DEBUG mpool ec cpu executors: allocated chunk 0x555557447a54 of 1108 bytes with 16 elements
[1755332997.795888] [eos0024:1808707:0]          ucp_ep.c:405  UCX  DEBUG created ep 0x7fffca33d0c0 to <no debug data> from api call
[1755332997.796036] [eos0024:1808707:0]      ucp_worker.c:1903 UCX  INFO    UCC_UCP_CONTEXT intra-node cfg#2 tag(sysv/memory cma/memory)  am(sysv/memory cma/memory)
[1755332997.796361] [eos0024:1808707:0]          wireup.c:1227 UCX  DEBUG   ep 0x7fffca33d0c0: am_lane 0 wireup_msg_lane <none> cm_lane <none> keepalive_lane <none> reachable_mds 0x2e
[1755332997.796364] [eos0024:1808707:0]          wireup.c:1237 UCX  DEBUG   ep 0x7fffca33d0c0: lane[0]: 14:sysv/memory.0 md[2]           -> addr[14].md[2]/sysv/sysdev[255] seg 4294967295 am am_bw#0
[1755332997.796366] [eos0024:1808707:0]          wireup.c:1237 UCX  DEBUG   ep 0x7fffca33d0c0: lane[1]: 17:cma/memory.0 md[5]            -> addr[17].md[5]/cma/sysdev[255] seg 4294967295 rma_bw#0
[1755332997.796367] [eos0024:1808707:0]          wireup.c:1241 UCX  DEBUG   ep 0x7fffca33d0c0: err mode 0, flags 0x2
[1755332997.796378] [eos0024:1808707:0]           mm_ep.c:70   UCX  DEBUG   mm_ep 0x5555573f5270: attached remote segment id 0x125802f at 0x7fffca32b000 cookie 0x6e6f632f6e69622f
[1755332997.796395] [eos0024:1808707:0]           mm_ep.c:204  UCX  DEBUG   created mm ep 0x5555573f5270, connected to remote FIFO id 0x125802f
[1755332997.796411] [eos0024:1808707:0]       wireup_ep.c:551  UCX  DEBUG ep 0x7fffca33d0c0: wireup_ep 0x555555fd8a50 set next_ep 0x5555573f5270
[1755332997.796412] [eos0024:1808707:0]          wireup.c:1791 UCX  DEBUG ep 0x7fffca33d0c0: send wireup request (flags=0x51)
[1755332997.796421] [eos0024:1808707:0]           mm_ep.c:70   UCX  DEBUG mm_ep 0x5555573f5270: attached remote segment id 0x1258030 at 0x7ffda1cfa000 cookie (nil)
[1755332997.796441] [eos0024:1808707:0]          ucp_ep.c:405  UCX  DEBUG created ep 0x7fffca33d100 to <no debug data> from api call
[1755332997.796554] [eos0024:1808707:0]          wireup.c:1227 UCX  DEBUG   ep 0x7fffca33d100: am_lane 0 wireup_msg_lane <none> cm_lane <none> keepalive_lane <none> reachable_mds 0x2e
[1755332997.796556] [eos0024:1808707:0]          wireup.c:1237 UCX  DEBUG   ep 0x7fffca33d100: lane[0]: 14:sysv/memory.0 md[2]           -> addr[14].md[2]/sysv/sysdev[255] seg 4294967295 am am_bw#0
[1755332997.796558] [eos0024:1808707:0]          wireup.c:1237 UCX  DEBUG   ep 0x7fffca33d100: lane[1]: 17:cma/memory.0 md[5]            -> addr[17].md[5]/cma/sysdev[255] seg 4294967295 rma_bw#0
[1755332997.796559] [eos0024:1808707:0]          wireup.c:1241 UCX  DEBUG   ep 0x7fffca33d100: err mode 0, flags 0x2
[1755332997.796564] [eos0024:1808707:0]           mm_ep.c:70   UCX  DEBUG   mm_ep 0x5555577a5340: attached remote segment id [eos0024:1808707] *** Process received signal ***
[eos0024:1808707] Signal: Aborted (6)
[eos0024:1808707] Signal code:  (-6)
[eos0024:1808707] [ 0] /usr/lib/x86_64-linux-gnu/libc.so.6(+0x42520)[0x7ffff7619520]
[eos0024:1808707] [ 1] /usr/lib/x86_64-linux-gnu/libc.so.6(pthread_kill+0x12c)[0x7ffff766d9fc]
[eos0024:1808707] [ 2] /usr/lib/x86_64-linux-gnu/libc.so.6(raise+0x16)[0x7ffff7619476]
[eos0024:1808707] [ 3] /usr/lib/x86_64-linux-gnu/libc.so.6(abort+0xd3)[0x7ffff75ff7f3]
[eos0024:1808707] [ 4] /root/miniconda3/envs/legate/lib/python3.13/site-packages/legate/core/_lib/data/../../../../../../librealm-legate.so.1(+0x8ca8f6)[0x7fffcec3a8f6]
[eos0024:1808707] [ 5] /root/miniconda3/envs/legate/lib/python3.13/site-packages/legate/core/_lib/data/../../../../../../librealm-legate.so.1(+0x8caa21)[0x7fffcec3aa21]
[eos0024:1808707] [ 6] /root/miniconda3/envs/legate/lib/python3.13/site-packages/legate/core/_lib/data/../../../../../../librealm-legate.so.1(_ZN5Realm4Cuda10CudaModule15create_memoriesEPNS_11RuntimeImplE+0x91)[0x7fffcec40f11]
[eos0024:1808707] [ 7] /root/miniconda3/envs/legate/lib/python3.13/site-packages/legate/core/_lib/data/../../../../../../librealm-legate.so.1(+0x84a8ba)[0x7fffcebba8ba]
[eos0024:1808707] [ 8] /root/miniconda3/envs/legate/lib/python3.13/site-packages/legate/core/_lib/data/../../../../../../liblegion-legate.so.1(_ZN6Legion8Internal7Runtime5startEiPPcbbb+0x85)[0x7fffd19ec7b5]
[eos0024:1808707] [ 9] /root/miniconda3/envs/legate/lib/python3.13/site-packages/legate/core/_lib/data/../../../../../../liblegate.so.25.05.00(_ZN6legate6detail7Runtime5startEv+0x388)[0x7fffea96af28]
[eos0024:1808707] [10] /root/miniconda3/envs/legate/lib/python3.13/site-packages/legate/core/_lib/data/../../../../../../liblegate.so.25.05.00(_ZN6legate5startEv+0xd)[0x7fffea938dcd]
[eos0024:1808707] [11] /root/miniconda3/envs/legate/lib/python3.13/site-packages/legate/core/_lib/runtime/runtime.cpython-313-x86_64-linux-gnu.so(+0x3d475)[0x7fffcb5b2475]
[eos0024:1808707] [12] /root/miniconda3/envs/legate/lib/python3.13/site-packages/legate/core/_lib/runtime/runtime.cpython-313-x86_64-linux-gnu.so(+0x3e6c2)[0x7fffcb5b36c2]
[eos0024:1808707] [13] python(PyObject_Vectorcall+0x2e)[0x5555557060fe]
[eos0024:1808707] [14] python(+0x9ee73)[0x5555555f2e73]
[eos0024:1808707] [15] python(PyEval_EvalCode+0xa1)[0x5555557c9171]
[eos0024:1808707] [16] python(+0x291699)[0x5555557e5699]
[eos0024:1808707] [17] python(+0x1cb51b)[0x55555571f51b]
[eos0024:1808707] [18] python(+0x9ea1c)[0x5555555f2a1c]
[eos0024:1808707] [19] python(+0x1d31d4)[0x5555557271d4]
[eos0024:1808707] [20] python(PyObject_CallMethodObjArgs+0xec)[0x5555557599ac]
[eos0024:1808707] [21] python(PyImport_ImportModuleLevelObject+0x23c)[0x5555557588bc]
[eos0024:1808707] [22] python(+0x212816)[0x555555766816]
[eos0024:1808707] [23] python(+0x1cb51b)[0x55555571f51b]
[eos0024:1808707] [24] python(+0x9ea1c)[0x5555555f2a1c]
[eos0024:1808707] [25] python(+0x1d31d4)[0x5555557271d4]
[eos0024:1808707] [26] python(PyObject_CallMethodObjArgs+0xec)[0x5555557599ac]
[eos0024:1808707] [27] python(PyImport_ImportModuleLevelObject+0x23c)[0x5555557588bc]
[eos0024:1808707] [28] python(+0xa22c3)[0x5555555f62c3]
[eos0024:1808707] [29] python(PyEval_EvalCode+0xa1)[0x5555557c9171]
[eos0024:1808707] *** End of error message ***
[1755332989.181208] [eos0024:1808699:0]           debug.c:1158 UCX  DEBUG using signal stack 0x7ffff7b92000 size 141824
[1755332989.184586] [eos0024:1808699:0]             cpu.c:339  UCX  DEBUG measured tsc frequency 1993.316 MHz after 0.11 ms
[1755332989.184602] [eos0024:1808699:0]            init.c:121  UCX  DEBUG /opt/nvidia/hpc_sdk/Linux_x86_64/25.3/comm_libs/12.8/hpcx/hpcx-2.22.1/ucx/lib/libucs.so.0 loaded at 0x7ffff7e30000
[1755332989.184617] [eos0024:1808699:0]            init.c:122  UCX  DEBUG cmd line: /root/miniconda3/envs/legate/bin/python3.13 /root/miniconda3/envs/legate/bin/legate --gpus 1 --fbmem 20000 /project/coreai_devtech_all/shixunw/cupynumeric.internal/test_fancy_indexing.py 
[1755332989.184624] [eos0024:1808699:0]          module.c:72   UCX  DEBUG ucs library path: /opt/nvidia/hpc_sdk/Linux_x86_64/25.3/comm_libs/12.8/hpcx/hpcx-2.22.1/ucx/lib/libucs.so.0
[1755332989.184626] [eos0024:1808699:0]          module.c:280  UCX  DEBUG loading modules for ucs
[1755332989.184627] [eos0024:1808699:0]          module.c:242  UCX  DEBUG loading module 'fuse' with mode 0x101
[1755332989.184705] [eos0024:1808699:0]          module.c:183  UCX  DEBUG loaded /opt/nvidia/hpc_sdk/Linux_x86_64/25.3/comm_libs/12.8/hpcx/hpcx-2.22.1/ucx/lib/ucx/libucs_fuse.so.0.0.0 [0x555555b33500]
